
C:\Users\jdaily\AppData\Local\arduino\sketches\B84D6B90545A568BEA52D5C0514B40E6/AddressClaim.ino.elf:     file format elf32-littlearm


Disassembly of section .text:

00000000 <_VectorsFlash>:
  digitalWrite(pin, state);
  lastChangeMs = millis();
}

void restoreLedIfOffTooLong(uint8_t pin, volatile bool &state, uint32_t &lastChangeMs) {
  if (state == LOW && (millis() - lastChangeMs >= LED_OFF_TIMEOUT_MS)) {
       0:	00 00 03 20 d1 01 00 00 e5 34 00 00 a1 34 00 00     ... .....4...4..
	// carefully verifying the case mentioned here:
	//
	// https://forum.pjrc.com/threads/17469-millis%28%29-on-teensy-3?p=104924&viewfull=1#post104924
	//
	volatile uint32_t ret = systick_millis_count; // single aligned 32 bit is atomic
	return ret;
      10:	a1 34 00 00 a1 34 00 00 a1 34 00 00 a1 34 00 00     .4...4...4...4..
    state = HIGH;
    digitalWrite(pin, HIGH);
    lastChangeMs = millis();
  }
}
      20:	a1 34 00 00 a1 34 00 00 a1 34 00 00 e5 34 00 00     .4...4...4...4..
      30:	e5 34 00 00 a1 34 00 00 b9 46 00 00 bd 46 00 00     .4...4...F...F..
{
	uint8_t sign=0;
	size_t count=0;

	if (isnan(number)) return print("nan");
    	if (isinf(number)) return print("inf");
      40:	e5 34 00 00 e5 34 00 00 e5 34 00 00 e5 34 00 00     .4...4...4...4..
    	if (number > 4294967040.0f) return print("ovf");  // constant determined empirically
      50:	e5 34 00 00 e5 34 00 00 e5 34 00 00 e5 34 00 00     .4...4...4...4..
    	if (number <-4294967040.0f) return print("ovf");  // constant determined empirically
      60:	e5 34 00 00 e5 34 00 00 e5 34 00 00 e5 34 00 00     .4...4...4...4..
	
	// Handle negative numbers
	if (number < 0.0) {
      70:	e5 34 00 00 e5 34 00 00 e5 34 00 00 e5 34 00 00     .4...4...4...4..
	uint8_t sign=0;
      80:	e5 34 00 00 e5 34 00 00 e5 34 00 00 e5 34 00 00     .4...4...4...4..
		number = -number;
	}

	// Round correctly so that print(1.999, 2) prints as "2.00"
	double rounding = 0.5;
	for (uint8_t i=0; i<digits; ++i) {
      90:	e5 34 00 00 e5 34 00 00 e5 34 00 00 e5 34 00 00     .4...4...4...4..
		rounding *= 0.1;
      a0:	e5 34 00 00 e5 34 00 00 e5 34 00 00 e5 34 00 00     .4...4...4...4..
	}
	number += rounding;
      b0:	e5 34 00 00 e5 34 00 00 e5 34 00 00 e5 34 00 00     .4...4...4...4..

	// Extract the integer part of the number and print it
	unsigned long int_part = (unsigned long)number;
      c0:	e5 34 00 00 e5 34 00 00 e5 34 00 00 e5 34 00 00     .4...4...4...4..
	double remainder = number - (double)int_part;
      d0:	e5 34 00 00 e5 34 00 00 e5 34 00 00 e5 34 00 00     .4...4...4...4..
      e0:	e5 34 00 00 e5 34 00 00 e5 34 00 00 e5 34 00 00     .4...4...4...4..
	count += printNumber(int_part, 10, sign);

	// Print the decimal point, but only if there are digits beyond
	if (digits > 0) {
		uint8_t n, buf[16], count=1;
		buf[0] = '.';
      f0:	e5 34 00 00 e5 34 00 00 e5 34 00 00 e5 34 00 00     .4...4...4...4..

		// Extract digits from the remainder one at a time
		if (digits > sizeof(buf) - 1) digits = sizeof(buf) - 1;

		while (digits-- > 0) {
     100:	e5 34 00 00 e5 34 00 00 e5 34 00 00 e5 34 00 00     .4...4...4...4..
			remainder *= 10.0;
     110:	e5 34 00 00 c1 39 00 00 e5 34 00 00 e5 34 00 00     .4...9...4...4..
			n = (uint8_t)(remainder);
			buf[count++] = '0' + n;
     120:	e5 34 00 00 e5 34 00 00 e5 34 00 00 e5 34 00 00     .4...4...4...4..
			remainder -= n; 
     130:	e5 34 00 00 e5 34 00 00 e5 34 00 00 e5 34 00 00     .4...4...4...4..
			buf[count++] = '0' + n;
     140:	e5 34 00 00 e5 34 00 00 e5 34 00 00 e5 34 00 00     .4...4...4...4..
		}
		count += write(buf, count);
	}
	return count;
}
     150:	e5 34 00 00 e5 34 00 00 e5 34 00 00 e5 34 00 00     .4...4...4...4..
     160:	e5 34 00 00 e5 34 00 00 e5 34 00 00 e5 34 00 00     .4...4...4...4..
		number = -number;
     170:	e5 34 00 00 e5 34 00 00 e5 34 00 00 e5 34 00 00     .4...4...4...4..
	number += rounding;
     180:	e5 34 00 00 e5 34 00 00 e5 34 00 00 e5 34 00 00     .4...4...4...4..
	unsigned long int_part = (unsigned long)number;
     190:	e5 34 00 00 e5 34 00 00 e5 34 00 00 e5 34 00 00     .4...4...4...4..
}
     1a0:	e5 34 00 00 e5 34 00 00 e5 34 00 00 e5 34 00 00     .4...4...4...4..
     1b0:	e5 34 00 00 e5 34 00 00 e5 34 00 00 e5 34 00 00     .4...4...4...4..
     1c0:	e5 34 00 00 e5 34 00 00 e5 34 00 00 e5 34 00 00     .4...4...4...4..

000001d0 <ResetHandler>:
	volatile int n;
#endif
	//volatile int count;

#ifdef KINETISK
	WDOG_UNLOCK = WDOG_UNLOCK_SEQ1;
     1d0:	4b5f      	ldr	r3, [pc, #380]	; (350 <ResetHandler+0x180>)
     1d2:	f24c 5220 	movw	r2, #50464	; 0xc520
{
     1d6:	b510      	push	{r4, lr}
	WDOG_UNLOCK = WDOG_UNLOCK_SEQ1;
     1d8:	81da      	strh	r2, [r3, #14]
	WDOG_UNLOCK = WDOG_UNLOCK_SEQ2;
     1da:	f64d 1228 	movw	r2, #55592	; 0xd928
     1de:	81da      	strh	r2, [r3, #14]
	__asm__ volatile ("nop");
     1e0:	bf00      	nop
	__asm__ volatile ("nop");
     1e2:	bf00      	nop
#endif
	// programs using the watchdog timer or needing to initialize hardware as
	// early as possible can implement startup_early_hook()
	startup_early_hook();
     1e4:	f003 f982 	bl	34ec <startup_early_hook>
#elif defined(__MK20DX256__)
	SIM_SCGC3 = SIM_SCGC3_ADC1 | SIM_SCGC3_FTM2;
	SIM_SCGC5 = 0x00043F82;		// clocks active to all GPIO
	SIM_SCGC6 = SIM_SCGC6_RTC | SIM_SCGC6_FTM0 | SIM_SCGC6_FTM1 | SIM_SCGC6_ADC0 | SIM_SCGC6_FTFL;
#elif defined(__MK64FX512__) || defined(__MK66FX1M0__)
	SIM_SCGC3 = SIM_SCGC3_ADC1 | SIM_SCGC3_FTM2 | SIM_SCGC3_FTM3;
     1e8:	4b5a      	ldr	r3, [pc, #360]	; (354 <ResetHandler+0x184>)
     1ea:	f04f 6230 	mov.w	r2, #184549376	; 0xb000000
     1ee:	631a      	str	r2, [r3, #48]	; 0x30
	SIM_SCGC5 = 0x00043F82;		// clocks active to all GPIO
     1f0:	4a59      	ldr	r2, [pc, #356]	; (358 <ResetHandler+0x188>)
     1f2:	639a      	str	r2, [r3, #56]	; 0x38
	SIM_SCGC6 = SIM_SCGC6_RTC | SIM_SCGC6_FTM0 | SIM_SCGC6_FTM1 | SIM_SCGC6_ADC0 | SIM_SCGC6_FTFL;
     1f4:	4a59      	ldr	r2, [pc, #356]	; (35c <ResetHandler+0x18c>)
     1f6:	63da      	str	r2, [r3, #60]	; 0x3c
	SIM_SCGC4 = SIM_SCGC4_USBOTG | 0xF0000030;
	SIM_SCGC5 = 0x00003F82;		// clocks active to all GPIO
	SIM_SCGC6 = SIM_SCGC6_ADC0 | SIM_SCGC6_TPM0 | SIM_SCGC6_TPM1 | SIM_SCGC6_TPM2 | SIM_SCGC6_FTFL;
#endif
#if defined(__MK64FX512__) || defined(__MK66FX1M0__)
	SCB_CPACR = 0x00F00000;
     1f8:	f04f 23e0 	mov.w	r3, #3758153728	; 0xe000e000
     1fc:	f44f 0270 	mov.w	r2, #15728640	; 0xf00000
     200:	f8c3 2d88 	str.w	r2, [r3, #3464]	; 0xd88
#endif
#if defined(__MK66FX1M0__)
	LMEM_PCCCR = 0x85000003;
     204:	f503 23e8 	add.w	r3, r3, #475136	; 0x74000
     208:	4a55      	ldr	r2, [pc, #340]	; (360 <ResetHandler+0x190>)
     20a:	601a      	str	r2, [r3, #0]
		RTC_SR = 0;
		RTC_CR = RTC_CR_SC16P | RTC_CR_SC4P | RTC_CR_OSCE;
	}
#endif
	// release I/O pins hold, if we woke up from VLLS mode
	if (PMC_REGSC & PMC_REGSC_ACKISO) PMC_REGSC |= PMC_REGSC_ACKISO;
     20c:	4b55      	ldr	r3, [pc, #340]	; (364 <ResetHandler+0x194>)
     20e:	789a      	ldrb	r2, [r3, #2]
     210:	0711      	lsls	r1, r2, #28
     212:	d503      	bpl.n	21c <ResetHandler+0x4c>
     214:	789a      	ldrb	r2, [r3, #2]
     216:	f042 0208 	orr.w	r2, r2, #8
     21a:	709a      	strb	r2, [r3, #2]

    // since this is a write once register, make it visible to all F_CPU's
    // so we can into other sleep modes in the future at any speed
#if defined(__MK66FX1M0__)
	SMC_PMPROT = SMC_PMPROT_AHSRUN | SMC_PMPROT_AVLP | SMC_PMPROT_ALLS | SMC_PMPROT_AVLLS;
     21c:	4b52      	ldr	r3, [pc, #328]	; (368 <ResetHandler+0x198>)
#else
	SMC_PMPROT = SMC_PMPROT_AVLP | SMC_PMPROT_ALLS | SMC_PMPROT_AVLLS;
#endif
    
	// TODO: do this while the PLL is waiting to lock....
	while (dest < &_edata) *dest++ = *src++;
     21e:	4853      	ldr	r0, [pc, #332]	; (36c <ResetHandler+0x19c>)
	SMC_PMPROT = SMC_PMPROT_AHSRUN | SMC_PMPROT_AVLP | SMC_PMPROT_ALLS | SMC_PMPROT_AVLLS;
     220:	22aa      	movs	r2, #170	; 0xaa
     222:	701a      	strb	r2, [r3, #0]
	while (dest < &_edata) *dest++ = *src++;
     224:	4b52      	ldr	r3, [pc, #328]	; (370 <ResetHandler+0x1a0>)
     226:	1cda      	adds	r2, r3, #3
     228:	1a12      	subs	r2, r2, r0
     22a:	1ec1      	subs	r1, r0, #3
     22c:	f022 0203 	bic.w	r2, r2, #3
     230:	4299      	cmp	r1, r3
     232:	bf88      	it	hi
     234:	2200      	movhi	r2, #0
     236:	494f      	ldr	r1, [pc, #316]	; (374 <ResetHandler+0x1a4>)
     238:	f003 f85e 	bl	32f8 <memcpy>
	dest = &_sbss;
	while (dest < &_ebss) *dest++ = 0;
     23c:	4b4e      	ldr	r3, [pc, #312]	; (378 <ResetHandler+0x1a8>)
     23e:	484f      	ldr	r0, [pc, #316]	; (37c <ResetHandler+0x1ac>)
     240:	1cda      	adds	r2, r3, #3
     242:	1a12      	subs	r2, r2, r0
     244:	1ec1      	subs	r1, r0, #3
     246:	f022 0203 	bic.w	r2, r2, #3
     24a:	4299      	cmp	r1, r3
     24c:	bf88      	it	hi
     24e:	2200      	movhi	r2, #0
     250:	2100      	movs	r1, #0
     252:	f005 fbeb 	bl	5a2c <memset>

	// default all interrupts to medium priority level
	for (i=0; i < NVIC_NUM_INTERRUPTS + 16; i++) _VectorsRam[i] = _VectorsFlash[i];
     256:	494a      	ldr	r1, [pc, #296]	; (380 <ResetHandler+0x1b0>)
     258:	484a      	ldr	r0, [pc, #296]	; (384 <ResetHandler+0x1b4>)
     25a:	f44f 72e8 	mov.w	r2, #464	; 0x1d0
     25e:	f003 f84b 	bl	32f8 <memcpy>
     262:	4b49      	ldr	r3, [pc, #292]	; (388 <ResetHandler+0x1b8>)
	for (i=0; i < NVIC_NUM_INTERRUPTS; i++) NVIC_SET_PRIORITY(i, 128);
     264:	4a49      	ldr	r2, [pc, #292]	; (38c <ResetHandler+0x1bc>)
     266:	2180      	movs	r1, #128	; 0x80
     268:	f803 1b01 	strb.w	r1, [r3], #1
     26c:	4293      	cmp	r3, r2
     26e:	d1fb      	bne.n	268 <ResetHandler+0x98>
	SCB_VTOR = (uint32_t)_VectorsRam;	// use vector table in RAM
     270:	f04f 23e0 	mov.w	r3, #3758153728	; 0xe000e000
     274:	4a43      	ldr	r2, [pc, #268]	; (384 <ResetHandler+0x1b4>)
     276:	f8c3 2d08 	str.w	r2, [r3, #3336]	; 0xd08
	//  C6[PLLS] bit is written to 0
	//  C2[LP] bit is written to 1
#else
    #if defined(KINETISK)
    // enable capacitors for crystal
    OSC0_CR = OSC_SC8P | OSC_SC2P | OSC_ERCLKEN;
     27a:	4b45      	ldr	r3, [pc, #276]	; (390 <ResetHandler+0x1c0>)
     27c:	228a      	movs	r2, #138	; 0x8a
     27e:	701a      	strb	r2, [r3, #0]
    #elif defined(KINETISL)
    // enable capacitors for crystal
    OSC0_CR = OSC_SC8P | OSC_SC2P | OSC_ERCLKEN;
    #endif
	// enable osc, 8-32 MHz range, low power mode
	MCG_C2 = MCG_C2_RANGE0(2) | MCG_C2_EREFS;
     280:	f5a3 5380 	sub.w	r3, r3, #4096	; 0x1000
     284:	2224      	movs	r2, #36	; 0x24
     286:	705a      	strb	r2, [r3, #1]
	// switch to crystal as clock source, FLL input = 16 MHz / 512
	MCG_C1 =  MCG_C1_CLKS(2) | MCG_C1_FRDIV(4);
     288:	22a0      	movs	r2, #160	; 0xa0
     28a:	701a      	strb	r2, [r3, #0]
	// wait for crystal oscillator to begin
	while ((MCG_S & MCG_S_OSCINIT0) == 0) ;
     28c:	799a      	ldrb	r2, [r3, #6]
     28e:	0792      	lsls	r2, r2, #30
     290:	d5fc      	bpl.n	28c <ResetHandler+0xbc>
	// wait for FLL to use oscillator
	while ((MCG_S & MCG_S_IREFST) != 0) ;
     292:	799a      	ldrb	r2, [r3, #6]
     294:	06d4      	lsls	r4, r2, #27
     296:	d4fc      	bmi.n	292 <ResetHandler+0xc2>
	// wait for MCGOUT to use oscillator
	while ((MCG_S & MCG_S_CLKST_MASK) != MCG_S_CLKST(2)) ;
     298:	4a3e      	ldr	r2, [pc, #248]	; (394 <ResetHandler+0x1c4>)
     29a:	7993      	ldrb	r3, [r2, #6]
     29c:	f003 030c 	and.w	r3, r3, #12
     2a0:	2b08      	cmp	r3, #8
     2a2:	d1fa      	bne.n	29a <ResetHandler+0xca>
	//   C2[LP] bit is written to 1
  #else
	// if we need faster than the crystal, turn on the PLL
   #if defined(__MK66FX1M0__)
    #if F_CPU > 120000000
	SMC_PMCTRL = SMC_PMCTRL_RUNM(3); // enter HSRUN mode
     2a4:	4b30      	ldr	r3, [pc, #192]	; (368 <ResetHandler+0x198>)
     2a6:	2260      	movs	r2, #96	; 0x60
     2a8:	705a      	strb	r2, [r3, #1]
	while (SMC_PMSTAT != SMC_PMSTAT_HSRUN) ; // wait for HSRUN
     2aa:	78da      	ldrb	r2, [r3, #3]
     2ac:	2a80      	cmp	r2, #128	; 0x80
     2ae:	d1fc      	bne.n	2aa <ResetHandler+0xda>
	MCG_C6 = MCG_C6_PLLS | MCG_C6_VDIV0(11);
    #elif F_CPU == 192000000
	MCG_C5 = MCG_C5_PRDIV0(0);
	MCG_C6 = MCG_C6_PLLS | MCG_C6_VDIV0(8);
    #elif F_CPU == 180000000
	MCG_C5 = MCG_C5_PRDIV0(1);
     2b0:	4b38      	ldr	r3, [pc, #224]	; (394 <ResetHandler+0x1c4>)
     2b2:	2201      	movs	r2, #1
     2b4:	711a      	strb	r2, [r3, #4]
	MCG_C6 = MCG_C6_PLLS | MCG_C6_VDIV0(29);
     2b6:	225d      	movs	r2, #93	; 0x5d
     2b8:	715a      	strb	r2, [r3, #5]
    #error "This clock speed isn't supported..."
    #endif
   #endif

	// wait for PLL to start using xtal as its input
	while (!(MCG_S & MCG_S_PLLST)) ;
     2ba:	799a      	ldrb	r2, [r3, #6]
     2bc:	0690      	lsls	r0, r2, #26
     2be:	d5fc      	bpl.n	2ba <ResetHandler+0xea>
	// wait for PLL to lock
	while (!(MCG_S & MCG_S_LOCK0)) ;
     2c0:	799a      	ldrb	r2, [r3, #6]
     2c2:	0651      	lsls	r1, r2, #25
     2c4:	d5fc      	bpl.n	2c0 <ResetHandler+0xf0>
	#endif
	SIM_CLKDIV2 = SIM_CLKDIV2_USBDIV(3);
#elif F_CPU == 180000000
	// config divisors: 180 MHz core, 60 MHz bus, 25.7 MHz flash, USB = IRC48M
	#if F_BUS == 60000000
	SIM_CLKDIV1 = SIM_CLKDIV1_OUTDIV1(0) | SIM_CLKDIV1_OUTDIV2(2) | SIM_CLKDIV1_OUTDIV4(6);
     2c6:	4a23      	ldr	r2, [pc, #140]	; (354 <ResetHandler+0x184>)
     2c8:	4933      	ldr	r1, [pc, #204]	; (398 <ResetHandler+0x1c8>)
     2ca:	6451      	str	r1, [r2, #68]	; 0x44
	#elif F_BUS == 90000000
	SIM_CLKDIV1 = SIM_CLKDIV1_OUTDIV1(0) | SIM_CLKDIV1_OUTDIV2(1) | SIM_CLKDIV1_OUTDIV4(6);
	#else
	#error "This F_CPU & F_BUS combination is not supported"
	#endif
	SIM_CLKDIV2 = SIM_CLKDIV2_USBDIV(0);
     2cc:	2100      	movs	r1, #0
     2ce:	6491      	str	r1, [r2, #72]	; 0x48
#error "Error, F_CPU must be 256, 240, 216, 192, 180, 168, 144, 120, 96, 72, 48, 24, 16, 8, 4, or 2 MHz"
#endif

#if F_CPU > 16000000
	// switch to PLL as clock source, FLL input = 16 MHz / 512
	MCG_C1 = MCG_C1_CLKS(0) | MCG_C1_FRDIV(4);
     2d0:	2120      	movs	r1, #32
     2d2:	7019      	strb	r1, [r3, #0]
	// wait for PLL clock to be used
	while ((MCG_S & MCG_S_CLKST_MASK) != MCG_S_CLKST(3)) ;
     2d4:	492f      	ldr	r1, [pc, #188]	; (394 <ResetHandler+0x1c4>)
     2d6:	798b      	ldrb	r3, [r1, #6]
     2d8:	f003 030c 	and.w	r3, r3, #12
     2dc:	2b0c      	cmp	r3, #12
     2de:	d1fa      	bne.n	2d6 <ResetHandler+0x106>
	// now we're in PEE mode
	// trace is CPU clock, CLKOUT=OSCERCLK0
	#if defined(KINETISK)
	#if F_CPU == 256000000 || F_CPU == 216000000 || F_CPU == 180000000
	// USB uses IRC48
	SIM_SOPT2 = SIM_SOPT2_USBSRC | SIM_SOPT2_IRC48SEL | SIM_SOPT2_TRACECLKSEL | SIM_SOPT2_CLKOUTSEL(6);
     2e0:	4b2e      	ldr	r3, [pc, #184]	; (39c <ResetHandler+0x1cc>)
     2e2:	6053      	str	r3, [r2, #4]
#endif

#if defined(__MK66FX1M0__)
	// If the RTC oscillator isn't enabled, get it started.  For Teensy 3.6
	// we don't do this early.  See comment above about slow rising power.
	if (!(RTC_CR & RTC_CR_OSCE)) {
     2e4:	4a2e      	ldr	r2, [pc, #184]	; (3a0 <ResetHandler+0x1d0>)
     2e6:	6913      	ldr	r3, [r2, #16]
     2e8:	f413 7380 	ands.w	r3, r3, #256	; 0x100
     2ec:	d103      	bne.n	2f6 <ResetHandler+0x126>
		RTC_SR = 0;
     2ee:	6153      	str	r3, [r2, #20]
		RTC_CR = RTC_CR_SC16P | RTC_CR_SC4P | RTC_CR_OSCE;
     2f0:	f44f 53a8 	mov.w	r3, #5376	; 0x1500
     2f4:	6113      	str	r3, [r2, #16]
	}
#endif

	// initialize the SysTick counter
	SYST_RVR = (F_CPU / 1000) - 1;
     2f6:	f04f 23e0 	mov.w	r3, #3758153728	; 0xe000e000
     2fa:	4a2a      	ldr	r2, [pc, #168]	; (3a4 <ResetHandler+0x1d4>)
     2fc:	615a      	str	r2, [r3, #20]
	SYST_CVR = 0;
     2fe:	2200      	movs	r2, #0
     300:	619a      	str	r2, [r3, #24]
	SYST_CSR = SYST_CSR_CLKSOURCE | SYST_CSR_TICKINT | SYST_CSR_ENABLE;
     302:	2207      	movs	r2, #7
     304:	611a      	str	r2, [r3, #16]
	SCB_SHPR3 = 0x20200000;  // Systick = priority 32
     306:	4a28      	ldr	r2, [pc, #160]	; (3a8 <ResetHandler+0x1d8>)
     308:	f8c3 2d20 	str.w	r2, [r3, #3360]	; 0xd20

	//init_pins();
	__enable_irq();
     30c:	b662      	cpsie	i

	_init_Teensyduino_internal_();
     30e:	f003 f989 	bl	3624 <_init_Teensyduino_internal_>

#if defined(KINETISK)
	// RTC initialization
	if (RTC_SR & RTC_SR_TIF) {
     312:	4b23      	ldr	r3, [pc, #140]	; (3a0 <ResetHandler+0x1d0>)
     314:	695b      	ldr	r3, [r3, #20]
     316:	07da      	lsls	r2, r3, #31
     318:	d505      	bpl.n	326 <ResetHandler+0x156>
		// compiled-in time will be stale.  Write a special
		// flag into the VBAT register file indicating the
		// RTC is set with known-stale time and should be
		// updated when fresh time is known.
		#if ARDUINO >= 10600
		rtc_set((uint32_t)&__rtc_localtime);
     31a:	4824      	ldr	r0, [pc, #144]	; (3ac <ResetHandler+0x1dc>)
     31c:	f003 f976 	bl	360c <rtc_set>
		#else
		rtc_set(TIME_T);
		#endif
		*(uint32_t *)0x4003E01C = 0x5A94C3A5;
     320:	4b23      	ldr	r3, [pc, #140]	; (3b0 <ResetHandler+0x1e0>)
     322:	4a24      	ldr	r2, [pc, #144]	; (3b4 <ResetHandler+0x1e4>)
     324:	61da      	str	r2, [r3, #28]
	}
	if ((RCM_SRS0 & RCM_SRS0_PIN) && (*(uint32_t *)0x4003E01C == 0x5A94C3A5)) {
     326:	4b24      	ldr	r3, [pc, #144]	; (3b8 <ResetHandler+0x1e8>)
     328:	781b      	ldrb	r3, [r3, #0]
     32a:	065b      	lsls	r3, r3, #25
     32c:	d509      	bpl.n	342 <ResetHandler+0x172>
     32e:	4c20      	ldr	r4, [pc, #128]	; (3b0 <ResetHandler+0x1e0>)
     330:	4b20      	ldr	r3, [pc, #128]	; (3b4 <ResetHandler+0x1e4>)
     332:	69e2      	ldr	r2, [r4, #28]
     334:	429a      	cmp	r2, r3
     336:	d104      	bne.n	342 <ResetHandler+0x172>
		// Our compiled-in time will be very fresh, so set
		// the RTC with this, and clear the VBAT resister file
		// data so we don't mess with the time after it's been
		// set well.
		#if ARDUINO >= 10600
		rtc_set((uint32_t)&__rtc_localtime);
     338:	481c      	ldr	r0, [pc, #112]	; (3ac <ResetHandler+0x1dc>)
     33a:	f003 f967 	bl	360c <rtc_set>
		#else
		rtc_set(TIME_T);
		#endif
		*(uint32_t *)0x4003E01C = 0;
     33e:	2300      	movs	r3, #0
     340:	61e3      	str	r3, [r4, #28]
	}
#endif

	startup_late_hook();
     342:	f003 f8d9 	bl	34f8 <startup_late_hook>
	__libc_init_array();
     346:	f005 fc67 	bl	5c18 <__libc_init_array>

	main();
     34a:	f002 ffcd 	bl	32e8 <main>
	
	while (1) ;
     34e:	e7fe      	b.n	34e <ResetHandler+0x17e>
     350:	40052000 	.word	0x40052000
     354:	40048000 	.word	0x40048000
     358:	00043f82 	.word	0x00043f82
     35c:	2b000001 	.word	0x2b000001
     360:	85000003 	.word	0x85000003
     364:	4007d000 	.word	0x4007d000
     368:	4007e000 	.word	0x4007e000
     36c:	1fff0730 	.word	0x1fff0730
     370:	1fff0eb0 	.word	0x1fff0eb0
     374:	0000bf50 	.word	0x0000bf50
     378:	1fff6580 	.word	0x1fff6580
     37c:	1fff0eb0 	.word	0x1fff0eb0
     380:	00000000 	.word	0x00000000
     384:	1fff0200 	.word	0x1fff0200
     388:	e000e400 	.word	0xe000e400
     38c:	e000e464 	.word	0xe000e464
     390:	40065000 	.word	0x40065000
     394:	40064000 	.word	0x40064000
     398:	02060000 	.word	0x02060000
     39c:	000710c0 	.word	0x000710c0
     3a0:	4003d000 	.word	0x4003d000
     3a4:	0002bf1f 	.word	0x0002bf1f
     3a8:	20200000 	.word	0x20200000
     3ac:	69e39a4e 	.word	0x69e39a4e
     3b0:	4003e000 	.word	0x4003e000
     3b4:	5a94c3a5 	.word	0x5a94c3a5
     3b8:	4007f000 	.word	0x4007f000
     3bc:	ffffffff 	.word	0xffffffff
     3c0:	ffffffff 	.word	0xffffffff
     3c4:	ffffffff 	.word	0xffffffff
     3c8:	ffffffff 	.word	0xffffffff
     3cc:	ffffffff 	.word	0xffffffff
     3d0:	ffffffff 	.word	0xffffffff
     3d4:	ffffffff 	.word	0xffffffff
     3d8:	ffffffff 	.word	0xffffffff
     3dc:	ffffffff 	.word	0xffffffff
     3e0:	ffffffff 	.word	0xffffffff
     3e4:	ffffffff 	.word	0xffffffff
     3e8:	ffffffff 	.word	0xffffffff
     3ec:	ffffffff 	.word	0xffffffff
     3f0:	ffffffff 	.word	0xffffffff
     3f4:	ffffffff 	.word	0xffffffff
     3f8:	ffffffff 	.word	0xffffffff
     3fc:	ffffffff 	.word	0xffffffff

00000400 <flashconfigbytes>:
     400:	ffffffff ffffffff ffffffff fffff9de     ................

00000410 <register_tm_clones>:
     410:	4805      	ldr	r0, [pc, #20]	; (428 <register_tm_clones+0x18>)
     412:	4b06      	ldr	r3, [pc, #24]	; (42c <register_tm_clones+0x1c>)
     414:	1a1b      	subs	r3, r3, r0
     416:	0fd9      	lsrs	r1, r3, #31
     418:	eb01 01a3 	add.w	r1, r1, r3, asr #2
     41c:	1049      	asrs	r1, r1, #1
     41e:	d002      	beq.n	426 <register_tm_clones+0x16>
     420:	4b03      	ldr	r3, [pc, #12]	; (430 <register_tm_clones+0x20>)
     422:	b103      	cbz	r3, 426 <register_tm_clones+0x16>
     424:	4718      	bx	r3
     426:	4770      	bx	lr
     428:	1fff0eb0 	.word	0x1fff0eb0
     42c:	1fff0eb0 	.word	0x1fff0eb0
     430:	00000000 	.word	0x00000000

00000434 <frame_dummy>:
     434:	b508      	push	{r3, lr}
     436:	4b05      	ldr	r3, [pc, #20]	; (44c <frame_dummy+0x18>)
     438:	b11b      	cbz	r3, 442 <frame_dummy+0xe>
     43a:	4905      	ldr	r1, [pc, #20]	; (450 <frame_dummy+0x1c>)
     43c:	4805      	ldr	r0, [pc, #20]	; (454 <frame_dummy+0x20>)
     43e:	f3af 8000 	nop.w
     442:	e8bd 4008 	ldmia.w	sp!, {r3, lr}
     446:	f7ff bfe3 	b.w	410 <register_tm_clones>
     44a:	bf00      	nop
     44c:	00000000 	.word	0x00000000
     450:	1fff0eb0 	.word	0x1fff0eb0
     454:	0000bf50 	.word	0x0000bf50

00000458 <CANListener::frameHandler(CAN_message_t&, int, unsigned char)>:
#define SIZE_LISTENERS 4

class CANListener {
  public:
    CANListener () { callbacksActive = 0; }
    virtual bool frameHandler (CAN_message_t &frame, int mailbox, uint8_t controller) { return false; }
     458:	2000      	movs	r0, #0
     45a:	4770      	bx	lr

0000045c <flexcan_isr_can0()>:
  if ( _CAN0 ) _CAN0->flexcan_interrupt();
}
#endif
#if defined(__MK66FX1M0__)
static void flexcan_isr_can0() {
  if ( _CAN0 ) _CAN0->flexcan_interrupt();
     45c:	4b03      	ldr	r3, [pc, #12]	; (46c <flexcan_isr_can0()+0x10>)
     45e:	6818      	ldr	r0, [r3, #0]
     460:	b110      	cbz	r0, 468 <flexcan_isr_can0()+0xc>
     462:	6803      	ldr	r3, [r0, #0]
     464:	681b      	ldr	r3, [r3, #0]
     466:	4718      	bx	r3
}
     468:	4770      	bx	lr
     46a:	bf00      	nop
     46c:	1fff6100 	.word	0x1fff6100

00000470 <flexcan_isr_can1()>:
static void flexcan_isr_can1() {
  if ( _CAN1 ) _CAN1->flexcan_interrupt();
     470:	4b03      	ldr	r3, [pc, #12]	; (480 <flexcan_isr_can1()+0x10>)
     472:	6818      	ldr	r0, [r3, #0]
     474:	b110      	cbz	r0, 47c <flexcan_isr_can1()+0xc>
     476:	6803      	ldr	r3, [r0, #0]
     478:	681b      	ldr	r3, [r3, #0]
     47a:	4718      	bx	r3
}
     47c:	4770      	bx	lr
     47e:	bf00      	nop
     480:	1fff6104 	.word	0x1fff6104

00000484 <FlexCAN_T4<(CAN_DEV_TABLE)1073889280, (FLEXCAN_RXQUEUE_TABLE)256, (FLEXCAN_TXQUEUE_TABLE)16>::setBaudRate(unsigned long, FLEXCAN_RXTX)>:
  currentBitrate = baud;
     484:	f500 5000 	add.w	r0, r0, #8192	; 0x2000
FCTP_FUNC void FCTP_OPT::setBaudRate(uint32_t baud, FLEXCAN_RXTX listen_only) {
     488:	e92d 41f0 	stmdb	sp!, {r4, r5, r6, r7, r8, lr}
     48c:	4696      	mov	lr, r2
  bool frz_flag_negate = !(FLEXCANb_MCR(_bus) & FLEXCAN_MCR_FRZ_ACK);
     48e:	4a4a      	ldr	r2, [pc, #296]	; (5b8 <FlexCAN_T4<(CAN_DEV_TABLE)1073889280, (FLEXCAN_RXQUEUE_TABLE)256, (FLEXCAN_TXQUEUE_TABLE)16>::setBaudRate(unsigned long, FLEXCAN_RXTX)+0x134>)
  currentBitrate = baud;
     490:	f8c0 1910 	str.w	r1, [r0, #2320]	; 0x910
  bool frz_flag_negate = !(FLEXCANb_MCR(_bus) & FLEXCAN_MCR_FRZ_ACK);
     494:	6814      	ldr	r4, [r2, #0]
  FLEXCANb_MCR(_bus) |= FLEXCAN_MCR_FRZ | FLEXCAN_MCR_HALT;
     496:	6813      	ldr	r3, [r2, #0]
  uint32_t divisor = 0, bestDivisor = 0, result = clockFreq / baud / (divisor + 1);
     498:	4d48      	ldr	r5, [pc, #288]	; (5bc <FlexCAN_T4<(CAN_DEV_TABLE)1073889280, (FLEXCAN_RXQUEUE_TABLE)256, (FLEXCAN_TXQUEUE_TABLE)16>::setBaudRate(unsigned long, FLEXCAN_RXTX)+0x138>)
     49a:	fbb5 f0f1 	udiv	r0, r5, r1
  FLEXCANb_MCR(_bus) |= FLEXCAN_MCR_FRZ | FLEXCAN_MCR_HALT;
     49e:	f043 43a0 	orr.w	r3, r3, #1342177280	; 0x50000000
  int error = baud - (clockFreq / (result * (divisor + 1))), bestError = error;
     4a2:	fbb5 f5f0 	udiv	r5, r5, r0
FCTP_FUNC void FCTP_OPT::setBaudRate(uint32_t baud, FLEXCAN_RXTX listen_only) {
     4a6:	b090      	sub	sp, #64	; 0x40
  int error = baud - (clockFreq / (result * (divisor + 1))), bestError = error;
     4a8:	1b4d      	subs	r5, r1, r5
  bool frz_flag_negate = !(FLEXCANb_MCR(_bus) & FLEXCAN_MCR_FRZ_ACK);
     4aa:	f004 7480 	and.w	r4, r4, #16777216	; 0x1000000
  FLEXCANb_MCR(_bus) |= FLEXCAN_MCR_FRZ | FLEXCAN_MCR_HALT;
     4ae:	6013      	str	r3, [r2, #0]
  while (!(FLEXCANb_MCR(_bus) & FLEXCAN_MCR_FRZ_ACK));
     4b0:	6813      	ldr	r3, [r2, #0]
     4b2:	01de      	lsls	r6, r3, #7
     4b4:	d5fc      	bpl.n	4b0 <FlexCAN_T4<(CAN_DEV_TABLE)1073889280, (FLEXCAN_RXQUEUE_TABLE)256, (FLEXCAN_TXQUEUE_TABLE)16>::setBaudRate(unsigned long, FLEXCAN_RXTX)+0x2c>
  while (result > 5) {
     4b6:	2805      	cmp	r0, #5
  uint32_t divisor = 0, bestDivisor = 0, result = clockFreq / baud / (divisor + 1);
     4b8:	f04f 0c00 	mov.w	ip, #0
  while (result > 5) {
     4bc:	d922      	bls.n	504 <FlexCAN_T4<(CAN_DEV_TABLE)1073889280, (FLEXCAN_RXQUEUE_TABLE)256, (FLEXCAN_TXQUEUE_TABLE)16>::setBaudRate(unsigned long, FLEXCAN_RXTX)+0x80>
      error = baud - (clockFreq / (result * (divisor + 1)));
     4be:	4e3f      	ldr	r6, [pc, #252]	; (5bc <FlexCAN_T4<(CAN_DEV_TABLE)1073889280, (FLEXCAN_RXQUEUE_TABLE)256, (FLEXCAN_TXQUEUE_TABLE)16>::setBaudRate(unsigned long, FLEXCAN_RXTX)+0x138>)
  uint32_t divisor = 0, bestDivisor = 0, result = clockFreq / baud / (divisor + 1);
     4c0:	4663      	mov	r3, ip
    divisor++;
     4c2:	1c5a      	adds	r2, r3, #1
     4c4:	3302      	adds	r3, #2
    result = clockFreq / baud / (divisor + 1);
     4c6:	fbb0 f7f3 	udiv	r7, r0, r3
    if (result <= 25) {
     4ca:	2f19      	cmp	r7, #25
      error = baud - (clockFreq / (result * (divisor + 1)));
     4cc:	fb07 f303 	mul.w	r3, r7, r3
    if (result <= 25) {
     4d0:	d80f      	bhi.n	4f2 <FlexCAN_T4<(CAN_DEV_TABLE)1073889280, (FLEXCAN_RXQUEUE_TABLE)256, (FLEXCAN_TXQUEUE_TABLE)16>::setBaudRate(unsigned long, FLEXCAN_RXTX)+0x6e>
      error = baud - (clockFreq / (result * (divisor + 1)));
     4d2:	fbb6 f3f3 	udiv	r3, r6, r3
     4d6:	1acb      	subs	r3, r1, r3
     4d8:	2b00      	cmp	r3, #0
     4da:	bfb8      	it	lt
     4dc:	425b      	neglt	r3, r3
      if (error < bestError) {
     4de:	42ab      	cmp	r3, r5
     4e0:	da09      	bge.n	4f6 <FlexCAN_T4<(CAN_DEV_TABLE)1073889280, (FLEXCAN_RXQUEUE_TABLE)256, (FLEXCAN_TXQUEUE_TABLE)16>::setBaudRate(unsigned long, FLEXCAN_RXTX)+0x72>
     4e2:	461d      	mov	r5, r3
        bestDivisor = divisor;
     4e4:	4694      	mov	ip, r2
      if ((error == bestError) && (result > 11) && (result < 19)) {
     4e6:	2f0b      	cmp	r7, #11
     4e8:	d906      	bls.n	4f8 <FlexCAN_T4<(CAN_DEV_TABLE)1073889280, (FLEXCAN_RXQUEUE_TABLE)256, (FLEXCAN_TXQUEUE_TABLE)16>::setBaudRate(unsigned long, FLEXCAN_RXTX)+0x74>
     4ea:	2f12      	cmp	r7, #18
     4ec:	bf9c      	itt	ls
     4ee:	461d      	movls	r5, r3
     4f0:	4694      	movls	ip, r2
FCTP_FUNC void FCTP_OPT::setBaudRate(uint32_t baud, FLEXCAN_RXTX listen_only) {
     4f2:	4613      	mov	r3, r2
     4f4:	e7e5      	b.n	4c2 <FlexCAN_T4<(CAN_DEV_TABLE)1073889280, (FLEXCAN_RXQUEUE_TABLE)256, (FLEXCAN_TXQUEUE_TABLE)16>::setBaudRate(unsigned long, FLEXCAN_RXTX)+0x3e>
      if ((error == bestError) && (result > 11) && (result < 19)) {
     4f6:	d0f6      	beq.n	4e6 <FlexCAN_T4<(CAN_DEV_TABLE)1073889280, (FLEXCAN_RXQUEUE_TABLE)256, (FLEXCAN_TXQUEUE_TABLE)16>::setBaudRate(unsigned long, FLEXCAN_RXTX)+0x62>
  while (result > 5) {
     4f8:	2f05      	cmp	r7, #5
     4fa:	d8fa      	bhi.n	4f2 <FlexCAN_T4<(CAN_DEV_TABLE)1073889280, (FLEXCAN_RXQUEUE_TABLE)256, (FLEXCAN_TXQUEUE_TABLE)16>::setBaudRate(unsigned long, FLEXCAN_RXTX)+0x6e>
  result = clockFreq / baud / (divisor + 1);
     4fc:	f10c 0301 	add.w	r3, ip, #1
     500:	fbb0 f0f3 	udiv	r0, r0, r3
  if ((result < 5) || (result > 25) || (bestError > 300)) {
     504:	3805      	subs	r0, #5
     506:	2814      	cmp	r0, #20
     508:	d848      	bhi.n	59c <FlexCAN_T4<(CAN_DEV_TABLE)1073889280, (FLEXCAN_RXQUEUE_TABLE)256, (FLEXCAN_TXQUEUE_TABLE)16>::setBaudRate(unsigned long, FLEXCAN_RXTX)+0x118>
     50a:	f5b5 7f96 	cmp.w	r5, #300	; 0x12c
     50e:	dc45      	bgt.n	59c <FlexCAN_T4<(CAN_DEV_TABLE)1073889280, (FLEXCAN_RXQUEUE_TABLE)256, (FLEXCAN_TXQUEUE_TABLE)16>::setBaudRate(unsigned long, FLEXCAN_RXTX)+0x118>
  }, propSeg = bitTimingTable[result][0], pSeg1 = bitTimingTable[result][1], pSeg2 = bitTimingTable[result][2];
     510:	eb00 0040 	add.w	r0, r0, r0, lsl #1
  uint8_t bitTimingTable[21][3] = {
     514:	4f2a      	ldr	r7, [pc, #168]	; (5c0 <FlexCAN_T4<(CAN_DEV_TABLE)1073889280, (FLEXCAN_RXQUEUE_TABLE)256, (FLEXCAN_TXQUEUE_TABLE)16>::setBaudRate(unsigned long, FLEXCAN_RXTX)+0x13c>)
  FLEXCANb_CTRL1(_bus) = (FLEXCAN_CTRL_PROPSEG(propSeg) | FLEXCAN_CTRL_RJW(1) | FLEXCAN_CTRL_PSEG1(pSeg1) |
     516:	f8df 80a0 	ldr.w	r8, [pc, #160]	; 5b8 <FlexCAN_T4<(CAN_DEV_TABLE)1073889280, (FLEXCAN_RXQUEUE_TABLE)256, (FLEXCAN_TXQUEUE_TABLE)16>::setBaudRate(unsigned long, FLEXCAN_RXTX)+0x134>
  }, propSeg = bitTimingTable[result][0], pSeg1 = bitTimingTable[result][1], pSeg2 = bitTimingTable[result][2];
     51a:	f100 0340 	add.w	r3, r0, #64	; 0x40
     51e:	eb0d 0503 	add.w	r5, sp, r3
  uint8_t bitTimingTable[21][3] = {
     522:	cf0f      	ldmia	r7!, {r0, r1, r2, r3}
     524:	466e      	mov	r6, sp
     526:	c60f      	stmia	r6!, {r0, r1, r2, r3}
     528:	cf0f      	ldmia	r7!, {r0, r1, r2, r3}
     52a:	c60f      	stmia	r6!, {r0, r1, r2, r3}
     52c:	cf0f      	ldmia	r7!, {r0, r1, r2, r3}
     52e:	c60f      	stmia	r6!, {r0, r1, r2, r3}
     530:	e897 000f 	ldmia.w	r7, {r0, r1, r2, r3}
     534:	c607      	stmia	r6!, {r0, r1, r2}
     536:	f826 3b02 	strh.w	r3, [r6], #2
     53a:	0c1b      	lsrs	r3, r3, #16
     53c:	7033      	strb	r3, [r6, #0]
  FLEXCANb_CTRL1(_bus) = (FLEXCAN_CTRL_PROPSEG(propSeg) | FLEXCAN_CTRL_RJW(1) | FLEXCAN_CTRL_PSEG1(pSeg1) |
     53e:	f815 3c3f 	ldrb.w	r3, [r5, #-63]
                    FLEXCAN_CTRL_PSEG2(pSeg2) | FLEXCAN_CTRL_ERR_MSK | FLEXCAN_CTRL_PRESDIV(divisor));
     542:	f815 2c3e 	ldrb.w	r2, [r5, #-62]
  FLEXCANb_CTRL1(_bus) = (FLEXCAN_CTRL_PROPSEG(propSeg) | FLEXCAN_CTRL_RJW(1) | FLEXCAN_CTRL_PSEG1(pSeg1) |
     546:	f815 1c40 	ldrb.w	r1, [r5, #-64]
     54a:	04db      	lsls	r3, r3, #19
                    FLEXCAN_CTRL_PSEG2(pSeg2) | FLEXCAN_CTRL_ERR_MSK | FLEXCAN_CTRL_PRESDIV(divisor));
     54c:	0412      	lsls	r2, r2, #16
     54e:	f402 22e0 	and.w	r2, r2, #458752	; 0x70000
  FLEXCANb_CTRL1(_bus) = (FLEXCAN_CTRL_PROPSEG(propSeg) | FLEXCAN_CTRL_RJW(1) | FLEXCAN_CTRL_PSEG1(pSeg1) |
     552:	f403 1360 	and.w	r3, r3, #3670016	; 0x380000
     556:	4313      	orrs	r3, r2
     558:	f001 0207 	and.w	r2, r1, #7
     55c:	4313      	orrs	r3, r2
     55e:	f443 0380 	orr.w	r3, r3, #4194304	; 0x400000
                    FLEXCAN_CTRL_PSEG2(pSeg2) | FLEXCAN_CTRL_ERR_MSK | FLEXCAN_CTRL_PRESDIV(divisor));
     562:	ea43 630c 	orr.w	r3, r3, ip, lsl #24
     566:	f443 4380 	orr.w	r3, r3, #16384	; 0x4000
  FLEXCANb_CTRL1(_bus) = (FLEXCAN_CTRL_PROPSEG(propSeg) | FLEXCAN_CTRL_RJW(1) | FLEXCAN_CTRL_PSEG1(pSeg1) |
     56a:	f8c8 3004 	str.w	r3, [r8, #4]
  ( listen_only != LISTEN_ONLY ) ? FLEXCANb_CTRL1(_bus) &= ~FLEXCAN_CTRL_LOM : FLEXCANb_CTRL1(_bus) |= FLEXCAN_CTRL_LOM; /* listen-only mode */
     56e:	f8d8 3004 	ldr.w	r3, [r8, #4]
     572:	f1be 0f02 	cmp.w	lr, #2
     576:	bf14      	ite	ne
     578:	f023 0308 	bicne.w	r3, r3, #8
     57c:	f043 0308 	orreq.w	r3, r3, #8
     580:	f8c8 3004 	str.w	r3, [r8, #4]
  if ( frz_flag_negate ) FLEXCAN_ExitFreezeMode();
     584:	b93c      	cbnz	r4, 596 <FlexCAN_T4<(CAN_DEV_TABLE)1073889280, (FLEXCAN_RXQUEUE_TABLE)256, (FLEXCAN_TXQUEUE_TABLE)16>::setBaudRate(unsigned long, FLEXCAN_RXTX)+0x112>
  FLEXCANb_MCR(_bus) &= ~FLEXCAN_MCR_HALT;
     586:	4a0c      	ldr	r2, [pc, #48]	; (5b8 <FlexCAN_T4<(CAN_DEV_TABLE)1073889280, (FLEXCAN_RXQUEUE_TABLE)256, (FLEXCAN_TXQUEUE_TABLE)16>::setBaudRate(unsigned long, FLEXCAN_RXTX)+0x134>)
     588:	6813      	ldr	r3, [r2, #0]
     58a:	f023 5380 	bic.w	r3, r3, #268435456	; 0x10000000
     58e:	6013      	str	r3, [r2, #0]
  while (FLEXCANb_MCR(_bus) & FLEXCAN_MCR_FRZ_ACK);
     590:	6813      	ldr	r3, [r2, #0]
     592:	01db      	lsls	r3, r3, #7
     594:	d4fc      	bmi.n	590 <FlexCAN_T4<(CAN_DEV_TABLE)1073889280, (FLEXCAN_RXQUEUE_TABLE)256, (FLEXCAN_TXQUEUE_TABLE)16>::setBaudRate(unsigned long, FLEXCAN_RXTX)+0x10c>
}
     596:	b010      	add	sp, #64	; 0x40
     598:	e8bd 81f0 	ldmia.w	sp!, {r4, r5, r6, r7, r8, pc}
    if ( frz_flag_negate ) FLEXCAN_ExitFreezeMode();
     59c:	2c00      	cmp	r4, #0
     59e:	d1fa      	bne.n	596 <FlexCAN_T4<(CAN_DEV_TABLE)1073889280, (FLEXCAN_RXQUEUE_TABLE)256, (FLEXCAN_TXQUEUE_TABLE)16>::setBaudRate(unsigned long, FLEXCAN_RXTX)+0x112>
  FLEXCANb_MCR(_bus) &= ~FLEXCAN_MCR_HALT;
     5a0:	4a05      	ldr	r2, [pc, #20]	; (5b8 <FlexCAN_T4<(CAN_DEV_TABLE)1073889280, (FLEXCAN_RXQUEUE_TABLE)256, (FLEXCAN_TXQUEUE_TABLE)16>::setBaudRate(unsigned long, FLEXCAN_RXTX)+0x134>)
     5a2:	6813      	ldr	r3, [r2, #0]
     5a4:	f023 5380 	bic.w	r3, r3, #268435456	; 0x10000000
     5a8:	6013      	str	r3, [r2, #0]
  while (FLEXCANb_MCR(_bus) & FLEXCAN_MCR_FRZ_ACK);
     5aa:	6813      	ldr	r3, [r2, #0]
     5ac:	01d9      	lsls	r1, r3, #7
     5ae:	d4fc      	bmi.n	5aa <FlexCAN_T4<(CAN_DEV_TABLE)1073889280, (FLEXCAN_RXQUEUE_TABLE)256, (FLEXCAN_TXQUEUE_TABLE)16>::setBaudRate(unsigned long, FLEXCAN_RXTX)+0x126>
}
     5b0:	b010      	add	sp, #64	; 0x40
     5b2:	e8bd 81f0 	ldmia.w	sp!, {r4, r5, r6, r7, r8, pc}
     5b6:	bf00      	nop
     5b8:	40024000 	.word	0x40024000
     5bc:	00f42400 	.word	0x00f42400
     5c0:	0000b86c 	.word	0x0000b86c

000005c4 <FlexCAN_T4<(CAN_DEV_TABLE)1074413568, (FLEXCAN_RXQUEUE_TABLE)256, (FLEXCAN_TXQUEUE_TABLE)16>::setBaudRate(unsigned long, FLEXCAN_RXTX)>:
  currentBitrate = baud;
     5c4:	f500 5000 	add.w	r0, r0, #8192	; 0x2000
FCTP_FUNC void FCTP_OPT::setBaudRate(uint32_t baud, FLEXCAN_RXTX listen_only) {
     5c8:	e92d 41f0 	stmdb	sp!, {r4, r5, r6, r7, r8, lr}
     5cc:	4696      	mov	lr, r2
  bool frz_flag_negate = !(FLEXCANb_MCR(_bus) & FLEXCAN_MCR_FRZ_ACK);
     5ce:	4a4a      	ldr	r2, [pc, #296]	; (6f8 <FlexCAN_T4<(CAN_DEV_TABLE)1074413568, (FLEXCAN_RXQUEUE_TABLE)256, (FLEXCAN_TXQUEUE_TABLE)16>::setBaudRate(unsigned long, FLEXCAN_RXTX)+0x134>)
  currentBitrate = baud;
     5d0:	f8c0 1910 	str.w	r1, [r0, #2320]	; 0x910
  bool frz_flag_negate = !(FLEXCANb_MCR(_bus) & FLEXCAN_MCR_FRZ_ACK);
     5d4:	6814      	ldr	r4, [r2, #0]
  FLEXCANb_MCR(_bus) |= FLEXCAN_MCR_FRZ | FLEXCAN_MCR_HALT;
     5d6:	6813      	ldr	r3, [r2, #0]
  uint32_t divisor = 0, bestDivisor = 0, result = clockFreq / baud / (divisor + 1);
     5d8:	4d48      	ldr	r5, [pc, #288]	; (6fc <FlexCAN_T4<(CAN_DEV_TABLE)1074413568, (FLEXCAN_RXQUEUE_TABLE)256, (FLEXCAN_TXQUEUE_TABLE)16>::setBaudRate(unsigned long, FLEXCAN_RXTX)+0x138>)
     5da:	fbb5 f0f1 	udiv	r0, r5, r1
  FLEXCANb_MCR(_bus) |= FLEXCAN_MCR_FRZ | FLEXCAN_MCR_HALT;
     5de:	f043 43a0 	orr.w	r3, r3, #1342177280	; 0x50000000
  int error = baud - (clockFreq / (result * (divisor + 1))), bestError = error;
     5e2:	fbb5 f5f0 	udiv	r5, r5, r0
FCTP_FUNC void FCTP_OPT::setBaudRate(uint32_t baud, FLEXCAN_RXTX listen_only) {
     5e6:	b090      	sub	sp, #64	; 0x40
  int error = baud - (clockFreq / (result * (divisor + 1))), bestError = error;
     5e8:	1b4d      	subs	r5, r1, r5
  bool frz_flag_negate = !(FLEXCANb_MCR(_bus) & FLEXCAN_MCR_FRZ_ACK);
     5ea:	f004 7480 	and.w	r4, r4, #16777216	; 0x1000000
  FLEXCANb_MCR(_bus) |= FLEXCAN_MCR_FRZ | FLEXCAN_MCR_HALT;
     5ee:	6013      	str	r3, [r2, #0]
  while (!(FLEXCANb_MCR(_bus) & FLEXCAN_MCR_FRZ_ACK));
     5f0:	6813      	ldr	r3, [r2, #0]
     5f2:	01de      	lsls	r6, r3, #7
     5f4:	d5fc      	bpl.n	5f0 <FlexCAN_T4<(CAN_DEV_TABLE)1074413568, (FLEXCAN_RXQUEUE_TABLE)256, (FLEXCAN_TXQUEUE_TABLE)16>::setBaudRate(unsigned long, FLEXCAN_RXTX)+0x2c>
  while (result > 5) {
     5f6:	2805      	cmp	r0, #5
  uint32_t divisor = 0, bestDivisor = 0, result = clockFreq / baud / (divisor + 1);
     5f8:	f04f 0c00 	mov.w	ip, #0
  while (result > 5) {
     5fc:	d922      	bls.n	644 <FlexCAN_T4<(CAN_DEV_TABLE)1074413568, (FLEXCAN_RXQUEUE_TABLE)256, (FLEXCAN_TXQUEUE_TABLE)16>::setBaudRate(unsigned long, FLEXCAN_RXTX)+0x80>
      error = baud - (clockFreq / (result * (divisor + 1)));
     5fe:	4e3f      	ldr	r6, [pc, #252]	; (6fc <FlexCAN_T4<(CAN_DEV_TABLE)1074413568, (FLEXCAN_RXQUEUE_TABLE)256, (FLEXCAN_TXQUEUE_TABLE)16>::setBaudRate(unsigned long, FLEXCAN_RXTX)+0x138>)
  uint32_t divisor = 0, bestDivisor = 0, result = clockFreq / baud / (divisor + 1);
     600:	4663      	mov	r3, ip
    divisor++;
     602:	1c5a      	adds	r2, r3, #1
     604:	3302      	adds	r3, #2
    result = clockFreq / baud / (divisor + 1);
     606:	fbb0 f7f3 	udiv	r7, r0, r3
    if (result <= 25) {
     60a:	2f19      	cmp	r7, #25
      error = baud - (clockFreq / (result * (divisor + 1)));
     60c:	fb07 f303 	mul.w	r3, r7, r3
    if (result <= 25) {
     610:	d80f      	bhi.n	632 <FlexCAN_T4<(CAN_DEV_TABLE)1074413568, (FLEXCAN_RXQUEUE_TABLE)256, (FLEXCAN_TXQUEUE_TABLE)16>::setBaudRate(unsigned long, FLEXCAN_RXTX)+0x6e>
      error = baud - (clockFreq / (result * (divisor + 1)));
     612:	fbb6 f3f3 	udiv	r3, r6, r3
     616:	1acb      	subs	r3, r1, r3
     618:	2b00      	cmp	r3, #0
     61a:	bfb8      	it	lt
     61c:	425b      	neglt	r3, r3
      if (error < bestError) {
     61e:	42ab      	cmp	r3, r5
     620:	da09      	bge.n	636 <FlexCAN_T4<(CAN_DEV_TABLE)1074413568, (FLEXCAN_RXQUEUE_TABLE)256, (FLEXCAN_TXQUEUE_TABLE)16>::setBaudRate(unsigned long, FLEXCAN_RXTX)+0x72>
     622:	461d      	mov	r5, r3
        bestDivisor = divisor;
     624:	4694      	mov	ip, r2
      if ((error == bestError) && (result > 11) && (result < 19)) {
     626:	2f0b      	cmp	r7, #11
     628:	d906      	bls.n	638 <FlexCAN_T4<(CAN_DEV_TABLE)1074413568, (FLEXCAN_RXQUEUE_TABLE)256, (FLEXCAN_TXQUEUE_TABLE)16>::setBaudRate(unsigned long, FLEXCAN_RXTX)+0x74>
     62a:	2f12      	cmp	r7, #18
     62c:	bf9c      	itt	ls
     62e:	461d      	movls	r5, r3
     630:	4694      	movls	ip, r2
FCTP_FUNC void FCTP_OPT::setBaudRate(uint32_t baud, FLEXCAN_RXTX listen_only) {
     632:	4613      	mov	r3, r2
     634:	e7e5      	b.n	602 <FlexCAN_T4<(CAN_DEV_TABLE)1074413568, (FLEXCAN_RXQUEUE_TABLE)256, (FLEXCAN_TXQUEUE_TABLE)16>::setBaudRate(unsigned long, FLEXCAN_RXTX)+0x3e>
      if ((error == bestError) && (result > 11) && (result < 19)) {
     636:	d0f6      	beq.n	626 <FlexCAN_T4<(CAN_DEV_TABLE)1074413568, (FLEXCAN_RXQUEUE_TABLE)256, (FLEXCAN_TXQUEUE_TABLE)16>::setBaudRate(unsigned long, FLEXCAN_RXTX)+0x62>
  while (result > 5) {
     638:	2f05      	cmp	r7, #5
     63a:	d8fa      	bhi.n	632 <FlexCAN_T4<(CAN_DEV_TABLE)1074413568, (FLEXCAN_RXQUEUE_TABLE)256, (FLEXCAN_TXQUEUE_TABLE)16>::setBaudRate(unsigned long, FLEXCAN_RXTX)+0x6e>
  result = clockFreq / baud / (divisor + 1);
     63c:	f10c 0301 	add.w	r3, ip, #1
     640:	fbb0 f0f3 	udiv	r0, r0, r3
  if ((result < 5) || (result > 25) || (bestError > 300)) {
     644:	3805      	subs	r0, #5
     646:	2814      	cmp	r0, #20
     648:	d848      	bhi.n	6dc <FlexCAN_T4<(CAN_DEV_TABLE)1074413568, (FLEXCAN_RXQUEUE_TABLE)256, (FLEXCAN_TXQUEUE_TABLE)16>::setBaudRate(unsigned long, FLEXCAN_RXTX)+0x118>
     64a:	f5b5 7f96 	cmp.w	r5, #300	; 0x12c
     64e:	dc45      	bgt.n	6dc <FlexCAN_T4<(CAN_DEV_TABLE)1074413568, (FLEXCAN_RXQUEUE_TABLE)256, (FLEXCAN_TXQUEUE_TABLE)16>::setBaudRate(unsigned long, FLEXCAN_RXTX)+0x118>
  }, propSeg = bitTimingTable[result][0], pSeg1 = bitTimingTable[result][1], pSeg2 = bitTimingTable[result][2];
     650:	eb00 0040 	add.w	r0, r0, r0, lsl #1
  uint8_t bitTimingTable[21][3] = {
     654:	4f2a      	ldr	r7, [pc, #168]	; (700 <FlexCAN_T4<(CAN_DEV_TABLE)1074413568, (FLEXCAN_RXQUEUE_TABLE)256, (FLEXCAN_TXQUEUE_TABLE)16>::setBaudRate(unsigned long, FLEXCAN_RXTX)+0x13c>)
  FLEXCANb_CTRL1(_bus) = (FLEXCAN_CTRL_PROPSEG(propSeg) | FLEXCAN_CTRL_RJW(1) | FLEXCAN_CTRL_PSEG1(pSeg1) |
     656:	f8df 80a0 	ldr.w	r8, [pc, #160]	; 6f8 <FlexCAN_T4<(CAN_DEV_TABLE)1074413568, (FLEXCAN_RXQUEUE_TABLE)256, (FLEXCAN_TXQUEUE_TABLE)16>::setBaudRate(unsigned long, FLEXCAN_RXTX)+0x134>
  }, propSeg = bitTimingTable[result][0], pSeg1 = bitTimingTable[result][1], pSeg2 = bitTimingTable[result][2];
     65a:	f100 0340 	add.w	r3, r0, #64	; 0x40
     65e:	eb0d 0503 	add.w	r5, sp, r3
  uint8_t bitTimingTable[21][3] = {
     662:	cf0f      	ldmia	r7!, {r0, r1, r2, r3}
     664:	466e      	mov	r6, sp
     666:	c60f      	stmia	r6!, {r0, r1, r2, r3}
     668:	cf0f      	ldmia	r7!, {r0, r1, r2, r3}
     66a:	c60f      	stmia	r6!, {r0, r1, r2, r3}
     66c:	cf0f      	ldmia	r7!, {r0, r1, r2, r3}
     66e:	c60f      	stmia	r6!, {r0, r1, r2, r3}
     670:	e897 000f 	ldmia.w	r7, {r0, r1, r2, r3}
     674:	c607      	stmia	r6!, {r0, r1, r2}
     676:	f826 3b02 	strh.w	r3, [r6], #2
     67a:	0c1b      	lsrs	r3, r3, #16
     67c:	7033      	strb	r3, [r6, #0]
  FLEXCANb_CTRL1(_bus) = (FLEXCAN_CTRL_PROPSEG(propSeg) | FLEXCAN_CTRL_RJW(1) | FLEXCAN_CTRL_PSEG1(pSeg1) |
     67e:	f815 3c3f 	ldrb.w	r3, [r5, #-63]
                    FLEXCAN_CTRL_PSEG2(pSeg2) | FLEXCAN_CTRL_ERR_MSK | FLEXCAN_CTRL_PRESDIV(divisor));
     682:	f815 2c3e 	ldrb.w	r2, [r5, #-62]
  FLEXCANb_CTRL1(_bus) = (FLEXCAN_CTRL_PROPSEG(propSeg) | FLEXCAN_CTRL_RJW(1) | FLEXCAN_CTRL_PSEG1(pSeg1) |
     686:	f815 1c40 	ldrb.w	r1, [r5, #-64]
     68a:	04db      	lsls	r3, r3, #19
                    FLEXCAN_CTRL_PSEG2(pSeg2) | FLEXCAN_CTRL_ERR_MSK | FLEXCAN_CTRL_PRESDIV(divisor));
     68c:	0412      	lsls	r2, r2, #16
     68e:	f402 22e0 	and.w	r2, r2, #458752	; 0x70000
  FLEXCANb_CTRL1(_bus) = (FLEXCAN_CTRL_PROPSEG(propSeg) | FLEXCAN_CTRL_RJW(1) | FLEXCAN_CTRL_PSEG1(pSeg1) |
     692:	f403 1360 	and.w	r3, r3, #3670016	; 0x380000
     696:	4313      	orrs	r3, r2
     698:	f001 0207 	and.w	r2, r1, #7
     69c:	4313      	orrs	r3, r2
     69e:	f443 0380 	orr.w	r3, r3, #4194304	; 0x400000
                    FLEXCAN_CTRL_PSEG2(pSeg2) | FLEXCAN_CTRL_ERR_MSK | FLEXCAN_CTRL_PRESDIV(divisor));
     6a2:	ea43 630c 	orr.w	r3, r3, ip, lsl #24
     6a6:	f443 4380 	orr.w	r3, r3, #16384	; 0x4000
  FLEXCANb_CTRL1(_bus) = (FLEXCAN_CTRL_PROPSEG(propSeg) | FLEXCAN_CTRL_RJW(1) | FLEXCAN_CTRL_PSEG1(pSeg1) |
     6aa:	f8c8 3004 	str.w	r3, [r8, #4]
  ( listen_only != LISTEN_ONLY ) ? FLEXCANb_CTRL1(_bus) &= ~FLEXCAN_CTRL_LOM : FLEXCANb_CTRL1(_bus) |= FLEXCAN_CTRL_LOM; /* listen-only mode */
     6ae:	f8d8 3004 	ldr.w	r3, [r8, #4]
     6b2:	f1be 0f02 	cmp.w	lr, #2
     6b6:	bf14      	ite	ne
     6b8:	f023 0308 	bicne.w	r3, r3, #8
     6bc:	f043 0308 	orreq.w	r3, r3, #8
     6c0:	f8c8 3004 	str.w	r3, [r8, #4]
  if ( frz_flag_negate ) FLEXCAN_ExitFreezeMode();
     6c4:	b93c      	cbnz	r4, 6d6 <FlexCAN_T4<(CAN_DEV_TABLE)1074413568, (FLEXCAN_RXQUEUE_TABLE)256, (FLEXCAN_TXQUEUE_TABLE)16>::setBaudRate(unsigned long, FLEXCAN_RXTX)+0x112>
  FLEXCANb_MCR(_bus) &= ~FLEXCAN_MCR_HALT;
     6c6:	4a0c      	ldr	r2, [pc, #48]	; (6f8 <FlexCAN_T4<(CAN_DEV_TABLE)1074413568, (FLEXCAN_RXQUEUE_TABLE)256, (FLEXCAN_TXQUEUE_TABLE)16>::setBaudRate(unsigned long, FLEXCAN_RXTX)+0x134>)
     6c8:	6813      	ldr	r3, [r2, #0]
     6ca:	f023 5380 	bic.w	r3, r3, #268435456	; 0x10000000
     6ce:	6013      	str	r3, [r2, #0]
  while (FLEXCANb_MCR(_bus) & FLEXCAN_MCR_FRZ_ACK);
     6d0:	6813      	ldr	r3, [r2, #0]
     6d2:	01db      	lsls	r3, r3, #7
     6d4:	d4fc      	bmi.n	6d0 <FlexCAN_T4<(CAN_DEV_TABLE)1074413568, (FLEXCAN_RXQUEUE_TABLE)256, (FLEXCAN_TXQUEUE_TABLE)16>::setBaudRate(unsigned long, FLEXCAN_RXTX)+0x10c>
}
     6d6:	b010      	add	sp, #64	; 0x40
     6d8:	e8bd 81f0 	ldmia.w	sp!, {r4, r5, r6, r7, r8, pc}
    if ( frz_flag_negate ) FLEXCAN_ExitFreezeMode();
     6dc:	2c00      	cmp	r4, #0
     6de:	d1fa      	bne.n	6d6 <FlexCAN_T4<(CAN_DEV_TABLE)1074413568, (FLEXCAN_RXQUEUE_TABLE)256, (FLEXCAN_TXQUEUE_TABLE)16>::setBaudRate(unsigned long, FLEXCAN_RXTX)+0x112>
  FLEXCANb_MCR(_bus) &= ~FLEXCAN_MCR_HALT;
     6e0:	4a05      	ldr	r2, [pc, #20]	; (6f8 <FlexCAN_T4<(CAN_DEV_TABLE)1074413568, (FLEXCAN_RXQUEUE_TABLE)256, (FLEXCAN_TXQUEUE_TABLE)16>::setBaudRate(unsigned long, FLEXCAN_RXTX)+0x134>)
     6e2:	6813      	ldr	r3, [r2, #0]
     6e4:	f023 5380 	bic.w	r3, r3, #268435456	; 0x10000000
     6e8:	6013      	str	r3, [r2, #0]
  while (FLEXCANb_MCR(_bus) & FLEXCAN_MCR_FRZ_ACK);
     6ea:	6813      	ldr	r3, [r2, #0]
     6ec:	01d9      	lsls	r1, r3, #7
     6ee:	d4fc      	bmi.n	6ea <FlexCAN_T4<(CAN_DEV_TABLE)1074413568, (FLEXCAN_RXQUEUE_TABLE)256, (FLEXCAN_TXQUEUE_TABLE)16>::setBaudRate(unsigned long, FLEXCAN_RXTX)+0x126>
}
     6f0:	b010      	add	sp, #64	; 0x40
     6f2:	e8bd 81f0 	ldmia.w	sp!, {r4, r5, r6, r7, r8, pc}
     6f6:	bf00      	nop
     6f8:	400a4000 	.word	0x400a4000
     6fc:	00f42400 	.word	0x00f42400
     700:	0000b86c 	.word	0x0000b86c

00000704 <FlexCAN_T4<(CAN_DEV_TABLE)1074413568, (FLEXCAN_RXQUEUE_TABLE)256, (FLEXCAN_TXQUEUE_TABLE)16>::write(CANFD_message_t const&)>:
    bool setMBFilter(FLEXCAN_MAILBOX mb_num, uint32_t id1, uint32_t id2, uint32_t id3); /* input 3 ID's to be filtered */
    bool setMBFilter(FLEXCAN_MAILBOX mb_num, uint32_t id1, uint32_t id2, uint32_t id3, uint32_t id4); /* input 4 ID's to be filtered */
    bool setMBFilter(FLEXCAN_MAILBOX mb_num, uint32_t id1, uint32_t id2, uint32_t id3, uint32_t id4, uint32_t id5); /* input 5 ID's to be filtered */
    bool setMBFilterRange(FLEXCAN_MAILBOX mb_num, uint32_t id1, uint32_t id2); /* filter a range of ids */
    int write(const CAN_message_t &msg); /* use any available mailbox for transmitting */
    int write(const CANFD_message_t &msg) { return 0; } /* to satisfy base class for external pointers */
     704:	2000      	movs	r0, #0
     706:	4770      	bx	lr

00000708 <FlexCAN_T4<(CAN_DEV_TABLE)1074413568, (FLEXCAN_RXQUEUE_TABLE)256, (FLEXCAN_TXQUEUE_TABLE)16>::isFD()>:
    bool isFD() { return 0; }
     708:	2000      	movs	r0, #0
     70a:	4770      	bx	lr

0000070c <FlexCAN_T4<(CAN_DEV_TABLE)1074413568, (FLEXCAN_RXQUEUE_TABLE)256, (FLEXCAN_TXQUEUE_TABLE)16>::getFirstTxBoxSize()>:
#endif
    void enhanceFilter(FLEXCAN_MAILBOX mb_num);
    void distribute(bool state = 1) { distribution = state; }
    void enableDMA(bool state = 1);
    void disableDMA() { enableDMA(0); }
    uint8_t getFirstTxBoxSize(){ return 8; }
     70c:	2008      	movs	r0, #8
     70e:	4770      	bx	lr

00000710 <FlexCAN_T4<(CAN_DEV_TABLE)1073889280, (FLEXCAN_RXQUEUE_TABLE)256, (FLEXCAN_TXQUEUE_TABLE)16>::write(CANFD_message_t const&)>:
    int write(const CANFD_message_t &msg) { return 0; } /* to satisfy base class for external pointers */
     710:	2000      	movs	r0, #0
     712:	4770      	bx	lr

00000714 <FlexCAN_T4<(CAN_DEV_TABLE)1073889280, (FLEXCAN_RXQUEUE_TABLE)256, (FLEXCAN_TXQUEUE_TABLE)16>::isFD()>:
    bool isFD() { return 0; }
     714:	2000      	movs	r0, #0
     716:	4770      	bx	lr

00000718 <FlexCAN_T4<(CAN_DEV_TABLE)1073889280, (FLEXCAN_RXQUEUE_TABLE)256, (FLEXCAN_TXQUEUE_TABLE)16>::getFirstTxBoxSize()>:
    uint8_t getFirstTxBoxSize(){ return 8; }
     718:	2008      	movs	r0, #8
     71a:	4770      	bx	lr

0000071c <printCandumpA(CAN_message_t const&, char const*)>:
static void printCandumpA(const CAN_message_t &msg, const char *ifname) {
     71c:	b5f0      	push	{r4, r5, r6, r7, lr}
     71e:	b087      	sub	sp, #28
  for (uint8_t i = 0; i < msg.len && i < 8; i++) {
     720:	7ac5      	ldrb	r5, [r0, #11]
  for (uint8_t i = 0; i < 8; i++) ascii[i] = ' ';
     722:	f04f 3320 	mov.w	r3, #538976288	; 0x20202020
  ascii[8] = '\0';
     726:	2200      	movs	r2, #0
static void printCandumpA(const CAN_message_t &msg, const char *ifname) {
     728:	4604      	mov	r4, r0
     72a:	460f      	mov	r7, r1
  for (uint8_t i = 0; i < 8; i++) ascii[i] = ' ';
     72c:	9303      	str	r3, [sp, #12]
     72e:	9304      	str	r3, [sp, #16]
  ascii[8] = '\0';
     730:	f88d 2014 	strb.w	r2, [sp, #20]
  for (uint8_t i = 0; i < msg.len && i < 8; i++) {
     734:	b1c5      	cbz	r5, 768 <printCandumpA(CAN_message_t const&, char const*)+0x4c>
     736:	f100 030c 	add.w	r3, r0, #12
     73a:	3d01      	subs	r5, #1
     73c:	f100 020b 	add.w	r2, r0, #11
     740:	fa53 f585 	uxtab	r5, r3, r5
     744:	f10d 000b 	add.w	r0, sp, #11
     748:	f104 0613 	add.w	r6, r4, #19
    uint8_t c = msg.buf[i];
     74c:	f812 3f01 	ldrb.w	r3, [r2, #1]!
    ascii[i] = (c >= 32 && c <= 126) ? (char)c : '.';
     750:	f1a3 0c20 	sub.w	ip, r3, #32
     754:	f1bc 0f5e 	cmp.w	ip, #94	; 0x5e
     758:	bf88      	it	hi
     75a:	232e      	movhi	r3, #46	; 0x2e
  for (uint8_t i = 0; i < msg.len && i < 8; i++) {
     75c:	42aa      	cmp	r2, r5
    ascii[i] = (c >= 32 && c <= 126) ? (char)c : '.';
     75e:	f800 3f01 	strb.w	r3, [r0, #1]!
  for (uint8_t i = 0; i < msg.len && i < 8; i++) {
     762:	d001      	beq.n	768 <printCandumpA(CAN_message_t const&, char const*)+0x4c>
     764:	42b2      	cmp	r2, r6
     766:	d1f1      	bne.n	74c <printCandumpA(CAN_message_t const&, char const*)+0x30>
	volatile uint32_t ret = systick_millis_count; // single aligned 32 bit is atomic
     768:	4b1f      	ldr	r3, [pc, #124]	; (7e8 <printCandumpA(CAN_message_t const&, char const*)+0xcc>)
     76a:	681b      	ldr	r3, [r3, #0]
     76c:	9302      	str	r3, [sp, #8]
	return ret;
     76e:	9d02      	ldr	r5, [sp, #8]
  uint32_t usec = micros() % 1000000UL;
     770:	f003 f848 	bl	3804 <micros>
     774:	491d      	ldr	r1, [pc, #116]	; (7ec <printCandumpA(CAN_message_t const&, char const*)+0xd0>)
  Serial.printf("(%lu.%06lu) %s ", sec, usec, ifname);
     776:	9700      	str	r7, [sp, #0]
  uint32_t usec = micros() % 1000000UL;
     778:	fba1 3100 	umull	r3, r1, r1, r0
  uint32_t sec = millis() / 1000;
     77c:	4b1c      	ldr	r3, [pc, #112]	; (7f0 <printCandumpA(CAN_message_t const&, char const*)+0xd4>)
     77e:	fba3 3205 	umull	r3, r2, r3, r5
  uint32_t usec = micros() % 1000000UL;
     782:	4b1c      	ldr	r3, [pc, #112]	; (7f4 <printCandumpA(CAN_message_t const&, char const*)+0xd8>)
     784:	0c89      	lsrs	r1, r1, #18
  Serial.printf("(%lu.%06lu) %s ", sec, usec, ifname);
     786:	fb03 0311 	mls	r3, r3, r1, r0
     78a:	0992      	lsrs	r2, r2, #6
     78c:	491a      	ldr	r1, [pc, #104]	; (7f8 <printCandumpA(CAN_message_t const&, char const*)+0xdc>)
     78e:	481b      	ldr	r0, [pc, #108]	; (7fc <printCandumpA(CAN_message_t const&, char const*)+0xe0>)
     790:	f002 fd9c 	bl	32cc <Print::printf(char const*, ...)>
  if (msg.flags.extended) {
     794:	79e3      	ldrb	r3, [r4, #7]
    Serial.printf("%08lX", msg.id);
     796:	6822      	ldr	r2, [r4, #0]
  if (msg.flags.extended) {
     798:	b303      	cbz	r3, 7dc <printCandumpA(CAN_message_t const&, char const*)+0xc0>
    Serial.printf("%08lX", msg.id);
     79a:	4919      	ldr	r1, [pc, #100]	; (800 <printCandumpA(CAN_message_t const&, char const*)+0xe4>)
     79c:	4817      	ldr	r0, [pc, #92]	; (7fc <printCandumpA(CAN_message_t const&, char const*)+0xe0>)
     79e:	f002 fd95 	bl	32cc <Print::printf(char const*, ...)>
  Serial.printf(" [%u]", msg.len);
     7a2:	7ae2      	ldrb	r2, [r4, #11]
     7a4:	4917      	ldr	r1, [pc, #92]	; (804 <printCandumpA(CAN_message_t const&, char const*)+0xe8>)
     7a6:	4815      	ldr	r0, [pc, #84]	; (7fc <printCandumpA(CAN_message_t const&, char const*)+0xe0>)
     7a8:	f002 fd90 	bl	32cc <Print::printf(char const*, ...)>
  for (uint8_t i = 0; i < msg.len; i++) {
     7ac:	7ae3      	ldrb	r3, [r4, #11]
     7ae:	b173      	cbz	r3, 7ce <printCandumpA(CAN_message_t const&, char const*)+0xb2>
     7b0:	2500      	movs	r5, #0
    Serial.printf(" %02X", msg.buf[i]);
     7b2:	4f15      	ldr	r7, [pc, #84]	; (808 <printCandumpA(CAN_message_t const&, char const*)+0xec>)
     7b4:	4e11      	ldr	r6, [pc, #68]	; (7fc <printCandumpA(CAN_message_t const&, char const*)+0xe0>)
     7b6:	462b      	mov	r3, r5
     7b8:	4423      	add	r3, r4
     7ba:	4639      	mov	r1, r7
     7bc:	7b1a      	ldrb	r2, [r3, #12]
     7be:	4630      	mov	r0, r6
     7c0:	f002 fd84 	bl	32cc <Print::printf(char const*, ...)>
  for (uint8_t i = 0; i < msg.len; i++) {
     7c4:	3501      	adds	r5, #1
     7c6:	7ae2      	ldrb	r2, [r4, #11]
     7c8:	b2eb      	uxtb	r3, r5
     7ca:	429a      	cmp	r2, r3
     7cc:	d8f4      	bhi.n	7b8 <printCandumpA(CAN_message_t const&, char const*)+0x9c>
  Serial.printf("  '%s'\n", ascii);
     7ce:	490f      	ldr	r1, [pc, #60]	; (80c <printCandumpA(CAN_message_t const&, char const*)+0xf0>)
     7d0:	480a      	ldr	r0, [pc, #40]	; (7fc <printCandumpA(CAN_message_t const&, char const*)+0xe0>)
     7d2:	aa03      	add	r2, sp, #12
     7d4:	f002 fd7a 	bl	32cc <Print::printf(char const*, ...)>
}
     7d8:	b007      	add	sp, #28
     7da:	bdf0      	pop	{r4, r5, r6, r7, pc}
    Serial.printf("%03lX", msg.id);
     7dc:	490c      	ldr	r1, [pc, #48]	; (810 <printCandumpA(CAN_message_t const&, char const*)+0xf4>)
     7de:	4807      	ldr	r0, [pc, #28]	; (7fc <printCandumpA(CAN_message_t const&, char const*)+0xe0>)
     7e0:	f002 fd74 	bl	32cc <Print::printf(char const*, ...)>
     7e4:	e7dd      	b.n	7a2 <printCandumpA(CAN_message_t const&, char const*)+0x86>
     7e6:	bf00      	nop
     7e8:	1fff612c 	.word	0x1fff612c
     7ec:	431bde83 	.word	0x431bde83
     7f0:	10624dd3 	.word	0x10624dd3
     7f4:	000f4240 	.word	0x000f4240
     7f8:	0000b760 	.word	0x0000b760
     7fc:	1fff0740 	.word	0x1fff0740
     800:	0000b770 	.word	0x0000b770
     804:	0000b780 	.word	0x0000b780
     808:	0000b788 	.word	0x0000b788
     80c:	0000b790 	.word	0x0000b790
     810:	0000b778 	.word	0x0000b778

00000814 <FlexCAN_T4<(CAN_DEV_TABLE)1073889280, (FLEXCAN_RXQUEUE_TABLE)256, (FLEXCAN_TXQUEUE_TABLE)16>::mailboxOffset() [clone .part.0]>:
  uint32_t remaining_mailboxes = FLEXCANb_MAXMB_SIZE(_bus) - 6 /* MAXMB - FIFO */ - ((((FLEXCANb_CTRL2(_bus) >> FLEXCAN_CTRL2_RFFN_BIT_NO) & 0xF) + 1) * 2);
     814:	4910      	ldr	r1, [pc, #64]	; (858 <FlexCAN_T4<(CAN_DEV_TABLE)1073889280, (FLEXCAN_RXQUEUE_TABLE)256, (FLEXCAN_TXQUEUE_TABLE)16>::mailboxOffset() [clone .part.0]+0x44>)
     816:	680b      	ldr	r3, [r1, #0]
     818:	6b48      	ldr	r0, [r1, #52]	; 0x34
  if ( FLEXCANb_MAXMB_SIZE(_bus) < (6 + ((((FLEXCANb_CTRL2(_bus) >> FLEXCAN_CTRL2_RFFN_BIT_NO) & 0xF) + 1) * 2))) remaining_mailboxes = 0;
     81a:	680a      	ldr	r2, [r1, #0]
     81c:	6b49      	ldr	r1, [r1, #52]	; 0x34
     81e:	f002 027f 	and.w	r2, r2, #127	; 0x7f
     822:	f3c1 6103 	ubfx	r1, r1, #24, #4
     826:	3201      	adds	r2, #1
     828:	3104      	adds	r1, #4
     82a:	ebb2 0f41 	cmp.w	r2, r1, lsl #1
     82e:	d310      	bcc.n	852 <FlexCAN_T4<(CAN_DEV_TABLE)1073889280, (FLEXCAN_RXQUEUE_TABLE)256, (FLEXCAN_TXQUEUE_TABLE)16>::mailboxOffset() [clone .part.0]+0x3e>
  uint32_t remaining_mailboxes = FLEXCANb_MAXMB_SIZE(_bus) - 6 /* MAXMB - FIFO */ - ((((FLEXCANb_CTRL2(_bus) >> FLEXCAN_CTRL2_RFFN_BIT_NO) & 0xF) + 1) * 2);
     830:	f003 037f 	and.w	r3, r3, #127	; 0x7f
     834:	f3c0 6003 	ubfx	r0, r0, #24, #4
     838:	3b05      	subs	r3, #5
     83a:	3001      	adds	r0, #1
     83c:	eba3 0340 	sub.w	r3, r3, r0, lsl #1
  return (FLEXCANb_MAXMB_SIZE(_bus) - remaining_mailboxes); /* otherwise return offset MB position after FIFO area */
     840:	b2db      	uxtb	r3, r3
     842:	4a05      	ldr	r2, [pc, #20]	; (858 <FlexCAN_T4<(CAN_DEV_TABLE)1073889280, (FLEXCAN_RXQUEUE_TABLE)256, (FLEXCAN_TXQUEUE_TABLE)16>::mailboxOffset() [clone .part.0]+0x44>)
     844:	6810      	ldr	r0, [r2, #0]
     846:	f000 007f 	and.w	r0, r0, #127	; 0x7f
     84a:	3001      	adds	r0, #1
     84c:	1ac0      	subs	r0, r0, r3
}
     84e:	b2c0      	uxtb	r0, r0
     850:	4770      	bx	lr
     852:	2300      	movs	r3, #0
     854:	e7f5      	b.n	842 <FlexCAN_T4<(CAN_DEV_TABLE)1073889280, (FLEXCAN_RXQUEUE_TABLE)256, (FLEXCAN_TXQUEUE_TABLE)16>::mailboxOffset() [clone .part.0]+0x2e>
     856:	bf00      	nop
     858:	40024000 	.word	0x40024000

0000085c <FlexCAN_T4<(CAN_DEV_TABLE)1074413568, (FLEXCAN_RXQUEUE_TABLE)256, (FLEXCAN_TXQUEUE_TABLE)16>::mailboxOffset() [clone .part.0]>:
  uint32_t remaining_mailboxes = FLEXCANb_MAXMB_SIZE(_bus) - 6 /* MAXMB - FIFO */ - ((((FLEXCANb_CTRL2(_bus) >> FLEXCAN_CTRL2_RFFN_BIT_NO) & 0xF) + 1) * 2);
     85c:	4910      	ldr	r1, [pc, #64]	; (8a0 <FlexCAN_T4<(CAN_DEV_TABLE)1074413568, (FLEXCAN_RXQUEUE_TABLE)256, (FLEXCAN_TXQUEUE_TABLE)16>::mailboxOffset() [clone .part.0]+0x44>)
     85e:	680b      	ldr	r3, [r1, #0]
     860:	6b48      	ldr	r0, [r1, #52]	; 0x34
  if ( FLEXCANb_MAXMB_SIZE(_bus) < (6 + ((((FLEXCANb_CTRL2(_bus) >> FLEXCAN_CTRL2_RFFN_BIT_NO) & 0xF) + 1) * 2))) remaining_mailboxes = 0;
     862:	680a      	ldr	r2, [r1, #0]
     864:	6b49      	ldr	r1, [r1, #52]	; 0x34
     866:	f002 027f 	and.w	r2, r2, #127	; 0x7f
     86a:	f3c1 6103 	ubfx	r1, r1, #24, #4
     86e:	3201      	adds	r2, #1
     870:	3104      	adds	r1, #4
     872:	ebb2 0f41 	cmp.w	r2, r1, lsl #1
     876:	d310      	bcc.n	89a <FlexCAN_T4<(CAN_DEV_TABLE)1074413568, (FLEXCAN_RXQUEUE_TABLE)256, (FLEXCAN_TXQUEUE_TABLE)16>::mailboxOffset() [clone .part.0]+0x3e>
  uint32_t remaining_mailboxes = FLEXCANb_MAXMB_SIZE(_bus) - 6 /* MAXMB - FIFO */ - ((((FLEXCANb_CTRL2(_bus) >> FLEXCAN_CTRL2_RFFN_BIT_NO) & 0xF) + 1) * 2);
     878:	f003 037f 	and.w	r3, r3, #127	; 0x7f
     87c:	f3c0 6003 	ubfx	r0, r0, #24, #4
     880:	3b05      	subs	r3, #5
     882:	3001      	adds	r0, #1
     884:	eba3 0340 	sub.w	r3, r3, r0, lsl #1
  return (FLEXCANb_MAXMB_SIZE(_bus) - remaining_mailboxes); /* otherwise return offset MB position after FIFO area */
     888:	b2db      	uxtb	r3, r3
     88a:	4a05      	ldr	r2, [pc, #20]	; (8a0 <FlexCAN_T4<(CAN_DEV_TABLE)1074413568, (FLEXCAN_RXQUEUE_TABLE)256, (FLEXCAN_TXQUEUE_TABLE)16>::mailboxOffset() [clone .part.0]+0x44>)
     88c:	6810      	ldr	r0, [r2, #0]
     88e:	f000 007f 	and.w	r0, r0, #127	; 0x7f
     892:	3001      	adds	r0, #1
     894:	1ac0      	subs	r0, r0, r3
}
     896:	b2c0      	uxtb	r0, r0
     898:	4770      	bx	lr
     89a:	2300      	movs	r3, #0
     89c:	e7f5      	b.n	88a <FlexCAN_T4<(CAN_DEV_TABLE)1074413568, (FLEXCAN_RXQUEUE_TABLE)256, (FLEXCAN_TXQUEUE_TABLE)16>::mailboxOffset() [clone .part.0]+0x2e>
     89e:	bf00      	nop
     8a0:	400a4000 	.word	0x400a4000

000008a4 <FlexCAN_T4<(CAN_DEV_TABLE)1074413568, (FLEXCAN_RXQUEUE_TABLE)256, (FLEXCAN_TXQUEUE_TABLE)16>::enableFIFO(bool) [clone .isra.0]>:
  bool frz_flag_negate = !(FLEXCANb_MCR(_bus) & FLEXCAN_MCR_FRZ_ACK);
     8a4:	4a62      	ldr	r2, [pc, #392]	; (a30 <FlexCAN_T4<(CAN_DEV_TABLE)1074413568, (FLEXCAN_RXQUEUE_TABLE)256, (FLEXCAN_TXQUEUE_TABLE)16>::enableFIFO(bool) [clone .isra.0]+0x18c>)
FCTP_FUNC void FCTP_OPT::enableFIFO(bool status) {
     8a6:	e92d 41f0 	stmdb	sp!, {r4, r5, r6, r7, r8, lr}
  bool frz_flag_negate = !(FLEXCANb_MCR(_bus) & FLEXCAN_MCR_FRZ_ACK);
     8aa:	6814      	ldr	r4, [r2, #0]
  FLEXCANb_MCR(_bus) |= FLEXCAN_MCR_FRZ | FLEXCAN_MCR_HALT;
     8ac:	6813      	ldr	r3, [r2, #0]
     8ae:	f043 43a0 	orr.w	r3, r3, #1342177280	; 0x50000000
  bool frz_flag_negate = !(FLEXCANb_MCR(_bus) & FLEXCAN_MCR_FRZ_ACK);
     8b2:	f004 7480 	and.w	r4, r4, #16777216	; 0x1000000
  FLEXCANb_MCR(_bus) |= FLEXCAN_MCR_FRZ | FLEXCAN_MCR_HALT;
     8b6:	6013      	str	r3, [r2, #0]
  while (!(FLEXCANb_MCR(_bus) & FLEXCAN_MCR_FRZ_ACK));
     8b8:	6813      	ldr	r3, [r2, #0]
     8ba:	01dd      	lsls	r5, r3, #7
     8bc:	d5fc      	bpl.n	8b8 <FlexCAN_T4<(CAN_DEV_TABLE)1074413568, (FLEXCAN_RXQUEUE_TABLE)256, (FLEXCAN_TXQUEUE_TABLE)16>::enableFIFO(bool) [clone .isra.0]+0x14>
  FLEXCANb_MCR(_bus) &= ~FLEXCAN_MCR_FEN; // Disable FIFO if already enabled for cleanup.
     8be:	6811      	ldr	r1, [r2, #0]
    volatile uint32_t *mbxAddr = &(*(volatile uint32_t*)(_bus + 0x80 + (i * 0x10)));
     8c0:	f8df c174 	ldr.w	ip, [pc, #372]	; a38 <FlexCAN_T4<(CAN_DEV_TABLE)1074413568, (FLEXCAN_RXQUEUE_TABLE)256, (FLEXCAN_TXQUEUE_TABLE)16>::enableFIFO(bool) [clone .isra.0]+0x194>
    FLEXCANb_RXIMR(_bus, i) = 0UL; // CLEAR MAILBOX MASKS (RXIMR)
     8c4:	4f5b      	ldr	r7, [pc, #364]	; (a34 <FlexCAN_T4<(CAN_DEV_TABLE)1074413568, (FLEXCAN_RXQUEUE_TABLE)256, (FLEXCAN_TXQUEUE_TABLE)16>::enableFIFO(bool) [clone .isra.0]+0x190>)
  for (uint8_t i = 0; i < FLEXCANb_MAXMB_SIZE(_bus); i++ ) { // clear all mailboxes
     8c6:	4e5a      	ldr	r6, [pc, #360]	; (a30 <FlexCAN_T4<(CAN_DEV_TABLE)1074413568, (FLEXCAN_RXQUEUE_TABLE)256, (FLEXCAN_TXQUEUE_TABLE)16>::enableFIFO(bool) [clone .isra.0]+0x18c>)
  FLEXCANb_IMASK1(_bus) = value;
     8c8:	2300      	movs	r3, #0
  FLEXCANb_MCR(_bus) &= ~FLEXCAN_MCR_FEN; // Disable FIFO if already enabled for cleanup.
     8ca:	f021 5100 	bic.w	r1, r1, #536870912	; 0x20000000
     8ce:	6011      	str	r1, [r2, #0]
  FLEXCANb_IMASK1(_bus) = value;
     8d0:	6293      	str	r3, [r2, #40]	; 0x28
  for (uint8_t i = 0; i < FLEXCANb_MAXMB_SIZE(_bus); i++ ) { // clear all mailboxes
     8d2:	6812      	ldr	r2, [r2, #0]
    mbxAddr[0] = mbxAddr[1] = mbxAddr[2] = mbxAddr[3] = 0; // code, id, word0, word1
     8d4:	4619      	mov	r1, r3
    volatile uint32_t *mbxAddr = &(*(volatile uint32_t*)(_bus + 0x80 + (i * 0x10)));
     8d6:	eb03 020c 	add.w	r2, r3, ip
    FLEXCANb_RXIMR(_bus, i) = 0UL; // CLEAR MAILBOX MASKS (RXIMR)
     8da:	19dd      	adds	r5, r3, r7
    volatile uint32_t *mbxAddr = &(*(volatile uint32_t*)(_bus + 0x80 + (i * 0x10)));
     8dc:	0112      	lsls	r2, r2, #4
    FLEXCANb_RXIMR(_bus, i) = 0UL; // CLEAR MAILBOX MASKS (RXIMR)
     8de:	00ad      	lsls	r5, r5, #2
    mbxAddr[0] = mbxAddr[1] = mbxAddr[2] = mbxAddr[3] = 0; // code, id, word0, word1
     8e0:	60d1      	str	r1, [r2, #12]
     8e2:	6091      	str	r1, [r2, #8]
     8e4:	6051      	str	r1, [r2, #4]
     8e6:	6011      	str	r1, [r2, #0]
    FLEXCANb_RXIMR(_bus, i) = 0UL; // CLEAR MAILBOX MASKS (RXIMR)
     8e8:	6029      	str	r1, [r5, #0]
  for (uint8_t i = 0; i < FLEXCANb_MAXMB_SIZE(_bus); i++ ) { // clear all mailboxes
     8ea:	6832      	ldr	r2, [r6, #0]
     8ec:	3301      	adds	r3, #1
     8ee:	f002 027f 	and.w	r2, r2, #127	; 0x7f
     8f2:	b2db      	uxtb	r3, r3
     8f4:	3201      	adds	r2, #1
     8f6:	4293      	cmp	r3, r2
     8f8:	d3ed      	bcc.n	8d6 <FlexCAN_T4<(CAN_DEV_TABLE)1074413568, (FLEXCAN_RXQUEUE_TABLE)256, (FLEXCAN_TXQUEUE_TABLE)16>::enableFIFO(bool) [clone .isra.0]+0x32>
  FLEXCANb_RXMGMASK(_bus) = FLEXCANb_RXFGMASK(_bus) = 0;
     8fa:	64b1      	str	r1, [r6, #72]	; 0x48
     8fc:	6131      	str	r1, [r6, #16]
  return FLEXCANb_IFLAG1(_bus);
     8fe:	6b33      	ldr	r3, [r6, #48]	; 0x30
  FLEXCANb_IFLAG1(_bus) = value;
     900:	6333      	str	r3, [r6, #48]	; 0x30
    FLEXCANb_MCR(_bus) |= FLEXCAN_MCR_FEN;
     902:	6833      	ldr	r3, [r6, #0]
  if ( status ) {
     904:	2800      	cmp	r0, #0
     906:	d14b      	bne.n	9a0 <FlexCAN_T4<(CAN_DEV_TABLE)1074413568, (FLEXCAN_RXQUEUE_TABLE)256, (FLEXCAN_TXQUEUE_TABLE)16>::enableFIFO(bool) [clone .isra.0]+0xfc>
      volatile uint32_t *mbxAddr = &(*(volatile uint32_t*)(_bus + 0x80 + (i * 0x10)));
     908:	f8df 812c 	ldr.w	r8, [pc, #300]	; a38 <FlexCAN_T4<(CAN_DEV_TABLE)1074413568, (FLEXCAN_RXQUEUE_TABLE)256, (FLEXCAN_TXQUEUE_TABLE)16>::enableFIFO(bool) [clone .isra.0]+0x194>
      if ( i < (FLEXCANb_MAXMB_SIZE(_bus) / 2) ) {
     90c:	4e48      	ldr	r6, [pc, #288]	; (a30 <FlexCAN_T4<(CAN_DEV_TABLE)1074413568, (FLEXCAN_RXQUEUE_TABLE)256, (FLEXCAN_TXQUEUE_TABLE)16>::enableFIFO(bool) [clone .isra.0]+0x18c>)
        FLEXCANb_RXIMR(_bus, i) = 0UL | ((FLEXCANb_CTRL2(_bus) & FLEXCAN_CTRL2_EACEN) ? (1UL << 30) : 0); // (RXIMR)
     90e:	4f49      	ldr	r7, [pc, #292]	; (a34 <FlexCAN_T4<(CAN_DEV_TABLE)1074413568, (FLEXCAN_RXQUEUE_TABLE)256, (FLEXCAN_TXQUEUE_TABLE)16>::enableFIFO(bool) [clone .isra.0]+0x190>)
    for (uint8_t i = 0; i < FLEXCANb_MAXMB_SIZE(_bus); i++ ) { // clear all mailboxes
     910:	4605      	mov	r5, r0
     912:	e019      	b.n	948 <FlexCAN_T4<(CAN_DEV_TABLE)1074413568, (FLEXCAN_RXQUEUE_TABLE)256, (FLEXCAN_TXQUEUE_TABLE)16>::enableFIFO(bool) [clone .isra.0]+0xa4>
        mbxAddr[0] = FLEXCAN_MB_CS_CODE(FLEXCAN_MB_CODE_RX_EMPTY) | ((i < (FLEXCANb_MAXMB_SIZE(_bus) / 4)) ? 0 : FLEXCAN_MB_CS_IDE | FLEXCAN_MB_CS_SRR);
     914:	6833      	ldr	r3, [r6, #0]
     916:	f003 037f 	and.w	r3, r3, #127	; 0x7f
     91a:	3301      	adds	r3, #1
     91c:	ebb0 0f93 	cmp.w	r0, r3, lsr #2
     920:	bf34      	ite	cc
     922:	f04f 6380 	movcc.w	r3, #67108864	; 0x4000000
     926:	f04f 638c 	movcs.w	r3, #73400320	; 0x4600000
     92a:	6013      	str	r3, [r2, #0]
        FLEXCANb_RXIMR(_bus, i) = 0UL | ((FLEXCANb_CTRL2(_bus) & FLEXCAN_CTRL2_EACEN) ? (1UL << 30) : 0); // (RXIMR)
     92c:	6b73      	ldr	r3, [r6, #52]	; 0x34
     92e:	f3c3 4300 	ubfx	r3, r3, #16, #1
     932:	079b      	lsls	r3, r3, #30
     934:	600b      	str	r3, [r1, #0]
    for (uint8_t i = 0; i < FLEXCANb_MAXMB_SIZE(_bus); i++ ) { // clear all mailboxes
     936:	6833      	ldr	r3, [r6, #0]
     938:	3501      	adds	r5, #1
     93a:	f003 037f 	and.w	r3, r3, #127	; 0x7f
     93e:	b2ed      	uxtb	r5, r5
     940:	3301      	adds	r3, #1
     942:	429d      	cmp	r5, r3
     944:	4628      	mov	r0, r5
     946:	d220      	bcs.n	98a <FlexCAN_T4<(CAN_DEV_TABLE)1074413568, (FLEXCAN_RXQUEUE_TABLE)256, (FLEXCAN_TXQUEUE_TABLE)16>::enableFIFO(bool) [clone .isra.0]+0xe6>
      if ( i < (FLEXCANb_MAXMB_SIZE(_bus) / 2) ) {
     948:	6833      	ldr	r3, [r6, #0]
     94a:	f003 037f 	and.w	r3, r3, #127	; 0x7f
     94e:	3301      	adds	r3, #1
        FLEXCANb_RXIMR(_bus, i) = 0UL | ((FLEXCANb_CTRL2(_bus) & FLEXCAN_CTRL2_EACEN) ? (1UL << 30) : 0); // (RXIMR)
     950:	19e9      	adds	r1, r5, r7
      volatile uint32_t *mbxAddr = &(*(volatile uint32_t*)(_bus + 0x80 + (i * 0x10)));
     952:	eb05 0208 	add.w	r2, r5, r8
      if ( i < (FLEXCANb_MAXMB_SIZE(_bus) / 2) ) {
     956:	ebb0 0f53 	cmp.w	r0, r3, lsr #1
        FLEXCANb_RXIMR(_bus, i) = 0UL | ((FLEXCANb_CTRL2(_bus) & FLEXCAN_CTRL2_EACEN) ? (1UL << 30) : 0); // (RXIMR)
     95a:	ea4f 0181 	mov.w	r1, r1, lsl #2
      volatile uint32_t *mbxAddr = &(*(volatile uint32_t*)(_bus + 0x80 + (i * 0x10)));
     95e:	ea4f 1202 	mov.w	r2, r2, lsl #4
      if ( i < (FLEXCANb_MAXMB_SIZE(_bus) / 2) ) {
     962:	d3d7      	bcc.n	914 <FlexCAN_T4<(CAN_DEV_TABLE)1074413568, (FLEXCAN_RXQUEUE_TABLE)256, (FLEXCAN_TXQUEUE_TABLE)16>::enableFIFO(bool) [clone .isra.0]+0x70>
        mbxAddr[0] = FLEXCAN_MB_CS_CODE(FLEXCAN_MB_CODE_TX_INACTIVE);
     964:	f04f 6300 	mov.w	r3, #134217728	; 0x8000000
     968:	6013      	str	r3, [r2, #0]
  if ( !(FLEXCANb_MCR(_bus) & FLEXCAN_MCR_FEN ) ) return 0; /* return offset 0 since FIFO is disabled */
     96a:	6833      	ldr	r3, [r6, #0]
     96c:	009a      	lsls	r2, r3, #2
     96e:	d503      	bpl.n	978 <FlexCAN_T4<(CAN_DEV_TABLE)1074413568, (FLEXCAN_RXQUEUE_TABLE)256, (FLEXCAN_TXQUEUE_TABLE)16>::enableFIFO(bool) [clone .isra.0]+0xd4>
     970:	f7ff ff74 	bl	85c <FlexCAN_T4<(CAN_DEV_TABLE)1074413568, (FLEXCAN_RXQUEUE_TABLE)256, (FLEXCAN_TXQUEUE_TABLE)16>::mailboxOffset() [clone .part.0]>
  if ( mb_num < mailboxOffset() ) return; /* mailbox not available */
     974:	42a8      	cmp	r0, r5
     976:	d8de      	bhi.n	936 <FlexCAN_T4<(CAN_DEV_TABLE)1074413568, (FLEXCAN_RXQUEUE_TABLE)256, (FLEXCAN_TXQUEUE_TABLE)16>::enableFIFO(bool) [clone .isra.0]+0x92>
  if ( mb_num < 32 ) (( set ) ? FLEXCANb_IMASK1(_bus) |= (1UL << mb_num) : FLEXCANb_IMASK1(_bus) &= ~(1UL << mb_num));
     978:	2301      	movs	r3, #1
     97a:	2d1f      	cmp	r5, #31
     97c:	fa03 f305 	lsl.w	r3, r3, r5
     980:	d84c      	bhi.n	a1c <FlexCAN_T4<(CAN_DEV_TABLE)1074413568, (FLEXCAN_RXQUEUE_TABLE)256, (FLEXCAN_TXQUEUE_TABLE)16>::enableFIFO(bool) [clone .isra.0]+0x178>
     982:	6ab2      	ldr	r2, [r6, #40]	; 0x28
     984:	4313      	orrs	r3, r2
     986:	62b3      	str	r3, [r6, #40]	; 0x28
     988:	e7d5      	b.n	936 <FlexCAN_T4<(CAN_DEV_TABLE)1074413568, (FLEXCAN_RXQUEUE_TABLE)256, (FLEXCAN_TXQUEUE_TABLE)16>::enableFIFO(bool) [clone .isra.0]+0x92>
  if ( frz_flag_negate ) FLEXCAN_ExitFreezeMode();
     98a:	b93c      	cbnz	r4, 99c <FlexCAN_T4<(CAN_DEV_TABLE)1074413568, (FLEXCAN_RXQUEUE_TABLE)256, (FLEXCAN_TXQUEUE_TABLE)16>::enableFIFO(bool) [clone .isra.0]+0xf8>
  FLEXCANb_MCR(_bus) &= ~FLEXCAN_MCR_HALT;
     98c:	4a28      	ldr	r2, [pc, #160]	; (a30 <FlexCAN_T4<(CAN_DEV_TABLE)1074413568, (FLEXCAN_RXQUEUE_TABLE)256, (FLEXCAN_TXQUEUE_TABLE)16>::enableFIFO(bool) [clone .isra.0]+0x18c>)
     98e:	6813      	ldr	r3, [r2, #0]
     990:	f023 5380 	bic.w	r3, r3, #268435456	; 0x10000000
     994:	6013      	str	r3, [r2, #0]
  while (FLEXCANb_MCR(_bus) & FLEXCAN_MCR_FRZ_ACK);
     996:	6813      	ldr	r3, [r2, #0]
     998:	01db      	lsls	r3, r3, #7
     99a:	d4fc      	bmi.n	996 <FlexCAN_T4<(CAN_DEV_TABLE)1074413568, (FLEXCAN_RXQUEUE_TABLE)256, (FLEXCAN_TXQUEUE_TABLE)16>::enableFIFO(bool) [clone .isra.0]+0xf2>
}
     99c:	e8bd 81f0 	ldmia.w	sp!, {r4, r5, r6, r7, r8, pc}
    FLEXCANb_MCR(_bus) |= FLEXCAN_MCR_FEN;
     9a0:	f043 5300 	orr.w	r3, r3, #536870912	; 0x20000000
     9a4:	6033      	str	r3, [r6, #0]
  if ( !(FLEXCANb_MCR(_bus) & FLEXCAN_MCR_FEN ) ) return 0; /* return offset 0 since FIFO is disabled */
     9a6:	6835      	ldr	r5, [r6, #0]
     9a8:	f015 5500 	ands.w	r5, r5, #536870912	; 0x20000000
     9ac:	d03e      	beq.n	a2c <FlexCAN_T4<(CAN_DEV_TABLE)1074413568, (FLEXCAN_RXQUEUE_TABLE)256, (FLEXCAN_TXQUEUE_TABLE)16>::enableFIFO(bool) [clone .isra.0]+0x188>
     9ae:	f7ff ff55 	bl	85c <FlexCAN_T4<(CAN_DEV_TABLE)1074413568, (FLEXCAN_RXQUEUE_TABLE)256, (FLEXCAN_TXQUEUE_TABLE)16>::mailboxOffset() [clone .part.0]>
    for (uint8_t i = mailboxOffset(); i < FLEXCANb_MAXMB_SIZE(_bus); i++) {
     9b2:	6833      	ldr	r3, [r6, #0]
     9b4:	f003 037f 	and.w	r3, r3, #127	; 0x7f
     9b8:	3301      	adds	r3, #1
     9ba:	4283      	cmp	r3, r0
     9bc:	4605      	mov	r5, r0
     9be:	d9e4      	bls.n	98a <FlexCAN_T4<(CAN_DEV_TABLE)1074413568, (FLEXCAN_RXQUEUE_TABLE)256, (FLEXCAN_TXQUEUE_TABLE)16>::enableFIFO(bool) [clone .isra.0]+0xe6>
      FLEXCANb_MBn_CS(_bus,i) = FLEXCAN_MB_CS_CODE(FLEXCAN_MB_CODE_TX_INACTIVE);
     9c0:	4f1d      	ldr	r7, [pc, #116]	; (a38 <FlexCAN_T4<(CAN_DEV_TABLE)1074413568, (FLEXCAN_RXQUEUE_TABLE)256, (FLEXCAN_TXQUEUE_TABLE)16>::enableFIFO(bool) [clone .isra.0]+0x194>)
  if ( !(FLEXCANb_MCR(_bus) & FLEXCAN_MCR_FEN ) ) return 0; /* return offset 0 since FIFO is disabled */
     9c2:	f8df 806c 	ldr.w	r8, [pc, #108]	; a30 <FlexCAN_T4<(CAN_DEV_TABLE)1074413568, (FLEXCAN_RXQUEUE_TABLE)256, (FLEXCAN_TXQUEUE_TABLE)16>::enableFIFO(bool) [clone .isra.0]+0x18c>
      FLEXCANb_MBn_CS(_bus,i) = FLEXCAN_MB_CS_CODE(FLEXCAN_MB_CODE_TX_INACTIVE);
     9c6:	f04f 6600 	mov.w	r6, #134217728	; 0x8000000
     9ca:	e00d      	b.n	9e8 <FlexCAN_T4<(CAN_DEV_TABLE)1074413568, (FLEXCAN_RXQUEUE_TABLE)256, (FLEXCAN_TXQUEUE_TABLE)16>::enableFIFO(bool) [clone .isra.0]+0x144>
  if ( mb_num < 32 ) (( set ) ? FLEXCANb_IMASK1(_bus) |= (1UL << mb_num) : FLEXCANb_IMASK1(_bus) &= ~(1UL << mb_num));
     9cc:	f8d8 2028 	ldr.w	r2, [r8, #40]	; 0x28
     9d0:	4313      	orrs	r3, r2
     9d2:	f8c8 3028 	str.w	r3, [r8, #40]	; 0x28
    for (uint8_t i = mailboxOffset(); i < FLEXCANb_MAXMB_SIZE(_bus); i++) {
     9d6:	f8d8 3000 	ldr.w	r3, [r8]
     9da:	3501      	adds	r5, #1
     9dc:	f003 037f 	and.w	r3, r3, #127	; 0x7f
     9e0:	b2ed      	uxtb	r5, r5
     9e2:	3301      	adds	r3, #1
     9e4:	429d      	cmp	r5, r3
     9e6:	d2d0      	bcs.n	98a <FlexCAN_T4<(CAN_DEV_TABLE)1074413568, (FLEXCAN_RXQUEUE_TABLE)256, (FLEXCAN_TXQUEUE_TABLE)16>::enableFIFO(bool) [clone .isra.0]+0xe6>
      FLEXCANb_MBn_CS(_bus,i) = FLEXCAN_MB_CS_CODE(FLEXCAN_MB_CODE_TX_INACTIVE);
     9e8:	19eb      	adds	r3, r5, r7
     9ea:	011b      	lsls	r3, r3, #4
     9ec:	601e      	str	r6, [r3, #0]
  if ( !(FLEXCANb_MCR(_bus) & FLEXCAN_MCR_FEN ) ) return 0; /* return offset 0 since FIFO is disabled */
     9ee:	f8d8 3000 	ldr.w	r3, [r8]
     9f2:	0099      	lsls	r1, r3, #2
     9f4:	d503      	bpl.n	9fe <FlexCAN_T4<(CAN_DEV_TABLE)1074413568, (FLEXCAN_RXQUEUE_TABLE)256, (FLEXCAN_TXQUEUE_TABLE)16>::enableFIFO(bool) [clone .isra.0]+0x15a>
     9f6:	f7ff ff31 	bl	85c <FlexCAN_T4<(CAN_DEV_TABLE)1074413568, (FLEXCAN_RXQUEUE_TABLE)256, (FLEXCAN_TXQUEUE_TABLE)16>::mailboxOffset() [clone .part.0]>
  if ( mb_num < mailboxOffset() ) return; /* mailbox not available */
     9fa:	4285      	cmp	r5, r0
     9fc:	d3eb      	bcc.n	9d6 <FlexCAN_T4<(CAN_DEV_TABLE)1074413568, (FLEXCAN_RXQUEUE_TABLE)256, (FLEXCAN_TXQUEUE_TABLE)16>::enableFIFO(bool) [clone .isra.0]+0x132>
  if ( mb_num < 32 ) (( set ) ? FLEXCANb_IMASK1(_bus) |= (1UL << mb_num) : FLEXCANb_IMASK1(_bus) &= ~(1UL << mb_num));
     9fe:	2301      	movs	r3, #1
     a00:	2d1f      	cmp	r5, #31
     a02:	fa03 f305 	lsl.w	r3, r3, r5
     a06:	d9e1      	bls.n	9cc <FlexCAN_T4<(CAN_DEV_TABLE)1074413568, (FLEXCAN_RXQUEUE_TABLE)256, (FLEXCAN_TXQUEUE_TABLE)16>::enableFIFO(bool) [clone .isra.0]+0x128>
  else (( set ) ? FLEXCANb_IMASK2(_bus) |= (1UL << (mb_num - 32)) : FLEXCANb_IMASK2(_bus) &= ~(1UL << (mb_num - 32)));
     a08:	f8d8 2024 	ldr.w	r2, [r8, #36]	; 0x24
     a0c:	2301      	movs	r3, #1
     a0e:	f1a5 0120 	sub.w	r1, r5, #32
     a12:	408b      	lsls	r3, r1
     a14:	4313      	orrs	r3, r2
     a16:	f8c8 3024 	str.w	r3, [r8, #36]	; 0x24
     a1a:	e7dc      	b.n	9d6 <FlexCAN_T4<(CAN_DEV_TABLE)1074413568, (FLEXCAN_RXQUEUE_TABLE)256, (FLEXCAN_TXQUEUE_TABLE)16>::enableFIFO(bool) [clone .isra.0]+0x132>
     a1c:	6a72      	ldr	r2, [r6, #36]	; 0x24
     a1e:	f1a5 0120 	sub.w	r1, r5, #32
     a22:	2301      	movs	r3, #1
     a24:	408b      	lsls	r3, r1
     a26:	4313      	orrs	r3, r2
     a28:	6273      	str	r3, [r6, #36]	; 0x24
     a2a:	e784      	b.n	936 <FlexCAN_T4<(CAN_DEV_TABLE)1074413568, (FLEXCAN_RXQUEUE_TABLE)256, (FLEXCAN_TXQUEUE_TABLE)16>::enableFIFO(bool) [clone .isra.0]+0x92>
    for (uint8_t i = mailboxOffset(); i < FLEXCANb_MAXMB_SIZE(_bus); i++) {
     a2c:	6833      	ldr	r3, [r6, #0]
     a2e:	e7c7      	b.n	9c0 <FlexCAN_T4<(CAN_DEV_TABLE)1074413568, (FLEXCAN_RXQUEUE_TABLE)256, (FLEXCAN_TXQUEUE_TABLE)16>::enableFIFO(bool) [clone .isra.0]+0x11c>
     a30:	400a4000 	.word	0x400a4000
     a34:	10029220 	.word	0x10029220
     a38:	0400a408 	.word	0x0400a408

00000a3c <FlexCAN_T4<(CAN_DEV_TABLE)1073889280, (FLEXCAN_RXQUEUE_TABLE)256, (FLEXCAN_TXQUEUE_TABLE)16>::enableFIFO(bool) [clone .isra.0]>:
  bool frz_flag_negate = !(FLEXCANb_MCR(_bus) & FLEXCAN_MCR_FRZ_ACK);
     a3c:	4a62      	ldr	r2, [pc, #392]	; (bc8 <FlexCAN_T4<(CAN_DEV_TABLE)1073889280, (FLEXCAN_RXQUEUE_TABLE)256, (FLEXCAN_TXQUEUE_TABLE)16>::enableFIFO(bool) [clone .isra.0]+0x18c>)
FCTP_FUNC void FCTP_OPT::enableFIFO(bool status) {
     a3e:	e92d 41f0 	stmdb	sp!, {r4, r5, r6, r7, r8, lr}
  bool frz_flag_negate = !(FLEXCANb_MCR(_bus) & FLEXCAN_MCR_FRZ_ACK);
     a42:	6814      	ldr	r4, [r2, #0]
  FLEXCANb_MCR(_bus) |= FLEXCAN_MCR_FRZ | FLEXCAN_MCR_HALT;
     a44:	6813      	ldr	r3, [r2, #0]
     a46:	f043 43a0 	orr.w	r3, r3, #1342177280	; 0x50000000
  bool frz_flag_negate = !(FLEXCANb_MCR(_bus) & FLEXCAN_MCR_FRZ_ACK);
     a4a:	f004 7480 	and.w	r4, r4, #16777216	; 0x1000000
  FLEXCANb_MCR(_bus) |= FLEXCAN_MCR_FRZ | FLEXCAN_MCR_HALT;
     a4e:	6013      	str	r3, [r2, #0]
  while (!(FLEXCANb_MCR(_bus) & FLEXCAN_MCR_FRZ_ACK));
     a50:	6813      	ldr	r3, [r2, #0]
     a52:	01dd      	lsls	r5, r3, #7
     a54:	d5fc      	bpl.n	a50 <FlexCAN_T4<(CAN_DEV_TABLE)1073889280, (FLEXCAN_RXQUEUE_TABLE)256, (FLEXCAN_TXQUEUE_TABLE)16>::enableFIFO(bool) [clone .isra.0]+0x14>
  FLEXCANb_MCR(_bus) &= ~FLEXCAN_MCR_FEN; // Disable FIFO if already enabled for cleanup.
     a56:	6811      	ldr	r1, [r2, #0]
    volatile uint32_t *mbxAddr = &(*(volatile uint32_t*)(_bus + 0x80 + (i * 0x10)));
     a58:	f8df c174 	ldr.w	ip, [pc, #372]	; bd0 <FlexCAN_T4<(CAN_DEV_TABLE)1073889280, (FLEXCAN_RXQUEUE_TABLE)256, (FLEXCAN_TXQUEUE_TABLE)16>::enableFIFO(bool) [clone .isra.0]+0x194>
    FLEXCANb_RXIMR(_bus, i) = 0UL; // CLEAR MAILBOX MASKS (RXIMR)
     a5c:	4f5b      	ldr	r7, [pc, #364]	; (bcc <FlexCAN_T4<(CAN_DEV_TABLE)1073889280, (FLEXCAN_RXQUEUE_TABLE)256, (FLEXCAN_TXQUEUE_TABLE)16>::enableFIFO(bool) [clone .isra.0]+0x190>)
  for (uint8_t i = 0; i < FLEXCANb_MAXMB_SIZE(_bus); i++ ) { // clear all mailboxes
     a5e:	4e5a      	ldr	r6, [pc, #360]	; (bc8 <FlexCAN_T4<(CAN_DEV_TABLE)1073889280, (FLEXCAN_RXQUEUE_TABLE)256, (FLEXCAN_TXQUEUE_TABLE)16>::enableFIFO(bool) [clone .isra.0]+0x18c>)
  FLEXCANb_IMASK1(_bus) = value;
     a60:	2300      	movs	r3, #0
  FLEXCANb_MCR(_bus) &= ~FLEXCAN_MCR_FEN; // Disable FIFO if already enabled for cleanup.
     a62:	f021 5100 	bic.w	r1, r1, #536870912	; 0x20000000
     a66:	6011      	str	r1, [r2, #0]
  FLEXCANb_IMASK1(_bus) = value;
     a68:	6293      	str	r3, [r2, #40]	; 0x28
  for (uint8_t i = 0; i < FLEXCANb_MAXMB_SIZE(_bus); i++ ) { // clear all mailboxes
     a6a:	6812      	ldr	r2, [r2, #0]
    mbxAddr[0] = mbxAddr[1] = mbxAddr[2] = mbxAddr[3] = 0; // code, id, word0, word1
     a6c:	4619      	mov	r1, r3
    volatile uint32_t *mbxAddr = &(*(volatile uint32_t*)(_bus + 0x80 + (i * 0x10)));
     a6e:	eb03 020c 	add.w	r2, r3, ip
    FLEXCANb_RXIMR(_bus, i) = 0UL; // CLEAR MAILBOX MASKS (RXIMR)
     a72:	19dd      	adds	r5, r3, r7
    volatile uint32_t *mbxAddr = &(*(volatile uint32_t*)(_bus + 0x80 + (i * 0x10)));
     a74:	0112      	lsls	r2, r2, #4
    FLEXCANb_RXIMR(_bus, i) = 0UL; // CLEAR MAILBOX MASKS (RXIMR)
     a76:	00ad      	lsls	r5, r5, #2
    mbxAddr[0] = mbxAddr[1] = mbxAddr[2] = mbxAddr[3] = 0; // code, id, word0, word1
     a78:	60d1      	str	r1, [r2, #12]
     a7a:	6091      	str	r1, [r2, #8]
     a7c:	6051      	str	r1, [r2, #4]
     a7e:	6011      	str	r1, [r2, #0]
    FLEXCANb_RXIMR(_bus, i) = 0UL; // CLEAR MAILBOX MASKS (RXIMR)
     a80:	6029      	str	r1, [r5, #0]
  for (uint8_t i = 0; i < FLEXCANb_MAXMB_SIZE(_bus); i++ ) { // clear all mailboxes
     a82:	6832      	ldr	r2, [r6, #0]
     a84:	3301      	adds	r3, #1
     a86:	f002 027f 	and.w	r2, r2, #127	; 0x7f
     a8a:	b2db      	uxtb	r3, r3
     a8c:	3201      	adds	r2, #1
     a8e:	4293      	cmp	r3, r2
     a90:	d3ed      	bcc.n	a6e <FlexCAN_T4<(CAN_DEV_TABLE)1073889280, (FLEXCAN_RXQUEUE_TABLE)256, (FLEXCAN_TXQUEUE_TABLE)16>::enableFIFO(bool) [clone .isra.0]+0x32>
  FLEXCANb_RXMGMASK(_bus) = FLEXCANb_RXFGMASK(_bus) = 0;
     a92:	64b1      	str	r1, [r6, #72]	; 0x48
     a94:	6131      	str	r1, [r6, #16]
  return FLEXCANb_IFLAG1(_bus);
     a96:	6b33      	ldr	r3, [r6, #48]	; 0x30
  FLEXCANb_IFLAG1(_bus) = value;
     a98:	6333      	str	r3, [r6, #48]	; 0x30
    FLEXCANb_MCR(_bus) |= FLEXCAN_MCR_FEN;
     a9a:	6833      	ldr	r3, [r6, #0]
  if ( status ) {
     a9c:	2800      	cmp	r0, #0
     a9e:	d14b      	bne.n	b38 <FlexCAN_T4<(CAN_DEV_TABLE)1073889280, (FLEXCAN_RXQUEUE_TABLE)256, (FLEXCAN_TXQUEUE_TABLE)16>::enableFIFO(bool) [clone .isra.0]+0xfc>
      volatile uint32_t *mbxAddr = &(*(volatile uint32_t*)(_bus + 0x80 + (i * 0x10)));
     aa0:	f8df 812c 	ldr.w	r8, [pc, #300]	; bd0 <FlexCAN_T4<(CAN_DEV_TABLE)1073889280, (FLEXCAN_RXQUEUE_TABLE)256, (FLEXCAN_TXQUEUE_TABLE)16>::enableFIFO(bool) [clone .isra.0]+0x194>
      if ( i < (FLEXCANb_MAXMB_SIZE(_bus) / 2) ) {
     aa4:	4e48      	ldr	r6, [pc, #288]	; (bc8 <FlexCAN_T4<(CAN_DEV_TABLE)1073889280, (FLEXCAN_RXQUEUE_TABLE)256, (FLEXCAN_TXQUEUE_TABLE)16>::enableFIFO(bool) [clone .isra.0]+0x18c>)
        FLEXCANb_RXIMR(_bus, i) = 0UL | ((FLEXCANb_CTRL2(_bus) & FLEXCAN_CTRL2_EACEN) ? (1UL << 30) : 0); // (RXIMR)
     aa6:	4f49      	ldr	r7, [pc, #292]	; (bcc <FlexCAN_T4<(CAN_DEV_TABLE)1073889280, (FLEXCAN_RXQUEUE_TABLE)256, (FLEXCAN_TXQUEUE_TABLE)16>::enableFIFO(bool) [clone .isra.0]+0x190>)
    for (uint8_t i = 0; i < FLEXCANb_MAXMB_SIZE(_bus); i++ ) { // clear all mailboxes
     aa8:	4605      	mov	r5, r0
     aaa:	e019      	b.n	ae0 <FlexCAN_T4<(CAN_DEV_TABLE)1073889280, (FLEXCAN_RXQUEUE_TABLE)256, (FLEXCAN_TXQUEUE_TABLE)16>::enableFIFO(bool) [clone .isra.0]+0xa4>
        mbxAddr[0] = FLEXCAN_MB_CS_CODE(FLEXCAN_MB_CODE_RX_EMPTY) | ((i < (FLEXCANb_MAXMB_SIZE(_bus) / 4)) ? 0 : FLEXCAN_MB_CS_IDE | FLEXCAN_MB_CS_SRR);
     aac:	6833      	ldr	r3, [r6, #0]
     aae:	f003 037f 	and.w	r3, r3, #127	; 0x7f
     ab2:	3301      	adds	r3, #1
     ab4:	ebb0 0f93 	cmp.w	r0, r3, lsr #2
     ab8:	bf34      	ite	cc
     aba:	f04f 6380 	movcc.w	r3, #67108864	; 0x4000000
     abe:	f04f 638c 	movcs.w	r3, #73400320	; 0x4600000
     ac2:	6013      	str	r3, [r2, #0]
        FLEXCANb_RXIMR(_bus, i) = 0UL | ((FLEXCANb_CTRL2(_bus) & FLEXCAN_CTRL2_EACEN) ? (1UL << 30) : 0); // (RXIMR)
     ac4:	6b73      	ldr	r3, [r6, #52]	; 0x34
     ac6:	f3c3 4300 	ubfx	r3, r3, #16, #1
     aca:	079b      	lsls	r3, r3, #30
     acc:	600b      	str	r3, [r1, #0]
    for (uint8_t i = 0; i < FLEXCANb_MAXMB_SIZE(_bus); i++ ) { // clear all mailboxes
     ace:	6833      	ldr	r3, [r6, #0]
     ad0:	3501      	adds	r5, #1
     ad2:	f003 037f 	and.w	r3, r3, #127	; 0x7f
     ad6:	b2ed      	uxtb	r5, r5
     ad8:	3301      	adds	r3, #1
     ada:	429d      	cmp	r5, r3
     adc:	4628      	mov	r0, r5
     ade:	d220      	bcs.n	b22 <FlexCAN_T4<(CAN_DEV_TABLE)1073889280, (FLEXCAN_RXQUEUE_TABLE)256, (FLEXCAN_TXQUEUE_TABLE)16>::enableFIFO(bool) [clone .isra.0]+0xe6>
      if ( i < (FLEXCANb_MAXMB_SIZE(_bus) / 2) ) {
     ae0:	6833      	ldr	r3, [r6, #0]
     ae2:	f003 037f 	and.w	r3, r3, #127	; 0x7f
     ae6:	3301      	adds	r3, #1
        FLEXCANb_RXIMR(_bus, i) = 0UL | ((FLEXCANb_CTRL2(_bus) & FLEXCAN_CTRL2_EACEN) ? (1UL << 30) : 0); // (RXIMR)
     ae8:	19e9      	adds	r1, r5, r7
      volatile uint32_t *mbxAddr = &(*(volatile uint32_t*)(_bus + 0x80 + (i * 0x10)));
     aea:	eb05 0208 	add.w	r2, r5, r8
      if ( i < (FLEXCANb_MAXMB_SIZE(_bus) / 2) ) {
     aee:	ebb0 0f53 	cmp.w	r0, r3, lsr #1
        FLEXCANb_RXIMR(_bus, i) = 0UL | ((FLEXCANb_CTRL2(_bus) & FLEXCAN_CTRL2_EACEN) ? (1UL << 30) : 0); // (RXIMR)
     af2:	ea4f 0181 	mov.w	r1, r1, lsl #2
      volatile uint32_t *mbxAddr = &(*(volatile uint32_t*)(_bus + 0x80 + (i * 0x10)));
     af6:	ea4f 1202 	mov.w	r2, r2, lsl #4
      if ( i < (FLEXCANb_MAXMB_SIZE(_bus) / 2) ) {
     afa:	d3d7      	bcc.n	aac <FlexCAN_T4<(CAN_DEV_TABLE)1073889280, (FLEXCAN_RXQUEUE_TABLE)256, (FLEXCAN_TXQUEUE_TABLE)16>::enableFIFO(bool) [clone .isra.0]+0x70>
        mbxAddr[0] = FLEXCAN_MB_CS_CODE(FLEXCAN_MB_CODE_TX_INACTIVE);
     afc:	f04f 6300 	mov.w	r3, #134217728	; 0x8000000
     b00:	6013      	str	r3, [r2, #0]
  if ( !(FLEXCANb_MCR(_bus) & FLEXCAN_MCR_FEN ) ) return 0; /* return offset 0 since FIFO is disabled */
     b02:	6833      	ldr	r3, [r6, #0]
     b04:	009a      	lsls	r2, r3, #2
     b06:	d503      	bpl.n	b10 <FlexCAN_T4<(CAN_DEV_TABLE)1073889280, (FLEXCAN_RXQUEUE_TABLE)256, (FLEXCAN_TXQUEUE_TABLE)16>::enableFIFO(bool) [clone .isra.0]+0xd4>
     b08:	f7ff fe84 	bl	814 <FlexCAN_T4<(CAN_DEV_TABLE)1073889280, (FLEXCAN_RXQUEUE_TABLE)256, (FLEXCAN_TXQUEUE_TABLE)16>::mailboxOffset() [clone .part.0]>
  if ( mb_num < mailboxOffset() ) return; /* mailbox not available */
     b0c:	42a8      	cmp	r0, r5
     b0e:	d8de      	bhi.n	ace <FlexCAN_T4<(CAN_DEV_TABLE)1073889280, (FLEXCAN_RXQUEUE_TABLE)256, (FLEXCAN_TXQUEUE_TABLE)16>::enableFIFO(bool) [clone .isra.0]+0x92>
  if ( mb_num < 32 ) (( set ) ? FLEXCANb_IMASK1(_bus) |= (1UL << mb_num) : FLEXCANb_IMASK1(_bus) &= ~(1UL << mb_num));
     b10:	2301      	movs	r3, #1
     b12:	2d1f      	cmp	r5, #31
     b14:	fa03 f305 	lsl.w	r3, r3, r5
     b18:	d84c      	bhi.n	bb4 <FlexCAN_T4<(CAN_DEV_TABLE)1073889280, (FLEXCAN_RXQUEUE_TABLE)256, (FLEXCAN_TXQUEUE_TABLE)16>::enableFIFO(bool) [clone .isra.0]+0x178>
     b1a:	6ab2      	ldr	r2, [r6, #40]	; 0x28
     b1c:	4313      	orrs	r3, r2
     b1e:	62b3      	str	r3, [r6, #40]	; 0x28
     b20:	e7d5      	b.n	ace <FlexCAN_T4<(CAN_DEV_TABLE)1073889280, (FLEXCAN_RXQUEUE_TABLE)256, (FLEXCAN_TXQUEUE_TABLE)16>::enableFIFO(bool) [clone .isra.0]+0x92>
  if ( frz_flag_negate ) FLEXCAN_ExitFreezeMode();
     b22:	b93c      	cbnz	r4, b34 <FlexCAN_T4<(CAN_DEV_TABLE)1073889280, (FLEXCAN_RXQUEUE_TABLE)256, (FLEXCAN_TXQUEUE_TABLE)16>::enableFIFO(bool) [clone .isra.0]+0xf8>
  FLEXCANb_MCR(_bus) &= ~FLEXCAN_MCR_HALT;
     b24:	4a28      	ldr	r2, [pc, #160]	; (bc8 <FlexCAN_T4<(CAN_DEV_TABLE)1073889280, (FLEXCAN_RXQUEUE_TABLE)256, (FLEXCAN_TXQUEUE_TABLE)16>::enableFIFO(bool) [clone .isra.0]+0x18c>)
     b26:	6813      	ldr	r3, [r2, #0]
     b28:	f023 5380 	bic.w	r3, r3, #268435456	; 0x10000000
     b2c:	6013      	str	r3, [r2, #0]
  while (FLEXCANb_MCR(_bus) & FLEXCAN_MCR_FRZ_ACK);
     b2e:	6813      	ldr	r3, [r2, #0]
     b30:	01db      	lsls	r3, r3, #7
     b32:	d4fc      	bmi.n	b2e <FlexCAN_T4<(CAN_DEV_TABLE)1073889280, (FLEXCAN_RXQUEUE_TABLE)256, (FLEXCAN_TXQUEUE_TABLE)16>::enableFIFO(bool) [clone .isra.0]+0xf2>
}
     b34:	e8bd 81f0 	ldmia.w	sp!, {r4, r5, r6, r7, r8, pc}
    FLEXCANb_MCR(_bus) |= FLEXCAN_MCR_FEN;
     b38:	f043 5300 	orr.w	r3, r3, #536870912	; 0x20000000
     b3c:	6033      	str	r3, [r6, #0]
  if ( !(FLEXCANb_MCR(_bus) & FLEXCAN_MCR_FEN ) ) return 0; /* return offset 0 since FIFO is disabled */
     b3e:	6835      	ldr	r5, [r6, #0]
     b40:	f015 5500 	ands.w	r5, r5, #536870912	; 0x20000000
     b44:	d03e      	beq.n	bc4 <FlexCAN_T4<(CAN_DEV_TABLE)1073889280, (FLEXCAN_RXQUEUE_TABLE)256, (FLEXCAN_TXQUEUE_TABLE)16>::enableFIFO(bool) [clone .isra.0]+0x188>
     b46:	f7ff fe65 	bl	814 <FlexCAN_T4<(CAN_DEV_TABLE)1073889280, (FLEXCAN_RXQUEUE_TABLE)256, (FLEXCAN_TXQUEUE_TABLE)16>::mailboxOffset() [clone .part.0]>
    for (uint8_t i = mailboxOffset(); i < FLEXCANb_MAXMB_SIZE(_bus); i++) {
     b4a:	6833      	ldr	r3, [r6, #0]
     b4c:	f003 037f 	and.w	r3, r3, #127	; 0x7f
     b50:	3301      	adds	r3, #1
     b52:	4283      	cmp	r3, r0
     b54:	4605      	mov	r5, r0
     b56:	d9e4      	bls.n	b22 <FlexCAN_T4<(CAN_DEV_TABLE)1073889280, (FLEXCAN_RXQUEUE_TABLE)256, (FLEXCAN_TXQUEUE_TABLE)16>::enableFIFO(bool) [clone .isra.0]+0xe6>
      FLEXCANb_MBn_CS(_bus,i) = FLEXCAN_MB_CS_CODE(FLEXCAN_MB_CODE_TX_INACTIVE);
     b58:	4f1d      	ldr	r7, [pc, #116]	; (bd0 <FlexCAN_T4<(CAN_DEV_TABLE)1073889280, (FLEXCAN_RXQUEUE_TABLE)256, (FLEXCAN_TXQUEUE_TABLE)16>::enableFIFO(bool) [clone .isra.0]+0x194>)
  if ( !(FLEXCANb_MCR(_bus) & FLEXCAN_MCR_FEN ) ) return 0; /* return offset 0 since FIFO is disabled */
     b5a:	f8df 806c 	ldr.w	r8, [pc, #108]	; bc8 <FlexCAN_T4<(CAN_DEV_TABLE)1073889280, (FLEXCAN_RXQUEUE_TABLE)256, (FLEXCAN_TXQUEUE_TABLE)16>::enableFIFO(bool) [clone .isra.0]+0x18c>
      FLEXCANb_MBn_CS(_bus,i) = FLEXCAN_MB_CS_CODE(FLEXCAN_MB_CODE_TX_INACTIVE);
     b5e:	f04f 6600 	mov.w	r6, #134217728	; 0x8000000
     b62:	e00d      	b.n	b80 <FlexCAN_T4<(CAN_DEV_TABLE)1073889280, (FLEXCAN_RXQUEUE_TABLE)256, (FLEXCAN_TXQUEUE_TABLE)16>::enableFIFO(bool) [clone .isra.0]+0x144>
  if ( mb_num < 32 ) (( set ) ? FLEXCANb_IMASK1(_bus) |= (1UL << mb_num) : FLEXCANb_IMASK1(_bus) &= ~(1UL << mb_num));
     b64:	f8d8 2028 	ldr.w	r2, [r8, #40]	; 0x28
     b68:	4313      	orrs	r3, r2
     b6a:	f8c8 3028 	str.w	r3, [r8, #40]	; 0x28
    for (uint8_t i = mailboxOffset(); i < FLEXCANb_MAXMB_SIZE(_bus); i++) {
     b6e:	f8d8 3000 	ldr.w	r3, [r8]
     b72:	3501      	adds	r5, #1
     b74:	f003 037f 	and.w	r3, r3, #127	; 0x7f
     b78:	b2ed      	uxtb	r5, r5
     b7a:	3301      	adds	r3, #1
     b7c:	429d      	cmp	r5, r3
     b7e:	d2d0      	bcs.n	b22 <FlexCAN_T4<(CAN_DEV_TABLE)1073889280, (FLEXCAN_RXQUEUE_TABLE)256, (FLEXCAN_TXQUEUE_TABLE)16>::enableFIFO(bool) [clone .isra.0]+0xe6>
      FLEXCANb_MBn_CS(_bus,i) = FLEXCAN_MB_CS_CODE(FLEXCAN_MB_CODE_TX_INACTIVE);
     b80:	19eb      	adds	r3, r5, r7
     b82:	011b      	lsls	r3, r3, #4
     b84:	601e      	str	r6, [r3, #0]
  if ( !(FLEXCANb_MCR(_bus) & FLEXCAN_MCR_FEN ) ) return 0; /* return offset 0 since FIFO is disabled */
     b86:	f8d8 3000 	ldr.w	r3, [r8]
     b8a:	0099      	lsls	r1, r3, #2
     b8c:	d503      	bpl.n	b96 <FlexCAN_T4<(CAN_DEV_TABLE)1073889280, (FLEXCAN_RXQUEUE_TABLE)256, (FLEXCAN_TXQUEUE_TABLE)16>::enableFIFO(bool) [clone .isra.0]+0x15a>
     b8e:	f7ff fe41 	bl	814 <FlexCAN_T4<(CAN_DEV_TABLE)1073889280, (FLEXCAN_RXQUEUE_TABLE)256, (FLEXCAN_TXQUEUE_TABLE)16>::mailboxOffset() [clone .part.0]>
  if ( mb_num < mailboxOffset() ) return; /* mailbox not available */
     b92:	4285      	cmp	r5, r0
     b94:	d3eb      	bcc.n	b6e <FlexCAN_T4<(CAN_DEV_TABLE)1073889280, (FLEXCAN_RXQUEUE_TABLE)256, (FLEXCAN_TXQUEUE_TABLE)16>::enableFIFO(bool) [clone .isra.0]+0x132>
  if ( mb_num < 32 ) (( set ) ? FLEXCANb_IMASK1(_bus) |= (1UL << mb_num) : FLEXCANb_IMASK1(_bus) &= ~(1UL << mb_num));
     b96:	2301      	movs	r3, #1
     b98:	2d1f      	cmp	r5, #31
     b9a:	fa03 f305 	lsl.w	r3, r3, r5
     b9e:	d9e1      	bls.n	b64 <FlexCAN_T4<(CAN_DEV_TABLE)1073889280, (FLEXCAN_RXQUEUE_TABLE)256, (FLEXCAN_TXQUEUE_TABLE)16>::enableFIFO(bool) [clone .isra.0]+0x128>
  else (( set ) ? FLEXCANb_IMASK2(_bus) |= (1UL << (mb_num - 32)) : FLEXCANb_IMASK2(_bus) &= ~(1UL << (mb_num - 32)));
     ba0:	f8d8 2024 	ldr.w	r2, [r8, #36]	; 0x24
     ba4:	2301      	movs	r3, #1
     ba6:	f1a5 0120 	sub.w	r1, r5, #32
     baa:	408b      	lsls	r3, r1
     bac:	4313      	orrs	r3, r2
     bae:	f8c8 3024 	str.w	r3, [r8, #36]	; 0x24
     bb2:	e7dc      	b.n	b6e <FlexCAN_T4<(CAN_DEV_TABLE)1073889280, (FLEXCAN_RXQUEUE_TABLE)256, (FLEXCAN_TXQUEUE_TABLE)16>::enableFIFO(bool) [clone .isra.0]+0x132>
     bb4:	6a72      	ldr	r2, [r6, #36]	; 0x24
     bb6:	f1a5 0120 	sub.w	r1, r5, #32
     bba:	2301      	movs	r3, #1
     bbc:	408b      	lsls	r3, r1
     bbe:	4313      	orrs	r3, r2
     bc0:	6273      	str	r3, [r6, #36]	; 0x24
     bc2:	e784      	b.n	ace <FlexCAN_T4<(CAN_DEV_TABLE)1073889280, (FLEXCAN_RXQUEUE_TABLE)256, (FLEXCAN_TXQUEUE_TABLE)16>::enableFIFO(bool) [clone .isra.0]+0x92>
    for (uint8_t i = mailboxOffset(); i < FLEXCANb_MAXMB_SIZE(_bus); i++) {
     bc4:	6833      	ldr	r3, [r6, #0]
     bc6:	e7c7      	b.n	b58 <FlexCAN_T4<(CAN_DEV_TABLE)1073889280, (FLEXCAN_RXQUEUE_TABLE)256, (FLEXCAN_TXQUEUE_TABLE)16>::enableFIFO(bool) [clone .isra.0]+0x11c>
     bc8:	40024000 	.word	0x40024000
     bcc:	10009220 	.word	0x10009220
     bd0:	04002408 	.word	0x04002408

00000bd4 <can0Callback(CAN_message_t const&)>:
  state = !state;
     bd4:	4b0c      	ldr	r3, [pc, #48]	; (c08 <can0Callback(CAN_message_t const&)+0x34>)
    toggleLed(BLUE_LED, blueState, blueLastChangeMs);
    printCandumpA(msg, "can1 TX");
  }
}

void can0Callback(const CAN_message_t &msg) {
     bd6:	b510      	push	{r4, lr}
  state = !state;
     bd8:	781a      	ldrb	r2, [r3, #0]
     bda:	f082 0201 	eor.w	r2, r2, #1
     bde:	701a      	strb	r2, [r3, #0]
void can0Callback(const CAN_message_t &msg) {
     be0:	b082      	sub	sp, #8
  digitalWrite(pin, state);
     be2:	7819      	ldrb	r1, [r3, #0]
void can0Callback(const CAN_message_t &msg) {
     be4:	4604      	mov	r4, r0
  digitalWrite(pin, state);
     be6:	2005      	movs	r0, #5
     be8:	f002 fd98 	bl	371c <digitalWrite>
	volatile uint32_t ret = systick_millis_count; // single aligned 32 bit is atomic
     bec:	4a07      	ldr	r2, [pc, #28]	; (c0c <can0Callback(CAN_message_t const&)+0x38>)
  lastChangeMs = millis();
     bee:	4b08      	ldr	r3, [pc, #32]	; (c10 <can0Callback(CAN_message_t const&)+0x3c>)
     bf0:	6812      	ldr	r2, [r2, #0]
     bf2:	9201      	str	r2, [sp, #4]
	return ret;
     bf4:	9a01      	ldr	r2, [sp, #4]
  toggleLed(YELLOW_LED, yellowState, yellowLastChangeMs);
  printCandumpA(msg, "can0 RX");
     bf6:	4907      	ldr	r1, [pc, #28]	; (c14 <can0Callback(CAN_message_t const&)+0x40>)
  lastChangeMs = millis();
     bf8:	601a      	str	r2, [r3, #0]
  printCandumpA(msg, "can0 RX");
     bfa:	4620      	mov	r0, r4
}
     bfc:	b002      	add	sp, #8
     bfe:	e8bd 4010 	ldmia.w	sp!, {r4, lr}
  printCandumpA(msg, "can0 RX");
     c02:	f7ff bd8b 	b.w	71c <printCandumpA(CAN_message_t const&, char const*)>
     c06:	bf00      	nop
     c08:	1fff0739 	.word	0x1fff0739
     c0c:	1fff612c 	.word	0x1fff612c
     c10:	1fff6128 	.word	0x1fff6128
     c14:	0000b798 	.word	0x0000b798

00000c18 <can1Callback(CAN_message_t const&)>:
  state = !state;
     c18:	4b0c      	ldr	r3, [pc, #48]	; (c4c <can1Callback(CAN_message_t const&)+0x34>)

void can1Callback(const CAN_message_t &msg) {
     c1a:	b510      	push	{r4, lr}
  state = !state;
     c1c:	781a      	ldrb	r2, [r3, #0]
     c1e:	f082 0201 	eor.w	r2, r2, #1
     c22:	701a      	strb	r2, [r3, #0]
void can1Callback(const CAN_message_t &msg) {
     c24:	b082      	sub	sp, #8
  digitalWrite(pin, state);
     c26:	7819      	ldrb	r1, [r3, #0]
void can1Callback(const CAN_message_t &msg) {
     c28:	4604      	mov	r4, r0
  digitalWrite(pin, state);
     c2a:	200e      	movs	r0, #14
     c2c:	f002 fd76 	bl	371c <digitalWrite>
	volatile uint32_t ret = systick_millis_count; // single aligned 32 bit is atomic
     c30:	4a07      	ldr	r2, [pc, #28]	; (c50 <can1Callback(CAN_message_t const&)+0x38>)
  lastChangeMs = millis();
     c32:	4b08      	ldr	r3, [pc, #32]	; (c54 <can1Callback(CAN_message_t const&)+0x3c>)
     c34:	6812      	ldr	r2, [r2, #0]
     c36:	9201      	str	r2, [sp, #4]
	return ret;
     c38:	9a01      	ldr	r2, [sp, #4]
  toggleLed(RED_LED, redState, redLastChangeMs);
  printCandumpA(msg, "can1 RX");
     c3a:	4907      	ldr	r1, [pc, #28]	; (c58 <can1Callback(CAN_message_t const&)+0x40>)
  lastChangeMs = millis();
     c3c:	601a      	str	r2, [r3, #0]
  printCandumpA(msg, "can1 RX");
     c3e:	4620      	mov	r0, r4
}
     c40:	b002      	add	sp, #8
     c42:	e8bd 4010 	ldmia.w	sp!, {r4, lr}
  printCandumpA(msg, "can1 RX");
     c46:	f7ff bd69 	b.w	71c <printCandumpA(CAN_message_t const&, char const*)>
     c4a:	bf00      	nop
     c4c:	1fff0738 	.word	0x1fff0738
     c50:	1fff612c 	.word	0x1fff612c
     c54:	1fff6120 	.word	0x1fff6120
     c58:	0000b7a0 	.word	0x0000b7a0

00000c5c <updateButtons()>:
void toggleTransmission() {
  txEnabled = !txEnabled;
  Serial.printf("Address claim transmission %s\n", txEnabled ? "ENABLED" : "DISABLED");
}

void updateButtons() {
     c5c:	e92d 4ff0 	stmdb	sp!, {r4, r5, r6, r7, r8, r9, sl, fp, lr}
  bool reading1 = digitalRead(BUTTON1_PIN);
     c60:	201c      	movs	r0, #28
void updateButtons() {
     c62:	b085      	sub	sp, #20
  bool reading1 = digitalRead(BUTTON1_PIN);
     c64:	f002 fd84 	bl	3770 <digitalRead>
     c68:	4605      	mov	r5, r0
     c6a:	f1b5 0800 	subs.w	r8, r5, #0
  bool reading2 = digitalRead(BUTTON2_PIN);
     c6e:	f04f 0035 	mov.w	r0, #53	; 0x35
  bool reading1 = digitalRead(BUTTON1_PIN);
     c72:	bf18      	it	ne
     c74:	f04f 0801 	movne.w	r8, #1

  if (reading1 != lastButton1Reading) lastButton1DebounceMs = millis();
     c78:	f8df a0f8 	ldr.w	sl, [pc, #248]	; d74 <updateButtons()+0x118>
  bool reading2 = digitalRead(BUTTON2_PIN);
     c7c:	f002 fd78 	bl	3770 <digitalRead>
  if (reading1 != lastButton1Reading) lastButton1DebounceMs = millis();
     c80:	f89a 3000 	ldrb.w	r3, [sl]
  bool reading2 = digitalRead(BUTTON2_PIN);
     c84:	1e07      	subs	r7, r0, #0
     c86:	bf18      	it	ne
     c88:	2701      	movne	r7, #1
  if (reading1 != lastButton1Reading) lastButton1DebounceMs = millis();
     c8a:	4543      	cmp	r3, r8
  bool reading2 = digitalRead(BUTTON2_PIN);
     c8c:	4604      	mov	r4, r0
  if (reading1 != lastButton1Reading) lastButton1DebounceMs = millis();
     c8e:	d037      	beq.n	d00 <updateButtons()+0xa4>
	volatile uint32_t ret = systick_millis_count; // single aligned 32 bit is atomic
     c90:	4e2f      	ldr	r6, [pc, #188]	; (d50 <updateButtons()+0xf4>)
     c92:	4b30      	ldr	r3, [pc, #192]	; (d54 <updateButtons()+0xf8>)
     c94:	6832      	ldr	r2, [r6, #0]
     c96:	9200      	str	r2, [sp, #0]
	return ret;
     c98:	9a00      	ldr	r2, [sp, #0]
     c9a:	601a      	str	r2, [r3, #0]
  if (reading2 != lastButton2Reading) lastButton2DebounceMs = millis();
     c9c:	f8df 90d8 	ldr.w	r9, [pc, #216]	; d78 <updateButtons()+0x11c>
     ca0:	f899 3000 	ldrb.w	r3, [r9]
     ca4:	42bb      	cmp	r3, r7
     ca6:	d028      	beq.n	cfa <updateButtons()+0x9e>
	volatile uint32_t ret = systick_millis_count; // single aligned 32 bit is atomic
     ca8:	6833      	ldr	r3, [r6, #0]
     caa:	f8df b0d0 	ldr.w	fp, [pc, #208]	; d7c <updateButtons()+0x120>
     cae:	9301      	str	r3, [sp, #4]
	return ret;
     cb0:	9b01      	ldr	r3, [sp, #4]
     cb2:	f8cb 3000 	str.w	r3, [fp]
	volatile uint32_t ret = systick_millis_count; // single aligned 32 bit is atomic
     cb6:	6833      	ldr	r3, [r6, #0]
     cb8:	9302      	str	r3, [sp, #8]
	return ret;
     cba:	9b02      	ldr	r3, [sp, #8]

  if ((millis() - lastButton1DebounceMs) > BUTTON_DEBOUNCE_MS) {
     cbc:	1a9b      	subs	r3, r3, r2
     cbe:	2b28      	cmp	r3, #40	; 0x28
     cc0:	d906      	bls.n	cd0 <updateButtons()+0x74>
    if (reading1 != button1State) {
     cc2:	4b25      	ldr	r3, [pc, #148]	; (d58 <updateButtons()+0xfc>)
     cc4:	781a      	ldrb	r2, [r3, #0]
     cc6:	4542      	cmp	r2, r8
     cc8:	d002      	beq.n	cd0 <updateButtons()+0x74>
      button1State = reading1;
     cca:	f883 8000 	strb.w	r8, [r3]
      if (button1State == LOW) toggleTransmission();
     cce:	b1dd      	cbz	r5, d08 <updateButtons()+0xac>
	volatile uint32_t ret = systick_millis_count; // single aligned 32 bit is atomic
     cd0:	6833      	ldr	r3, [r6, #0]
     cd2:	9303      	str	r3, [sp, #12]
    }
  }

  if ((millis() - lastButton2DebounceMs) > BUTTON_DEBOUNCE_MS) {
     cd4:	f8db 2000 	ldr.w	r2, [fp]
	return ret;
     cd8:	9b03      	ldr	r3, [sp, #12]
     cda:	1a9b      	subs	r3, r3, r2
     cdc:	2b28      	cmp	r3, #40	; 0x28
     cde:	d905      	bls.n	cec <updateButtons()+0x90>
    if (reading2 != button2State) {
     ce0:	4b1e      	ldr	r3, [pc, #120]	; (d5c <updateButtons()+0x100>)
     ce2:	781a      	ldrb	r2, [r3, #0]
     ce4:	42ba      	cmp	r2, r7
     ce6:	d001      	beq.n	cec <updateButtons()+0x90>
      button2State = reading2;
     ce8:	701f      	strb	r7, [r3, #0]
      if (button2State == LOW) toggleTransmission();
     cea:	b1e4      	cbz	r4, d26 <updateButtons()+0xca>
    }
  }

  lastButton1Reading = reading1;
     cec:	f88a 8000 	strb.w	r8, [sl]
  lastButton2Reading = reading2;
     cf0:	f889 7000 	strb.w	r7, [r9]
}
     cf4:	b005      	add	sp, #20
     cf6:	e8bd 8ff0 	ldmia.w	sp!, {r4, r5, r6, r7, r8, r9, sl, fp, pc}
     cfa:	f8df b080 	ldr.w	fp, [pc, #128]	; d7c <updateButtons()+0x120>
     cfe:	e7da      	b.n	cb6 <updateButtons()+0x5a>
  if ((millis() - lastButton1DebounceMs) > BUTTON_DEBOUNCE_MS) {
     d00:	4b14      	ldr	r3, [pc, #80]	; (d54 <updateButtons()+0xf8>)
     d02:	4e13      	ldr	r6, [pc, #76]	; (d50 <updateButtons()+0xf4>)
     d04:	681a      	ldr	r2, [r3, #0]
     d06:	e7c9      	b.n	c9c <updateButtons()+0x40>
  txEnabled = !txEnabled;
     d08:	4915      	ldr	r1, [pc, #84]	; (d60 <updateButtons()+0x104>)
  Serial.printf("Address claim transmission %s\n", txEnabled ? "ENABLED" : "DISABLED");
     d0a:	4816      	ldr	r0, [pc, #88]	; (d64 <updateButtons()+0x108>)
  txEnabled = !txEnabled;
     d0c:	780b      	ldrb	r3, [r1, #0]
  Serial.printf("Address claim transmission %s\n", txEnabled ? "ENABLED" : "DISABLED");
     d0e:	4a16      	ldr	r2, [pc, #88]	; (d68 <updateButtons()+0x10c>)
  txEnabled = !txEnabled;
     d10:	f083 0301 	eor.w	r3, r3, #1
     d14:	700b      	strb	r3, [r1, #0]
  Serial.printf("Address claim transmission %s\n", txEnabled ? "ENABLED" : "DISABLED");
     d16:	2b00      	cmp	r3, #0
     d18:	bf18      	it	ne
     d1a:	4602      	movne	r2, r0
     d1c:	4913      	ldr	r1, [pc, #76]	; (d6c <updateButtons()+0x110>)
     d1e:	4814      	ldr	r0, [pc, #80]	; (d70 <updateButtons()+0x114>)
     d20:	f002 fad4 	bl	32cc <Print::printf(char const*, ...)>
}
     d24:	e7d4      	b.n	cd0 <updateButtons()+0x74>
  txEnabled = !txEnabled;
     d26:	490e      	ldr	r1, [pc, #56]	; (d60 <updateButtons()+0x104>)
  Serial.printf("Address claim transmission %s\n", txEnabled ? "ENABLED" : "DISABLED");
     d28:	480e      	ldr	r0, [pc, #56]	; (d64 <updateButtons()+0x108>)
  txEnabled = !txEnabled;
     d2a:	780b      	ldrb	r3, [r1, #0]
  Serial.printf("Address claim transmission %s\n", txEnabled ? "ENABLED" : "DISABLED");
     d2c:	4a0e      	ldr	r2, [pc, #56]	; (d68 <updateButtons()+0x10c>)
  txEnabled = !txEnabled;
     d2e:	f083 0301 	eor.w	r3, r3, #1
     d32:	700b      	strb	r3, [r1, #0]
  Serial.printf("Address claim transmission %s\n", txEnabled ? "ENABLED" : "DISABLED");
     d34:	2b00      	cmp	r3, #0
     d36:	bf18      	it	ne
     d38:	4602      	movne	r2, r0
     d3a:	490c      	ldr	r1, [pc, #48]	; (d6c <updateButtons()+0x110>)
     d3c:	480c      	ldr	r0, [pc, #48]	; (d70 <updateButtons()+0x114>)
     d3e:	f002 fac5 	bl	32cc <Print::printf(char const*, ...)>
  lastButton1Reading = reading1;
     d42:	f88a 8000 	strb.w	r8, [sl]
  lastButton2Reading = reading2;
     d46:	f889 7000 	strb.w	r7, [r9]
}
     d4a:	b005      	add	sp, #20
     d4c:	e8bd 8ff0 	ldmia.w	sp!, {r4, r5, r6, r7, r8, r9, sl, fp, pc}
     d50:	1fff612c 	.word	0x1fff612c
     d54:	1fff6118 	.word	0x1fff6118
     d58:	1fff0733 	.word	0x1fff0733
     d5c:	1fff0734 	.word	0x1fff0734
     d60:	1fff6124 	.word	0x1fff6124
     d64:	0000b7a8 	.word	0x0000b7a8
     d68:	0000b7b0 	.word	0x0000b7b0
     d6c:	0000b7bc 	.word	0x0000b7bc
     d70:	1fff0740 	.word	0x1fff0740
     d74:	1fff0736 	.word	0x1fff0736
     d78:	1fff0737 	.word	0x1fff0737
     d7c:	1fff611c 	.word	0x1fff611c

00000d80 <FlexCAN_T4<(CAN_DEV_TABLE)1073889280, (FLEXCAN_RXQUEUE_TABLE)256, (FLEXCAN_TXQUEUE_TABLE)16>::begin()>:
FCTP_FUNC void FCTP_OPT::begin() {
     d80:	b538      	push	{r3, r4, r5, lr}
    nvicIrq = IRQ_CAN0_MESSAGE;
     d82:	f500 5500 	add.w	r5, r0, #8192	; 0x2000
  for (uint8_t i = 0; i < SIZE_LISTENERS; i++) listener[i] = nullptr;
     d86:	2300      	movs	r3, #0
  OSC0_CR |= OSC_ERCLKEN;
     d88:	4961      	ldr	r1, [pc, #388]	; (f10 <FlexCAN_T4<(CAN_DEV_TABLE)1073889280, (FLEXCAN_RXQUEUE_TABLE)256, (FLEXCAN_TXQUEUE_TABLE)16>::begin()+0x190>)
  for (uint8_t i = 0; i < SIZE_LISTENERS; i++) listener[i] = nullptr;
     d8a:	6043      	str	r3, [r0, #4]
    nvicIrq = IRQ_CAN0_MESSAGE;
     d8c:	224b      	movs	r2, #75	; 0x4b
  for (uint8_t i = 0; i < SIZE_LISTENERS; i++) listener[i] = nullptr;
     d8e:	6083      	str	r3, [r0, #8]
     d90:	60c3      	str	r3, [r0, #12]
     d92:	6103      	str	r3, [r0, #16]
    nvicIrq = IRQ_CAN0_MESSAGE;
     d94:	f8c5 290c 	str.w	r2, [r5, #2316]	; 0x90c
    busNumber = 0;
     d98:	f885 3915 	strb.w	r3, [r5, #2325]	; 0x915
  OSC0_CR |= OSC_ERCLKEN;
     d9c:	780a      	ldrb	r2, [r1, #0]
  if ( _bus == CAN0 ) SIM_SCGC6 |= SIM_SCGC6_FLEXCAN0;
     d9e:	485d      	ldr	r0, [pc, #372]	; (f14 <FlexCAN_T4<(CAN_DEV_TABLE)1073889280, (FLEXCAN_RXQUEUE_TABLE)256, (FLEXCAN_TXQUEUE_TABLE)16>::begin()+0x194>)
  OSC0_CR |= OSC_ERCLKEN;
     da0:	f042 0280 	orr.w	r2, r2, #128	; 0x80
     da4:	700a      	strb	r2, [r1, #0]
  if ( _bus == CAN0 ) SIM_SCGC6 |= SIM_SCGC6_FLEXCAN0;
     da6:	6bc2      	ldr	r2, [r0, #60]	; 0x3c
  FLEXCANb_CTRL1(_bus) &= ~FLEXCAN_CTRL_CLK_SRC;
     da8:	f5a1 2182 	sub.w	r1, r1, #266240	; 0x41000
  if ( _bus == CAN0 ) SIM_SCGC6 |= SIM_SCGC6_FLEXCAN0;
     dac:	f042 0210 	orr.w	r2, r2, #16
     db0:	63c2      	str	r2, [r0, #60]	; 0x3c
  FLEXCANb_CTRL1(_bus) &= ~FLEXCAN_CTRL_CLK_SRC;
     db2:	684a      	ldr	r2, [r1, #4]
    if ( init_pins ) {
     db4:	4858      	ldr	r0, [pc, #352]	; (f18 <FlexCAN_T4<(CAN_DEV_TABLE)1073889280, (FLEXCAN_RXQUEUE_TABLE)256, (FLEXCAN_TXQUEUE_TABLE)16>::begin()+0x198>)
  FLEXCANb_CTRL1(_bus) &= ~FLEXCAN_CTRL_CLK_SRC;
     db6:	f422 5200 	bic.w	r2, r2, #8192	; 0x2000
     dba:	604a      	str	r2, [r1, #4]
    _VectorsRam[16 + nvicIrq] = flexcan_isr_can0;
     dbc:	4a57      	ldr	r2, [pc, #348]	; (f1c <FlexCAN_T4<(CAN_DEV_TABLE)1073889280, (FLEXCAN_RXQUEUE_TABLE)256, (FLEXCAN_TXQUEUE_TABLE)16>::begin()+0x19c>)
     dbe:	4958      	ldr	r1, [pc, #352]	; (f20 <FlexCAN_T4<(CAN_DEV_TABLE)1073889280, (FLEXCAN_RXQUEUE_TABLE)256, (FLEXCAN_TXQUEUE_TABLE)16>::begin()+0x1a0>)
     dc0:	f8c2 116c 	str.w	r1, [r2, #364]	; 0x16c
    if ( init_pins ) {
     dc4:	7802      	ldrb	r2, [r0, #0]
     dc6:	2a00      	cmp	r2, #0
     dc8:	f040 8084 	bne.w	ed4 <FlexCAN_T4<(CAN_DEV_TABLE)1073889280, (FLEXCAN_RXQUEUE_TABLE)256, (FLEXCAN_TXQUEUE_TABLE)16>::begin()+0x154>
      if ( CORE_PIN29_CONFIG == PORT_PCR_MUX(2) ) CORE_PIN29_CONFIG = 0;
     dcc:	4b55      	ldr	r3, [pc, #340]	; (f24 <FlexCAN_T4<(CAN_DEV_TABLE)1073889280, (FLEXCAN_RXQUEUE_TABLE)256, (FLEXCAN_TXQUEUE_TABLE)16>::begin()+0x1a4>)
     dce:	6c9a      	ldr	r2, [r3, #72]	; 0x48
     dd0:	f5b2 7f00 	cmp.w	r2, #512	; 0x200
     dd4:	bf04      	itt	eq
     dd6:	2200      	moveq	r2, #0
     dd8:	649a      	streq	r2, [r3, #72]	; 0x48
      CORE_PIN3_CONFIG = PORT_PCR_MUX(2);
     dda:	4b53      	ldr	r3, [pc, #332]	; (f28 <FlexCAN_T4<(CAN_DEV_TABLE)1073889280, (FLEXCAN_RXQUEUE_TABLE)256, (FLEXCAN_TXQUEUE_TABLE)16>::begin()+0x1a8>)
     ddc:	f44f 7200 	mov.w	r2, #512	; 0x200
     de0:	631a      	str	r2, [r3, #48]	; 0x30
    if ( init_pins ) {
     de2:	4b52      	ldr	r3, [pc, #328]	; (f2c <FlexCAN_T4<(CAN_DEV_TABLE)1073889280, (FLEXCAN_RXQUEUE_TABLE)256, (FLEXCAN_TXQUEUE_TABLE)16>::begin()+0x1ac>)
     de4:	781a      	ldrb	r2, [r3, #0]
     de6:	2a00      	cmp	r2, #0
     de8:	f000 8085 	beq.w	ef6 <FlexCAN_T4<(CAN_DEV_TABLE)1073889280, (FLEXCAN_RXQUEUE_TABLE)256, (FLEXCAN_TXQUEUE_TABLE)16>::begin()+0x176>
      pin = ( !CORE_PIN4_CONFIG ) ? DEF : ALT; 
     dec:	4a4e      	ldr	r2, [pc, #312]	; (f28 <FlexCAN_T4<(CAN_DEV_TABLE)1073889280, (FLEXCAN_RXQUEUE_TABLE)256, (FLEXCAN_TXQUEUE_TABLE)16>::begin()+0x1a8>)
     dee:	6b51      	ldr	r1, [r2, #52]	; 0x34
     df0:	2900      	cmp	r1, #0
     df2:	d07f      	beq.n	ef4 <FlexCAN_T4<(CAN_DEV_TABLE)1073889280, (FLEXCAN_RXQUEUE_TABLE)256, (FLEXCAN_TXQUEUE_TABLE)16>::begin()+0x174>
      init_pins = 0;
     df4:	2100      	movs	r1, #0
     df6:	7019      	strb	r1, [r3, #0]
      if ( CORE_PIN4_CONFIG == PORT_PCR_MUX(2) ) CORE_PIN4_CONFIG = 0;
     df8:	6b53      	ldr	r3, [r2, #52]	; 0x34
     dfa:	f5b3 7f00 	cmp.w	r3, #512	; 0x200
      CORE_PIN30_CONFIG = PORT_PCR_MUX(2);
     dfe:	4b49      	ldr	r3, [pc, #292]	; (f24 <FlexCAN_T4<(CAN_DEV_TABLE)1073889280, (FLEXCAN_RXQUEUE_TABLE)256, (FLEXCAN_TXQUEUE_TABLE)16>::begin()+0x1a4>)
      if ( CORE_PIN4_CONFIG == PORT_PCR_MUX(2) ) CORE_PIN4_CONFIG = 0;
     e00:	bf08      	it	eq
     e02:	6351      	streq	r1, [r2, #52]	; 0x34
      CORE_PIN30_CONFIG = PORT_PCR_MUX(2);
     e04:	f44f 7200 	mov.w	r2, #512	; 0x200
     e08:	64da      	str	r2, [r3, #76]	; 0x4c
  FLEXCANb_MCR(_bus) &= ~FLEXCAN_MCR_MDIS; /* enable module */
     e0a:	4a49      	ldr	r2, [pc, #292]	; (f30 <FlexCAN_T4<(CAN_DEV_TABLE)1073889280, (FLEXCAN_RXQUEUE_TABLE)256, (FLEXCAN_TXQUEUE_TABLE)16>::begin()+0x1b0>)
     e0c:	6813      	ldr	r3, [r2, #0]
     e0e:	f023 4300 	bic.w	r3, r3, #2147483648	; 0x80000000
     e12:	6013      	str	r3, [r2, #0]
  FLEXCANb_MCR(_bus) |= FLEXCAN_MCR_FRZ | FLEXCAN_MCR_HALT;
     e14:	6813      	ldr	r3, [r2, #0]
     e16:	f043 43a0 	orr.w	r3, r3, #1342177280	; 0x50000000
     e1a:	6013      	str	r3, [r2, #0]
  while (!(FLEXCANb_MCR(_bus) & FLEXCAN_MCR_FRZ_ACK));
     e1c:	6813      	ldr	r3, [r2, #0]
     e1e:	01dc      	lsls	r4, r3, #7
     e20:	d5fc      	bpl.n	e1c <FlexCAN_T4<(CAN_DEV_TABLE)1073889280, (FLEXCAN_RXQUEUE_TABLE)256, (FLEXCAN_TXQUEUE_TABLE)16>::begin()+0x9c>
  FLEXCANb_CTRL1(_bus) |= FLEXCAN_CTRL_LOM; /* listen only mode */
     e22:	6853      	ldr	r3, [r2, #4]
  while (FLEXCANb_MCR(_bus) & FLEXCAN_MCR_LPM_ACK);
     e24:	4942      	ldr	r1, [pc, #264]	; (f30 <FlexCAN_T4<(CAN_DEV_TABLE)1073889280, (FLEXCAN_RXQUEUE_TABLE)256, (FLEXCAN_TXQUEUE_TABLE)16>::begin()+0x1b0>)
  FLEXCANb_CTRL1(_bus) |= FLEXCAN_CTRL_LOM; /* listen only mode */
     e26:	f043 0308 	orr.w	r3, r3, #8
     e2a:	6053      	str	r3, [r2, #4]
  FLEXCANb_MCR(_bus) |= FLEXCAN_MCR_FRZ; /* enable freeze bit */
     e2c:	6813      	ldr	r3, [r2, #0]
     e2e:	f043 4380 	orr.w	r3, r3, #1073741824	; 0x40000000
     e32:	6013      	str	r3, [r2, #0]
  while (FLEXCANb_MCR(_bus) & FLEXCAN_MCR_LPM_ACK);
     e34:	680b      	ldr	r3, [r1, #0]
     e36:	02d8      	lsls	r0, r3, #11
     e38:	d4fc      	bmi.n	e34 <FlexCAN_T4<(CAN_DEV_TABLE)1073889280, (FLEXCAN_RXQUEUE_TABLE)256, (FLEXCAN_TXQUEUE_TABLE)16>::begin()+0xb4>
  FLEXCANb_MCR(_bus) |= FLEXCAN_MCR_SOFT_RST;
     e3a:	680b      	ldr	r3, [r1, #0]
  while (FLEXCANb_MCR(_bus) & FLEXCAN_MCR_SOFT_RST);
     e3c:	4a3c      	ldr	r2, [pc, #240]	; (f30 <FlexCAN_T4<(CAN_DEV_TABLE)1073889280, (FLEXCAN_RXQUEUE_TABLE)256, (FLEXCAN_TXQUEUE_TABLE)16>::begin()+0x1b0>)
  FLEXCANb_MCR(_bus) |= FLEXCAN_MCR_SOFT_RST;
     e3e:	f043 7300 	orr.w	r3, r3, #33554432	; 0x2000000
     e42:	600b      	str	r3, [r1, #0]
  while (FLEXCANb_MCR(_bus) & FLEXCAN_MCR_SOFT_RST);
     e44:	6813      	ldr	r3, [r2, #0]
     e46:	0199      	lsls	r1, r3, #6
     e48:	d4fc      	bmi.n	e44 <FlexCAN_T4<(CAN_DEV_TABLE)1073889280, (FLEXCAN_RXQUEUE_TABLE)256, (FLEXCAN_TXQUEUE_TABLE)16>::begin()+0xc4>
  while (!(FLEXCANb_MCR(_bus) & FLEXCAN_MCR_FRZ_ACK));
     e4a:	4c39      	ldr	r4, [pc, #228]	; (f30 <FlexCAN_T4<(CAN_DEV_TABLE)1073889280, (FLEXCAN_RXQUEUE_TABLE)256, (FLEXCAN_TXQUEUE_TABLE)16>::begin()+0x1b0>)
     e4c:	6823      	ldr	r3, [r4, #0]
     e4e:	01da      	lsls	r2, r3, #7
     e50:	d5fc      	bpl.n	e4c <FlexCAN_T4<(CAN_DEV_TABLE)1073889280, (FLEXCAN_RXQUEUE_TABLE)256, (FLEXCAN_TXQUEUE_TABLE)16>::begin()+0xcc>
  FLEXCANb_MCR(_bus) |= FLEXCAN_MCR_SRX_DIS; /* Disable self-reception */
     e52:	6823      	ldr	r3, [r4, #0]
     e54:	f443 3300 	orr.w	r3, r3, #131072	; 0x20000
     e58:	6023      	str	r3, [r4, #0]
  FLEXCANb_MCR(_bus) |= FLEXCAN_MCR_IRMQ; // individual mailbox masking
     e5a:	6823      	ldr	r3, [r4, #0]
     e5c:	f443 3380 	orr.w	r3, r3, #65536	; 0x10000
     e60:	6023      	str	r3, [r4, #0]
  FLEXCANb_MCR(_bus) |= FLEXCAN_MCR_AEN; // TX ABORT FEATURE
     e62:	6823      	ldr	r3, [r4, #0]
     e64:	f443 5380 	orr.w	r3, r3, #4096	; 0x1000
     e68:	6023      	str	r3, [r4, #0]
  FLEXCANb_MCR(_bus) |= FLEXCAN_MCR_LPRIO_EN; // TX PRIORITY FEATURE
     e6a:	6823      	ldr	r3, [r4, #0]
     e6c:	f443 5300 	orr.w	r3, r3, #8192	; 0x2000
     e70:	6023      	str	r3, [r4, #0]
  FLEXCANb_MCR(_bus) |= FLEXCAN_MCR_SLF_WAK; // SELF-WAKE UP FEATURE	
     e72:	6823      	ldr	r3, [r4, #0]
     e74:	f443 0380 	orr.w	r3, r3, #4194304	; 0x400000
     e78:	6023      	str	r3, [r4, #0]
  FLEXCANb_MCR(_bus) |= FLEXCAN_MCR_WAK_SRC; // WAKE-UP LOW-PASS FILTER
     e7a:	6823      	ldr	r3, [r4, #0]
     e7c:	f443 2300 	orr.w	r3, r3, #524288	; 0x80000
     e80:	6023      	str	r3, [r4, #0]
  FLEXCANb_MCR(_bus) &= ~0x8800; // disable DMA and FD (valid bits are reserved in legacy controllers)
     e82:	6823      	ldr	r3, [r4, #0]
     e84:	f423 4308 	bic.w	r3, r3, #34816	; 0x8800
     e88:	6023      	str	r3, [r4, #0]
  FLEXCANb_CTRL2(_bus) |= FLEXCAN_CTRL2_RRS | // store remote frames
     e8a:	6b63      	ldr	r3, [r4, #52]	; 0x34
     e8c:	f443 23e0 	orr.w	r3, r3, #458752	; 0x70000
     e90:	6363      	str	r3, [r4, #52]	; 0x34
  FLEXCANb_MCR(_bus) |= FLEXCAN_MCR_WRN_EN;
     e92:	6823      	ldr	r3, [r4, #0]
     e94:	f443 1300 	orr.w	r3, r3, #2097152	; 0x200000
     e98:	6023      	str	r3, [r4, #0]
  FLEXCANb_MCR(_bus) |= FLEXCAN_MCR_WAK_MSK;
     e9a:	6823      	ldr	r3, [r4, #0]
     e9c:	f043 6380 	orr.w	r3, r3, #67108864	; 0x4000000
     ea0:	6023      	str	r3, [r4, #0]
    void disableFIFO() { enableFIFO(0); }
     ea2:	2000      	movs	r0, #0
     ea4:	f7ff fdca 	bl	a3c <FlexCAN_T4<(CAN_DEV_TABLE)1073889280, (FLEXCAN_RXQUEUE_TABLE)256, (FLEXCAN_TXQUEUE_TABLE)16>::enableFIFO(bool) [clone .isra.0]>
  FLEXCANb_MCR(_bus) &= ~FLEXCAN_MCR_HALT;
     ea8:	6823      	ldr	r3, [r4, #0]
  while (FLEXCANb_MCR(_bus) & FLEXCAN_MCR_FRZ_ACK);
     eaa:	4a21      	ldr	r2, [pc, #132]	; (f30 <FlexCAN_T4<(CAN_DEV_TABLE)1073889280, (FLEXCAN_RXQUEUE_TABLE)256, (FLEXCAN_TXQUEUE_TABLE)16>::begin()+0x1b0>)
  FLEXCANb_MCR(_bus) &= ~FLEXCAN_MCR_HALT;
     eac:	f023 5380 	bic.w	r3, r3, #268435456	; 0x10000000
     eb0:	6023      	str	r3, [r4, #0]
  while (FLEXCANb_MCR(_bus) & FLEXCAN_MCR_FRZ_ACK);
     eb2:	6813      	ldr	r3, [r2, #0]
     eb4:	01db      	lsls	r3, r3, #7
     eb6:	d4fc      	bmi.n	eb2 <FlexCAN_T4<(CAN_DEV_TABLE)1073889280, (FLEXCAN_RXQUEUE_TABLE)256, (FLEXCAN_TXQUEUE_TABLE)16>::begin()+0x132>
  NVIC_ENABLE_IRQ(nvicIrq);
     eb8:	f8d5 290c 	ldr.w	r2, [r5, #2316]	; 0x90c
     ebc:	0953      	lsrs	r3, r2, #5
     ebe:	f103 2338 	add.w	r3, r3, #939538432	; 0x38003800
     ec2:	3340      	adds	r3, #64	; 0x40
     ec4:	2101      	movs	r1, #1
     ec6:	009b      	lsls	r3, r3, #2
     ec8:	f002 021f 	and.w	r2, r2, #31
     ecc:	fa01 f202 	lsl.w	r2, r1, r2
     ed0:	601a      	str	r2, [r3, #0]
}
     ed2:	bd38      	pop	{r3, r4, r5, pc}
      pin = ( !CORE_PIN3_CONFIG ) ? DEF : ALT; 
     ed4:	4a14      	ldr	r2, [pc, #80]	; (f28 <FlexCAN_T4<(CAN_DEV_TABLE)1073889280, (FLEXCAN_RXQUEUE_TABLE)256, (FLEXCAN_TXQUEUE_TABLE)16>::begin()+0x1a8>)
     ed6:	6b11      	ldr	r1, [r2, #48]	; 0x30
     ed8:	b909      	cbnz	r1, ede <FlexCAN_T4<(CAN_DEV_TABLE)1073889280, (FLEXCAN_RXQUEUE_TABLE)256, (FLEXCAN_TXQUEUE_TABLE)16>::begin()+0x15e>
      init_pins = 0;
     eda:	7001      	strb	r1, [r0, #0]
     edc:	e776      	b.n	dcc <FlexCAN_T4<(CAN_DEV_TABLE)1073889280, (FLEXCAN_RXQUEUE_TABLE)256, (FLEXCAN_TXQUEUE_TABLE)16>::begin()+0x4c>
      if ( CORE_PIN3_CONFIG == PORT_PCR_MUX(2) ) CORE_PIN3_CONFIG = 0;
     ede:	6b11      	ldr	r1, [r2, #48]	; 0x30
      init_pins = 0;
     ee0:	7003      	strb	r3, [r0, #0]
      if ( CORE_PIN3_CONFIG == PORT_PCR_MUX(2) ) CORE_PIN3_CONFIG = 0;
     ee2:	f5b1 7f00 	cmp.w	r1, #512	; 0x200
     ee6:	bf08      	it	eq
     ee8:	6313      	streq	r3, [r2, #48]	; 0x30
      CORE_PIN29_CONFIG = PORT_PCR_MUX(2);
     eea:	4b0e      	ldr	r3, [pc, #56]	; (f24 <FlexCAN_T4<(CAN_DEV_TABLE)1073889280, (FLEXCAN_RXQUEUE_TABLE)256, (FLEXCAN_TXQUEUE_TABLE)16>::begin()+0x1a4>)
     eec:	f44f 7200 	mov.w	r2, #512	; 0x200
     ef0:	649a      	str	r2, [r3, #72]	; 0x48
     ef2:	e776      	b.n	de2 <FlexCAN_T4<(CAN_DEV_TABLE)1073889280, (FLEXCAN_RXQUEUE_TABLE)256, (FLEXCAN_TXQUEUE_TABLE)16>::begin()+0x62>
      init_pins = 0;
     ef4:	7019      	strb	r1, [r3, #0]
      if ( CORE_PIN30_CONFIG == PORT_PCR_MUX(2) ) CORE_PIN30_CONFIG = 0;
     ef6:	4b0b      	ldr	r3, [pc, #44]	; (f24 <FlexCAN_T4<(CAN_DEV_TABLE)1073889280, (FLEXCAN_RXQUEUE_TABLE)256, (FLEXCAN_TXQUEUE_TABLE)16>::begin()+0x1a4>)
     ef8:	6cda      	ldr	r2, [r3, #76]	; 0x4c
     efa:	f5b2 7f00 	cmp.w	r2, #512	; 0x200
     efe:	bf04      	itt	eq
     f00:	2200      	moveq	r2, #0
     f02:	64da      	streq	r2, [r3, #76]	; 0x4c
      CORE_PIN4_CONFIG = PORT_PCR_MUX(2);
     f04:	4b08      	ldr	r3, [pc, #32]	; (f28 <FlexCAN_T4<(CAN_DEV_TABLE)1073889280, (FLEXCAN_RXQUEUE_TABLE)256, (FLEXCAN_TXQUEUE_TABLE)16>::begin()+0x1a8>)
     f06:	f44f 7200 	mov.w	r2, #512	; 0x200
     f0a:	635a      	str	r2, [r3, #52]	; 0x34
}
     f0c:	e77d      	b.n	e0a <FlexCAN_T4<(CAN_DEV_TABLE)1073889280, (FLEXCAN_RXQUEUE_TABLE)256, (FLEXCAN_TXQUEUE_TABLE)16>::begin()+0x8a>
     f0e:	bf00      	nop
     f10:	40065000 	.word	0x40065000
     f14:	40048000 	.word	0x40048000
     f18:	1fff0731 	.word	0x1fff0731
     f1c:	1fff0200 	.word	0x1fff0200
     f20:	0000045d 	.word	0x0000045d
     f24:	4004a000 	.word	0x4004a000
     f28:	40049000 	.word	0x40049000
     f2c:	1fff0730 	.word	0x1fff0730
     f30:	40024000 	.word	0x40024000

00000f34 <FlexCAN_T4<(CAN_DEV_TABLE)1074413568, (FLEXCAN_RXQUEUE_TABLE)256, (FLEXCAN_TXQUEUE_TABLE)16>::begin()>:
FCTP_FUNC void FCTP_OPT::begin() {
     f34:	b538      	push	{r3, r4, r5, lr}
  for (uint8_t i = 0; i < SIZE_LISTENERS; i++) listener[i] = nullptr;
     f36:	2300      	movs	r3, #0
    nvicIrq = IRQ_CAN1_MESSAGE;
     f38:	f500 5500 	add.w	r5, r0, #8192	; 0x2000
  for (uint8_t i = 0; i < SIZE_LISTENERS; i++) listener[i] = nullptr;
     f3c:	6043      	str	r3, [r0, #4]
     f3e:	6083      	str	r3, [r0, #8]
     f40:	60c3      	str	r3, [r0, #12]
     f42:	6103      	str	r3, [r0, #16]
  OSC0_CR |= OSC_ERCLKEN;
     f44:	4a41      	ldr	r2, [pc, #260]	; (104c <FlexCAN_T4<(CAN_DEV_TABLE)1074413568, (FLEXCAN_RXQUEUE_TABLE)256, (FLEXCAN_TXQUEUE_TABLE)16>::begin()+0x118>)
    nvicIrq = IRQ_CAN1_MESSAGE;
     f46:	215e      	movs	r1, #94	; 0x5e
    busNumber = 1;
     f48:	2301      	movs	r3, #1
    nvicIrq = IRQ_CAN1_MESSAGE;
     f4a:	f8c5 190c 	str.w	r1, [r5, #2316]	; 0x90c
    busNumber = 1;
     f4e:	f885 3915 	strb.w	r3, [r5, #2325]	; 0x915
  OSC0_CR |= OSC_ERCLKEN;
     f52:	7813      	ldrb	r3, [r2, #0]
  else if ( _bus == CAN1 ) SIM_SCGC3 |= SIM_SCGC3_FLEXCAN1;
     f54:	493e      	ldr	r1, [pc, #248]	; (1050 <FlexCAN_T4<(CAN_DEV_TABLE)1074413568, (FLEXCAN_RXQUEUE_TABLE)256, (FLEXCAN_TXQUEUE_TABLE)16>::begin()+0x11c>)
  OSC0_CR |= OSC_ERCLKEN;
     f56:	f043 0380 	orr.w	r3, r3, #128	; 0x80
     f5a:	7013      	strb	r3, [r2, #0]
  else if ( _bus == CAN1 ) SIM_SCGC3 |= SIM_SCGC3_FLEXCAN1;
     f5c:	6b0a      	ldr	r2, [r1, #48]	; 0x30
  FLEXCANb_CTRL1(_bus) &= ~FLEXCAN_CTRL_CLK_SRC;
     f5e:	4b3d      	ldr	r3, [pc, #244]	; (1054 <FlexCAN_T4<(CAN_DEV_TABLE)1074413568, (FLEXCAN_RXQUEUE_TABLE)256, (FLEXCAN_TXQUEUE_TABLE)16>::begin()+0x120>)
  else if ( _bus == CAN1 ) SIM_SCGC3 |= SIM_SCGC3_FLEXCAN1;
     f60:	f042 0210 	orr.w	r2, r2, #16
     f64:	630a      	str	r2, [r1, #48]	; 0x30
  FLEXCANb_CTRL1(_bus) &= ~FLEXCAN_CTRL_CLK_SRC;
     f66:	685a      	ldr	r2, [r3, #4]
    CORE_PIN33_CONFIG = PORT_PCR_MUX(2);
     f68:	f501 41a0 	add.w	r1, r1, #20480	; 0x5000
     f6c:	f44f 7000 	mov.w	r0, #512	; 0x200
  FLEXCANb_CTRL1(_bus) &= ~FLEXCAN_CTRL_CLK_SRC;
     f70:	f422 5200 	bic.w	r2, r2, #8192	; 0x2000
     f74:	605a      	str	r2, [r3, #4]
    CORE_PIN33_CONFIG = PORT_PCR_MUX(2);
     f76:	6608      	str	r0, [r1, #96]	; 0x60
    CORE_PIN34_CONFIG = PORT_PCR_MUX(2);
     f78:	6648      	str	r0, [r1, #100]	; 0x64
  FLEXCANb_MCR(_bus) &= ~FLEXCAN_MCR_MDIS; /* enable module */
     f7a:	681a      	ldr	r2, [r3, #0]
    _VectorsRam[16 + nvicIrq] = flexcan_isr_can1;
     f7c:	4936      	ldr	r1, [pc, #216]	; (1058 <FlexCAN_T4<(CAN_DEV_TABLE)1074413568, (FLEXCAN_RXQUEUE_TABLE)256, (FLEXCAN_TXQUEUE_TABLE)16>::begin()+0x124>)
     f7e:	4837      	ldr	r0, [pc, #220]	; (105c <FlexCAN_T4<(CAN_DEV_TABLE)1074413568, (FLEXCAN_RXQUEUE_TABLE)256, (FLEXCAN_TXQUEUE_TABLE)16>::begin()+0x128>)
  FLEXCANb_MCR(_bus) &= ~FLEXCAN_MCR_MDIS; /* enable module */
     f80:	f022 4200 	bic.w	r2, r2, #2147483648	; 0x80000000
     f84:	601a      	str	r2, [r3, #0]
  FLEXCANb_MCR(_bus) |= FLEXCAN_MCR_FRZ | FLEXCAN_MCR_HALT;
     f86:	681a      	ldr	r2, [r3, #0]
    _VectorsRam[16 + nvicIrq] = flexcan_isr_can1;
     f88:	f8c1 01b8 	str.w	r0, [r1, #440]	; 0x1b8
  FLEXCANb_MCR(_bus) |= FLEXCAN_MCR_FRZ | FLEXCAN_MCR_HALT;
     f8c:	f042 42a0 	orr.w	r2, r2, #1342177280	; 0x50000000
     f90:	601a      	str	r2, [r3, #0]
  while (!(FLEXCANb_MCR(_bus) & FLEXCAN_MCR_FRZ_ACK));
     f92:	681a      	ldr	r2, [r3, #0]
     f94:	01d2      	lsls	r2, r2, #7
     f96:	d5fc      	bpl.n	f92 <FlexCAN_T4<(CAN_DEV_TABLE)1074413568, (FLEXCAN_RXQUEUE_TABLE)256, (FLEXCAN_TXQUEUE_TABLE)16>::begin()+0x5e>
  FLEXCANb_CTRL1(_bus) |= FLEXCAN_CTRL_LOM; /* listen only mode */
     f98:	6859      	ldr	r1, [r3, #4]
  while (FLEXCANb_MCR(_bus) & FLEXCAN_MCR_LPM_ACK);
     f9a:	4a2e      	ldr	r2, [pc, #184]	; (1054 <FlexCAN_T4<(CAN_DEV_TABLE)1074413568, (FLEXCAN_RXQUEUE_TABLE)256, (FLEXCAN_TXQUEUE_TABLE)16>::begin()+0x120>)
  FLEXCANb_CTRL1(_bus) |= FLEXCAN_CTRL_LOM; /* listen only mode */
     f9c:	f041 0108 	orr.w	r1, r1, #8
     fa0:	6059      	str	r1, [r3, #4]
  FLEXCANb_MCR(_bus) |= FLEXCAN_MCR_FRZ; /* enable freeze bit */
     fa2:	6819      	ldr	r1, [r3, #0]
     fa4:	f041 4180 	orr.w	r1, r1, #1073741824	; 0x40000000
     fa8:	6019      	str	r1, [r3, #0]
  while (FLEXCANb_MCR(_bus) & FLEXCAN_MCR_LPM_ACK);
     faa:	6813      	ldr	r3, [r2, #0]
     fac:	02dc      	lsls	r4, r3, #11
     fae:	d4fc      	bmi.n	faa <FlexCAN_T4<(CAN_DEV_TABLE)1074413568, (FLEXCAN_RXQUEUE_TABLE)256, (FLEXCAN_TXQUEUE_TABLE)16>::begin()+0x76>
  FLEXCANb_MCR(_bus) |= FLEXCAN_MCR_SOFT_RST;
     fb0:	6813      	ldr	r3, [r2, #0]
  while (FLEXCANb_MCR(_bus) & FLEXCAN_MCR_SOFT_RST);
     fb2:	4928      	ldr	r1, [pc, #160]	; (1054 <FlexCAN_T4<(CAN_DEV_TABLE)1074413568, (FLEXCAN_RXQUEUE_TABLE)256, (FLEXCAN_TXQUEUE_TABLE)16>::begin()+0x120>)
  FLEXCANb_MCR(_bus) |= FLEXCAN_MCR_SOFT_RST;
     fb4:	f043 7300 	orr.w	r3, r3, #33554432	; 0x2000000
     fb8:	6013      	str	r3, [r2, #0]
  while (FLEXCANb_MCR(_bus) & FLEXCAN_MCR_SOFT_RST);
     fba:	680b      	ldr	r3, [r1, #0]
     fbc:	0198      	lsls	r0, r3, #6
     fbe:	d4fc      	bmi.n	fba <FlexCAN_T4<(CAN_DEV_TABLE)1074413568, (FLEXCAN_RXQUEUE_TABLE)256, (FLEXCAN_TXQUEUE_TABLE)16>::begin()+0x86>
  while (!(FLEXCANb_MCR(_bus) & FLEXCAN_MCR_FRZ_ACK));
     fc0:	4c24      	ldr	r4, [pc, #144]	; (1054 <FlexCAN_T4<(CAN_DEV_TABLE)1074413568, (FLEXCAN_RXQUEUE_TABLE)256, (FLEXCAN_TXQUEUE_TABLE)16>::begin()+0x120>)
     fc2:	6823      	ldr	r3, [r4, #0]
     fc4:	01da      	lsls	r2, r3, #7
     fc6:	d5fc      	bpl.n	fc2 <FlexCAN_T4<(CAN_DEV_TABLE)1074413568, (FLEXCAN_RXQUEUE_TABLE)256, (FLEXCAN_TXQUEUE_TABLE)16>::begin()+0x8e>
  FLEXCANb_MCR(_bus) |= FLEXCAN_MCR_SRX_DIS; /* Disable self-reception */
     fc8:	6823      	ldr	r3, [r4, #0]
     fca:	f443 3300 	orr.w	r3, r3, #131072	; 0x20000
     fce:	6023      	str	r3, [r4, #0]
  FLEXCANb_MCR(_bus) |= FLEXCAN_MCR_IRMQ; // individual mailbox masking
     fd0:	6823      	ldr	r3, [r4, #0]
     fd2:	f443 3380 	orr.w	r3, r3, #65536	; 0x10000
     fd6:	6023      	str	r3, [r4, #0]
  FLEXCANb_MCR(_bus) |= FLEXCAN_MCR_AEN; // TX ABORT FEATURE
     fd8:	6823      	ldr	r3, [r4, #0]
     fda:	f443 5380 	orr.w	r3, r3, #4096	; 0x1000
     fde:	6023      	str	r3, [r4, #0]
  FLEXCANb_MCR(_bus) |= FLEXCAN_MCR_LPRIO_EN; // TX PRIORITY FEATURE
     fe0:	6823      	ldr	r3, [r4, #0]
     fe2:	f443 5300 	orr.w	r3, r3, #8192	; 0x2000
     fe6:	6023      	str	r3, [r4, #0]
  FLEXCANb_MCR(_bus) |= FLEXCAN_MCR_SLF_WAK; // SELF-WAKE UP FEATURE	
     fe8:	6823      	ldr	r3, [r4, #0]
     fea:	f443 0380 	orr.w	r3, r3, #4194304	; 0x400000
     fee:	6023      	str	r3, [r4, #0]
  FLEXCANb_MCR(_bus) |= FLEXCAN_MCR_WAK_SRC; // WAKE-UP LOW-PASS FILTER
     ff0:	6823      	ldr	r3, [r4, #0]
     ff2:	f443 2300 	orr.w	r3, r3, #524288	; 0x80000
     ff6:	6023      	str	r3, [r4, #0]
  FLEXCANb_MCR(_bus) &= ~0x8800; // disable DMA and FD (valid bits are reserved in legacy controllers)
     ff8:	6823      	ldr	r3, [r4, #0]
     ffa:	f423 4308 	bic.w	r3, r3, #34816	; 0x8800
     ffe:	6023      	str	r3, [r4, #0]
  FLEXCANb_CTRL2(_bus) |= FLEXCAN_CTRL2_RRS | // store remote frames
    1000:	6b63      	ldr	r3, [r4, #52]	; 0x34
    1002:	f443 23e0 	orr.w	r3, r3, #458752	; 0x70000
    1006:	6363      	str	r3, [r4, #52]	; 0x34
  FLEXCANb_MCR(_bus) |= FLEXCAN_MCR_WRN_EN;
    1008:	6823      	ldr	r3, [r4, #0]
    100a:	f443 1300 	orr.w	r3, r3, #2097152	; 0x200000
    100e:	6023      	str	r3, [r4, #0]
  FLEXCANb_MCR(_bus) |= FLEXCAN_MCR_WAK_MSK;
    1010:	6823      	ldr	r3, [r4, #0]
    1012:	f043 6380 	orr.w	r3, r3, #67108864	; 0x4000000
    1016:	6023      	str	r3, [r4, #0]
    1018:	2000      	movs	r0, #0
    101a:	f7ff fc43 	bl	8a4 <FlexCAN_T4<(CAN_DEV_TABLE)1074413568, (FLEXCAN_RXQUEUE_TABLE)256, (FLEXCAN_TXQUEUE_TABLE)16>::enableFIFO(bool) [clone .isra.0]>
  FLEXCANb_MCR(_bus) &= ~FLEXCAN_MCR_HALT;
    101e:	6823      	ldr	r3, [r4, #0]
  while (FLEXCANb_MCR(_bus) & FLEXCAN_MCR_FRZ_ACK);
    1020:	4a0c      	ldr	r2, [pc, #48]	; (1054 <FlexCAN_T4<(CAN_DEV_TABLE)1074413568, (FLEXCAN_RXQUEUE_TABLE)256, (FLEXCAN_TXQUEUE_TABLE)16>::begin()+0x120>)
  FLEXCANb_MCR(_bus) &= ~FLEXCAN_MCR_HALT;
    1022:	f023 5380 	bic.w	r3, r3, #268435456	; 0x10000000
    1026:	6023      	str	r3, [r4, #0]
  while (FLEXCANb_MCR(_bus) & FLEXCAN_MCR_FRZ_ACK);
    1028:	6813      	ldr	r3, [r2, #0]
    102a:	01db      	lsls	r3, r3, #7
    102c:	d4fc      	bmi.n	1028 <FlexCAN_T4<(CAN_DEV_TABLE)1074413568, (FLEXCAN_RXQUEUE_TABLE)256, (FLEXCAN_TXQUEUE_TABLE)16>::begin()+0xf4>
  NVIC_ENABLE_IRQ(nvicIrq);
    102e:	f8d5 290c 	ldr.w	r2, [r5, #2316]	; 0x90c
    1032:	0953      	lsrs	r3, r2, #5
    1034:	f103 2338 	add.w	r3, r3, #939538432	; 0x38003800
    1038:	3340      	adds	r3, #64	; 0x40
    103a:	2101      	movs	r1, #1
    103c:	009b      	lsls	r3, r3, #2
    103e:	f002 021f 	and.w	r2, r2, #31
    1042:	fa01 f202 	lsl.w	r2, r1, r2
    1046:	601a      	str	r2, [r3, #0]
}
    1048:	bd38      	pop	{r3, r4, r5, pc}
    104a:	bf00      	nop
    104c:	40065000 	.word	0x40065000
    1050:	40048000 	.word	0x40048000
    1054:	400a4000 	.word	0x400a4000
    1058:	1fff0200 	.word	0x1fff0200
    105c:	00000471 	.word	0x00000471

00001060 <setup>:

void setup() {
    1060:	e92d 43f0 	stmdb	sp!, {r4, r5, r6, r7, r8, r9, lr}
class usb_serial_class : public Stream
{
public:
	constexpr usb_serial_class() {}
        void begin(long) {
		uint32_t millis_begin = systick_millis_count;
    1064:	4d60      	ldr	r5, [pc, #384]	; (11e8 <setup+0x188>)
    1066:	4c61      	ldr	r4, [pc, #388]	; (11ec <setup+0x18c>)
    1068:	682e      	ldr	r6, [r5, #0]
        uint8_t numbits(void) { return usb_cdc_line_coding[1] >> 16; }
        uint8_t dtr(void) { return (usb_cdc_line_rtsdtr & USB_SERIAL_DTR) ? 1 : 0; }
        uint8_t rts(void) { return (usb_cdc_line_rtsdtr & USB_SERIAL_RTS) ? 1 : 0; }
        operator bool() {
		yield();
		return usb_configuration && (usb_cdc_line_rtsdtr & USB_SERIAL_DTR) &&
    106a:	4f61      	ldr	r7, [pc, #388]	; (11f0 <setup+0x190>)
		((uint32_t)(systick_millis_count - usb_cdc_line_rtsdtr_millis) >= 15);
    106c:	f8df 91d4 	ldr.w	r9, [pc, #468]	; 1244 <setup+0x1e4>
    1070:	b083      	sub	sp, #12
				if (elapsed > 750) break;
    1072:	f240 28ee 	movw	r8, #750	; 0x2ee
		yield();
    1076:	f003 fa85 	bl	4584 <yield>
		return usb_configuration && (usb_cdc_line_rtsdtr & USB_SERIAL_DTR) &&
    107a:	7823      	ldrb	r3, [r4, #0]
    107c:	2b00      	cmp	r3, #0
    107e:	f000 80a5 	beq.w	11cc <setup+0x16c>
    1082:	783b      	ldrb	r3, [r7, #0]
    1084:	07db      	lsls	r3, r3, #31
    1086:	f140 80a1 	bpl.w	11cc <setup+0x16c>
		((uint32_t)(systick_millis_count - usb_cdc_line_rtsdtr_millis) >= 15);
    108a:	682b      	ldr	r3, [r5, #0]
    108c:	f8d9 2000 	ldr.w	r2, [r9]
    1090:	1a9b      	subs	r3, r3, r2
		return usb_configuration && (usb_cdc_line_rtsdtr & USB_SERIAL_DTR) &&
    1092:	2b0e      	cmp	r3, #14
    1094:	f240 809a 	bls.w	11cc <setup+0x16c>
  Serial.begin(115200);

  pinMode(SILENT_0, OUTPUT);
    1098:	2101      	movs	r1, #1
    109a:	202a      	movs	r0, #42	; 0x2a
    109c:	f002 fb76 	bl	378c <pinMode>
  pinMode(SILENT_1, OUTPUT);
    10a0:	2101      	movs	r1, #1
    10a2:	2029      	movs	r0, #41	; 0x29
    10a4:	f002 fb72 	bl	378c <pinMode>
  pinMode(SILENT_2, OUTPUT);
    10a8:	2101      	movs	r1, #1
    10aa:	2028      	movs	r0, #40	; 0x28
    10ac:	f002 fb6e 	bl	378c <pinMode>

  // normal mode, not silent
  digitalWrite(SILENT_0, LOW);
    10b0:	2100      	movs	r1, #0
    10b2:	202a      	movs	r0, #42	; 0x2a
    10b4:	f002 fb32 	bl	371c <digitalWrite>
  digitalWrite(SILENT_1, LOW);
    10b8:	2100      	movs	r1, #0
    10ba:	2029      	movs	r0, #41	; 0x29
    10bc:	f002 fb2e 	bl	371c <digitalWrite>
  digitalWrite(SILENT_2, LOW);
    10c0:	2100      	movs	r1, #0
    10c2:	2028      	movs	r0, #40	; 0x28
    10c4:	f002 fb2a 	bl	371c <digitalWrite>

  pinMode(GREEN_LED, OUTPUT);
    10c8:	2101      	movs	r1, #1
    10ca:	2006      	movs	r0, #6
    10cc:	f002 fb5e 	bl	378c <pinMode>
  pinMode(YELLOW_LED, OUTPUT);
    10d0:	2101      	movs	r1, #1
    10d2:	2005      	movs	r0, #5
    10d4:	f002 fb5a 	bl	378c <pinMode>
  pinMode(RED_LED, OUTPUT);
    10d8:	2101      	movs	r1, #1
    10da:	200e      	movs	r0, #14
    10dc:	f002 fb56 	bl	378c <pinMode>
  pinMode(BLUE_LED, OUTPUT);
    10e0:	2101      	movs	r1, #1
    10e2:	2027      	movs	r0, #39	; 0x27
    10e4:	f002 fb52 	bl	378c <pinMode>

  pinMode(BUTTON1_PIN, INPUT_PULLUP);
    10e8:	2102      	movs	r1, #2
    10ea:	201c      	movs	r0, #28
    10ec:	f002 fb4e 	bl	378c <pinMode>
  pinMode(BUTTON2_PIN, INPUT_PULLUP);
    10f0:	2102      	movs	r1, #2
    10f2:	2035      	movs	r0, #53	; 0x35
    10f4:	f002 fb4a 	bl	378c <pinMode>

  digitalWrite(GREEN_LED, greenState);
    10f8:	4b3e      	ldr	r3, [pc, #248]	; (11f4 <setup+0x194>)
  digitalWrite(YELLOW_LED, yellowState);
  digitalWrite(RED_LED, redState);
  digitalWrite(BLUE_LED, blueState);

  uint32_t now = millis();
  greenLastChangeMs  = now;
    10fa:	4c3f      	ldr	r4, [pc, #252]	; (11f8 <setup+0x198>)
  digitalWrite(GREEN_LED, greenState);
    10fc:	7819      	ldrb	r1, [r3, #0]
    10fe:	2006      	movs	r0, #6
    1100:	f002 fb0c 	bl	371c <digitalWrite>
  digitalWrite(YELLOW_LED, yellowState);
    1104:	4b3d      	ldr	r3, [pc, #244]	; (11fc <setup+0x19c>)
    1106:	2005      	movs	r0, #5
    1108:	7819      	ldrb	r1, [r3, #0]
    110a:	f002 fb07 	bl	371c <digitalWrite>
  digitalWrite(RED_LED, redState);
    110e:	4b3c      	ldr	r3, [pc, #240]	; (1200 <setup+0x1a0>)
    1110:	200e      	movs	r0, #14
    1112:	7819      	ldrb	r1, [r3, #0]
    1114:	f002 fb02 	bl	371c <digitalWrite>
  digitalWrite(BLUE_LED, blueState);
    1118:	4b3a      	ldr	r3, [pc, #232]	; (1204 <setup+0x1a4>)
    111a:	2027      	movs	r0, #39	; 0x27
    111c:	7819      	ldrb	r1, [r3, #0]
    111e:	f002 fafd 	bl	371c <digitalWrite>
	volatile uint32_t ret = systick_millis_count; // single aligned 32 bit is atomic
    1122:	682b      	ldr	r3, [r5, #0]
  yellowLastChangeMs = now;
    1124:	4838      	ldr	r0, [pc, #224]	; (1208 <setup+0x1a8>)
    1126:	9301      	str	r3, [sp, #4]
	return ret;
    1128:	9b01      	ldr	r3, [sp, #4]
  redLastChangeMs    = now;
    112a:	4938      	ldr	r1, [pc, #224]	; (120c <setup+0x1ac>)
  blueLastChangeMs   = now;
    112c:	4a38      	ldr	r2, [pc, #224]	; (1210 <setup+0x1b0>)
  yellowLastChangeMs = now;
    112e:	6003      	str	r3, [r0, #0]

  Can0.begin();
    1130:	4838      	ldr	r0, [pc, #224]	; (1214 <setup+0x1b4>)
  greenLastChangeMs  = now;
    1132:	6023      	str	r3, [r4, #0]
  redLastChangeMs    = now;
    1134:	600b      	str	r3, [r1, #0]
  blueLastChangeMs   = now;
    1136:	6013      	str	r3, [r2, #0]
  Can0.begin();
    1138:	f7ff fe22 	bl	d80 <FlexCAN_T4<(CAN_DEV_TABLE)1073889280, (FLEXCAN_RXQUEUE_TABLE)256, (FLEXCAN_TXQUEUE_TABLE)16>::begin()>
  Can0.setBaudRate(250000);
    113c:	2200      	movs	r2, #0
    113e:	4936      	ldr	r1, [pc, #216]	; (1218 <setup+0x1b8>)
    1140:	4834      	ldr	r0, [pc, #208]	; (1214 <setup+0x1b4>)
    1142:	f7ff f99f 	bl	484 <FlexCAN_T4<(CAN_DEV_TABLE)1073889280, (FLEXCAN_RXQUEUE_TABLE)256, (FLEXCAN_TXQUEUE_TABLE)16>::setBaudRate(unsigned long, FLEXCAN_RXTX)>
  Can0.enableFIFO();
    1146:	2001      	movs	r0, #1
    1148:	f7ff fc78 	bl	a3c <FlexCAN_T4<(CAN_DEV_TABLE)1073889280, (FLEXCAN_RXQUEUE_TABLE)256, (FLEXCAN_TXQUEUE_TABLE)16>::enableFIFO(bool) [clone .isra.0]>
  if ( !(FLEXCANb_MCR(_bus) & FLEXCAN_MCR_FEN) ) return; /* FIFO must be enabled first */
    114c:	4b33      	ldr	r3, [pc, #204]	; (121c <setup+0x1bc>)
    114e:	681a      	ldr	r2, [r3, #0]
    1150:	0094      	lsls	r4, r2, #2
    1152:	d50a      	bpl.n	116a <setup+0x10a>
  if ( FLEXCANb_IMASK1(_bus) & FLEXCAN_IMASK1_BUF5M ) return; /* FIFO interrupts already enabled */
    1154:	6a9a      	ldr	r2, [r3, #40]	; 0x28
    1156:	0690      	lsls	r0, r2, #26
    1158:	d407      	bmi.n	116a <setup+0x10a>
  FLEXCANb_IMASK1(_bus) &= ~0xFF; /* disable FIFO interrupt flags */
    115a:	6a9a      	ldr	r2, [r3, #40]	; 0x28
    115c:	f022 02ff 	bic.w	r2, r2, #255	; 0xff
    1160:	629a      	str	r2, [r3, #40]	; 0x28
  if ( status ) FLEXCANb_IMASK1(_bus) |= FLEXCAN_IMASK1_BUF5M; /* enable FIFO interrupt */
    1162:	6a9a      	ldr	r2, [r3, #40]	; 0x28
    1164:	f042 0220 	orr.w	r2, r2, #32
    1168:	629a      	str	r2, [r3, #40]	; 0x28
  _mainHandler = handler;
    116a:	4b2d      	ldr	r3, [pc, #180]	; (1220 <setup+0x1c0>)
    116c:	4a2d      	ldr	r2, [pc, #180]	; (1224 <setup+0x1c4>)
  Can0.enableFIFOInterrupt();
  Can0.onReceive(can0Callback);

  Can1.begin();
    116e:	482e      	ldr	r0, [pc, #184]	; (1228 <setup+0x1c8>)
    1170:	f8c3 2804 	str.w	r2, [r3, #2052]	; 0x804
    1174:	f7ff fede 	bl	f34 <FlexCAN_T4<(CAN_DEV_TABLE)1074413568, (FLEXCAN_RXQUEUE_TABLE)256, (FLEXCAN_TXQUEUE_TABLE)16>::begin()>
  Can1.setBaudRate(250000);
    1178:	4927      	ldr	r1, [pc, #156]	; (1218 <setup+0x1b8>)
    117a:	482b      	ldr	r0, [pc, #172]	; (1228 <setup+0x1c8>)
    117c:	2200      	movs	r2, #0
    117e:	f7ff fa21 	bl	5c4 <FlexCAN_T4<(CAN_DEV_TABLE)1074413568, (FLEXCAN_RXQUEUE_TABLE)256, (FLEXCAN_TXQUEUE_TABLE)16>::setBaudRate(unsigned long, FLEXCAN_RXTX)>
  Can1.enableFIFO();
    1182:	2001      	movs	r0, #1
    1184:	f7ff fb8e 	bl	8a4 <FlexCAN_T4<(CAN_DEV_TABLE)1074413568, (FLEXCAN_RXQUEUE_TABLE)256, (FLEXCAN_TXQUEUE_TABLE)16>::enableFIFO(bool) [clone .isra.0]>
  if ( !(FLEXCANb_MCR(_bus) & FLEXCAN_MCR_FEN) ) return; /* FIFO must be enabled first */
    1188:	4b28      	ldr	r3, [pc, #160]	; (122c <setup+0x1cc>)
    118a:	681a      	ldr	r2, [r3, #0]
    118c:	0091      	lsls	r1, r2, #2
    118e:	d50a      	bpl.n	11a6 <setup+0x146>
  if ( FLEXCANb_IMASK1(_bus) & FLEXCAN_IMASK1_BUF5M ) return; /* FIFO interrupts already enabled */
    1190:	6a9a      	ldr	r2, [r3, #40]	; 0x28
    1192:	0692      	lsls	r2, r2, #26
    1194:	d407      	bmi.n	11a6 <setup+0x146>
  FLEXCANb_IMASK1(_bus) &= ~0xFF; /* disable FIFO interrupt flags */
    1196:	6a9a      	ldr	r2, [r3, #40]	; 0x28
    1198:	f022 02ff 	bic.w	r2, r2, #255	; 0xff
    119c:	629a      	str	r2, [r3, #40]	; 0x28
  if ( status ) FLEXCANb_IMASK1(_bus) |= FLEXCAN_IMASK1_BUF5M; /* enable FIFO interrupt */
    119e:	6a9a      	ldr	r2, [r3, #40]	; 0x28
    11a0:	f042 0220 	orr.w	r2, r2, #32
    11a4:	629a      	str	r2, [r3, #40]	; 0x28
	volatile uint32_t ret = systick_millis_count; // single aligned 32 bit is atomic
    11a6:	682b      	ldr	r3, [r5, #0]
    11a8:	9300      	str	r3, [sp, #0]
  _mainHandler = handler;
    11aa:	4c21      	ldr	r4, [pc, #132]	; (1230 <setup+0x1d0>)
  Can1.enableFIFOInterrupt();
  Can1.onReceive(can1Callback);

  lastAddressClaimMs = millis();
    11ac:	4b21      	ldr	r3, [pc, #132]	; (1234 <setup+0x1d4>)
	return ret;
    11ae:	9a00      	ldr	r2, [sp, #0]
    11b0:	4d21      	ldr	r5, [pc, #132]	; (1238 <setup+0x1d8>)
        virtual size_t write(const uint8_t *buffer, size_t size) { return usb_serial_write(buffer, size); }
    11b2:	4822      	ldr	r0, [pc, #136]	; (123c <setup+0x1dc>)
    11b4:	f8c4 5804 	str.w	r5, [r4, #2052]	; 0x804
    11b8:	2134      	movs	r1, #52	; 0x34
    11ba:	601a      	str	r2, [r3, #0]
    11bc:	f003 f8da 	bl	4374 <usb_serial_write>
	size_t print(double n, int digits = 2)		{ return printFloat(n, digits); }
	size_t print(const Printable &obj)		{ return obj.printTo(*this); }
	size_t println(void);
	size_t println(const String &s)			{ return print(s) + println(); }
	size_t println(char c)				{ return print(c) + println(); }
	size_t println(const char s[])			{ return print(s) + println(); }
    11c0:	481f      	ldr	r0, [pc, #124]	; (1240 <setup+0x1e0>)

  Serial.println("System ready. Fixed baud 250000. TX starts DISABLED.");
}
    11c2:	b003      	add	sp, #12
    11c4:	e8bd 43f0 	ldmia.w	sp!, {r4, r5, r6, r7, r8, r9, lr}
    11c8:	f002 b868 	b.w	329c <Print::println()>
			uint32_t elapsed = systick_millis_count - millis_begin;
    11cc:	682b      	ldr	r3, [r5, #0]
			if (usb_configuration) {
    11ce:	7822      	ldrb	r2, [r4, #0]
			uint32_t elapsed = systick_millis_count - millis_begin;
    11d0:	1b9b      	subs	r3, r3, r6
			if (usb_configuration) {
    11d2:	b132      	cbz	r2, 11e2 <setup+0x182>
				if (elapsed > 2000) break;
    11d4:	f5b3 6ffa 	cmp.w	r3, #2000	; 0x7d0
    11d8:	f63f af5e 	bhi.w	1098 <setup+0x38>
			yield();
    11dc:	f003 f9d2 	bl	4584 <yield>
    11e0:	e749      	b.n	1076 <setup+0x16>
				if (elapsed > 750) break;
    11e2:	4543      	cmp	r3, r8
    11e4:	d9fa      	bls.n	11dc <setup+0x17c>
    11e6:	e757      	b.n	1098 <setup+0x38>
    11e8:	1fff612c 	.word	0x1fff612c
    11ec:	1fff620c 	.word	0x1fff620c
    11f0:	1fff6230 	.word	0x1fff6230
    11f4:	1fff0735 	.word	0x1fff0735
    11f8:	1fff6110 	.word	0x1fff6110
    11fc:	1fff0739 	.word	0x1fff0739
    1200:	1fff0738 	.word	0x1fff0738
    1204:	1fff0732 	.word	0x1fff0732
    1208:	1fff6128 	.word	0x1fff6128
    120c:	1fff6120 	.word	0x1fff6120
    1210:	1fff6108 	.word	0x1fff6108
    1214:	1fff0ed0 	.word	0x1fff0ed0
    1218:	0003d090 	.word	0x0003d090
    121c:	40024000 	.word	0x40024000
    1220:	1fff2ed0 	.word	0x1fff2ed0
    1224:	00000bd5 	.word	0x00000bd5
    1228:	1fff37e8 	.word	0x1fff37e8
    122c:	400a4000 	.word	0x400a4000
    1230:	1fff57e8 	.word	0x1fff57e8
    1234:	1fff6114 	.word	0x1fff6114
    1238:	00000c19 	.word	0x00000c19
    123c:	0000b7dc 	.word	0x0000b7dc
    1240:	1fff0740 	.word	0x1fff0740
    1244:	1fff6234 	.word	0x1fff6234

00001248 <FlexCAN_T4<(CAN_DEV_TABLE)1073889280, (FLEXCAN_RXQUEUE_TABLE)256, (FLEXCAN_TXQUEUE_TABLE)16>::writeTxMailbox(unsigned char, CAN_message_t const&)>:
  if ( mb_num < 32 ) FLEXCANb_IFLAG1(_bus) |= (1UL << mb_num);
    1248:	291f      	cmp	r1, #31
FCTP_FUNC void FCTP_OPT::writeTxMailbox(uint8_t mb_num, const CAN_message_t &msg) {
    124a:	b410      	push	{r4}
  if ( mb_num < 32 ) FLEXCANb_IFLAG1(_bus) |= (1UL << mb_num);
    124c:	481b      	ldr	r0, [pc, #108]	; (12bc <FlexCAN_T4<(CAN_DEV_TABLE)1073889280, (FLEXCAN_RXQUEUE_TABLE)256, (FLEXCAN_TXQUEUE_TABLE)16>::writeTxMailbox(unsigned char, CAN_message_t const&)+0x74>)
    124e:	d823      	bhi.n	1298 <FlexCAN_T4<(CAN_DEV_TABLE)1073889280, (FLEXCAN_RXQUEUE_TABLE)256, (FLEXCAN_TXQUEUE_TABLE)16>::writeTxMailbox(unsigned char, CAN_message_t const&)+0x50>
    1250:	6b04      	ldr	r4, [r0, #48]	; 0x30
    1252:	2301      	movs	r3, #1
    1254:	408b      	lsls	r3, r1
    1256:	4323      	orrs	r3, r4
    1258:	6303      	str	r3, [r0, #48]	; 0x30
  volatile uint32_t *mbxAddr = &(*(volatile uint32_t*)(_bus + 0x80 + (mb_num * 0x10)));
    125a:	4b19      	ldr	r3, [pc, #100]	; (12c0 <FlexCAN_T4<(CAN_DEV_TABLE)1073889280, (FLEXCAN_RXQUEUE_TABLE)256, (FLEXCAN_TXQUEUE_TABLE)16>::writeTxMailbox(unsigned char, CAN_message_t const&)+0x78>)
  mbxAddr[1] = (( msg.flags.extended ) ? ( msg.id & FLEXCAN_MB_ID_EXT_MASK ) : FLEXCAN_MB_ID_IDSTD(msg.id));
    125c:	79d0      	ldrb	r0, [r2, #7]
  volatile uint32_t *mbxAddr = &(*(volatile uint32_t*)(_bus + 0x80 + (mb_num * 0x10)));
    125e:	440b      	add	r3, r1
    1260:	011b      	lsls	r3, r3, #4
  mbxAddr[0] = FLEXCAN_MB_CS_CODE(FLEXCAN_MB_CODE_TX_INACTIVE);
    1262:	f04f 6100 	mov.w	r1, #134217728	; 0x8000000
    1266:	6019      	str	r1, [r3, #0]
  mbxAddr[1] = (( msg.flags.extended ) ? ( msg.id & FLEXCAN_MB_ID_EXT_MASK ) : FLEXCAN_MB_ID_IDSTD(msg.id));
    1268:	b1f8      	cbz	r0, 12aa <FlexCAN_T4<(CAN_DEV_TABLE)1073889280, (FLEXCAN_RXQUEUE_TABLE)256, (FLEXCAN_TXQUEUE_TABLE)16>::writeTxMailbox(unsigned char, CAN_message_t const&)+0x62>
    126a:	6810      	ldr	r0, [r2, #0]
  if ( msg.flags.remote ) code |= (1UL << 20);
    126c:	7a11      	ldrb	r1, [r2, #8]
  mbxAddr[1] = (( msg.flags.extended ) ? ( msg.id & FLEXCAN_MB_ID_EXT_MASK ) : FLEXCAN_MB_ID_IDSTD(msg.id));
    126e:	f020 4060 	bic.w	r0, r0, #3758096384	; 0xe0000000
  if ( msg.flags.remote ) code |= (1UL << 20);
    1272:	0509      	lsls	r1, r1, #20
  mbxAddr[1] = (( msg.flags.extended ) ? ( msg.id & FLEXCAN_MB_ID_EXT_MASK ) : FLEXCAN_MB_ID_IDSTD(msg.id));
    1274:	6058      	str	r0, [r3, #4]
  if ( msg.flags.extended ) code |= (3UL << 21);
    1276:	f441 01c0 	orr.w	r1, r1, #6291456	; 0x600000
  for ( uint8_t i = 0; i < (8 >> 2); i++ ) mbxAddr[2 + i] = (msg.buf[0 + i * 4] << 24) | (msg.buf[1 + i * 4] << 16) | (msg.buf[2 + i * 4] << 8) | msg.buf[3 + i * 4];
    127a:	68d0      	ldr	r0, [r2, #12]
}
    127c:	f85d 4b04 	ldr.w	r4, [sp], #4
    1280:	ba00      	rev	r0, r0
  for ( uint8_t i = 0; i < (8 >> 2); i++ ) mbxAddr[2 + i] = (msg.buf[0 + i * 4] << 24) | (msg.buf[1 + i * 4] << 16) | (msg.buf[2 + i * 4] << 8) | msg.buf[3 + i * 4];
    1282:	6098      	str	r0, [r3, #8]
    1284:	6910      	ldr	r0, [r2, #16]
    1286:	ba00      	rev	r0, r0
    1288:	60d8      	str	r0, [r3, #12]
  code |= msg.len << 16;
    128a:	7ad2      	ldrb	r2, [r2, #11]
    128c:	ea41 4202 	orr.w	r2, r1, r2, lsl #16
  mbxAddr[0] = code | FLEXCAN_MB_CS_CODE(FLEXCAN_MB_CODE_TX_ONCE);
    1290:	f042 6240 	orr.w	r2, r2, #201326592	; 0xc000000
    1294:	601a      	str	r2, [r3, #0]
}
    1296:	4770      	bx	lr
  else FLEXCANb_IFLAG2(_bus) |= (1UL << (mb_num - 32));
    1298:	6ac4      	ldr	r4, [r0, #44]	; 0x2c
    129a:	f1a1 0c20 	sub.w	ip, r1, #32
    129e:	2301      	movs	r3, #1
    12a0:	fa03 f30c 	lsl.w	r3, r3, ip
    12a4:	4323      	orrs	r3, r4
    12a6:	62c3      	str	r3, [r0, #44]	; 0x2c
}
    12a8:	e7d7      	b.n	125a <FlexCAN_T4<(CAN_DEV_TABLE)1073889280, (FLEXCAN_RXQUEUE_TABLE)256, (FLEXCAN_TXQUEUE_TABLE)16>::writeTxMailbox(unsigned char, CAN_message_t const&)+0x12>
  mbxAddr[1] = (( msg.flags.extended ) ? ( msg.id & FLEXCAN_MB_ID_EXT_MASK ) : FLEXCAN_MB_ID_IDSTD(msg.id));
    12aa:	6814      	ldr	r4, [r2, #0]
    12ac:	4805      	ldr	r0, [pc, #20]	; (12c4 <FlexCAN_T4<(CAN_DEV_TABLE)1073889280, (FLEXCAN_RXQUEUE_TABLE)256, (FLEXCAN_TXQUEUE_TABLE)16>::writeTxMailbox(unsigned char, CAN_message_t const&)+0x7c>)
  if ( msg.flags.remote ) code |= (1UL << 20);
    12ae:	7a11      	ldrb	r1, [r2, #8]
  mbxAddr[1] = (( msg.flags.extended ) ? ( msg.id & FLEXCAN_MB_ID_EXT_MASK ) : FLEXCAN_MB_ID_IDSTD(msg.id));
    12b0:	ea00 4084 	and.w	r0, r0, r4, lsl #18
    12b4:	6058      	str	r0, [r3, #4]
  if ( msg.flags.remote ) code |= (1UL << 20);
    12b6:	0509      	lsls	r1, r1, #20
    12b8:	e7df      	b.n	127a <FlexCAN_T4<(CAN_DEV_TABLE)1073889280, (FLEXCAN_RXQUEUE_TABLE)256, (FLEXCAN_TXQUEUE_TABLE)16>::writeTxMailbox(unsigned char, CAN_message_t const&)+0x32>
    12ba:	bf00      	nop
    12bc:	40024000 	.word	0x40024000
    12c0:	04002408 	.word	0x04002408
    12c4:	1ffc0000 	.word	0x1ffc0000

000012c8 <FlexCAN_T4<(CAN_DEV_TABLE)1074413568, (FLEXCAN_RXQUEUE_TABLE)256, (FLEXCAN_TXQUEUE_TABLE)16>::writeTxMailbox(unsigned char, CAN_message_t const&)>:
  if ( mb_num < 32 ) FLEXCANb_IFLAG1(_bus) |= (1UL << mb_num);
    12c8:	291f      	cmp	r1, #31
FCTP_FUNC void FCTP_OPT::writeTxMailbox(uint8_t mb_num, const CAN_message_t &msg) {
    12ca:	b410      	push	{r4}
  if ( mb_num < 32 ) FLEXCANb_IFLAG1(_bus) |= (1UL << mb_num);
    12cc:	481b      	ldr	r0, [pc, #108]	; (133c <FlexCAN_T4<(CAN_DEV_TABLE)1074413568, (FLEXCAN_RXQUEUE_TABLE)256, (FLEXCAN_TXQUEUE_TABLE)16>::writeTxMailbox(unsigned char, CAN_message_t const&)+0x74>)
    12ce:	d823      	bhi.n	1318 <FlexCAN_T4<(CAN_DEV_TABLE)1074413568, (FLEXCAN_RXQUEUE_TABLE)256, (FLEXCAN_TXQUEUE_TABLE)16>::writeTxMailbox(unsigned char, CAN_message_t const&)+0x50>
    12d0:	6b04      	ldr	r4, [r0, #48]	; 0x30
    12d2:	2301      	movs	r3, #1
    12d4:	408b      	lsls	r3, r1
    12d6:	4323      	orrs	r3, r4
    12d8:	6303      	str	r3, [r0, #48]	; 0x30
  volatile uint32_t *mbxAddr = &(*(volatile uint32_t*)(_bus + 0x80 + (mb_num * 0x10)));
    12da:	4b19      	ldr	r3, [pc, #100]	; (1340 <FlexCAN_T4<(CAN_DEV_TABLE)1074413568, (FLEXCAN_RXQUEUE_TABLE)256, (FLEXCAN_TXQUEUE_TABLE)16>::writeTxMailbox(unsigned char, CAN_message_t const&)+0x78>)
  mbxAddr[1] = (( msg.flags.extended ) ? ( msg.id & FLEXCAN_MB_ID_EXT_MASK ) : FLEXCAN_MB_ID_IDSTD(msg.id));
    12dc:	79d0      	ldrb	r0, [r2, #7]
  volatile uint32_t *mbxAddr = &(*(volatile uint32_t*)(_bus + 0x80 + (mb_num * 0x10)));
    12de:	440b      	add	r3, r1
    12e0:	011b      	lsls	r3, r3, #4
  mbxAddr[0] = FLEXCAN_MB_CS_CODE(FLEXCAN_MB_CODE_TX_INACTIVE);
    12e2:	f04f 6100 	mov.w	r1, #134217728	; 0x8000000
    12e6:	6019      	str	r1, [r3, #0]
  mbxAddr[1] = (( msg.flags.extended ) ? ( msg.id & FLEXCAN_MB_ID_EXT_MASK ) : FLEXCAN_MB_ID_IDSTD(msg.id));
    12e8:	b1f8      	cbz	r0, 132a <FlexCAN_T4<(CAN_DEV_TABLE)1074413568, (FLEXCAN_RXQUEUE_TABLE)256, (FLEXCAN_TXQUEUE_TABLE)16>::writeTxMailbox(unsigned char, CAN_message_t const&)+0x62>
    12ea:	6810      	ldr	r0, [r2, #0]
  if ( msg.flags.remote ) code |= (1UL << 20);
    12ec:	7a11      	ldrb	r1, [r2, #8]
  mbxAddr[1] = (( msg.flags.extended ) ? ( msg.id & FLEXCAN_MB_ID_EXT_MASK ) : FLEXCAN_MB_ID_IDSTD(msg.id));
    12ee:	f020 4060 	bic.w	r0, r0, #3758096384	; 0xe0000000
  if ( msg.flags.remote ) code |= (1UL << 20);
    12f2:	0509      	lsls	r1, r1, #20
  mbxAddr[1] = (( msg.flags.extended ) ? ( msg.id & FLEXCAN_MB_ID_EXT_MASK ) : FLEXCAN_MB_ID_IDSTD(msg.id));
    12f4:	6058      	str	r0, [r3, #4]
  if ( msg.flags.extended ) code |= (3UL << 21);
    12f6:	f441 01c0 	orr.w	r1, r1, #6291456	; 0x600000
  for ( uint8_t i = 0; i < (8 >> 2); i++ ) mbxAddr[2 + i] = (msg.buf[0 + i * 4] << 24) | (msg.buf[1 + i * 4] << 16) | (msg.buf[2 + i * 4] << 8) | msg.buf[3 + i * 4];
    12fa:	68d0      	ldr	r0, [r2, #12]
}
    12fc:	f85d 4b04 	ldr.w	r4, [sp], #4
    1300:	ba00      	rev	r0, r0
  for ( uint8_t i = 0; i < (8 >> 2); i++ ) mbxAddr[2 + i] = (msg.buf[0 + i * 4] << 24) | (msg.buf[1 + i * 4] << 16) | (msg.buf[2 + i * 4] << 8) | msg.buf[3 + i * 4];
    1302:	6098      	str	r0, [r3, #8]
    1304:	6910      	ldr	r0, [r2, #16]
    1306:	ba00      	rev	r0, r0
    1308:	60d8      	str	r0, [r3, #12]
  code |= msg.len << 16;
    130a:	7ad2      	ldrb	r2, [r2, #11]
    130c:	ea41 4202 	orr.w	r2, r1, r2, lsl #16
  mbxAddr[0] = code | FLEXCAN_MB_CS_CODE(FLEXCAN_MB_CODE_TX_ONCE);
    1310:	f042 6240 	orr.w	r2, r2, #201326592	; 0xc000000
    1314:	601a      	str	r2, [r3, #0]
}
    1316:	4770      	bx	lr
  else FLEXCANb_IFLAG2(_bus) |= (1UL << (mb_num - 32));
    1318:	6ac4      	ldr	r4, [r0, #44]	; 0x2c
    131a:	f1a1 0c20 	sub.w	ip, r1, #32
    131e:	2301      	movs	r3, #1
    1320:	fa03 f30c 	lsl.w	r3, r3, ip
    1324:	4323      	orrs	r3, r4
    1326:	62c3      	str	r3, [r0, #44]	; 0x2c
}
    1328:	e7d7      	b.n	12da <FlexCAN_T4<(CAN_DEV_TABLE)1074413568, (FLEXCAN_RXQUEUE_TABLE)256, (FLEXCAN_TXQUEUE_TABLE)16>::writeTxMailbox(unsigned char, CAN_message_t const&)+0x12>
  mbxAddr[1] = (( msg.flags.extended ) ? ( msg.id & FLEXCAN_MB_ID_EXT_MASK ) : FLEXCAN_MB_ID_IDSTD(msg.id));
    132a:	6814      	ldr	r4, [r2, #0]
    132c:	4805      	ldr	r0, [pc, #20]	; (1344 <FlexCAN_T4<(CAN_DEV_TABLE)1074413568, (FLEXCAN_RXQUEUE_TABLE)256, (FLEXCAN_TXQUEUE_TABLE)16>::writeTxMailbox(unsigned char, CAN_message_t const&)+0x7c>)
  if ( msg.flags.remote ) code |= (1UL << 20);
    132e:	7a11      	ldrb	r1, [r2, #8]
  mbxAddr[1] = (( msg.flags.extended ) ? ( msg.id & FLEXCAN_MB_ID_EXT_MASK ) : FLEXCAN_MB_ID_IDSTD(msg.id));
    1330:	ea00 4084 	and.w	r0, r0, r4, lsl #18
    1334:	6058      	str	r0, [r3, #4]
  if ( msg.flags.remote ) code |= (1UL << 20);
    1336:	0509      	lsls	r1, r1, #20
    1338:	e7df      	b.n	12fa <FlexCAN_T4<(CAN_DEV_TABLE)1074413568, (FLEXCAN_RXQUEUE_TABLE)256, (FLEXCAN_TXQUEUE_TABLE)16>::writeTxMailbox(unsigned char, CAN_message_t const&)+0x32>
    133a:	bf00      	nop
    133c:	400a4000 	.word	0x400a4000
    1340:	0400a408 	.word	0x0400a408
    1344:	1ffc0000 	.word	0x1ffc0000

00001348 <FlexCAN_T4<(CAN_DEV_TABLE)1073889280, (FLEXCAN_RXQUEUE_TABLE)256, (FLEXCAN_TXQUEUE_TABLE)16>::mbCallbacks(FLEXCAN_MAILBOX const&, CAN_message_t const&)>:
#endif


FCTP_FUNC void FCTP_OPT::mbCallbacks(const FLEXCAN_MAILBOX &mb_num, const CAN_message_t &msg) {
    1348:	b510      	push	{r4, lr}
  if ( mb_num == FIFO ) {
    134a:	780b      	ldrb	r3, [r1, #0]
    134c:	2b63      	cmp	r3, #99	; 0x63
FCTP_FUNC void FCTP_OPT::mbCallbacks(const FLEXCAN_MAILBOX &mb_num, const CAN_message_t &msg) {
    134e:	4604      	mov	r4, r0
    1350:	b082      	sub	sp, #8
    1352:	4610      	mov	r0, r2
  if ( mb_num == FIFO ) {
    1354:	d013      	beq.n	137e <FlexCAN_T4<(CAN_DEV_TABLE)1073889280, (FLEXCAN_RXQUEUE_TABLE)256, (FLEXCAN_TXQUEUE_TABLE)16>::mbCallbacks(FLEXCAN_MAILBOX const&, CAN_message_t const&)+0x36>
    if ( _mbHandlers[0] ) _mbHandlers[0](msg);
    if ( _mainHandler ) _mainHandler(msg);
    return;
  }
  if ( _mbHandlers[mb_num] ) _mbHandlers[mb_num](msg);
    1356:	f503 631c 	add.w	r3, r3, #2496	; 0x9c0
    135a:	eb04 0383 	add.w	r3, r4, r3, lsl #2
    135e:	685b      	ldr	r3, [r3, #4]
    1360:	b113      	cbz	r3, 1368 <FlexCAN_T4<(CAN_DEV_TABLE)1073889280, (FLEXCAN_RXQUEUE_TABLE)256, (FLEXCAN_TXQUEUE_TABLE)16>::mbCallbacks(FLEXCAN_MAILBOX const&, CAN_message_t const&)+0x20>
    1362:	9201      	str	r2, [sp, #4]
    1364:	4798      	blx	r3
    1366:	9801      	ldr	r0, [sp, #4]
  if ( _mainHandler ) _mainHandler(msg);
    1368:	f504 5400 	add.w	r4, r4, #8192	; 0x2000
    136c:	f8d4 3804 	ldr.w	r3, [r4, #2052]	; 0x804
    1370:	b11b      	cbz	r3, 137a <FlexCAN_T4<(CAN_DEV_TABLE)1073889280, (FLEXCAN_RXQUEUE_TABLE)256, (FLEXCAN_TXQUEUE_TABLE)16>::mbCallbacks(FLEXCAN_MAILBOX const&, CAN_message_t const&)+0x32>
}
    1372:	b002      	add	sp, #8
    1374:	e8bd 4010 	ldmia.w	sp!, {r4, lr}
  if ( _mainHandler ) _mainHandler(msg);
    1378:	4718      	bx	r3
}
    137a:	b002      	add	sp, #8
    137c:	bd10      	pop	{r4, pc}
    if ( _mbHandlers[0] ) _mbHandlers[0](msg);
    137e:	f504 5400 	add.w	r4, r4, #8192	; 0x2000
    1382:	f8d4 3704 	ldr.w	r3, [r4, #1796]	; 0x704
    1386:	2b00      	cmp	r3, #0
    1388:	d0f0      	beq.n	136c <FlexCAN_T4<(CAN_DEV_TABLE)1073889280, (FLEXCAN_RXQUEUE_TABLE)256, (FLEXCAN_TXQUEUE_TABLE)16>::mbCallbacks(FLEXCAN_MAILBOX const&, CAN_message_t const&)+0x24>
    138a:	9201      	str	r2, [sp, #4]
    138c:	4798      	blx	r3
    138e:	9801      	ldr	r0, [sp, #4]
    1390:	e7ec      	b.n	136c <FlexCAN_T4<(CAN_DEV_TABLE)1073889280, (FLEXCAN_RXQUEUE_TABLE)256, (FLEXCAN_TXQUEUE_TABLE)16>::mbCallbacks(FLEXCAN_MAILBOX const&, CAN_message_t const&)+0x24>
    1392:	bf00      	nop

00001394 <FlexCAN_T4<(CAN_DEV_TABLE)1073889280, (FLEXCAN_RXQUEUE_TABLE)256, (FLEXCAN_TXQUEUE_TABLE)16>::events()>:
FCTP_FUNC uint64_t FCTP_OPT::events() {
    1394:	e92d 43f0 	stmdb	sp!, {r4, r5, r6, r7, r8, r9, lr}
  if ( !isEventsUsed ) isEventsUsed = 1;
    1398:	f500 5700 	add.w	r7, r0, #8192	; 0x2000
FCTP_FUNC uint64_t FCTP_OPT::events() {
    139c:	b08f      	sub	sp, #60	; 0x3c
  if ( !isEventsUsed ) isEventsUsed = 1;
    139e:	f897 3700 	ldrb.w	r3, [r7, #1792]	; 0x700
FCTP_FUNC uint64_t FCTP_OPT::events() {
    13a2:	4604      	mov	r4, r0
  if ( !isEventsUsed ) isEventsUsed = 1;
    13a4:	b913      	cbnz	r3, 13ac <FlexCAN_T4<(CAN_DEV_TABLE)1073889280, (FLEXCAN_RXQUEUE_TABLE)256, (FLEXCAN_TXQUEUE_TABLE)16>::events()+0x18>
    13a6:	2301      	movs	r3, #1
    13a8:	f887 3700 	strb.w	r3, [r7, #1792]	; 0x700
        T readBytes(T *buffer, uint16_t length);
        void flush() { clear(); }
        void clear() { head = tail = _available = 0; }
        void print(const char *p);
        void println(const char *p);
        uint16_t size() { return _available; }
    13ac:	8b23      	ldrh	r3, [r4, #24]
    13ae:	b29b      	uxth	r3, r3
  if ( rxBuffer.size() ) {
    13b0:	2b00      	cmp	r3, #0
    13b2:	d14f      	bne.n	1454 <FlexCAN_T4<(CAN_DEV_TABLE)1073889280, (FLEXCAN_RXQUEUE_TABLE)256, (FLEXCAN_TXQUEUE_TABLE)16>::events()+0xc0>
  NVIC_DISABLE_IRQ(nvicIrq);
    13b4:	f8d7 290c 	ldr.w	r2, [r7, #2316]	; 0x90c
    13b8:	0953      	lsrs	r3, r2, #5
    13ba:	f103 2338 	add.w	r3, r3, #939538432	; 0x38003800
    13be:	3360      	adds	r3, #96	; 0x60
    13c0:	009b      	lsls	r3, r3, #2
    13c2:	f002 021f 	and.w	r2, r2, #31
    13c6:	2101      	movs	r1, #1
    13c8:	fa01 f202 	lsl.w	r2, r1, r2
    13cc:	f504 5680 	add.w	r6, r4, #4096	; 0x1000
    13d0:	601a      	str	r2, [r3, #0]
    13d2:	f8b6 3b1e 	ldrh.w	r3, [r6, #2846]	; 0xb1e
    13d6:	b29b      	uxth	r3, r3
  if ( txBuffer.size() ) {
    13d8:	b323      	cbz	r3, 1424 <FlexCAN_T4<(CAN_DEV_TABLE)1073889280, (FLEXCAN_RXQUEUE_TABLE)256, (FLEXCAN_TXQUEUE_TABLE)16>::events()+0x90>


template<typename T, uint16_t _size, uint16_t multi>
T Circular_Buffer<T,_size,multi>::peek_front(T *buffer, uint16_t length, uint32_t entry) {
  if ( multi ) {
    memmove(&buffer[0],&_cabuf[((head+entry)&(_size-1))][2],length*sizeof(T)); // update CA buffer
    13da:	f8b6 1b1a 	ldrh.w	r1, [r6, #2842]	; 0xb1a
    13de:	231a      	movs	r3, #26
    13e0:	f001 010f 	and.w	r1, r1, #15
    13e4:	fb03 4101 	mla	r1, r3, r1, r4
    13e8:	f501 51d9 	add.w	r1, r1, #6944	; 0x1b20
    13ec:	3112      	adds	r1, #18
    13ee:	2218      	movs	r2, #24
    13f0:	a808      	add	r0, sp, #32
    memmove(&frame, buf, sizeof(frame));
    13f2:	ad08      	add	r5, sp, #32
    13f4:	f001 ff80 	bl	32f8 <memcpy>
    13f8:	cd0f      	ldmia	r5!, {r0, r1, r2, r3}
    13fa:	f10d 0c08 	add.w	ip, sp, #8
    13fe:	e8ac 000f 	stmia.w	ip!, {r0, r1, r2, r3}
    1402:	e895 0003 	ldmia.w	r5, {r0, r1}
    1406:	e88c 0003 	stmia.w	ip, {r0, r1}
    if ( frame.mb == -1 ) {
    140a:	f99d 101c 	ldrsb.w	r1, [sp, #28]
    140e:	1c4b      	adds	r3, r1, #1
    1410:	d04a      	beq.n	14a8 <FlexCAN_T4<(CAN_DEV_TABLE)1073889280, (FLEXCAN_RXQUEUE_TABLE)256, (FLEXCAN_TXQUEUE_TABLE)16>::events()+0x114>
    else if ( FLEXCAN_get_code(FLEXCANb_MBn_CS(_bus, frame.mb)) == FLEXCAN_MB_CODE_TX_INACTIVE ) {
    1412:	4b53      	ldr	r3, [pc, #332]	; (1560 <FlexCAN_T4<(CAN_DEV_TABLE)1073889280, (FLEXCAN_RXQUEUE_TABLE)256, (FLEXCAN_TXQUEUE_TABLE)16>::events()+0x1cc>)
    1414:	440b      	add	r3, r1
    1416:	011b      	lsls	r3, r3, #4
    1418:	681b      	ldr	r3, [r3, #0]
    141a:	f3c3 6303 	ubfx	r3, r3, #24, #4
    141e:	2b08      	cmp	r3, #8
    1420:	f000 8081 	beq.w	1526 <FlexCAN_T4<(CAN_DEV_TABLE)1073889280, (FLEXCAN_RXQUEUE_TABLE)256, (FLEXCAN_TXQUEUE_TABLE)16>::events()+0x192>
  NVIC_ENABLE_IRQ(nvicIrq);
    1424:	f8d7 290c 	ldr.w	r2, [r7, #2316]	; 0x90c
    1428:	0953      	lsrs	r3, r2, #5
    142a:	f103 2338 	add.w	r3, r3, #939538432	; 0x38003800
    142e:	3340      	adds	r3, #64	; 0x40
    1430:	009b      	lsls	r3, r3, #2
    1432:	2101      	movs	r1, #1
    1434:	f002 021f 	and.w	r2, r2, #31
    1438:	fa01 f202 	lsl.w	r2, r1, r2
    143c:	601a      	str	r2, [r3, #0]
        uint16_t size() { return _available; }
    143e:	8b23      	ldrh	r3, [r4, #24]
    1440:	f8b6 0b1e 	ldrh.w	r0, [r6, #2846]	; 0xb1e
    1444:	b29b      	uxth	r3, r3
    1446:	b280      	uxth	r0, r0
  return (uint64_t)(rxBuffer.size() << 12) | txBuffer.size();
    1448:	2100      	movs	r1, #0
    144a:	ea40 3003 	orr.w	r0, r0, r3, lsl #12
}
    144e:	b00f      	add	sp, #60	; 0x3c
    1450:	e8bd 83f0 	ldmia.w	sp!, {r4, r5, r6, r7, r8, r9, pc}
}

template<typename T, uint16_t _size, uint16_t multi>
T Circular_Buffer<T,_size,multi>::readBytes(T *buffer, uint16_t length) {
  if ( multi ) {
    memmove(&buffer[0],&_cabuf[((head)&(_size-1))][2],length*sizeof(T)); // update CA buffer
    1454:	8aa1      	ldrh	r1, [r4, #20]
    1456:	231a      	movs	r3, #26
    1458:	b2c9      	uxtb	r1, r1
    145a:	fb03 4101 	mla	r1, r3, r1, r4
    145e:	2218      	movs	r2, #24
    1460:	f501 718e 	add.w	r1, r1, #284	; 0x11c
    1464:	a808      	add	r0, sp, #32
    1466:	f001 ff47 	bl	32f8 <memcpy>
    head = ((head + 1)&(2*_size-1));
    146a:	8aa3      	ldrh	r3, [r4, #20]
    146c:	3301      	adds	r3, #1
    146e:	f3c3 0308 	ubfx	r3, r3, #0, #9
    1472:	82a3      	strh	r3, [r4, #20]
    if ( _available ) _available--;
    1474:	8b23      	ldrh	r3, [r4, #24]
    1476:	b29b      	uxth	r3, r3
    1478:	b11b      	cbz	r3, 1482 <FlexCAN_T4<(CAN_DEV_TABLE)1073889280, (FLEXCAN_RXQUEUE_TABLE)256, (FLEXCAN_TXQUEUE_TABLE)16>::events()+0xee>
    147a:	8b23      	ldrh	r3, [r4, #24]
    147c:	3b01      	subs	r3, #1
    147e:	b29b      	uxth	r3, r3
    1480:	8323      	strh	r3, [r4, #24]
    memmove(&frame, buf, sizeof(frame));
    1482:	ad08      	add	r5, sp, #32
    1484:	cd0f      	ldmia	r5!, {r0, r1, r2, r3}
    1486:	ae02      	add	r6, sp, #8
    1488:	c60f      	stmia	r6!, {r0, r1, r2, r3}
    148a:	e895 0003 	ldmia.w	r5, {r0, r1}
    148e:	e886 0003 	stmia.w	r6, {r0, r1}
    mbCallbacks((FLEXCAN_MAILBOX)frame.mb, frame);
    1492:	aa02      	add	r2, sp, #8
    1494:	f89d 301c 	ldrb.w	r3, [sp, #28]
    1498:	f88d 3007 	strb.w	r3, [sp, #7]
    149c:	f10d 0107 	add.w	r1, sp, #7
    14a0:	4620      	mov	r0, r4
    14a2:	f7ff ff51 	bl	1348 <FlexCAN_T4<(CAN_DEV_TABLE)1073889280, (FLEXCAN_RXQUEUE_TABLE)256, (FLEXCAN_TXQUEUE_TABLE)16>::mbCallbacks(FLEXCAN_MAILBOX const&, CAN_message_t const&)>
    14a6:	e785      	b.n	13b4 <FlexCAN_T4<(CAN_DEV_TABLE)1073889280, (FLEXCAN_RXQUEUE_TABLE)256, (FLEXCAN_TXQUEUE_TABLE)16>::events()+0x20>
  if ( !(FLEXCANb_MCR(_bus) & FLEXCAN_MCR_FEN ) ) return 0; /* return offset 0 since FIFO is disabled */
    14a8:	f8df 80b8 	ldr.w	r8, [pc, #184]	; 1564 <FlexCAN_T4<(CAN_DEV_TABLE)1073889280, (FLEXCAN_RXQUEUE_TABLE)256, (FLEXCAN_TXQUEUE_TABLE)16>::events()+0x1d0>
    14ac:	f8d8 5000 	ldr.w	r5, [r8]
    14b0:	f015 5500 	ands.w	r5, r5, #536870912	; 0x20000000
    14b4:	d050      	beq.n	1558 <FlexCAN_T4<(CAN_DEV_TABLE)1073889280, (FLEXCAN_RXQUEUE_TABLE)256, (FLEXCAN_TXQUEUE_TABLE)16>::events()+0x1c4>
    14b6:	f7ff f9ad 	bl	814 <FlexCAN_T4<(CAN_DEV_TABLE)1073889280, (FLEXCAN_RXQUEUE_TABLE)256, (FLEXCAN_TXQUEUE_TABLE)16>::mailboxOffset() [clone .part.0]>
      for (uint8_t i = mailboxOffset(); i < FLEXCANb_MAXMB_SIZE(_bus); i++) {
    14ba:	f8d8 3000 	ldr.w	r3, [r8]
    14be:	f003 037f 	and.w	r3, r3, #127	; 0x7f
    14c2:	3301      	adds	r3, #1
    14c4:	4283      	cmp	r3, r0
    14c6:	4605      	mov	r5, r0
    14c8:	d9ac      	bls.n	1424 <FlexCAN_T4<(CAN_DEV_TABLE)1073889280, (FLEXCAN_RXQUEUE_TABLE)256, (FLEXCAN_TXQUEUE_TABLE)16>::events()+0x90>
        if ( FLEXCAN_get_code(FLEXCANb_MBn_CS(_bus, i)) == FLEXCAN_MB_CODE_TX_INACTIVE ) {
    14ca:	f8df 9094 	ldr.w	r9, [pc, #148]	; 1560 <FlexCAN_T4<(CAN_DEV_TABLE)1073889280, (FLEXCAN_RXQUEUE_TABLE)256, (FLEXCAN_TXQUEUE_TABLE)16>::events()+0x1cc>
      for (uint8_t i = mailboxOffset(); i < FLEXCANb_MAXMB_SIZE(_bus); i++) {
    14ce:	f8df 8094 	ldr.w	r8, [pc, #148]	; 1564 <FlexCAN_T4<(CAN_DEV_TABLE)1073889280, (FLEXCAN_RXQUEUE_TABLE)256, (FLEXCAN_TXQUEUE_TABLE)16>::events()+0x1d0>
    14d2:	e008      	b.n	14e6 <FlexCAN_T4<(CAN_DEV_TABLE)1073889280, (FLEXCAN_RXQUEUE_TABLE)256, (FLEXCAN_TXQUEUE_TABLE)16>::events()+0x152>
    14d4:	f8d8 3000 	ldr.w	r3, [r8]
    14d8:	3501      	adds	r5, #1
    14da:	f003 037f 	and.w	r3, r3, #127	; 0x7f
    14de:	b2ed      	uxtb	r5, r5
    14e0:	3301      	adds	r3, #1
    14e2:	429d      	cmp	r5, r3
    14e4:	d29e      	bcs.n	1424 <FlexCAN_T4<(CAN_DEV_TABLE)1073889280, (FLEXCAN_RXQUEUE_TABLE)256, (FLEXCAN_TXQUEUE_TABLE)16>::events()+0x90>
        if ( FLEXCAN_get_code(FLEXCANb_MBn_CS(_bus, i)) == FLEXCAN_MB_CODE_TX_INACTIVE ) {
    14e6:	eb05 0309 	add.w	r3, r5, r9
    14ea:	011b      	lsls	r3, r3, #4
    14ec:	681b      	ldr	r3, [r3, #0]
    14ee:	f3c3 6303 	ubfx	r3, r3, #24, #4
    14f2:	2b08      	cmp	r3, #8
    14f4:	d1ee      	bne.n	14d4 <FlexCAN_T4<(CAN_DEV_TABLE)1073889280, (FLEXCAN_RXQUEUE_TABLE)256, (FLEXCAN_TXQUEUE_TABLE)16>::events()+0x140>
          writeTxMailbox(i, frame);
    14f6:	aa02      	add	r2, sp, #8
    14f8:	4629      	mov	r1, r5
    14fa:	4620      	mov	r0, r4
    14fc:	f7ff fea4 	bl	1248 <FlexCAN_T4<(CAN_DEV_TABLE)1073889280, (FLEXCAN_RXQUEUE_TABLE)256, (FLEXCAN_TXQUEUE_TABLE)16>::writeTxMailbox(unsigned char, CAN_message_t const&)>
    head = ((head + 1)&(2*_size-1));
    1500:	f8b6 3b1a 	ldrh.w	r3, [r6, #2842]	; 0xb1a
    1504:	3301      	adds	r3, #1
    1506:	f003 031f 	and.w	r3, r3, #31
    150a:	f8a6 3b1a 	strh.w	r3, [r6, #2842]	; 0xb1a
    if ( _available ) _available--;
    150e:	f8b6 3b1e 	ldrh.w	r3, [r6, #2846]	; 0xb1e
    1512:	b29b      	uxth	r3, r3
    1514:	2b00      	cmp	r3, #0
    1516:	d0dd      	beq.n	14d4 <FlexCAN_T4<(CAN_DEV_TABLE)1073889280, (FLEXCAN_RXQUEUE_TABLE)256, (FLEXCAN_TXQUEUE_TABLE)16>::events()+0x140>
    1518:	f8b6 3b1e 	ldrh.w	r3, [r6, #2846]	; 0xb1e
    151c:	3b01      	subs	r3, #1
    151e:	b29b      	uxth	r3, r3
    1520:	f8a6 3b1e 	strh.w	r3, [r6, #2846]	; 0xb1e
    1524:	e7d6      	b.n	14d4 <FlexCAN_T4<(CAN_DEV_TABLE)1073889280, (FLEXCAN_RXQUEUE_TABLE)256, (FLEXCAN_TXQUEUE_TABLE)16>::events()+0x140>
      writeTxMailbox(frame.mb, frame);
    1526:	aa02      	add	r2, sp, #8
    1528:	b2c9      	uxtb	r1, r1
    152a:	4620      	mov	r0, r4
    152c:	f7ff fe8c 	bl	1248 <FlexCAN_T4<(CAN_DEV_TABLE)1073889280, (FLEXCAN_RXQUEUE_TABLE)256, (FLEXCAN_TXQUEUE_TABLE)16>::writeTxMailbox(unsigned char, CAN_message_t const&)>
    head = ((head + 1)&(2*_size-1));
    1530:	f8b6 3b1a 	ldrh.w	r3, [r6, #2842]	; 0xb1a
    1534:	3301      	adds	r3, #1
    1536:	f003 031f 	and.w	r3, r3, #31
    153a:	f8a6 3b1a 	strh.w	r3, [r6, #2842]	; 0xb1a
    if ( _available ) _available--;
    153e:	f8b6 3b1e 	ldrh.w	r3, [r6, #2846]	; 0xb1e
    1542:	b29b      	uxth	r3, r3
    1544:	2b00      	cmp	r3, #0
    1546:	f43f af6d 	beq.w	1424 <FlexCAN_T4<(CAN_DEV_TABLE)1073889280, (FLEXCAN_RXQUEUE_TABLE)256, (FLEXCAN_TXQUEUE_TABLE)16>::events()+0x90>
    154a:	f8b6 3b1e 	ldrh.w	r3, [r6, #2846]	; 0xb1e
    154e:	3b01      	subs	r3, #1
    1550:	b29b      	uxth	r3, r3
    1552:	f8a6 3b1e 	strh.w	r3, [r6, #2846]	; 0xb1e
    1556:	e765      	b.n	1424 <FlexCAN_T4<(CAN_DEV_TABLE)1073889280, (FLEXCAN_RXQUEUE_TABLE)256, (FLEXCAN_TXQUEUE_TABLE)16>::events()+0x90>
      for (uint8_t i = mailboxOffset(); i < FLEXCANb_MAXMB_SIZE(_bus); i++) {
    1558:	f8d8 3000 	ldr.w	r3, [r8]
    155c:	e7b5      	b.n	14ca <FlexCAN_T4<(CAN_DEV_TABLE)1073889280, (FLEXCAN_RXQUEUE_TABLE)256, (FLEXCAN_TXQUEUE_TABLE)16>::events()+0x136>
    155e:	bf00      	nop
    1560:	04002408 	.word	0x04002408
    1564:	40024000 	.word	0x40024000

00001568 <FlexCAN_T4<(CAN_DEV_TABLE)1074413568, (FLEXCAN_RXQUEUE_TABLE)256, (FLEXCAN_TXQUEUE_TABLE)16>::mbCallbacks(FLEXCAN_MAILBOX const&, CAN_message_t const&)>:
FCTP_FUNC void FCTP_OPT::mbCallbacks(const FLEXCAN_MAILBOX &mb_num, const CAN_message_t &msg) {
    1568:	b510      	push	{r4, lr}
  if ( mb_num == FIFO ) {
    156a:	780b      	ldrb	r3, [r1, #0]
    156c:	2b63      	cmp	r3, #99	; 0x63
FCTP_FUNC void FCTP_OPT::mbCallbacks(const FLEXCAN_MAILBOX &mb_num, const CAN_message_t &msg) {
    156e:	4604      	mov	r4, r0
    1570:	b082      	sub	sp, #8
    1572:	4610      	mov	r0, r2
  if ( mb_num == FIFO ) {
    1574:	d013      	beq.n	159e <FlexCAN_T4<(CAN_DEV_TABLE)1074413568, (FLEXCAN_RXQUEUE_TABLE)256, (FLEXCAN_TXQUEUE_TABLE)16>::mbCallbacks(FLEXCAN_MAILBOX const&, CAN_message_t const&)+0x36>
  if ( _mbHandlers[mb_num] ) _mbHandlers[mb_num](msg);
    1576:	f503 631c 	add.w	r3, r3, #2496	; 0x9c0
    157a:	eb04 0383 	add.w	r3, r4, r3, lsl #2
    157e:	685b      	ldr	r3, [r3, #4]
    1580:	b113      	cbz	r3, 1588 <FlexCAN_T4<(CAN_DEV_TABLE)1074413568, (FLEXCAN_RXQUEUE_TABLE)256, (FLEXCAN_TXQUEUE_TABLE)16>::mbCallbacks(FLEXCAN_MAILBOX const&, CAN_message_t const&)+0x20>
    1582:	9201      	str	r2, [sp, #4]
    1584:	4798      	blx	r3
    1586:	9801      	ldr	r0, [sp, #4]
  if ( _mainHandler ) _mainHandler(msg);
    1588:	f504 5400 	add.w	r4, r4, #8192	; 0x2000
    158c:	f8d4 3804 	ldr.w	r3, [r4, #2052]	; 0x804
    1590:	b11b      	cbz	r3, 159a <FlexCAN_T4<(CAN_DEV_TABLE)1074413568, (FLEXCAN_RXQUEUE_TABLE)256, (FLEXCAN_TXQUEUE_TABLE)16>::mbCallbacks(FLEXCAN_MAILBOX const&, CAN_message_t const&)+0x32>
}
    1592:	b002      	add	sp, #8
    1594:	e8bd 4010 	ldmia.w	sp!, {r4, lr}
  if ( _mainHandler ) _mainHandler(msg);
    1598:	4718      	bx	r3
}
    159a:	b002      	add	sp, #8
    159c:	bd10      	pop	{r4, pc}
    if ( _mbHandlers[0] ) _mbHandlers[0](msg);
    159e:	f504 5400 	add.w	r4, r4, #8192	; 0x2000
    15a2:	f8d4 3704 	ldr.w	r3, [r4, #1796]	; 0x704
    15a6:	2b00      	cmp	r3, #0
    15a8:	d0f0      	beq.n	158c <FlexCAN_T4<(CAN_DEV_TABLE)1074413568, (FLEXCAN_RXQUEUE_TABLE)256, (FLEXCAN_TXQUEUE_TABLE)16>::mbCallbacks(FLEXCAN_MAILBOX const&, CAN_message_t const&)+0x24>
    15aa:	9201      	str	r2, [sp, #4]
    15ac:	4798      	blx	r3
    15ae:	9801      	ldr	r0, [sp, #4]
    15b0:	e7ec      	b.n	158c <FlexCAN_T4<(CAN_DEV_TABLE)1074413568, (FLEXCAN_RXQUEUE_TABLE)256, (FLEXCAN_TXQUEUE_TABLE)16>::mbCallbacks(FLEXCAN_MAILBOX const&, CAN_message_t const&)+0x24>
    15b2:	bf00      	nop

000015b4 <FlexCAN_T4<(CAN_DEV_TABLE)1074413568, (FLEXCAN_RXQUEUE_TABLE)256, (FLEXCAN_TXQUEUE_TABLE)16>::events()>:
FCTP_FUNC uint64_t FCTP_OPT::events() {
    15b4:	e92d 43f0 	stmdb	sp!, {r4, r5, r6, r7, r8, r9, lr}
  if ( !isEventsUsed ) isEventsUsed = 1;
    15b8:	f500 5700 	add.w	r7, r0, #8192	; 0x2000
FCTP_FUNC uint64_t FCTP_OPT::events() {
    15bc:	b08f      	sub	sp, #60	; 0x3c
  if ( !isEventsUsed ) isEventsUsed = 1;
    15be:	f897 3700 	ldrb.w	r3, [r7, #1792]	; 0x700
FCTP_FUNC uint64_t FCTP_OPT::events() {
    15c2:	4604      	mov	r4, r0
  if ( !isEventsUsed ) isEventsUsed = 1;
    15c4:	b913      	cbnz	r3, 15cc <FlexCAN_T4<(CAN_DEV_TABLE)1074413568, (FLEXCAN_RXQUEUE_TABLE)256, (FLEXCAN_TXQUEUE_TABLE)16>::events()+0x18>
    15c6:	2301      	movs	r3, #1
    15c8:	f887 3700 	strb.w	r3, [r7, #1792]	; 0x700
        uint16_t size() { return _available; }
    15cc:	8b23      	ldrh	r3, [r4, #24]
    15ce:	b29b      	uxth	r3, r3
  if ( rxBuffer.size() ) {
    15d0:	2b00      	cmp	r3, #0
    15d2:	d14f      	bne.n	1674 <FlexCAN_T4<(CAN_DEV_TABLE)1074413568, (FLEXCAN_RXQUEUE_TABLE)256, (FLEXCAN_TXQUEUE_TABLE)16>::events()+0xc0>
  NVIC_DISABLE_IRQ(nvicIrq);
    15d4:	f8d7 290c 	ldr.w	r2, [r7, #2316]	; 0x90c
    15d8:	0953      	lsrs	r3, r2, #5
    15da:	f103 2338 	add.w	r3, r3, #939538432	; 0x38003800
    15de:	3360      	adds	r3, #96	; 0x60
    15e0:	009b      	lsls	r3, r3, #2
    15e2:	f002 021f 	and.w	r2, r2, #31
    15e6:	2101      	movs	r1, #1
    15e8:	fa01 f202 	lsl.w	r2, r1, r2
    15ec:	f504 5680 	add.w	r6, r4, #4096	; 0x1000
    15f0:	601a      	str	r2, [r3, #0]
    15f2:	f8b6 3b1e 	ldrh.w	r3, [r6, #2846]	; 0xb1e
    15f6:	b29b      	uxth	r3, r3
  if ( txBuffer.size() ) {
    15f8:	b323      	cbz	r3, 1644 <FlexCAN_T4<(CAN_DEV_TABLE)1074413568, (FLEXCAN_RXQUEUE_TABLE)256, (FLEXCAN_TXQUEUE_TABLE)16>::events()+0x90>
    memmove(&buffer[0],&_cabuf[((head+entry)&(_size-1))][2],length*sizeof(T)); // update CA buffer
    15fa:	f8b6 1b1a 	ldrh.w	r1, [r6, #2842]	; 0xb1a
    15fe:	231a      	movs	r3, #26
    1600:	f001 010f 	and.w	r1, r1, #15
    1604:	fb03 4101 	mla	r1, r3, r1, r4
    1608:	f501 51d9 	add.w	r1, r1, #6944	; 0x1b20
    160c:	3112      	adds	r1, #18
    160e:	2218      	movs	r2, #24
    1610:	a808      	add	r0, sp, #32
    memmove(&frame, buf, sizeof(frame));
    1612:	ad08      	add	r5, sp, #32
    1614:	f001 fe70 	bl	32f8 <memcpy>
    1618:	cd0f      	ldmia	r5!, {r0, r1, r2, r3}
    161a:	f10d 0c08 	add.w	ip, sp, #8
    161e:	e8ac 000f 	stmia.w	ip!, {r0, r1, r2, r3}
    1622:	e895 0003 	ldmia.w	r5, {r0, r1}
    1626:	e88c 0003 	stmia.w	ip, {r0, r1}
    if ( frame.mb == -1 ) {
    162a:	f99d 101c 	ldrsb.w	r1, [sp, #28]
    162e:	1c4b      	adds	r3, r1, #1
    1630:	d04a      	beq.n	16c8 <FlexCAN_T4<(CAN_DEV_TABLE)1074413568, (FLEXCAN_RXQUEUE_TABLE)256, (FLEXCAN_TXQUEUE_TABLE)16>::events()+0x114>
    else if ( FLEXCAN_get_code(FLEXCANb_MBn_CS(_bus, frame.mb)) == FLEXCAN_MB_CODE_TX_INACTIVE ) {
    1632:	4b53      	ldr	r3, [pc, #332]	; (1780 <FlexCAN_T4<(CAN_DEV_TABLE)1074413568, (FLEXCAN_RXQUEUE_TABLE)256, (FLEXCAN_TXQUEUE_TABLE)16>::events()+0x1cc>)
    1634:	440b      	add	r3, r1
    1636:	011b      	lsls	r3, r3, #4
    1638:	681b      	ldr	r3, [r3, #0]
    163a:	f3c3 6303 	ubfx	r3, r3, #24, #4
    163e:	2b08      	cmp	r3, #8
    1640:	f000 8081 	beq.w	1746 <FlexCAN_T4<(CAN_DEV_TABLE)1074413568, (FLEXCAN_RXQUEUE_TABLE)256, (FLEXCAN_TXQUEUE_TABLE)16>::events()+0x192>
  NVIC_ENABLE_IRQ(nvicIrq);
    1644:	f8d7 290c 	ldr.w	r2, [r7, #2316]	; 0x90c
    1648:	0953      	lsrs	r3, r2, #5
    164a:	f103 2338 	add.w	r3, r3, #939538432	; 0x38003800
    164e:	3340      	adds	r3, #64	; 0x40
    1650:	009b      	lsls	r3, r3, #2
    1652:	2101      	movs	r1, #1
    1654:	f002 021f 	and.w	r2, r2, #31
    1658:	fa01 f202 	lsl.w	r2, r1, r2
    165c:	601a      	str	r2, [r3, #0]
        uint16_t size() { return _available; }
    165e:	8b23      	ldrh	r3, [r4, #24]
    1660:	f8b6 0b1e 	ldrh.w	r0, [r6, #2846]	; 0xb1e
    1664:	b29b      	uxth	r3, r3
    1666:	b280      	uxth	r0, r0
  return (uint64_t)(rxBuffer.size() << 12) | txBuffer.size();
    1668:	2100      	movs	r1, #0
    166a:	ea40 3003 	orr.w	r0, r0, r3, lsl #12
}
    166e:	b00f      	add	sp, #60	; 0x3c
    1670:	e8bd 83f0 	ldmia.w	sp!, {r4, r5, r6, r7, r8, r9, pc}
    memmove(&buffer[0],&_cabuf[((head)&(_size-1))][2],length*sizeof(T)); // update CA buffer
    1674:	8aa1      	ldrh	r1, [r4, #20]
    1676:	231a      	movs	r3, #26
    1678:	b2c9      	uxtb	r1, r1
    167a:	fb03 4101 	mla	r1, r3, r1, r4
    167e:	2218      	movs	r2, #24
    1680:	f501 718e 	add.w	r1, r1, #284	; 0x11c
    1684:	a808      	add	r0, sp, #32
    1686:	f001 fe37 	bl	32f8 <memcpy>
    head = ((head + 1)&(2*_size-1));
    168a:	8aa3      	ldrh	r3, [r4, #20]
    168c:	3301      	adds	r3, #1
    168e:	f3c3 0308 	ubfx	r3, r3, #0, #9
    1692:	82a3      	strh	r3, [r4, #20]
    if ( _available ) _available--;
    1694:	8b23      	ldrh	r3, [r4, #24]
    1696:	b29b      	uxth	r3, r3
    1698:	b11b      	cbz	r3, 16a2 <FlexCAN_T4<(CAN_DEV_TABLE)1074413568, (FLEXCAN_RXQUEUE_TABLE)256, (FLEXCAN_TXQUEUE_TABLE)16>::events()+0xee>
    169a:	8b23      	ldrh	r3, [r4, #24]
    169c:	3b01      	subs	r3, #1
    169e:	b29b      	uxth	r3, r3
    16a0:	8323      	strh	r3, [r4, #24]
    memmove(&frame, buf, sizeof(frame));
    16a2:	ad08      	add	r5, sp, #32
    16a4:	cd0f      	ldmia	r5!, {r0, r1, r2, r3}
    16a6:	ae02      	add	r6, sp, #8
    16a8:	c60f      	stmia	r6!, {r0, r1, r2, r3}
    16aa:	e895 0003 	ldmia.w	r5, {r0, r1}
    16ae:	e886 0003 	stmia.w	r6, {r0, r1}
    mbCallbacks((FLEXCAN_MAILBOX)frame.mb, frame);
    16b2:	aa02      	add	r2, sp, #8
    16b4:	f89d 301c 	ldrb.w	r3, [sp, #28]
    16b8:	f88d 3007 	strb.w	r3, [sp, #7]
    16bc:	f10d 0107 	add.w	r1, sp, #7
    16c0:	4620      	mov	r0, r4
    16c2:	f7ff ff51 	bl	1568 <FlexCAN_T4<(CAN_DEV_TABLE)1074413568, (FLEXCAN_RXQUEUE_TABLE)256, (FLEXCAN_TXQUEUE_TABLE)16>::mbCallbacks(FLEXCAN_MAILBOX const&, CAN_message_t const&)>
    16c6:	e785      	b.n	15d4 <FlexCAN_T4<(CAN_DEV_TABLE)1074413568, (FLEXCAN_RXQUEUE_TABLE)256, (FLEXCAN_TXQUEUE_TABLE)16>::events()+0x20>
  if ( !(FLEXCANb_MCR(_bus) & FLEXCAN_MCR_FEN ) ) return 0; /* return offset 0 since FIFO is disabled */
    16c8:	f8df 80b8 	ldr.w	r8, [pc, #184]	; 1784 <FlexCAN_T4<(CAN_DEV_TABLE)1074413568, (FLEXCAN_RXQUEUE_TABLE)256, (FLEXCAN_TXQUEUE_TABLE)16>::events()+0x1d0>
    16cc:	f8d8 5000 	ldr.w	r5, [r8]
    16d0:	f015 5500 	ands.w	r5, r5, #536870912	; 0x20000000
    16d4:	d050      	beq.n	1778 <FlexCAN_T4<(CAN_DEV_TABLE)1074413568, (FLEXCAN_RXQUEUE_TABLE)256, (FLEXCAN_TXQUEUE_TABLE)16>::events()+0x1c4>
    16d6:	f7ff f8c1 	bl	85c <FlexCAN_T4<(CAN_DEV_TABLE)1074413568, (FLEXCAN_RXQUEUE_TABLE)256, (FLEXCAN_TXQUEUE_TABLE)16>::mailboxOffset() [clone .part.0]>
      for (uint8_t i = mailboxOffset(); i < FLEXCANb_MAXMB_SIZE(_bus); i++) {
    16da:	f8d8 3000 	ldr.w	r3, [r8]
    16de:	f003 037f 	and.w	r3, r3, #127	; 0x7f
    16e2:	3301      	adds	r3, #1
    16e4:	4283      	cmp	r3, r0
    16e6:	4605      	mov	r5, r0
    16e8:	d9ac      	bls.n	1644 <FlexCAN_T4<(CAN_DEV_TABLE)1074413568, (FLEXCAN_RXQUEUE_TABLE)256, (FLEXCAN_TXQUEUE_TABLE)16>::events()+0x90>
        if ( FLEXCAN_get_code(FLEXCANb_MBn_CS(_bus, i)) == FLEXCAN_MB_CODE_TX_INACTIVE ) {
    16ea:	f8df 9094 	ldr.w	r9, [pc, #148]	; 1780 <FlexCAN_T4<(CAN_DEV_TABLE)1074413568, (FLEXCAN_RXQUEUE_TABLE)256, (FLEXCAN_TXQUEUE_TABLE)16>::events()+0x1cc>
      for (uint8_t i = mailboxOffset(); i < FLEXCANb_MAXMB_SIZE(_bus); i++) {
    16ee:	f8df 8094 	ldr.w	r8, [pc, #148]	; 1784 <FlexCAN_T4<(CAN_DEV_TABLE)1074413568, (FLEXCAN_RXQUEUE_TABLE)256, (FLEXCAN_TXQUEUE_TABLE)16>::events()+0x1d0>
    16f2:	e008      	b.n	1706 <FlexCAN_T4<(CAN_DEV_TABLE)1074413568, (FLEXCAN_RXQUEUE_TABLE)256, (FLEXCAN_TXQUEUE_TABLE)16>::events()+0x152>
    16f4:	f8d8 3000 	ldr.w	r3, [r8]
    16f8:	3501      	adds	r5, #1
    16fa:	f003 037f 	and.w	r3, r3, #127	; 0x7f
    16fe:	b2ed      	uxtb	r5, r5
    1700:	3301      	adds	r3, #1
    1702:	429d      	cmp	r5, r3
    1704:	d29e      	bcs.n	1644 <FlexCAN_T4<(CAN_DEV_TABLE)1074413568, (FLEXCAN_RXQUEUE_TABLE)256, (FLEXCAN_TXQUEUE_TABLE)16>::events()+0x90>
        if ( FLEXCAN_get_code(FLEXCANb_MBn_CS(_bus, i)) == FLEXCAN_MB_CODE_TX_INACTIVE ) {
    1706:	eb05 0309 	add.w	r3, r5, r9
    170a:	011b      	lsls	r3, r3, #4
    170c:	681b      	ldr	r3, [r3, #0]
    170e:	f3c3 6303 	ubfx	r3, r3, #24, #4
    1712:	2b08      	cmp	r3, #8
    1714:	d1ee      	bne.n	16f4 <FlexCAN_T4<(CAN_DEV_TABLE)1074413568, (FLEXCAN_RXQUEUE_TABLE)256, (FLEXCAN_TXQUEUE_TABLE)16>::events()+0x140>
          writeTxMailbox(i, frame);
    1716:	aa02      	add	r2, sp, #8
    1718:	4629      	mov	r1, r5
    171a:	4620      	mov	r0, r4
    171c:	f7ff fdd4 	bl	12c8 <FlexCAN_T4<(CAN_DEV_TABLE)1074413568, (FLEXCAN_RXQUEUE_TABLE)256, (FLEXCAN_TXQUEUE_TABLE)16>::writeTxMailbox(unsigned char, CAN_message_t const&)>
    head = ((head + 1)&(2*_size-1));
    1720:	f8b6 3b1a 	ldrh.w	r3, [r6, #2842]	; 0xb1a
    1724:	3301      	adds	r3, #1
    1726:	f003 031f 	and.w	r3, r3, #31
    172a:	f8a6 3b1a 	strh.w	r3, [r6, #2842]	; 0xb1a
    if ( _available ) _available--;
    172e:	f8b6 3b1e 	ldrh.w	r3, [r6, #2846]	; 0xb1e
    1732:	b29b      	uxth	r3, r3
    1734:	2b00      	cmp	r3, #0
    1736:	d0dd      	beq.n	16f4 <FlexCAN_T4<(CAN_DEV_TABLE)1074413568, (FLEXCAN_RXQUEUE_TABLE)256, (FLEXCAN_TXQUEUE_TABLE)16>::events()+0x140>
    1738:	f8b6 3b1e 	ldrh.w	r3, [r6, #2846]	; 0xb1e
    173c:	3b01      	subs	r3, #1
    173e:	b29b      	uxth	r3, r3
    1740:	f8a6 3b1e 	strh.w	r3, [r6, #2846]	; 0xb1e
    1744:	e7d6      	b.n	16f4 <FlexCAN_T4<(CAN_DEV_TABLE)1074413568, (FLEXCAN_RXQUEUE_TABLE)256, (FLEXCAN_TXQUEUE_TABLE)16>::events()+0x140>
      writeTxMailbox(frame.mb, frame);
    1746:	aa02      	add	r2, sp, #8
    1748:	b2c9      	uxtb	r1, r1
    174a:	4620      	mov	r0, r4
    174c:	f7ff fdbc 	bl	12c8 <FlexCAN_T4<(CAN_DEV_TABLE)1074413568, (FLEXCAN_RXQUEUE_TABLE)256, (FLEXCAN_TXQUEUE_TABLE)16>::writeTxMailbox(unsigned char, CAN_message_t const&)>
    head = ((head + 1)&(2*_size-1));
    1750:	f8b6 3b1a 	ldrh.w	r3, [r6, #2842]	; 0xb1a
    1754:	3301      	adds	r3, #1
    1756:	f003 031f 	and.w	r3, r3, #31
    175a:	f8a6 3b1a 	strh.w	r3, [r6, #2842]	; 0xb1a
    if ( _available ) _available--;
    175e:	f8b6 3b1e 	ldrh.w	r3, [r6, #2846]	; 0xb1e
    1762:	b29b      	uxth	r3, r3
    1764:	2b00      	cmp	r3, #0
    1766:	f43f af6d 	beq.w	1644 <FlexCAN_T4<(CAN_DEV_TABLE)1074413568, (FLEXCAN_RXQUEUE_TABLE)256, (FLEXCAN_TXQUEUE_TABLE)16>::events()+0x90>
    176a:	f8b6 3b1e 	ldrh.w	r3, [r6, #2846]	; 0xb1e
    176e:	3b01      	subs	r3, #1
    1770:	b29b      	uxth	r3, r3
    1772:	f8a6 3b1e 	strh.w	r3, [r6, #2846]	; 0xb1e
    1776:	e765      	b.n	1644 <FlexCAN_T4<(CAN_DEV_TABLE)1074413568, (FLEXCAN_RXQUEUE_TABLE)256, (FLEXCAN_TXQUEUE_TABLE)16>::events()+0x90>
      for (uint8_t i = mailboxOffset(); i < FLEXCANb_MAXMB_SIZE(_bus); i++) {
    1778:	f8d8 3000 	ldr.w	r3, [r8]
    177c:	e7b5      	b.n	16ea <FlexCAN_T4<(CAN_DEV_TABLE)1074413568, (FLEXCAN_RXQUEUE_TABLE)256, (FLEXCAN_TXQUEUE_TABLE)16>::events()+0x136>
    177e:	bf00      	nop
    1780:	0400a408 	.word	0x0400a408
    1784:	400a4000 	.word	0x400a4000

00001788 <Circular_Buffer<unsigned char, (unsigned short)16, (unsigned short)24>::write(unsigned char const*, unsigned short)>:
    _cabuf[((tail)&(_size-1))][0] = length & 0xFF00;
    1788:	8843      	ldrh	r3, [r0, #2]
    178a:	f04f 0c1a 	mov.w	ip, #26
    178e:	f003 030f 	and.w	r3, r3, #15
    1792:	fb0c 0303 	mla	r3, ip, r3, r0
void Circular_Buffer<T,_size,multi>::write(const T *buffer, uint16_t length) {
    1796:	b510      	push	{r4, lr}
    1798:	4604      	mov	r4, r0
    _cabuf[((tail)&(_size-1))][0] = length & 0xFF00;
    179a:	2000      	movs	r0, #0
    179c:	7598      	strb	r0, [r3, #22]
    _cabuf[((tail)&(_size-1))][1] = length & 0xFF;
    179e:	8863      	ldrh	r3, [r4, #2]
    17a0:	f003 030f 	and.w	r3, r3, #15
    17a4:	fb0c 4303 	mla	r3, ip, r3, r4
    17a8:	75da      	strb	r2, [r3, #23]
    memmove(_cabuf[((tail)&(_size-1))]+2,buffer,length*sizeof(T));
    17aa:	8860      	ldrh	r0, [r4, #2]
    17ac:	f000 000f 	and.w	r0, r0, #15
    17b0:	fb0c 4000 	mla	r0, ip, r0, r4
    17b4:	3018      	adds	r0, #24
    17b6:	f004 f8bd 	bl	5934 <memmove>
    if ( tail == ((head ^ _size)) ) head = ((head + 1)&(2*_size-1));
    17ba:	8862      	ldrh	r2, [r4, #2]
    17bc:	8823      	ldrh	r3, [r4, #0]
    17be:	b29b      	uxth	r3, r3
    17c0:	b292      	uxth	r2, r2
    17c2:	f083 0310 	eor.w	r3, r3, #16
    17c6:	429a      	cmp	r2, r3
    17c8:	d104      	bne.n	17d4 <Circular_Buffer<unsigned char, (unsigned short)16, (unsigned short)24>::write(unsigned char const*, unsigned short)+0x4c>
    17ca:	8823      	ldrh	r3, [r4, #0]
    17cc:	3301      	adds	r3, #1
    17ce:	f003 031f 	and.w	r3, r3, #31
    17d2:	8023      	strh	r3, [r4, #0]
    tail = ((tail + 1)&(2*_size-1));
    17d4:	8863      	ldrh	r3, [r4, #2]
    17d6:	3301      	adds	r3, #1
    17d8:	f003 031f 	and.w	r3, r3, #31
    17dc:	8063      	strh	r3, [r4, #2]
    if ( _available < _size ) _available++;
    17de:	88a3      	ldrh	r3, [r4, #4]
    17e0:	b29b      	uxth	r3, r3
    17e2:	2b0f      	cmp	r3, #15
    17e4:	d803      	bhi.n	17ee <Circular_Buffer<unsigned char, (unsigned short)16, (unsigned short)24>::write(unsigned char const*, unsigned short)+0x66>
    17e6:	88a3      	ldrh	r3, [r4, #4]
    17e8:	3301      	adds	r3, #1
    17ea:	b29b      	uxth	r3, r3
    17ec:	80a3      	strh	r3, [r4, #4]
}
    17ee:	bd10      	pop	{r4, pc}

000017f0 <FlexCAN_T4<(CAN_DEV_TABLE)1074413568, (FLEXCAN_RXQUEUE_TABLE)256, (FLEXCAN_TXQUEUE_TABLE)16>::write(CAN_message_t const&)>:
FCTP_FUNC int FCTP_OPT::write(const CAN_message_t &msg) {
    17f0:	b5f0      	push	{r4, r5, r6, r7, lr}
  if ( msg.seq ) {
    17f2:	7d8b      	ldrb	r3, [r1, #22]
  if ( !(FLEXCANb_MCR(_bus) & FLEXCAN_MCR_FEN ) ) return 0; /* return offset 0 since FIFO is disabled */
    17f4:	4e4d      	ldr	r6, [pc, #308]	; (192c <FlexCAN_T4<(CAN_DEV_TABLE)1074413568, (FLEXCAN_RXQUEUE_TABLE)256, (FLEXCAN_TXQUEUE_TABLE)16>::write(CAN_message_t const&)+0x13c>)
FCTP_FUNC int FCTP_OPT::write(const CAN_message_t &msg) {
    17f6:	b08d      	sub	sp, #52	; 0x34
    17f8:	460d      	mov	r5, r1
    17fa:	4604      	mov	r4, r0
  if ( msg.seq ) {
    17fc:	2b00      	cmp	r3, #0
    17fe:	d14b      	bne.n	1898 <FlexCAN_T4<(CAN_DEV_TABLE)1074413568, (FLEXCAN_RXQUEUE_TABLE)256, (FLEXCAN_TXQUEUE_TABLE)16>::write(CAN_message_t const&)+0xa8>
  if ( !(FLEXCANb_MCR(_bus) & FLEXCAN_MCR_FEN ) ) return 0; /* return offset 0 since FIFO is disabled */
    1800:	6833      	ldr	r3, [r6, #0]
    1802:	f013 5c00 	ands.w	ip, r3, #536870912	; 0x20000000
    1806:	d025      	beq.n	1854 <FlexCAN_T4<(CAN_DEV_TABLE)1074413568, (FLEXCAN_RXQUEUE_TABLE)256, (FLEXCAN_TXQUEUE_TABLE)16>::write(CAN_message_t const&)+0x64>
    1808:	f7ff f828 	bl	85c <FlexCAN_T4<(CAN_DEV_TABLE)1074413568, (FLEXCAN_RXQUEUE_TABLE)256, (FLEXCAN_TXQUEUE_TABLE)16>::mailboxOffset() [clone .part.0]>
  for (uint8_t i = mailboxOffset(); i < FLEXCANb_MAXMB_SIZE(_bus); i++) {
    180c:	6833      	ldr	r3, [r6, #0]
    180e:	f003 037f 	and.w	r3, r3, #127	; 0x7f
    1812:	3301      	adds	r3, #1
    1814:	4298      	cmp	r0, r3
    1816:	4684      	mov	ip, r0
    1818:	d21e      	bcs.n	1858 <FlexCAN_T4<(CAN_DEV_TABLE)1074413568, (FLEXCAN_RXQUEUE_TABLE)256, (FLEXCAN_TXQUEUE_TABLE)16>::write(CAN_message_t const&)+0x68>
    if ( FLEXCAN_get_code(FLEXCANb_MBn_CS(_bus, i)) == FLEXCAN_MB_CODE_TX_INACTIVE ) {
    181a:	4945      	ldr	r1, [pc, #276]	; (1930 <FlexCAN_T4<(CAN_DEV_TABLE)1074413568, (FLEXCAN_RXQUEUE_TABLE)256, (FLEXCAN_TXQUEUE_TABLE)16>::write(CAN_message_t const&)+0x140>)
  for (uint8_t i = mailboxOffset(); i < FLEXCANb_MAXMB_SIZE(_bus); i++) {
    181c:	4843      	ldr	r0, [pc, #268]	; (192c <FlexCAN_T4<(CAN_DEV_TABLE)1074413568, (FLEXCAN_RXQUEUE_TABLE)256, (FLEXCAN_TXQUEUE_TABLE)16>::write(CAN_message_t const&)+0x13c>)
    181e:	e007      	b.n	1830 <FlexCAN_T4<(CAN_DEV_TABLE)1074413568, (FLEXCAN_RXQUEUE_TABLE)256, (FLEXCAN_TXQUEUE_TABLE)16>::write(CAN_message_t const&)+0x40>
    1820:	6803      	ldr	r3, [r0, #0]
    1822:	f003 037f 	and.w	r3, r3, #127	; 0x7f
    1826:	fa5f fc82 	uxtb.w	ip, r2
    182a:	3301      	adds	r3, #1
    182c:	459c      	cmp	ip, r3
    182e:	d213      	bcs.n	1858 <FlexCAN_T4<(CAN_DEV_TABLE)1074413568, (FLEXCAN_RXQUEUE_TABLE)256, (FLEXCAN_TXQUEUE_TABLE)16>::write(CAN_message_t const&)+0x68>
    if ( FLEXCAN_get_code(FLEXCANb_MBn_CS(_bus, i)) == FLEXCAN_MB_CODE_TX_INACTIVE ) {
    1830:	eb0c 0301 	add.w	r3, ip, r1
    1834:	011b      	lsls	r3, r3, #4
  for (uint8_t i = mailboxOffset(); i < FLEXCANb_MAXMB_SIZE(_bus); i++) {
    1836:	f10c 0201 	add.w	r2, ip, #1
    if ( FLEXCAN_get_code(FLEXCANb_MBn_CS(_bus, i)) == FLEXCAN_MB_CODE_TX_INACTIVE ) {
    183a:	681b      	ldr	r3, [r3, #0]
    183c:	f3c3 6303 	ubfx	r3, r3, #24, #4
    1840:	2b08      	cmp	r3, #8
    1842:	d1ed      	bne.n	1820 <FlexCAN_T4<(CAN_DEV_TABLE)1074413568, (FLEXCAN_RXQUEUE_TABLE)256, (FLEXCAN_TXQUEUE_TABLE)16>::write(CAN_message_t const&)+0x30>
      writeTxMailbox(i, msg);
    1844:	4620      	mov	r0, r4
    1846:	462a      	mov	r2, r5
    1848:	4661      	mov	r1, ip
    184a:	f7ff fd3d 	bl	12c8 <FlexCAN_T4<(CAN_DEV_TABLE)1074413568, (FLEXCAN_RXQUEUE_TABLE)256, (FLEXCAN_TXQUEUE_TABLE)16>::writeTxMailbox(unsigned char, CAN_message_t const&)>
      return 1; /* transmit entry accepted */
    184e:	2001      	movs	r0, #1
}
    1850:	b00d      	add	sp, #52	; 0x34
    1852:	bdf0      	pop	{r4, r5, r6, r7, pc}
  for (uint8_t i = mailboxOffset(); i < FLEXCANb_MAXMB_SIZE(_bus); i++) {
    1854:	6833      	ldr	r3, [r6, #0]
    1856:	e7e0      	b.n	181a <FlexCAN_T4<(CAN_DEV_TABLE)1074413568, (FLEXCAN_RXQUEUE_TABLE)256, (FLEXCAN_TXQUEUE_TABLE)16>::write(CAN_message_t const&)+0x2a>
  CAN_message_t msg_copy = msg;
    1858:	cd0f      	ldmia	r5!, {r0, r1, r2, r3}
    185a:	46ec      	mov	ip, sp
    185c:	e8ac 000f 	stmia.w	ip!, {r0, r1, r2, r3}
    1860:	e895 0003 	ldmia.w	r5, {r0, r1}
    1864:	e88c 0003 	stmia.w	ip, {r0, r1}
  memmove(buf, &msg, sizeof(msg));
    1868:	f04f 0eff 	mov.w	lr, #255	; 0xff
    186c:	f88d e014 	strb.w	lr, [sp, #20]
    1870:	466f      	mov	r7, sp
    1872:	cf0f      	ldmia	r7!, {r0, r1, r2, r3}
    1874:	ae06      	add	r6, sp, #24
    1876:	c60f      	stmia	r6!, {r0, r1, r2, r3}
    1878:	e89c 0003 	ldmia.w	ip, {r0, r1}
    187c:	e886 0003 	stmia.w	r6, {r0, r1}
        void push_back(const T *buffer, uint16_t length) { write(buffer, length); }
    1880:	2218      	movs	r2, #24
    1882:	f504 50d8 	add.w	r0, r4, #6912	; 0x1b00
    1886:	eb0d 0102 	add.w	r1, sp, r2
    188a:	301a      	adds	r0, #26
    188c:	f7ff ff7c 	bl	1788 <Circular_Buffer<unsigned char, (unsigned short)16, (unsigned short)24>::write(unsigned char const*, unsigned short)>
  return -1; /* transmit entry failed, no mailboxes available, queued */
    1890:	f04f 30ff 	mov.w	r0, #4294967295
}
    1894:	b00d      	add	sp, #52	; 0x34
    1896:	bdf0      	pop	{r4, r5, r6, r7, pc}
  if ( !(FLEXCANb_MCR(_bus) & FLEXCAN_MCR_FEN ) ) return 0; /* return offset 0 since FIFO is disabled */
    1898:	6830      	ldr	r0, [r6, #0]
    189a:	f010 5000 	ands.w	r0, r0, #536870912	; 0x20000000
    189e:	d042      	beq.n	1926 <FlexCAN_T4<(CAN_DEV_TABLE)1074413568, (FLEXCAN_RXQUEUE_TABLE)256, (FLEXCAN_TXQUEUE_TABLE)16>::write(CAN_message_t const&)+0x136>
    18a0:	f7fe ffdc 	bl	85c <FlexCAN_T4<(CAN_DEV_TABLE)1074413568, (FLEXCAN_RXQUEUE_TABLE)256, (FLEXCAN_TXQUEUE_TABLE)16>::mailboxOffset() [clone .part.0]>
  for (uint8_t i = mailboxOffset(); i < FLEXCANb_MAXMB_SIZE(_bus); i++) {
    18a4:	6833      	ldr	r3, [r6, #0]
    18a6:	f003 037f 	and.w	r3, r3, #127	; 0x7f
    18aa:	3301      	adds	r3, #1
    18ac:	4283      	cmp	r3, r0
    18ae:	d929      	bls.n	1904 <FlexCAN_T4<(CAN_DEV_TABLE)1074413568, (FLEXCAN_RXQUEUE_TABLE)256, (FLEXCAN_TXQUEUE_TABLE)16>::write(CAN_message_t const&)+0x114>
    if ( (FLEXCAN_get_code(FLEXCANb_MBn_CS(_bus, i)) >> 3) ) return i; // if TX
    18b0:	4e1f      	ldr	r6, [pc, #124]	; (1930 <FlexCAN_T4<(CAN_DEV_TABLE)1074413568, (FLEXCAN_RXQUEUE_TABLE)256, (FLEXCAN_TXQUEUE_TABLE)16>::write(CAN_message_t const&)+0x140>)
  for (uint8_t i = mailboxOffset(); i < FLEXCANb_MAXMB_SIZE(_bus); i++) {
    18b2:	4f1e      	ldr	r7, [pc, #120]	; (192c <FlexCAN_T4<(CAN_DEV_TABLE)1074413568, (FLEXCAN_RXQUEUE_TABLE)256, (FLEXCAN_TXQUEUE_TABLE)16>::write(CAN_message_t const&)+0x13c>)
    18b4:	e005      	b.n	18c2 <FlexCAN_T4<(CAN_DEV_TABLE)1074413568, (FLEXCAN_RXQUEUE_TABLE)256, (FLEXCAN_TXQUEUE_TABLE)16>::write(CAN_message_t const&)+0xd2>
    18b6:	683b      	ldr	r3, [r7, #0]
    18b8:	f003 037f 	and.w	r3, r3, #127	; 0x7f
    18bc:	3301      	adds	r3, #1
    18be:	4298      	cmp	r0, r3
    18c0:	d220      	bcs.n	1904 <FlexCAN_T4<(CAN_DEV_TABLE)1074413568, (FLEXCAN_RXQUEUE_TABLE)256, (FLEXCAN_TXQUEUE_TABLE)16>::write(CAN_message_t const&)+0x114>
    if ( (FLEXCAN_get_code(FLEXCANb_MBn_CS(_bus, i)) >> 3) ) return i; // if TX
    18c2:	1983      	adds	r3, r0, r6
    18c4:	011b      	lsls	r3, r3, #4
  for (uint8_t i = mailboxOffset(); i < FLEXCANb_MAXMB_SIZE(_bus); i++) {
    18c6:	1c41      	adds	r1, r0, #1
    if ( (FLEXCAN_get_code(FLEXCANb_MBn_CS(_bus, i)) >> 3) ) return i; // if TX
    18c8:	681a      	ldr	r2, [r3, #0]
    18ca:	0112      	lsls	r2, r2, #4
    18cc:	4684      	mov	ip, r0
  for (uint8_t i = mailboxOffset(); i < FLEXCANb_MAXMB_SIZE(_bus); i++) {
    18ce:	b2c8      	uxtb	r0, r1
    if ( (FLEXCAN_get_code(FLEXCANb_MBn_CS(_bus, i)) >> 3) ) return i; // if TX
    18d0:	d5f1      	bpl.n	18b6 <FlexCAN_T4<(CAN_DEV_TABLE)1074413568, (FLEXCAN_RXQUEUE_TABLE)256, (FLEXCAN_TXQUEUE_TABLE)16>::write(CAN_message_t const&)+0xc6>
    if ( FLEXCAN_get_code(FLEXCANb_MBn_CS(_bus, first_tx_mb)) == FLEXCAN_MB_CODE_TX_INACTIVE ) {
    18d2:	681b      	ldr	r3, [r3, #0]
    18d4:	f3c3 6303 	ubfx	r3, r3, #24, #4
    18d8:	2b08      	cmp	r3, #8
    18da:	d01b      	beq.n	1914 <FlexCAN_T4<(CAN_DEV_TABLE)1074413568, (FLEXCAN_RXQUEUE_TABLE)256, (FLEXCAN_TXQUEUE_TABLE)16>::write(CAN_message_t const&)+0x124>
      CAN_message_t msg_copy = msg;
    18dc:	cd0f      	ldmia	r5!, {r0, r1, r2, r3}
    18de:	466e      	mov	r6, sp
    18e0:	c60f      	stmia	r6!, {r0, r1, r2, r3}
    18e2:	e895 0003 	ldmia.w	r5, {r0, r1}
    18e6:	e886 0003 	stmia.w	r6, {r0, r1}
  memmove(buf, &msg, sizeof(msg));
    18ea:	46ee      	mov	lr, sp
      msg_copy.mb = first_tx_mb;
    18ec:	f88d c014 	strb.w	ip, [sp, #20]
  memmove(buf, &msg, sizeof(msg));
    18f0:	e8be 000f 	ldmia.w	lr!, {r0, r1, r2, r3}
    18f4:	af06      	add	r7, sp, #24
    18f6:	c70f      	stmia	r7!, {r0, r1, r2, r3}
    18f8:	e896 0003 	ldmia.w	r6, {r0, r1}
    18fc:	2218      	movs	r2, #24
    18fe:	e887 0003 	stmia.w	r7, {r0, r1}
    1902:	e7be      	b.n	1882 <FlexCAN_T4<(CAN_DEV_TABLE)1074413568, (FLEXCAN_RXQUEUE_TABLE)256, (FLEXCAN_TXQUEUE_TABLE)16>::write(CAN_message_t const&)+0x92>
  if ( !(FLEXCANb_MCR(_bus) & FLEXCAN_MCR_FEN ) ) return 0; /* return offset 0 since FIFO is disabled */
    1904:	4b0b      	ldr	r3, [pc, #44]	; (1934 <FlexCAN_T4<(CAN_DEV_TABLE)1074413568, (FLEXCAN_RXQUEUE_TABLE)256, (FLEXCAN_TXQUEUE_TABLE)16>::write(CAN_message_t const&)+0x144>)
    if ( FLEXCAN_get_code(FLEXCANb_MBn_CS(_bus, first_tx_mb)) == FLEXCAN_MB_CODE_TX_INACTIVE ) {
    1906:	681b      	ldr	r3, [r3, #0]
    1908:	f3c3 6303 	ubfx	r3, r3, #24, #4
    190c:	2b08      	cmp	r3, #8
  return -1;
    190e:	f04f 3cff 	mov.w	ip, #4294967295
    if ( FLEXCAN_get_code(FLEXCANb_MBn_CS(_bus, first_tx_mb)) == FLEXCAN_MB_CODE_TX_INACTIVE ) {
    1912:	d1e3      	bne.n	18dc <FlexCAN_T4<(CAN_DEV_TABLE)1074413568, (FLEXCAN_RXQUEUE_TABLE)256, (FLEXCAN_TXQUEUE_TABLE)16>::write(CAN_message_t const&)+0xec>
      writeTxMailbox(first_tx_mb, msg);
    1914:	4620      	mov	r0, r4
    1916:	462a      	mov	r2, r5
    1918:	fa5f f18c 	uxtb.w	r1, ip
    191c:	f7ff fcd4 	bl	12c8 <FlexCAN_T4<(CAN_DEV_TABLE)1074413568, (FLEXCAN_RXQUEUE_TABLE)256, (FLEXCAN_TXQUEUE_TABLE)16>::writeTxMailbox(unsigned char, CAN_message_t const&)>
      return 1; /* transmit entry accepted */
    1920:	2001      	movs	r0, #1
}
    1922:	b00d      	add	sp, #52	; 0x34
    1924:	bdf0      	pop	{r4, r5, r6, r7, pc}
  for (uint8_t i = mailboxOffset(); i < FLEXCANb_MAXMB_SIZE(_bus); i++) {
    1926:	6833      	ldr	r3, [r6, #0]
    1928:	e7c2      	b.n	18b0 <FlexCAN_T4<(CAN_DEV_TABLE)1074413568, (FLEXCAN_RXQUEUE_TABLE)256, (FLEXCAN_TXQUEUE_TABLE)16>::write(CAN_message_t const&)+0xc0>
    192a:	bf00      	nop
    192c:	400a4000 	.word	0x400a4000
    1930:	0400a408 	.word	0x0400a408
    1934:	400a4070 	.word	0x400a4070

00001938 <FlexCAN_T4<(CAN_DEV_TABLE)1073889280, (FLEXCAN_RXQUEUE_TABLE)256, (FLEXCAN_TXQUEUE_TABLE)16>::write(CAN_message_t const&)>:
FCTP_FUNC int FCTP_OPT::write(const CAN_message_t &msg) {
    1938:	b5f0      	push	{r4, r5, r6, r7, lr}
  if ( msg.seq ) {
    193a:	7d8b      	ldrb	r3, [r1, #22]
  if ( !(FLEXCANb_MCR(_bus) & FLEXCAN_MCR_FEN ) ) return 0; /* return offset 0 since FIFO is disabled */
    193c:	4e4d      	ldr	r6, [pc, #308]	; (1a74 <FlexCAN_T4<(CAN_DEV_TABLE)1073889280, (FLEXCAN_RXQUEUE_TABLE)256, (FLEXCAN_TXQUEUE_TABLE)16>::write(CAN_message_t const&)+0x13c>)
FCTP_FUNC int FCTP_OPT::write(const CAN_message_t &msg) {
    193e:	b08d      	sub	sp, #52	; 0x34
    1940:	460d      	mov	r5, r1
    1942:	4604      	mov	r4, r0
  if ( msg.seq ) {
    1944:	2b00      	cmp	r3, #0
    1946:	d14b      	bne.n	19e0 <FlexCAN_T4<(CAN_DEV_TABLE)1073889280, (FLEXCAN_RXQUEUE_TABLE)256, (FLEXCAN_TXQUEUE_TABLE)16>::write(CAN_message_t const&)+0xa8>
  if ( !(FLEXCANb_MCR(_bus) & FLEXCAN_MCR_FEN ) ) return 0; /* return offset 0 since FIFO is disabled */
    1948:	6833      	ldr	r3, [r6, #0]
    194a:	f013 5c00 	ands.w	ip, r3, #536870912	; 0x20000000
    194e:	d025      	beq.n	199c <FlexCAN_T4<(CAN_DEV_TABLE)1073889280, (FLEXCAN_RXQUEUE_TABLE)256, (FLEXCAN_TXQUEUE_TABLE)16>::write(CAN_message_t const&)+0x64>
    1950:	f7fe ff60 	bl	814 <FlexCAN_T4<(CAN_DEV_TABLE)1073889280, (FLEXCAN_RXQUEUE_TABLE)256, (FLEXCAN_TXQUEUE_TABLE)16>::mailboxOffset() [clone .part.0]>
  for (uint8_t i = mailboxOffset(); i < FLEXCANb_MAXMB_SIZE(_bus); i++) {
    1954:	6833      	ldr	r3, [r6, #0]
    1956:	f003 037f 	and.w	r3, r3, #127	; 0x7f
    195a:	3301      	adds	r3, #1
    195c:	4298      	cmp	r0, r3
    195e:	4684      	mov	ip, r0
    1960:	d21e      	bcs.n	19a0 <FlexCAN_T4<(CAN_DEV_TABLE)1073889280, (FLEXCAN_RXQUEUE_TABLE)256, (FLEXCAN_TXQUEUE_TABLE)16>::write(CAN_message_t const&)+0x68>
    if ( FLEXCAN_get_code(FLEXCANb_MBn_CS(_bus, i)) == FLEXCAN_MB_CODE_TX_INACTIVE ) {
    1962:	4945      	ldr	r1, [pc, #276]	; (1a78 <FlexCAN_T4<(CAN_DEV_TABLE)1073889280, (FLEXCAN_RXQUEUE_TABLE)256, (FLEXCAN_TXQUEUE_TABLE)16>::write(CAN_message_t const&)+0x140>)
  for (uint8_t i = mailboxOffset(); i < FLEXCANb_MAXMB_SIZE(_bus); i++) {
    1964:	4843      	ldr	r0, [pc, #268]	; (1a74 <FlexCAN_T4<(CAN_DEV_TABLE)1073889280, (FLEXCAN_RXQUEUE_TABLE)256, (FLEXCAN_TXQUEUE_TABLE)16>::write(CAN_message_t const&)+0x13c>)
    1966:	e007      	b.n	1978 <FlexCAN_T4<(CAN_DEV_TABLE)1073889280, (FLEXCAN_RXQUEUE_TABLE)256, (FLEXCAN_TXQUEUE_TABLE)16>::write(CAN_message_t const&)+0x40>
    1968:	6803      	ldr	r3, [r0, #0]
    196a:	f003 037f 	and.w	r3, r3, #127	; 0x7f
    196e:	fa5f fc82 	uxtb.w	ip, r2
    1972:	3301      	adds	r3, #1
    1974:	459c      	cmp	ip, r3
    1976:	d213      	bcs.n	19a0 <FlexCAN_T4<(CAN_DEV_TABLE)1073889280, (FLEXCAN_RXQUEUE_TABLE)256, (FLEXCAN_TXQUEUE_TABLE)16>::write(CAN_message_t const&)+0x68>
    if ( FLEXCAN_get_code(FLEXCANb_MBn_CS(_bus, i)) == FLEXCAN_MB_CODE_TX_INACTIVE ) {
    1978:	eb0c 0301 	add.w	r3, ip, r1
    197c:	011b      	lsls	r3, r3, #4
  for (uint8_t i = mailboxOffset(); i < FLEXCANb_MAXMB_SIZE(_bus); i++) {
    197e:	f10c 0201 	add.w	r2, ip, #1
    if ( FLEXCAN_get_code(FLEXCANb_MBn_CS(_bus, i)) == FLEXCAN_MB_CODE_TX_INACTIVE ) {
    1982:	681b      	ldr	r3, [r3, #0]
    1984:	f3c3 6303 	ubfx	r3, r3, #24, #4
    1988:	2b08      	cmp	r3, #8
    198a:	d1ed      	bne.n	1968 <FlexCAN_T4<(CAN_DEV_TABLE)1073889280, (FLEXCAN_RXQUEUE_TABLE)256, (FLEXCAN_TXQUEUE_TABLE)16>::write(CAN_message_t const&)+0x30>
      writeTxMailbox(i, msg);
    198c:	4620      	mov	r0, r4
    198e:	462a      	mov	r2, r5
    1990:	4661      	mov	r1, ip
    1992:	f7ff fc59 	bl	1248 <FlexCAN_T4<(CAN_DEV_TABLE)1073889280, (FLEXCAN_RXQUEUE_TABLE)256, (FLEXCAN_TXQUEUE_TABLE)16>::writeTxMailbox(unsigned char, CAN_message_t const&)>
      return 1; /* transmit entry accepted */
    1996:	2001      	movs	r0, #1
}
    1998:	b00d      	add	sp, #52	; 0x34
    199a:	bdf0      	pop	{r4, r5, r6, r7, pc}
  for (uint8_t i = mailboxOffset(); i < FLEXCANb_MAXMB_SIZE(_bus); i++) {
    199c:	6833      	ldr	r3, [r6, #0]
    199e:	e7e0      	b.n	1962 <FlexCAN_T4<(CAN_DEV_TABLE)1073889280, (FLEXCAN_RXQUEUE_TABLE)256, (FLEXCAN_TXQUEUE_TABLE)16>::write(CAN_message_t const&)+0x2a>
  CAN_message_t msg_copy = msg;
    19a0:	cd0f      	ldmia	r5!, {r0, r1, r2, r3}
    19a2:	46ec      	mov	ip, sp
    19a4:	e8ac 000f 	stmia.w	ip!, {r0, r1, r2, r3}
    19a8:	e895 0003 	ldmia.w	r5, {r0, r1}
    19ac:	e88c 0003 	stmia.w	ip, {r0, r1}
  memmove(buf, &msg, sizeof(msg));
    19b0:	f04f 0eff 	mov.w	lr, #255	; 0xff
    19b4:	f88d e014 	strb.w	lr, [sp, #20]
    19b8:	466f      	mov	r7, sp
    19ba:	cf0f      	ldmia	r7!, {r0, r1, r2, r3}
    19bc:	ae06      	add	r6, sp, #24
    19be:	c60f      	stmia	r6!, {r0, r1, r2, r3}
    19c0:	e89c 0003 	ldmia.w	ip, {r0, r1}
    19c4:	e886 0003 	stmia.w	r6, {r0, r1}
    19c8:	2218      	movs	r2, #24
    19ca:	f504 50d8 	add.w	r0, r4, #6912	; 0x1b00
    19ce:	eb0d 0102 	add.w	r1, sp, r2
    19d2:	301a      	adds	r0, #26
    19d4:	f7ff fed8 	bl	1788 <Circular_Buffer<unsigned char, (unsigned short)16, (unsigned short)24>::write(unsigned char const*, unsigned short)>
  return -1; /* transmit entry failed, no mailboxes available, queued */
    19d8:	f04f 30ff 	mov.w	r0, #4294967295
}
    19dc:	b00d      	add	sp, #52	; 0x34
    19de:	bdf0      	pop	{r4, r5, r6, r7, pc}
  if ( !(FLEXCANb_MCR(_bus) & FLEXCAN_MCR_FEN ) ) return 0; /* return offset 0 since FIFO is disabled */
    19e0:	6830      	ldr	r0, [r6, #0]
    19e2:	f010 5000 	ands.w	r0, r0, #536870912	; 0x20000000
    19e6:	d042      	beq.n	1a6e <FlexCAN_T4<(CAN_DEV_TABLE)1073889280, (FLEXCAN_RXQUEUE_TABLE)256, (FLEXCAN_TXQUEUE_TABLE)16>::write(CAN_message_t const&)+0x136>
    19e8:	f7fe ff14 	bl	814 <FlexCAN_T4<(CAN_DEV_TABLE)1073889280, (FLEXCAN_RXQUEUE_TABLE)256, (FLEXCAN_TXQUEUE_TABLE)16>::mailboxOffset() [clone .part.0]>
  for (uint8_t i = mailboxOffset(); i < FLEXCANb_MAXMB_SIZE(_bus); i++) {
    19ec:	6833      	ldr	r3, [r6, #0]
    19ee:	f003 037f 	and.w	r3, r3, #127	; 0x7f
    19f2:	3301      	adds	r3, #1
    19f4:	4283      	cmp	r3, r0
    19f6:	d929      	bls.n	1a4c <FlexCAN_T4<(CAN_DEV_TABLE)1073889280, (FLEXCAN_RXQUEUE_TABLE)256, (FLEXCAN_TXQUEUE_TABLE)16>::write(CAN_message_t const&)+0x114>
    if ( (FLEXCAN_get_code(FLEXCANb_MBn_CS(_bus, i)) >> 3) ) return i; // if TX
    19f8:	4e1f      	ldr	r6, [pc, #124]	; (1a78 <FlexCAN_T4<(CAN_DEV_TABLE)1073889280, (FLEXCAN_RXQUEUE_TABLE)256, (FLEXCAN_TXQUEUE_TABLE)16>::write(CAN_message_t const&)+0x140>)
  for (uint8_t i = mailboxOffset(); i < FLEXCANb_MAXMB_SIZE(_bus); i++) {
    19fa:	4f1e      	ldr	r7, [pc, #120]	; (1a74 <FlexCAN_T4<(CAN_DEV_TABLE)1073889280, (FLEXCAN_RXQUEUE_TABLE)256, (FLEXCAN_TXQUEUE_TABLE)16>::write(CAN_message_t const&)+0x13c>)
    19fc:	e005      	b.n	1a0a <FlexCAN_T4<(CAN_DEV_TABLE)1073889280, (FLEXCAN_RXQUEUE_TABLE)256, (FLEXCAN_TXQUEUE_TABLE)16>::write(CAN_message_t const&)+0xd2>
    19fe:	683b      	ldr	r3, [r7, #0]
    1a00:	f003 037f 	and.w	r3, r3, #127	; 0x7f
    1a04:	3301      	adds	r3, #1
    1a06:	4298      	cmp	r0, r3
    1a08:	d220      	bcs.n	1a4c <FlexCAN_T4<(CAN_DEV_TABLE)1073889280, (FLEXCAN_RXQUEUE_TABLE)256, (FLEXCAN_TXQUEUE_TABLE)16>::write(CAN_message_t const&)+0x114>
    if ( (FLEXCAN_get_code(FLEXCANb_MBn_CS(_bus, i)) >> 3) ) return i; // if TX
    1a0a:	1983      	adds	r3, r0, r6
    1a0c:	011b      	lsls	r3, r3, #4
  for (uint8_t i = mailboxOffset(); i < FLEXCANb_MAXMB_SIZE(_bus); i++) {
    1a0e:	1c41      	adds	r1, r0, #1
    if ( (FLEXCAN_get_code(FLEXCANb_MBn_CS(_bus, i)) >> 3) ) return i; // if TX
    1a10:	681a      	ldr	r2, [r3, #0]
    1a12:	0112      	lsls	r2, r2, #4
    1a14:	4684      	mov	ip, r0
  for (uint8_t i = mailboxOffset(); i < FLEXCANb_MAXMB_SIZE(_bus); i++) {
    1a16:	b2c8      	uxtb	r0, r1
    if ( (FLEXCAN_get_code(FLEXCANb_MBn_CS(_bus, i)) >> 3) ) return i; // if TX
    1a18:	d5f1      	bpl.n	19fe <FlexCAN_T4<(CAN_DEV_TABLE)1073889280, (FLEXCAN_RXQUEUE_TABLE)256, (FLEXCAN_TXQUEUE_TABLE)16>::write(CAN_message_t const&)+0xc6>
    if ( FLEXCAN_get_code(FLEXCANb_MBn_CS(_bus, first_tx_mb)) == FLEXCAN_MB_CODE_TX_INACTIVE ) {
    1a1a:	681b      	ldr	r3, [r3, #0]
    1a1c:	f3c3 6303 	ubfx	r3, r3, #24, #4
    1a20:	2b08      	cmp	r3, #8
    1a22:	d01b      	beq.n	1a5c <FlexCAN_T4<(CAN_DEV_TABLE)1073889280, (FLEXCAN_RXQUEUE_TABLE)256, (FLEXCAN_TXQUEUE_TABLE)16>::write(CAN_message_t const&)+0x124>
      CAN_message_t msg_copy = msg;
    1a24:	cd0f      	ldmia	r5!, {r0, r1, r2, r3}
    1a26:	466e      	mov	r6, sp
    1a28:	c60f      	stmia	r6!, {r0, r1, r2, r3}
    1a2a:	e895 0003 	ldmia.w	r5, {r0, r1}
    1a2e:	e886 0003 	stmia.w	r6, {r0, r1}
  memmove(buf, &msg, sizeof(msg));
    1a32:	46ee      	mov	lr, sp
      msg_copy.mb = first_tx_mb;
    1a34:	f88d c014 	strb.w	ip, [sp, #20]
  memmove(buf, &msg, sizeof(msg));
    1a38:	e8be 000f 	ldmia.w	lr!, {r0, r1, r2, r3}
    1a3c:	af06      	add	r7, sp, #24
    1a3e:	c70f      	stmia	r7!, {r0, r1, r2, r3}
    1a40:	e896 0003 	ldmia.w	r6, {r0, r1}
    1a44:	2218      	movs	r2, #24
    1a46:	e887 0003 	stmia.w	r7, {r0, r1}
    1a4a:	e7be      	b.n	19ca <FlexCAN_T4<(CAN_DEV_TABLE)1073889280, (FLEXCAN_RXQUEUE_TABLE)256, (FLEXCAN_TXQUEUE_TABLE)16>::write(CAN_message_t const&)+0x92>
  if ( !(FLEXCANb_MCR(_bus) & FLEXCAN_MCR_FEN ) ) return 0; /* return offset 0 since FIFO is disabled */
    1a4c:	4b0b      	ldr	r3, [pc, #44]	; (1a7c <FlexCAN_T4<(CAN_DEV_TABLE)1073889280, (FLEXCAN_RXQUEUE_TABLE)256, (FLEXCAN_TXQUEUE_TABLE)16>::write(CAN_message_t const&)+0x144>)
    if ( FLEXCAN_get_code(FLEXCANb_MBn_CS(_bus, first_tx_mb)) == FLEXCAN_MB_CODE_TX_INACTIVE ) {
    1a4e:	681b      	ldr	r3, [r3, #0]
    1a50:	f3c3 6303 	ubfx	r3, r3, #24, #4
    1a54:	2b08      	cmp	r3, #8
  return -1;
    1a56:	f04f 3cff 	mov.w	ip, #4294967295
    if ( FLEXCAN_get_code(FLEXCANb_MBn_CS(_bus, first_tx_mb)) == FLEXCAN_MB_CODE_TX_INACTIVE ) {
    1a5a:	d1e3      	bne.n	1a24 <FlexCAN_T4<(CAN_DEV_TABLE)1073889280, (FLEXCAN_RXQUEUE_TABLE)256, (FLEXCAN_TXQUEUE_TABLE)16>::write(CAN_message_t const&)+0xec>
      writeTxMailbox(first_tx_mb, msg);
    1a5c:	4620      	mov	r0, r4
    1a5e:	462a      	mov	r2, r5
    1a60:	fa5f f18c 	uxtb.w	r1, ip
    1a64:	f7ff fbf0 	bl	1248 <FlexCAN_T4<(CAN_DEV_TABLE)1073889280, (FLEXCAN_RXQUEUE_TABLE)256, (FLEXCAN_TXQUEUE_TABLE)16>::writeTxMailbox(unsigned char, CAN_message_t const&)>
      return 1; /* transmit entry accepted */
    1a68:	2001      	movs	r0, #1
}
    1a6a:	b00d      	add	sp, #52	; 0x34
    1a6c:	bdf0      	pop	{r4, r5, r6, r7, pc}
  for (uint8_t i = mailboxOffset(); i < FLEXCANb_MAXMB_SIZE(_bus); i++) {
    1a6e:	6833      	ldr	r3, [r6, #0]
    1a70:	e7c2      	b.n	19f8 <FlexCAN_T4<(CAN_DEV_TABLE)1073889280, (FLEXCAN_RXQUEUE_TABLE)256, (FLEXCAN_TXQUEUE_TABLE)16>::write(CAN_message_t const&)+0xc0>
    1a72:	bf00      	nop
    1a74:	40024000 	.word	0x40024000
    1a78:	04002408 	.word	0x04002408
    1a7c:	40024070 	.word	0x40024070

00001a80 <sendAddressClaim(unsigned char)>:
void sendAddressClaim(uint8_t sourceAddress) {
    1a80:	b570      	push	{r4, r5, r6, lr}
  CAN_message_t msg;
    1a82:	4c27      	ldr	r4, [pc, #156]	; (1b20 <sendAddressClaim(unsigned char)+0xa0>)
  msg.id = 0x18EEFF00 | sourceAddress;
    1a84:	4d27      	ldr	r5, [pc, #156]	; (1b24 <sendAddressClaim(unsigned char)+0xa4>)
    1a86:	4305      	orrs	r5, r0
  CAN_message_t msg;
    1a88:	cc0f      	ldmia	r4!, {r0, r1, r2, r3}
void sendAddressClaim(uint8_t sourceAddress) {
    1a8a:	b088      	sub	sp, #32
  CAN_message_t msg;
    1a8c:	f10d 0c08 	add.w	ip, sp, #8
    1a90:	e8ac 000f 	stmia.w	ip!, {r0, r1, r2, r3}
    1a94:	e894 0003 	ldmia.w	r4, {r0, r1}
    msg.buf[i] = 0x00;
    1a98:	2600      	movs	r6, #0
  CAN_message_t msg;
    1a9a:	e88c 0003 	stmia.w	ip, {r0, r1}
  msg.flags.extended = 1;
    1a9e:	f04f 0e01 	mov.w	lr, #1
  if (Can0.write(msg)) {
    1aa2:	4821      	ldr	r0, [pc, #132]	; (1b28 <sendAddressClaim(unsigned char)+0xa8>)
  msg.id = 0x18EEFF00 | sourceAddress;
    1aa4:	9502      	str	r5, [sp, #8]
  if (Can0.write(msg)) {
    1aa6:	a902      	add	r1, sp, #8
  msg.flags.extended = 1;
    1aa8:	f88d e00f 	strb.w	lr, [sp, #15]
    msg.buf[i] = 0x00;
    1aac:	9605      	str	r6, [sp, #20]
    1aae:	9606      	str	r6, [sp, #24]
  if (Can0.write(msg)) {
    1ab0:	f7ff ff42 	bl	1938 <FlexCAN_T4<(CAN_DEV_TABLE)1073889280, (FLEXCAN_RXQUEUE_TABLE)256, (FLEXCAN_TXQUEUE_TABLE)16>::write(CAN_message_t const&)>
    1ab4:	b930      	cbnz	r0, 1ac4 <sendAddressClaim(unsigned char)+0x44>
  if (Can1.write(msg)) {
    1ab6:	481d      	ldr	r0, [pc, #116]	; (1b2c <sendAddressClaim(unsigned char)+0xac>)
    1ab8:	a902      	add	r1, sp, #8
    1aba:	f7ff fe99 	bl	17f0 <FlexCAN_T4<(CAN_DEV_TABLE)1074413568, (FLEXCAN_RXQUEUE_TABLE)256, (FLEXCAN_TXQUEUE_TABLE)16>::write(CAN_message_t const&)>
    1abe:	b9d0      	cbnz	r0, 1af6 <sendAddressClaim(unsigned char)+0x76>
}
    1ac0:	b008      	add	sp, #32
    1ac2:	bd70      	pop	{r4, r5, r6, pc}
  state = !state;
    1ac4:	4b1a      	ldr	r3, [pc, #104]	; (1b30 <sendAddressClaim(unsigned char)+0xb0>)
    1ac6:	781a      	ldrb	r2, [r3, #0]
    1ac8:	f082 0201 	eor.w	r2, r2, #1
    1acc:	701a      	strb	r2, [r3, #0]
  digitalWrite(pin, state);
    1ace:	7819      	ldrb	r1, [r3, #0]
    1ad0:	2006      	movs	r0, #6
    1ad2:	f001 fe23 	bl	371c <digitalWrite>
	volatile uint32_t ret = systick_millis_count; // single aligned 32 bit is atomic
    1ad6:	4a17      	ldr	r2, [pc, #92]	; (1b34 <sendAddressClaim(unsigned char)+0xb4>)
  lastChangeMs = millis();
    1ad8:	4b17      	ldr	r3, [pc, #92]	; (1b38 <sendAddressClaim(unsigned char)+0xb8>)
    1ada:	6812      	ldr	r2, [r2, #0]
    1adc:	9200      	str	r2, [sp, #0]
	return ret;
    1ade:	9a00      	ldr	r2, [sp, #0]
    printCandumpA(msg, "can0 TX");
    1ae0:	4916      	ldr	r1, [pc, #88]	; (1b3c <sendAddressClaim(unsigned char)+0xbc>)
  lastChangeMs = millis();
    1ae2:	601a      	str	r2, [r3, #0]
    printCandumpA(msg, "can0 TX");
    1ae4:	a802      	add	r0, sp, #8
    1ae6:	f7fe fe19 	bl	71c <printCandumpA(CAN_message_t const&, char const*)>
  if (Can1.write(msg)) {
    1aea:	4810      	ldr	r0, [pc, #64]	; (1b2c <sendAddressClaim(unsigned char)+0xac>)
    1aec:	a902      	add	r1, sp, #8
    1aee:	f7ff fe7f 	bl	17f0 <FlexCAN_T4<(CAN_DEV_TABLE)1074413568, (FLEXCAN_RXQUEUE_TABLE)256, (FLEXCAN_TXQUEUE_TABLE)16>::write(CAN_message_t const&)>
    1af2:	2800      	cmp	r0, #0
    1af4:	d0e4      	beq.n	1ac0 <sendAddressClaim(unsigned char)+0x40>
  state = !state;
    1af6:	4b12      	ldr	r3, [pc, #72]	; (1b40 <sendAddressClaim(unsigned char)+0xc0>)
    1af8:	781a      	ldrb	r2, [r3, #0]
    1afa:	f082 0201 	eor.w	r2, r2, #1
    1afe:	701a      	strb	r2, [r3, #0]
  digitalWrite(pin, state);
    1b00:	7819      	ldrb	r1, [r3, #0]
    1b02:	2027      	movs	r0, #39	; 0x27
    1b04:	f001 fe0a 	bl	371c <digitalWrite>
	volatile uint32_t ret = systick_millis_count; // single aligned 32 bit is atomic
    1b08:	4a0a      	ldr	r2, [pc, #40]	; (1b34 <sendAddressClaim(unsigned char)+0xb4>)
  lastChangeMs = millis();
    1b0a:	4b0e      	ldr	r3, [pc, #56]	; (1b44 <sendAddressClaim(unsigned char)+0xc4>)
    1b0c:	6812      	ldr	r2, [r2, #0]
    1b0e:	9201      	str	r2, [sp, #4]
	return ret;
    1b10:	9a01      	ldr	r2, [sp, #4]
    printCandumpA(msg, "can1 TX");
    1b12:	490d      	ldr	r1, [pc, #52]	; (1b48 <sendAddressClaim(unsigned char)+0xc8>)
  lastChangeMs = millis();
    1b14:	601a      	str	r2, [r3, #0]
    printCandumpA(msg, "can1 TX");
    1b16:	a802      	add	r0, sp, #8
    1b18:	f7fe fe00 	bl	71c <printCandumpA(CAN_message_t const&, char const*)>
}
    1b1c:	b008      	add	sp, #32
    1b1e:	bd70      	pop	{r4, r5, r6, pc}
    1b20:	0000b8ac 	.word	0x0000b8ac
    1b24:	18eeff00 	.word	0x18eeff00
    1b28:	1fff0ed0 	.word	0x1fff0ed0
    1b2c:	1fff37e8 	.word	0x1fff37e8
    1b30:	1fff0735 	.word	0x1fff0735
    1b34:	1fff612c 	.word	0x1fff612c
    1b38:	1fff6110 	.word	0x1fff6110
    1b3c:	0000b814 	.word	0x0000b814
    1b40:	1fff0732 	.word	0x1fff0732
    1b44:	1fff6108 	.word	0x1fff6108
    1b48:	0000b81c 	.word	0x0000b81c

00001b4c <loop>:

void loop() {
    1b4c:	b530      	push	{r4, r5, lr}
  Can0.events();
    1b4e:	4840      	ldr	r0, [pc, #256]	; (1c50 <loop+0x104>)
void loop() {
    1b50:	b08b      	sub	sp, #44	; 0x2c
  Can0.events();
    1b52:	f7ff fc1f 	bl	1394 <FlexCAN_T4<(CAN_DEV_TABLE)1073889280, (FLEXCAN_RXQUEUE_TABLE)256, (FLEXCAN_TXQUEUE_TABLE)16>::events()>
  Can1.events();
    1b56:	483f      	ldr	r0, [pc, #252]	; (1c54 <loop+0x108>)
    1b58:	f7ff fd2c 	bl	15b4 <FlexCAN_T4<(CAN_DEV_TABLE)1074413568, (FLEXCAN_RXQUEUE_TABLE)256, (FLEXCAN_TXQUEUE_TABLE)16>::events()>

  updateButtons();
    1b5c:	f7ff f87e 	bl	c5c <updateButtons()>

  if (txEnabled && (millis() - lastAddressClaimMs >= ADDRESS_CLAIM_PERIOD_MS)) {
    1b60:	4b3d      	ldr	r3, [pc, #244]	; (1c58 <loop+0x10c>)
    1b62:	781b      	ldrb	r3, [r3, #0]
    1b64:	b14b      	cbz	r3, 1b7a <loop+0x2e>
	volatile uint32_t ret = systick_millis_count; // single aligned 32 bit is atomic
    1b66:	4b3d      	ldr	r3, [pc, #244]	; (1c5c <loop+0x110>)
    1b68:	493d      	ldr	r1, [pc, #244]	; (1c60 <loop+0x114>)
    1b6a:	681b      	ldr	r3, [r3, #0]
    1b6c:	9301      	str	r3, [sp, #4]
	return ret;
    1b6e:	9b01      	ldr	r3, [sp, #4]
    1b70:	680a      	ldr	r2, [r1, #0]
    1b72:	1a9b      	subs	r3, r3, r2
    1b74:	f5b3 7f82 	cmp.w	r3, #260	; 0x104
    1b78:	d240      	bcs.n	1bfc <loop+0xb0>
  if (state == LOW && (millis() - lastChangeMs >= LED_OFF_TIMEOUT_MS)) {
    1b7a:	4b3a      	ldr	r3, [pc, #232]	; (1c64 <loop+0x118>)
    1b7c:	781a      	ldrb	r2, [r3, #0]
    1b7e:	b94a      	cbnz	r2, 1b94 <loop+0x48>
	volatile uint32_t ret = systick_millis_count; // single aligned 32 bit is atomic
    1b80:	4d36      	ldr	r5, [pc, #216]	; (1c5c <loop+0x110>)
    1b82:	4c39      	ldr	r4, [pc, #228]	; (1c68 <loop+0x11c>)
    1b84:	682a      	ldr	r2, [r5, #0]
    1b86:	9205      	str	r2, [sp, #20]
	return ret;
    1b88:	9a05      	ldr	r2, [sp, #20]
    1b8a:	6821      	ldr	r1, [r4, #0]
    1b8c:	1a52      	subs	r2, r2, r1
    1b8e:	f5b2 7f7a 	cmp.w	r2, #1000	; 0x3e8
    1b92:	d23e      	bcs.n	1c12 <loop+0xc6>
    1b94:	4b35      	ldr	r3, [pc, #212]	; (1c6c <loop+0x120>)
    1b96:	781a      	ldrb	r2, [r3, #0]
    1b98:	b94a      	cbnz	r2, 1bae <loop+0x62>
	volatile uint32_t ret = systick_millis_count; // single aligned 32 bit is atomic
    1b9a:	4d30      	ldr	r5, [pc, #192]	; (1c5c <loop+0x110>)
    1b9c:	4c34      	ldr	r4, [pc, #208]	; (1c70 <loop+0x124>)
    1b9e:	682a      	ldr	r2, [r5, #0]
    1ba0:	9204      	str	r2, [sp, #16]
	return ret;
    1ba2:	9a04      	ldr	r2, [sp, #16]
    1ba4:	6821      	ldr	r1, [r4, #0]
    1ba6:	1a52      	subs	r2, r2, r1
    1ba8:	f5b2 7f7a 	cmp.w	r2, #1000	; 0x3e8
    1bac:	d23b      	bcs.n	1c26 <loop+0xda>
    1bae:	4b31      	ldr	r3, [pc, #196]	; (1c74 <loop+0x128>)
    1bb0:	781a      	ldrb	r2, [r3, #0]
    1bb2:	b94a      	cbnz	r2, 1bc8 <loop+0x7c>
	volatile uint32_t ret = systick_millis_count; // single aligned 32 bit is atomic
    1bb4:	4d29      	ldr	r5, [pc, #164]	; (1c5c <loop+0x110>)
    1bb6:	4c30      	ldr	r4, [pc, #192]	; (1c78 <loop+0x12c>)
    1bb8:	682a      	ldr	r2, [r5, #0]
    1bba:	9203      	str	r2, [sp, #12]
	return ret;
    1bbc:	9a03      	ldr	r2, [sp, #12]
    1bbe:	6821      	ldr	r1, [r4, #0]
    1bc0:	1a52      	subs	r2, r2, r1
    1bc2:	f5b2 7f7a 	cmp.w	r2, #1000	; 0x3e8
    1bc6:	d238      	bcs.n	1c3a <loop+0xee>
    1bc8:	4b2c      	ldr	r3, [pc, #176]	; (1c7c <loop+0x130>)
    1bca:	781a      	ldrb	r2, [r3, #0]
    1bcc:	b94a      	cbnz	r2, 1be2 <loop+0x96>
	volatile uint32_t ret = systick_millis_count; // single aligned 32 bit is atomic
    1bce:	4d23      	ldr	r5, [pc, #140]	; (1c5c <loop+0x110>)
    1bd0:	4c2b      	ldr	r4, [pc, #172]	; (1c80 <loop+0x134>)
    1bd2:	682a      	ldr	r2, [r5, #0]
    1bd4:	9202      	str	r2, [sp, #8]
	return ret;
    1bd6:	9a02      	ldr	r2, [sp, #8]
    1bd8:	6821      	ldr	r1, [r4, #0]
    1bda:	1a52      	subs	r2, r2, r1
    1bdc:	f5b2 7f7a 	cmp.w	r2, #1000	; 0x3e8
    1be0:	d201      	bcs.n	1be6 <loop+0x9a>

  restoreLedIfOffTooLong(GREEN_LED, greenState, greenLastChangeMs);
  restoreLedIfOffTooLong(YELLOW_LED, yellowState, yellowLastChangeMs);
  restoreLedIfOffTooLong(RED_LED, redState, redLastChangeMs);
  restoreLedIfOffTooLong(BLUE_LED, blueState, blueLastChangeMs);
    1be2:	b00b      	add	sp, #44	; 0x2c
    1be4:	bd30      	pop	{r4, r5, pc}
    state = HIGH;
    1be6:	2101      	movs	r1, #1
    digitalWrite(pin, HIGH);
    1be8:	2027      	movs	r0, #39	; 0x27
    state = HIGH;
    1bea:	7019      	strb	r1, [r3, #0]
    digitalWrite(pin, HIGH);
    1bec:	f001 fd96 	bl	371c <digitalWrite>
	volatile uint32_t ret = systick_millis_count; // single aligned 32 bit is atomic
    1bf0:	682b      	ldr	r3, [r5, #0]
    1bf2:	9309      	str	r3, [sp, #36]	; 0x24
	return ret;
    1bf4:	9b09      	ldr	r3, [sp, #36]	; 0x24
    lastChangeMs = millis();
    1bf6:	6023      	str	r3, [r4, #0]
    1bf8:	b00b      	add	sp, #44	; 0x2c
    1bfa:	bd30      	pop	{r4, r5, pc}
    sendAddressClaim(currentAddress);
    1bfc:	4c21      	ldr	r4, [pc, #132]	; (1c84 <loop+0x138>)
    lastAddressClaimMs += ADDRESS_CLAIM_PERIOD_MS;
    1bfe:	f502 7282 	add.w	r2, r2, #260	; 0x104
    sendAddressClaim(currentAddress);
    1c02:	7820      	ldrb	r0, [r4, #0]
    lastAddressClaimMs += ADDRESS_CLAIM_PERIOD_MS;
    1c04:	600a      	str	r2, [r1, #0]
    sendAddressClaim(currentAddress);
    1c06:	f7ff ff3b 	bl	1a80 <sendAddressClaim(unsigned char)>
    currentAddress++;
    1c0a:	7823      	ldrb	r3, [r4, #0]
    1c0c:	3301      	adds	r3, #1
    1c0e:	7023      	strb	r3, [r4, #0]
    1c10:	e7b3      	b.n	1b7a <loop+0x2e>
    state = HIGH;
    1c12:	2101      	movs	r1, #1
    digitalWrite(pin, HIGH);
    1c14:	2006      	movs	r0, #6
    state = HIGH;
    1c16:	7019      	strb	r1, [r3, #0]
    digitalWrite(pin, HIGH);
    1c18:	f001 fd80 	bl	371c <digitalWrite>
	volatile uint32_t ret = systick_millis_count; // single aligned 32 bit is atomic
    1c1c:	682b      	ldr	r3, [r5, #0]
    1c1e:	9306      	str	r3, [sp, #24]
	return ret;
    1c20:	9b06      	ldr	r3, [sp, #24]
    lastChangeMs = millis();
    1c22:	6023      	str	r3, [r4, #0]
}
    1c24:	e7b6      	b.n	1b94 <loop+0x48>
    state = HIGH;
    1c26:	2101      	movs	r1, #1
    digitalWrite(pin, HIGH);
    1c28:	2005      	movs	r0, #5
    state = HIGH;
    1c2a:	7019      	strb	r1, [r3, #0]
    digitalWrite(pin, HIGH);
    1c2c:	f001 fd76 	bl	371c <digitalWrite>
	volatile uint32_t ret = systick_millis_count; // single aligned 32 bit is atomic
    1c30:	682b      	ldr	r3, [r5, #0]
    1c32:	9307      	str	r3, [sp, #28]
	return ret;
    1c34:	9b07      	ldr	r3, [sp, #28]
    lastChangeMs = millis();
    1c36:	6023      	str	r3, [r4, #0]
}
    1c38:	e7b9      	b.n	1bae <loop+0x62>
    state = HIGH;
    1c3a:	2101      	movs	r1, #1
    digitalWrite(pin, HIGH);
    1c3c:	200e      	movs	r0, #14
    state = HIGH;
    1c3e:	7019      	strb	r1, [r3, #0]
    digitalWrite(pin, HIGH);
    1c40:	f001 fd6c 	bl	371c <digitalWrite>
	volatile uint32_t ret = systick_millis_count; // single aligned 32 bit is atomic
    1c44:	682b      	ldr	r3, [r5, #0]
    1c46:	9308      	str	r3, [sp, #32]
	return ret;
    1c48:	9b08      	ldr	r3, [sp, #32]
    lastChangeMs = millis();
    1c4a:	6023      	str	r3, [r4, #0]
}
    1c4c:	e7bc      	b.n	1bc8 <loop+0x7c>
    1c4e:	bf00      	nop
    1c50:	1fff0ed0 	.word	0x1fff0ed0
    1c54:	1fff37e8 	.word	0x1fff37e8
    1c58:	1fff6124 	.word	0x1fff6124
    1c5c:	1fff612c 	.word	0x1fff612c
    1c60:	1fff6114 	.word	0x1fff6114
    1c64:	1fff0735 	.word	0x1fff0735
    1c68:	1fff6110 	.word	0x1fff6110
    1c6c:	1fff0739 	.word	0x1fff0739
    1c70:	1fff6128 	.word	0x1fff6128
    1c74:	1fff0738 	.word	0x1fff0738
    1c78:	1fff6120 	.word	0x1fff6120
    1c7c:	1fff0732 	.word	0x1fff0732
    1c80:	1fff6108 	.word	0x1fff6108
    1c84:	1fff610c 	.word	0x1fff610c

00001c88 <FlexCAN_T4<(CAN_DEV_TABLE)1074413568, (FLEXCAN_RXQUEUE_TABLE)256, (FLEXCAN_TXQUEUE_TABLE)16>::fifo_filter_match(unsigned long)>:
  if ( mb_num == FIFO ) fifo_filter_table[0][0] |= (1UL << 28); /* enable fifo enhancement */
  else mb_filter_table[mb_num][0] |= (1UL << 28); /* enable mb enhancement */
}

FCTP_FUNC volatile bool FCTP_OPT::fifo_filter_match(uint32_t id) {
  if ( !(fifo_filter_table[0][0] & 0x10000000) ) return 1;
    1c88:	f500 5380 	add.w	r3, r0, #4096	; 0x1000
    1c8c:	f8d3 3e00 	ldr.w	r3, [r3, #3584]	; 0xe00
    1c90:	00db      	lsls	r3, r3, #3
    1c92:	d56b      	bpl.n	1d6c <FlexCAN_T4<(CAN_DEV_TABLE)1074413568, (FLEXCAN_RXQUEUE_TABLE)256, (FLEXCAN_TXQUEUE_TABLE)16>::fifo_filter_match(unsigned long)+0xe4>
  uint8_t max_fifo_filters = (((FLEXCANb_CTRL2(_bus) >> FLEXCAN_CTRL2_RFFN_BIT_NO) & 0xF) + 1) * 8; // 8->128
    1c94:	4b38      	ldr	r3, [pc, #224]	; (1d78 <FlexCAN_T4<(CAN_DEV_TABLE)1074413568, (FLEXCAN_RXQUEUE_TABLE)256, (FLEXCAN_TXQUEUE_TABLE)16>::fifo_filter_match(unsigned long)+0xf0>)
FCTP_FUNC volatile bool FCTP_OPT::fifo_filter_match(uint32_t id) {
    1c96:	e92d 4ff0 	stmdb	sp!, {r4, r5, r6, r7, r8, r9, sl, fp, lr}
  uint8_t max_fifo_filters = (((FLEXCANb_CTRL2(_bus) >> FLEXCAN_CTRL2_RFFN_BIT_NO) & 0xF) + 1) * 8; // 8->128
    1c9a:	6b5f      	ldr	r7, [r3, #52]	; 0x34
    1c9c:	f3c7 6703 	ubfx	r7, r7, #24, #4
    1ca0:	00ff      	lsls	r7, r7, #3
    1ca2:	2200      	movs	r2, #0
    else if ( (fifo_filter_table[mb_num][0] >> 29) == FLEXCAN_RANGE ) {
      if ( id >= fifo_filter_table[mb_num][1] && id <= fifo_filter_table[mb_num][2] ) return 1;
    }
    else if ( (fifo_filter_table[mb_num][0] >> 29) == FLEXCAN_USERMASK ) {
      for ( uint8_t i = 1; i < ((fifo_filter_table[mb_num][0] & 0x380) >> 7) + 1; i++) {
        if ( (id & fifo_filter_table[mb_num][5]) == (fifo_filter_table[mb_num][i] & fifo_filter_table[mb_num][5]) ) return 1;
    1ca4:	f641 6b14 	movw	fp, #7700	; 0x1e14
  uint8_t max_fifo_filters = (((FLEXCANb_CTRL2(_bus) >> FLEXCAN_CTRL2_RFFN_BIT_NO) & 0xF) + 1) * 8; // 8->128
    1ca8:	3708      	adds	r7, #8
      if ( id >= fifo_filter_table[mb_num][1] && id <= fifo_filter_table[mb_num][2] ) return 1;
    1caa:	f641 6904 	movw	r9, #7684	; 0x1e04
    1cae:	f641 6a08 	movw	sl, #7688	; 0x1e08
    1cb2:	e007      	b.n	1cc4 <FlexCAN_T4<(CAN_DEV_TABLE)1074413568, (FLEXCAN_RXQUEUE_TABLE)256, (FLEXCAN_TXQUEUE_TABLE)16>::fifo_filter_match(unsigned long)+0x3c>
    else if ( (fifo_filter_table[mb_num][0] >> 29) == FLEXCAN_USERMASK ) {
    1cb4:	681d      	ldr	r5, [r3, #0]
    1cb6:	0f6d      	lsrs	r5, r5, #29
    1cb8:	2d05      	cmp	r5, #5
    1cba:	d034      	beq.n	1d26 <FlexCAN_T4<(CAN_DEV_TABLE)1074413568, (FLEXCAN_RXQUEUE_TABLE)256, (FLEXCAN_TXQUEUE_TABLE)16>::fifo_filter_match(unsigned long)+0x9e>
  for (uint8_t mb_num = 0; mb_num < max_fifo_filters; mb_num++) { /* check fifo filters */
    1cbc:	3201      	adds	r2, #1
    1cbe:	b2d3      	uxtb	r3, r2
    1cc0:	429f      	cmp	r7, r3
    1cc2:	d955      	bls.n	1d70 <FlexCAN_T4<(CAN_DEV_TABLE)1074413568, (FLEXCAN_RXQUEUE_TABLE)256, (FLEXCAN_TXQUEUE_TABLE)16>::fifo_filter_match(unsigned long)+0xe8>
    if ( (fifo_filter_table[mb_num][0] >> 29) == FLEXCAN_MULTI ) {
    1cc4:	eb02 0e42 	add.w	lr, r2, r2, lsl #1
    1cc8:	eb00 04ce 	add.w	r4, r0, lr, lsl #3
    1ccc:	f504 53f0 	add.w	r3, r4, #7680	; 0x1e00
    1cd0:	681d      	ldr	r5, [r3, #0]
    1cd2:	0f6d      	lsrs	r5, r5, #29
    1cd4:	2d01      	cmp	r5, #1
    1cd6:	d00e      	beq.n	1cf6 <FlexCAN_T4<(CAN_DEV_TABLE)1074413568, (FLEXCAN_RXQUEUE_TABLE)256, (FLEXCAN_TXQUEUE_TABLE)16>::fifo_filter_match(unsigned long)+0x6e>
    else if ( (fifo_filter_table[mb_num][0] >> 29) == FLEXCAN_RANGE ) {
    1cd8:	681d      	ldr	r5, [r3, #0]
    1cda:	0f6d      	lsrs	r5, r5, #29
    1cdc:	2d02      	cmp	r5, #2
    1cde:	d1e9      	bne.n	1cb4 <FlexCAN_T4<(CAN_DEV_TABLE)1074413568, (FLEXCAN_RXQUEUE_TABLE)256, (FLEXCAN_TXQUEUE_TABLE)16>::fifo_filter_match(unsigned long)+0x2c>
      if ( id >= fifo_filter_table[mb_num][1] && id <= fifo_filter_table[mb_num][2] ) return 1;
    1ce0:	f854 3009 	ldr.w	r3, [r4, r9]
    1ce4:	428b      	cmp	r3, r1
    1ce6:	d8e9      	bhi.n	1cbc <FlexCAN_T4<(CAN_DEV_TABLE)1074413568, (FLEXCAN_RXQUEUE_TABLE)256, (FLEXCAN_TXQUEUE_TABLE)16>::fifo_filter_match(unsigned long)+0x34>
    1ce8:	f854 300a 	ldr.w	r3, [r4, sl]
    1cec:	428b      	cmp	r3, r1
    1cee:	d3e5      	bcc.n	1cbc <FlexCAN_T4<(CAN_DEV_TABLE)1074413568, (FLEXCAN_RXQUEUE_TABLE)256, (FLEXCAN_TXQUEUE_TABLE)16>::fifo_filter_match(unsigned long)+0x34>
  if ( !(fifo_filter_table[0][0] & 0x10000000) ) return 1;
    1cf0:	2001      	movs	r0, #1
      }
    }
  }
  return 0;
}
    1cf2:	e8bd 8ff0 	ldmia.w	sp!, {r4, r5, r6, r7, r8, r9, sl, fp, pc}
      for ( uint8_t i = 0; i < ((fifo_filter_table[mb_num][0] & 0x380) >> 7); i++) if ( id == fifo_filter_table[mb_num][i+1] ) return 1;
    1cf6:	681c      	ldr	r4, [r3, #0]
    1cf8:	f414 7f60 	tst.w	r4, #896	; 0x380
    1cfc:	d0de      	beq.n	1cbc <FlexCAN_T4<(CAN_DEV_TABLE)1074413568, (FLEXCAN_RXQUEUE_TABLE)256, (FLEXCAN_TXQUEUE_TABLE)16>::fifo_filter_match(unsigned long)+0x34>
    1cfe:	ea4f 0e4e 	mov.w	lr, lr, lsl #1
    1d02:	2400      	movs	r4, #0
    1d04:	e004      	b.n	1d10 <FlexCAN_T4<(CAN_DEV_TABLE)1074413568, (FLEXCAN_RXQUEUE_TABLE)256, (FLEXCAN_TXQUEUE_TABLE)16>::fifo_filter_match(unsigned long)+0x88>
    1d06:	681d      	ldr	r5, [r3, #0]
    1d08:	f3c5 15c2 	ubfx	r5, r5, #7, #3
    1d0c:	42ac      	cmp	r4, r5
    1d0e:	d2d5      	bcs.n	1cbc <FlexCAN_T4<(CAN_DEV_TABLE)1074413568, (FLEXCAN_RXQUEUE_TABLE)256, (FLEXCAN_TXQUEUE_TABLE)16>::fifo_filter_match(unsigned long)+0x34>
    1d10:	3401      	adds	r4, #1
    1d12:	eb0e 0504 	add.w	r5, lr, r4
    1d16:	f505 65f0 	add.w	r5, r5, #1920	; 0x780
    1d1a:	b2e4      	uxtb	r4, r4
    1d1c:	f850 5025 	ldr.w	r5, [r0, r5, lsl #2]
    1d20:	428d      	cmp	r5, r1
    1d22:	d1f0      	bne.n	1d06 <FlexCAN_T4<(CAN_DEV_TABLE)1074413568, (FLEXCAN_RXQUEUE_TABLE)256, (FLEXCAN_TXQUEUE_TABLE)16>::fifo_filter_match(unsigned long)+0x7e>
    1d24:	e7e4      	b.n	1cf0 <FlexCAN_T4<(CAN_DEV_TABLE)1074413568, (FLEXCAN_RXQUEUE_TABLE)256, (FLEXCAN_TXQUEUE_TABLE)16>::fifo_filter_match(unsigned long)+0x68>
      for ( uint8_t i = 1; i < ((fifo_filter_table[mb_num][0] & 0x380) >> 7) + 1; i++) {
    1d26:	681d      	ldr	r5, [r3, #0]
    1d28:	f415 7f60 	tst.w	r5, #896	; 0x380
    1d2c:	d0c6      	beq.n	1cbc <FlexCAN_T4<(CAN_DEV_TABLE)1074413568, (FLEXCAN_RXQUEUE_TABLE)256, (FLEXCAN_TXQUEUE_TABLE)16>::fifo_filter_match(unsigned long)+0x34>
        if ( (id & fifo_filter_table[mb_num][5]) == (fifo_filter_table[mb_num][i] & fifo_filter_table[mb_num][5]) ) return 1;
    1d2e:	445c      	add	r4, fp
    1d30:	ea4f 0e4e 	mov.w	lr, lr, lsl #1
      for ( uint8_t i = 1; i < ((fifo_filter_table[mb_num][0] & 0x380) >> 7) + 1; i++) {
    1d34:	f04f 0c01 	mov.w	ip, #1
    1d38:	e005      	b.n	1d46 <FlexCAN_T4<(CAN_DEV_TABLE)1074413568, (FLEXCAN_RXQUEUE_TABLE)256, (FLEXCAN_TXQUEUE_TABLE)16>::fifo_filter_match(unsigned long)+0xbe>
    1d3a:	681d      	ldr	r5, [r3, #0]
    1d3c:	f3c5 15c2 	ubfx	r5, r5, #7, #3
    1d40:	3501      	adds	r5, #1
    1d42:	45ac      	cmp	ip, r5
    1d44:	d2ba      	bcs.n	1cbc <FlexCAN_T4<(CAN_DEV_TABLE)1074413568, (FLEXCAN_RXQUEUE_TABLE)256, (FLEXCAN_TXQUEUE_TABLE)16>::fifo_filter_match(unsigned long)+0x34>
        if ( (id & fifo_filter_table[mb_num][5]) == (fifo_filter_table[mb_num][i] & fifo_filter_table[mb_num][5]) ) return 1;
    1d46:	eb0e 050c 	add.w	r5, lr, ip
    1d4a:	f505 65f0 	add.w	r5, r5, #1920	; 0x780
    1d4e:	6826      	ldr	r6, [r4, #0]
    1d50:	f850 5025 	ldr.w	r5, [r0, r5, lsl #2]
    1d54:	f8d4 8000 	ldr.w	r8, [r4]
    1d58:	400e      	ands	r6, r1
    1d5a:	ea05 0508 	and.w	r5, r5, r8
      for ( uint8_t i = 1; i < ((fifo_filter_table[mb_num][0] & 0x380) >> 7) + 1; i++) {
    1d5e:	f10c 0c01 	add.w	ip, ip, #1
        if ( (id & fifo_filter_table[mb_num][5]) == (fifo_filter_table[mb_num][i] & fifo_filter_table[mb_num][5]) ) return 1;
    1d62:	42ae      	cmp	r6, r5
      for ( uint8_t i = 1; i < ((fifo_filter_table[mb_num][0] & 0x380) >> 7) + 1; i++) {
    1d64:	fa5f fc8c 	uxtb.w	ip, ip
        if ( (id & fifo_filter_table[mb_num][5]) == (fifo_filter_table[mb_num][i] & fifo_filter_table[mb_num][5]) ) return 1;
    1d68:	d1e7      	bne.n	1d3a <FlexCAN_T4<(CAN_DEV_TABLE)1074413568, (FLEXCAN_RXQUEUE_TABLE)256, (FLEXCAN_TXQUEUE_TABLE)16>::fifo_filter_match(unsigned long)+0xb2>
    1d6a:	e7c1      	b.n	1cf0 <FlexCAN_T4<(CAN_DEV_TABLE)1074413568, (FLEXCAN_RXQUEUE_TABLE)256, (FLEXCAN_TXQUEUE_TABLE)16>::fifo_filter_match(unsigned long)+0x68>
  if ( !(fifo_filter_table[0][0] & 0x10000000) ) return 1;
    1d6c:	2001      	movs	r0, #1
}
    1d6e:	4770      	bx	lr
  return 0;
    1d70:	2000      	movs	r0, #0
}
    1d72:	e8bd 8ff0 	ldmia.w	sp!, {r4, r5, r6, r7, r8, r9, sl, fp, pc}
    1d76:	bf00      	nop
    1d78:	400a4000 	.word	0x400a4000

00001d7c <FlexCAN_T4<(CAN_DEV_TABLE)1074413568, (FLEXCAN_RXQUEUE_TABLE)256, (FLEXCAN_TXQUEUE_TABLE)16>::filter_match(FLEXCAN_MAILBOX, unsigned long)>:

FCTP_FUNC volatile bool FCTP_OPT::filter_match(FLEXCAN_MAILBOX mb_num, uint32_t id) {
  if ( !(mb_filter_table[mb_num][0] & 0x10000000) ) return 1;
    1d7c:	eb01 0141 	add.w	r1, r1, r1, lsl #1
FCTP_FUNC volatile bool FCTP_OPT::filter_match(FLEXCAN_MAILBOX mb_num, uint32_t id) {
    1d80:	b570      	push	{r4, r5, r6, lr}
  if ( !(mb_filter_table[mb_num][0] & 0x10000000) ) return 1;
    1d82:	eb00 05c1 	add.w	r5, r0, r1, lsl #3
    1d86:	f505 5e04 	add.w	lr, r5, #8448	; 0x2100
    1d8a:	f8de 3000 	ldr.w	r3, [lr]
    1d8e:	00db      	lsls	r3, r3, #3
    1d90:	d528      	bpl.n	1de4 <FlexCAN_T4<(CAN_DEV_TABLE)1074413568, (FLEXCAN_RXQUEUE_TABLE)256, (FLEXCAN_TXQUEUE_TABLE)16>::filter_match(FLEXCAN_MAILBOX, unsigned long)+0x68>
  if ( (mb_filter_table[mb_num][0] >> 29) == FLEXCAN_MULTI ) {
    1d92:	f8de 3000 	ldr.w	r3, [lr]
    1d96:	0f5b      	lsrs	r3, r3, #29
    1d98:	2b01      	cmp	r3, #1
    1d9a:	d00b      	beq.n	1db4 <FlexCAN_T4<(CAN_DEV_TABLE)1074413568, (FLEXCAN_RXQUEUE_TABLE)256, (FLEXCAN_TXQUEUE_TABLE)16>::filter_match(FLEXCAN_MAILBOX, unsigned long)+0x38>
    for ( uint8_t i = 0; i < ((mb_filter_table[mb_num][0] & 0x380) >> 7); i++) if ( id == mb_filter_table[mb_num][i+1] ) return 1;
  }
  else if ( (mb_filter_table[mb_num][0] >> 29) == FLEXCAN_RANGE ) {
    1d9c:	f8de 3000 	ldr.w	r3, [lr]
    1da0:	0f5b      	lsrs	r3, r3, #29
    1da2:	2b02      	cmp	r3, #2
    1da4:	d042      	beq.n	1e2c <FlexCAN_T4<(CAN_DEV_TABLE)1074413568, (FLEXCAN_RXQUEUE_TABLE)256, (FLEXCAN_TXQUEUE_TABLE)16>::filter_match(FLEXCAN_MAILBOX, unsigned long)+0xb0>
    if ( id >= mb_filter_table[mb_num][1] && id <= mb_filter_table[mb_num][2] ) return 1;
  }
  else if ( (mb_filter_table[mb_num][0] >> 29) == FLEXCAN_USERMASK ) {
    1da6:	f8de 3000 	ldr.w	r3, [lr]
    1daa:	0f5b      	lsrs	r3, r3, #29
    1dac:	2b05      	cmp	r3, #5
    1dae:	d01b      	beq.n	1de8 <FlexCAN_T4<(CAN_DEV_TABLE)1074413568, (FLEXCAN_RXQUEUE_TABLE)256, (FLEXCAN_TXQUEUE_TABLE)16>::filter_match(FLEXCAN_MAILBOX, unsigned long)+0x6c>
    for ( uint8_t i = 1; i < ((mb_filter_table[mb_num][0] & 0x380) >> 7) + 1; i++) {
      if ( (id & mb_filter_table[mb_num][5]) == (mb_filter_table[mb_num][i] & mb_filter_table[mb_num][5]) ) return 1;
    }
  }
  return 0;
    1db0:	2000      	movs	r0, #0
}
    1db2:	bd70      	pop	{r4, r5, r6, pc}
    for ( uint8_t i = 0; i < ((mb_filter_table[mb_num][0] & 0x380) >> 7); i++) if ( id == mb_filter_table[mb_num][i+1] ) return 1;
    1db4:	f8de 4000 	ldr.w	r4, [lr]
    1db8:	f414 7f60 	tst.w	r4, #896	; 0x380
    1dbc:	d0f8      	beq.n	1db0 <FlexCAN_T4<(CAN_DEV_TABLE)1074413568, (FLEXCAN_RXQUEUE_TABLE)256, (FLEXCAN_TXQUEUE_TABLE)16>::filter_match(FLEXCAN_MAILBOX, unsigned long)+0x34>
    1dbe:	2300      	movs	r3, #0
    1dc0:	004d      	lsls	r5, r1, #1
    1dc2:	e005      	b.n	1dd0 <FlexCAN_T4<(CAN_DEV_TABLE)1074413568, (FLEXCAN_RXQUEUE_TABLE)256, (FLEXCAN_TXQUEUE_TABLE)16>::filter_match(FLEXCAN_MAILBOX, unsigned long)+0x54>
    1dc4:	f8de 1000 	ldr.w	r1, [lr]
    1dc8:	f3c1 1cc2 	ubfx	ip, r1, #7, #3
    1dcc:	4563      	cmp	r3, ip
    1dce:	d2ef      	bcs.n	1db0 <FlexCAN_T4<(CAN_DEV_TABLE)1074413568, (FLEXCAN_RXQUEUE_TABLE)256, (FLEXCAN_TXQUEUE_TABLE)16>::filter_match(FLEXCAN_MAILBOX, unsigned long)+0x34>
    1dd0:	3301      	adds	r3, #1
    1dd2:	eb05 0c03 	add.w	ip, r5, r3
    1dd6:	f50c 6c04 	add.w	ip, ip, #2112	; 0x840
    1dda:	b2db      	uxtb	r3, r3
    1ddc:	f850 402c 	ldr.w	r4, [r0, ip, lsl #2]
    1de0:	4294      	cmp	r4, r2
    1de2:	d1ef      	bne.n	1dc4 <FlexCAN_T4<(CAN_DEV_TABLE)1074413568, (FLEXCAN_RXQUEUE_TABLE)256, (FLEXCAN_TXQUEUE_TABLE)16>::filter_match(FLEXCAN_MAILBOX, unsigned long)+0x48>
  if ( !(mb_filter_table[mb_num][0] & 0x10000000) ) return 1;
    1de4:	2001      	movs	r0, #1
}
    1de6:	bd70      	pop	{r4, r5, r6, pc}
    for ( uint8_t i = 1; i < ((mb_filter_table[mb_num][0] & 0x380) >> 7) + 1; i++) {
    1de8:	f8de 4000 	ldr.w	r4, [lr]
    1dec:	f414 7f60 	tst.w	r4, #896	; 0x380
    1df0:	d0de      	beq.n	1db0 <FlexCAN_T4<(CAN_DEV_TABLE)1074413568, (FLEXCAN_RXQUEUE_TABLE)256, (FLEXCAN_TXQUEUE_TABLE)16>::filter_match(FLEXCAN_MAILBOX, unsigned long)+0x34>
      if ( (id & mb_filter_table[mb_num][5]) == (mb_filter_table[mb_num][i] & mb_filter_table[mb_num][5]) ) return 1;
    1df2:	f505 5504 	add.w	r5, r5, #8448	; 0x2100
    1df6:	3514      	adds	r5, #20
    1df8:	0049      	lsls	r1, r1, #1
    for ( uint8_t i = 1; i < ((mb_filter_table[mb_num][0] & 0x380) >> 7) + 1; i++) {
    1dfa:	2301      	movs	r3, #1
    1dfc:	e007      	b.n	1e0e <FlexCAN_T4<(CAN_DEV_TABLE)1074413568, (FLEXCAN_RXQUEUE_TABLE)256, (FLEXCAN_TXQUEUE_TABLE)16>::filter_match(FLEXCAN_MAILBOX, unsigned long)+0x92>
    1dfe:	f8de 4000 	ldr.w	r4, [lr]
    1e02:	f3c4 1cc2 	ubfx	ip, r4, #7, #3
    1e06:	f10c 0c01 	add.w	ip, ip, #1
    1e0a:	4563      	cmp	r3, ip
    1e0c:	d2d0      	bcs.n	1db0 <FlexCAN_T4<(CAN_DEV_TABLE)1074413568, (FLEXCAN_RXQUEUE_TABLE)256, (FLEXCAN_TXQUEUE_TABLE)16>::filter_match(FLEXCAN_MAILBOX, unsigned long)+0x34>
      if ( (id & mb_filter_table[mb_num][5]) == (mb_filter_table[mb_num][i] & mb_filter_table[mb_num][5]) ) return 1;
    1e0e:	682c      	ldr	r4, [r5, #0]
    1e10:	ea04 0c02 	and.w	ip, r4, r2
    1e14:	18cc      	adds	r4, r1, r3
    1e16:	f504 6404 	add.w	r4, r4, #2112	; 0x840
    for ( uint8_t i = 1; i < ((mb_filter_table[mb_num][0] & 0x380) >> 7) + 1; i++) {
    1e1a:	3301      	adds	r3, #1
      if ( (id & mb_filter_table[mb_num][5]) == (mb_filter_table[mb_num][i] & mb_filter_table[mb_num][5]) ) return 1;
    1e1c:	f850 4024 	ldr.w	r4, [r0, r4, lsl #2]
    1e20:	682e      	ldr	r6, [r5, #0]
    1e22:	4034      	ands	r4, r6
    1e24:	45a4      	cmp	ip, r4
    for ( uint8_t i = 1; i < ((mb_filter_table[mb_num][0] & 0x380) >> 7) + 1; i++) {
    1e26:	b2db      	uxtb	r3, r3
      if ( (id & mb_filter_table[mb_num][5]) == (mb_filter_table[mb_num][i] & mb_filter_table[mb_num][5]) ) return 1;
    1e28:	d1e9      	bne.n	1dfe <FlexCAN_T4<(CAN_DEV_TABLE)1074413568, (FLEXCAN_RXQUEUE_TABLE)256, (FLEXCAN_TXQUEUE_TABLE)16>::filter_match(FLEXCAN_MAILBOX, unsigned long)+0x82>
    1e2a:	e7db      	b.n	1de4 <FlexCAN_T4<(CAN_DEV_TABLE)1074413568, (FLEXCAN_RXQUEUE_TABLE)256, (FLEXCAN_TXQUEUE_TABLE)16>::filter_match(FLEXCAN_MAILBOX, unsigned long)+0x68>
    if ( id >= mb_filter_table[mb_num][1] && id <= mb_filter_table[mb_num][2] ) return 1;
    1e2c:	f242 1304 	movw	r3, #8452	; 0x2104
    1e30:	58eb      	ldr	r3, [r5, r3]
    1e32:	4293      	cmp	r3, r2
    1e34:	d8bc      	bhi.n	1db0 <FlexCAN_T4<(CAN_DEV_TABLE)1074413568, (FLEXCAN_RXQUEUE_TABLE)256, (FLEXCAN_TXQUEUE_TABLE)16>::filter_match(FLEXCAN_MAILBOX, unsigned long)+0x34>
    1e36:	f242 1308 	movw	r3, #8456	; 0x2108
    1e3a:	58e8      	ldr	r0, [r5, r3]
    1e3c:	4290      	cmp	r0, r2
    1e3e:	bf34      	ite	cc
    1e40:	2000      	movcc	r0, #0
    1e42:	2001      	movcs	r0, #1
}
    1e44:	bd70      	pop	{r4, r5, r6, pc}
    1e46:	bf00      	nop

00001e48 <Circular_Buffer<unsigned long, (unsigned short)16, (unsigned short)0>::write(unsigned long)>:
  if ( _available < _size ) _available++;
    1e48:	8883      	ldrh	r3, [r0, #4]
    1e4a:	b29b      	uxth	r3, r3
    1e4c:	2b0f      	cmp	r3, #15
    1e4e:	d803      	bhi.n	1e58 <Circular_Buffer<unsigned long, (unsigned short)16, (unsigned short)0>::write(unsigned long)+0x10>
    1e50:	8883      	ldrh	r3, [r0, #4]
    1e52:	3301      	adds	r3, #1
    1e54:	b29b      	uxth	r3, r3
    1e56:	8083      	strh	r3, [r0, #4]
  _cbuf[((tail)&(_size-1))] = value;
    1e58:	8842      	ldrh	r2, [r0, #2]
  if ( tail == ((head ^ _size)) ) head = ((head + 1)&(2*_size-1));
    1e5a:	f8b0 c002 	ldrh.w	ip, [r0, #2]
    1e5e:	8803      	ldrh	r3, [r0, #0]
  _cbuf[((tail)&(_size-1))] = value;
    1e60:	f002 020f 	and.w	r2, r2, #15
  if ( tail == ((head ^ _size)) ) head = ((head + 1)&(2*_size-1));
    1e64:	b29b      	uxth	r3, r3
  _cbuf[((tail)&(_size-1))] = value;
    1e66:	3202      	adds	r2, #2
  if ( tail == ((head ^ _size)) ) head = ((head + 1)&(2*_size-1));
    1e68:	fa1f fc8c 	uxth.w	ip, ip
    1e6c:	f083 0310 	eor.w	r3, r3, #16
    1e70:	459c      	cmp	ip, r3
  _cbuf[((tail)&(_size-1))] = value;
    1e72:	f840 1022 	str.w	r1, [r0, r2, lsl #2]
  if ( tail == ((head ^ _size)) ) head = ((head + 1)&(2*_size-1));
    1e76:	d104      	bne.n	1e82 <Circular_Buffer<unsigned long, (unsigned short)16, (unsigned short)0>::write(unsigned long)+0x3a>
    1e78:	8803      	ldrh	r3, [r0, #0]
    1e7a:	3301      	adds	r3, #1
    1e7c:	f003 031f 	and.w	r3, r3, #31
    1e80:	8003      	strh	r3, [r0, #0]
  tail = ((tail + 1)&(2*_size-1));
    1e82:	8843      	ldrh	r3, [r0, #2]
    1e84:	3301      	adds	r3, #1
    1e86:	f003 031f 	and.w	r3, r3, #31
    1e8a:	8043      	strh	r3, [r0, #2]
}
    1e8c:	4770      	bx	lr
    1e8e:	bf00      	nop

00001e90 <Circular_Buffer<unsigned short, (unsigned short)16, (unsigned short)0>::write(unsigned short)>:
  if ( _available < _size ) _available++;
    1e90:	8883      	ldrh	r3, [r0, #4]
    1e92:	b29b      	uxth	r3, r3
    1e94:	2b0f      	cmp	r3, #15
    1e96:	d803      	bhi.n	1ea0 <Circular_Buffer<unsigned short, (unsigned short)16, (unsigned short)0>::write(unsigned short)+0x10>
    1e98:	8883      	ldrh	r3, [r0, #4]
    1e9a:	3301      	adds	r3, #1
    1e9c:	b29b      	uxth	r3, r3
    1e9e:	8083      	strh	r3, [r0, #4]
  _cbuf[((tail)&(_size-1))] = value;
    1ea0:	8842      	ldrh	r2, [r0, #2]
  if ( tail == ((head ^ _size)) ) head = ((head + 1)&(2*_size-1));
    1ea2:	f8b0 c002 	ldrh.w	ip, [r0, #2]
    1ea6:	8803      	ldrh	r3, [r0, #0]
  _cbuf[((tail)&(_size-1))] = value;
    1ea8:	f002 020f 	and.w	r2, r2, #15
  if ( tail == ((head ^ _size)) ) head = ((head + 1)&(2*_size-1));
    1eac:	b29b      	uxth	r3, r3
  _cbuf[((tail)&(_size-1))] = value;
    1eae:	eb00 0242 	add.w	r2, r0, r2, lsl #1
  if ( tail == ((head ^ _size)) ) head = ((head + 1)&(2*_size-1));
    1eb2:	fa1f fc8c 	uxth.w	ip, ip
    1eb6:	f083 0310 	eor.w	r3, r3, #16
    1eba:	459c      	cmp	ip, r3
  _cbuf[((tail)&(_size-1))] = value;
    1ebc:	80d1      	strh	r1, [r2, #6]
  if ( tail == ((head ^ _size)) ) head = ((head + 1)&(2*_size-1));
    1ebe:	d104      	bne.n	1eca <Circular_Buffer<unsigned short, (unsigned short)16, (unsigned short)0>::write(unsigned short)+0x3a>
    1ec0:	8803      	ldrh	r3, [r0, #0]
    1ec2:	3301      	adds	r3, #1
    1ec4:	f003 031f 	and.w	r3, r3, #31
    1ec8:	8003      	strh	r3, [r0, #0]
  tail = ((tail + 1)&(2*_size-1));
    1eca:	8843      	ldrh	r3, [r0, #2]
    1ecc:	3301      	adds	r3, #1
    1ece:	f003 031f 	and.w	r3, r3, #31
    1ed2:	8043      	strh	r3, [r0, #2]
}
    1ed4:	4770      	bx	lr
    1ed6:	bf00      	nop

00001ed8 <FlexCAN_T4<(CAN_DEV_TABLE)1073889280, (FLEXCAN_RXQUEUE_TABLE)256, (FLEXCAN_TXQUEUE_TABLE)16>::fifo_filter_match(unsigned long)>:
  if ( !(fifo_filter_table[0][0] & 0x10000000) ) return 1;
    1ed8:	f500 5380 	add.w	r3, r0, #4096	; 0x1000
    1edc:	f8d3 3e00 	ldr.w	r3, [r3, #3584]	; 0xe00
    1ee0:	00db      	lsls	r3, r3, #3
    1ee2:	d56b      	bpl.n	1fbc <FlexCAN_T4<(CAN_DEV_TABLE)1073889280, (FLEXCAN_RXQUEUE_TABLE)256, (FLEXCAN_TXQUEUE_TABLE)16>::fifo_filter_match(unsigned long)+0xe4>
  uint8_t max_fifo_filters = (((FLEXCANb_CTRL2(_bus) >> FLEXCAN_CTRL2_RFFN_BIT_NO) & 0xF) + 1) * 8; // 8->128
    1ee4:	4b38      	ldr	r3, [pc, #224]	; (1fc8 <FlexCAN_T4<(CAN_DEV_TABLE)1073889280, (FLEXCAN_RXQUEUE_TABLE)256, (FLEXCAN_TXQUEUE_TABLE)16>::fifo_filter_match(unsigned long)+0xf0>)
FCTP_FUNC volatile bool FCTP_OPT::fifo_filter_match(uint32_t id) {
    1ee6:	e92d 4ff0 	stmdb	sp!, {r4, r5, r6, r7, r8, r9, sl, fp, lr}
  uint8_t max_fifo_filters = (((FLEXCANb_CTRL2(_bus) >> FLEXCAN_CTRL2_RFFN_BIT_NO) & 0xF) + 1) * 8; // 8->128
    1eea:	6b5f      	ldr	r7, [r3, #52]	; 0x34
    1eec:	f3c7 6703 	ubfx	r7, r7, #24, #4
    1ef0:	00ff      	lsls	r7, r7, #3
    1ef2:	2200      	movs	r2, #0
        if ( (id & fifo_filter_table[mb_num][5]) == (fifo_filter_table[mb_num][i] & fifo_filter_table[mb_num][5]) ) return 1;
    1ef4:	f641 6b14 	movw	fp, #7700	; 0x1e14
  uint8_t max_fifo_filters = (((FLEXCANb_CTRL2(_bus) >> FLEXCAN_CTRL2_RFFN_BIT_NO) & 0xF) + 1) * 8; // 8->128
    1ef8:	3708      	adds	r7, #8
      if ( id >= fifo_filter_table[mb_num][1] && id <= fifo_filter_table[mb_num][2] ) return 1;
    1efa:	f641 6904 	movw	r9, #7684	; 0x1e04
    1efe:	f641 6a08 	movw	sl, #7688	; 0x1e08
    1f02:	e007      	b.n	1f14 <FlexCAN_T4<(CAN_DEV_TABLE)1073889280, (FLEXCAN_RXQUEUE_TABLE)256, (FLEXCAN_TXQUEUE_TABLE)16>::fifo_filter_match(unsigned long)+0x3c>
    else if ( (fifo_filter_table[mb_num][0] >> 29) == FLEXCAN_USERMASK ) {
    1f04:	681d      	ldr	r5, [r3, #0]
    1f06:	0f6d      	lsrs	r5, r5, #29
    1f08:	2d05      	cmp	r5, #5
    1f0a:	d034      	beq.n	1f76 <FlexCAN_T4<(CAN_DEV_TABLE)1073889280, (FLEXCAN_RXQUEUE_TABLE)256, (FLEXCAN_TXQUEUE_TABLE)16>::fifo_filter_match(unsigned long)+0x9e>
  for (uint8_t mb_num = 0; mb_num < max_fifo_filters; mb_num++) { /* check fifo filters */
    1f0c:	3201      	adds	r2, #1
    1f0e:	b2d3      	uxtb	r3, r2
    1f10:	429f      	cmp	r7, r3
    1f12:	d955      	bls.n	1fc0 <FlexCAN_T4<(CAN_DEV_TABLE)1073889280, (FLEXCAN_RXQUEUE_TABLE)256, (FLEXCAN_TXQUEUE_TABLE)16>::fifo_filter_match(unsigned long)+0xe8>
    if ( (fifo_filter_table[mb_num][0] >> 29) == FLEXCAN_MULTI ) {
    1f14:	eb02 0e42 	add.w	lr, r2, r2, lsl #1
    1f18:	eb00 04ce 	add.w	r4, r0, lr, lsl #3
    1f1c:	f504 53f0 	add.w	r3, r4, #7680	; 0x1e00
    1f20:	681d      	ldr	r5, [r3, #0]
    1f22:	0f6d      	lsrs	r5, r5, #29
    1f24:	2d01      	cmp	r5, #1
    1f26:	d00e      	beq.n	1f46 <FlexCAN_T4<(CAN_DEV_TABLE)1073889280, (FLEXCAN_RXQUEUE_TABLE)256, (FLEXCAN_TXQUEUE_TABLE)16>::fifo_filter_match(unsigned long)+0x6e>
    else if ( (fifo_filter_table[mb_num][0] >> 29) == FLEXCAN_RANGE ) {
    1f28:	681d      	ldr	r5, [r3, #0]
    1f2a:	0f6d      	lsrs	r5, r5, #29
    1f2c:	2d02      	cmp	r5, #2
    1f2e:	d1e9      	bne.n	1f04 <FlexCAN_T4<(CAN_DEV_TABLE)1073889280, (FLEXCAN_RXQUEUE_TABLE)256, (FLEXCAN_TXQUEUE_TABLE)16>::fifo_filter_match(unsigned long)+0x2c>
      if ( id >= fifo_filter_table[mb_num][1] && id <= fifo_filter_table[mb_num][2] ) return 1;
    1f30:	f854 3009 	ldr.w	r3, [r4, r9]
    1f34:	428b      	cmp	r3, r1
    1f36:	d8e9      	bhi.n	1f0c <FlexCAN_T4<(CAN_DEV_TABLE)1073889280, (FLEXCAN_RXQUEUE_TABLE)256, (FLEXCAN_TXQUEUE_TABLE)16>::fifo_filter_match(unsigned long)+0x34>
    1f38:	f854 300a 	ldr.w	r3, [r4, sl]
    1f3c:	428b      	cmp	r3, r1
    1f3e:	d3e5      	bcc.n	1f0c <FlexCAN_T4<(CAN_DEV_TABLE)1073889280, (FLEXCAN_RXQUEUE_TABLE)256, (FLEXCAN_TXQUEUE_TABLE)16>::fifo_filter_match(unsigned long)+0x34>
  if ( !(fifo_filter_table[0][0] & 0x10000000) ) return 1;
    1f40:	2001      	movs	r0, #1
}
    1f42:	e8bd 8ff0 	ldmia.w	sp!, {r4, r5, r6, r7, r8, r9, sl, fp, pc}
      for ( uint8_t i = 0; i < ((fifo_filter_table[mb_num][0] & 0x380) >> 7); i++) if ( id == fifo_filter_table[mb_num][i+1] ) return 1;
    1f46:	681c      	ldr	r4, [r3, #0]
    1f48:	f414 7f60 	tst.w	r4, #896	; 0x380
    1f4c:	d0de      	beq.n	1f0c <FlexCAN_T4<(CAN_DEV_TABLE)1073889280, (FLEXCAN_RXQUEUE_TABLE)256, (FLEXCAN_TXQUEUE_TABLE)16>::fifo_filter_match(unsigned long)+0x34>
    1f4e:	ea4f 0e4e 	mov.w	lr, lr, lsl #1
    1f52:	2400      	movs	r4, #0
    1f54:	e004      	b.n	1f60 <FlexCAN_T4<(CAN_DEV_TABLE)1073889280, (FLEXCAN_RXQUEUE_TABLE)256, (FLEXCAN_TXQUEUE_TABLE)16>::fifo_filter_match(unsigned long)+0x88>
    1f56:	681d      	ldr	r5, [r3, #0]
    1f58:	f3c5 15c2 	ubfx	r5, r5, #7, #3
    1f5c:	42ac      	cmp	r4, r5
    1f5e:	d2d5      	bcs.n	1f0c <FlexCAN_T4<(CAN_DEV_TABLE)1073889280, (FLEXCAN_RXQUEUE_TABLE)256, (FLEXCAN_TXQUEUE_TABLE)16>::fifo_filter_match(unsigned long)+0x34>
    1f60:	3401      	adds	r4, #1
    1f62:	eb0e 0504 	add.w	r5, lr, r4
    1f66:	f505 65f0 	add.w	r5, r5, #1920	; 0x780
    1f6a:	b2e4      	uxtb	r4, r4
    1f6c:	f850 5025 	ldr.w	r5, [r0, r5, lsl #2]
    1f70:	428d      	cmp	r5, r1
    1f72:	d1f0      	bne.n	1f56 <FlexCAN_T4<(CAN_DEV_TABLE)1073889280, (FLEXCAN_RXQUEUE_TABLE)256, (FLEXCAN_TXQUEUE_TABLE)16>::fifo_filter_match(unsigned long)+0x7e>
    1f74:	e7e4      	b.n	1f40 <FlexCAN_T4<(CAN_DEV_TABLE)1073889280, (FLEXCAN_RXQUEUE_TABLE)256, (FLEXCAN_TXQUEUE_TABLE)16>::fifo_filter_match(unsigned long)+0x68>
      for ( uint8_t i = 1; i < ((fifo_filter_table[mb_num][0] & 0x380) >> 7) + 1; i++) {
    1f76:	681d      	ldr	r5, [r3, #0]
    1f78:	f415 7f60 	tst.w	r5, #896	; 0x380
    1f7c:	d0c6      	beq.n	1f0c <FlexCAN_T4<(CAN_DEV_TABLE)1073889280, (FLEXCAN_RXQUEUE_TABLE)256, (FLEXCAN_TXQUEUE_TABLE)16>::fifo_filter_match(unsigned long)+0x34>
        if ( (id & fifo_filter_table[mb_num][5]) == (fifo_filter_table[mb_num][i] & fifo_filter_table[mb_num][5]) ) return 1;
    1f7e:	445c      	add	r4, fp
    1f80:	ea4f 0e4e 	mov.w	lr, lr, lsl #1
      for ( uint8_t i = 1; i < ((fifo_filter_table[mb_num][0] & 0x380) >> 7) + 1; i++) {
    1f84:	f04f 0c01 	mov.w	ip, #1
    1f88:	e005      	b.n	1f96 <FlexCAN_T4<(CAN_DEV_TABLE)1073889280, (FLEXCAN_RXQUEUE_TABLE)256, (FLEXCAN_TXQUEUE_TABLE)16>::fifo_filter_match(unsigned long)+0xbe>
    1f8a:	681d      	ldr	r5, [r3, #0]
    1f8c:	f3c5 15c2 	ubfx	r5, r5, #7, #3
    1f90:	3501      	adds	r5, #1
    1f92:	45ac      	cmp	ip, r5
    1f94:	d2ba      	bcs.n	1f0c <FlexCAN_T4<(CAN_DEV_TABLE)1073889280, (FLEXCAN_RXQUEUE_TABLE)256, (FLEXCAN_TXQUEUE_TABLE)16>::fifo_filter_match(unsigned long)+0x34>
        if ( (id & fifo_filter_table[mb_num][5]) == (fifo_filter_table[mb_num][i] & fifo_filter_table[mb_num][5]) ) return 1;
    1f96:	eb0e 050c 	add.w	r5, lr, ip
    1f9a:	f505 65f0 	add.w	r5, r5, #1920	; 0x780
    1f9e:	6826      	ldr	r6, [r4, #0]
    1fa0:	f850 5025 	ldr.w	r5, [r0, r5, lsl #2]
    1fa4:	f8d4 8000 	ldr.w	r8, [r4]
    1fa8:	400e      	ands	r6, r1
    1faa:	ea05 0508 	and.w	r5, r5, r8
      for ( uint8_t i = 1; i < ((fifo_filter_table[mb_num][0] & 0x380) >> 7) + 1; i++) {
    1fae:	f10c 0c01 	add.w	ip, ip, #1
        if ( (id & fifo_filter_table[mb_num][5]) == (fifo_filter_table[mb_num][i] & fifo_filter_table[mb_num][5]) ) return 1;
    1fb2:	42ae      	cmp	r6, r5
      for ( uint8_t i = 1; i < ((fifo_filter_table[mb_num][0] & 0x380) >> 7) + 1; i++) {
    1fb4:	fa5f fc8c 	uxtb.w	ip, ip
        if ( (id & fifo_filter_table[mb_num][5]) == (fifo_filter_table[mb_num][i] & fifo_filter_table[mb_num][5]) ) return 1;
    1fb8:	d1e7      	bne.n	1f8a <FlexCAN_T4<(CAN_DEV_TABLE)1073889280, (FLEXCAN_RXQUEUE_TABLE)256, (FLEXCAN_TXQUEUE_TABLE)16>::fifo_filter_match(unsigned long)+0xb2>
    1fba:	e7c1      	b.n	1f40 <FlexCAN_T4<(CAN_DEV_TABLE)1073889280, (FLEXCAN_RXQUEUE_TABLE)256, (FLEXCAN_TXQUEUE_TABLE)16>::fifo_filter_match(unsigned long)+0x68>
  if ( !(fifo_filter_table[0][0] & 0x10000000) ) return 1;
    1fbc:	2001      	movs	r0, #1
}
    1fbe:	4770      	bx	lr
  return 0;
    1fc0:	2000      	movs	r0, #0
}
    1fc2:	e8bd 8ff0 	ldmia.w	sp!, {r4, r5, r6, r7, r8, r9, sl, fp, pc}
    1fc6:	bf00      	nop
    1fc8:	40024000 	.word	0x40024000

00001fcc <FlexCAN_T4<(CAN_DEV_TABLE)1073889280, (FLEXCAN_RXQUEUE_TABLE)256, (FLEXCAN_TXQUEUE_TABLE)16>::filter_match(FLEXCAN_MAILBOX, unsigned long)>:
  if ( !(mb_filter_table[mb_num][0] & 0x10000000) ) return 1;
    1fcc:	eb01 0141 	add.w	r1, r1, r1, lsl #1
FCTP_FUNC volatile bool FCTP_OPT::filter_match(FLEXCAN_MAILBOX mb_num, uint32_t id) {
    1fd0:	b570      	push	{r4, r5, r6, lr}
  if ( !(mb_filter_table[mb_num][0] & 0x10000000) ) return 1;
    1fd2:	eb00 05c1 	add.w	r5, r0, r1, lsl #3
    1fd6:	f505 5e04 	add.w	lr, r5, #8448	; 0x2100
    1fda:	f8de 3000 	ldr.w	r3, [lr]
    1fde:	00db      	lsls	r3, r3, #3
    1fe0:	d528      	bpl.n	2034 <FlexCAN_T4<(CAN_DEV_TABLE)1073889280, (FLEXCAN_RXQUEUE_TABLE)256, (FLEXCAN_TXQUEUE_TABLE)16>::filter_match(FLEXCAN_MAILBOX, unsigned long)+0x68>
  if ( (mb_filter_table[mb_num][0] >> 29) == FLEXCAN_MULTI ) {
    1fe2:	f8de 3000 	ldr.w	r3, [lr]
    1fe6:	0f5b      	lsrs	r3, r3, #29
    1fe8:	2b01      	cmp	r3, #1
    1fea:	d00b      	beq.n	2004 <FlexCAN_T4<(CAN_DEV_TABLE)1073889280, (FLEXCAN_RXQUEUE_TABLE)256, (FLEXCAN_TXQUEUE_TABLE)16>::filter_match(FLEXCAN_MAILBOX, unsigned long)+0x38>
  else if ( (mb_filter_table[mb_num][0] >> 29) == FLEXCAN_RANGE ) {
    1fec:	f8de 3000 	ldr.w	r3, [lr]
    1ff0:	0f5b      	lsrs	r3, r3, #29
    1ff2:	2b02      	cmp	r3, #2
    1ff4:	d042      	beq.n	207c <FlexCAN_T4<(CAN_DEV_TABLE)1073889280, (FLEXCAN_RXQUEUE_TABLE)256, (FLEXCAN_TXQUEUE_TABLE)16>::filter_match(FLEXCAN_MAILBOX, unsigned long)+0xb0>
  else if ( (mb_filter_table[mb_num][0] >> 29) == FLEXCAN_USERMASK ) {
    1ff6:	f8de 3000 	ldr.w	r3, [lr]
    1ffa:	0f5b      	lsrs	r3, r3, #29
    1ffc:	2b05      	cmp	r3, #5
    1ffe:	d01b      	beq.n	2038 <FlexCAN_T4<(CAN_DEV_TABLE)1073889280, (FLEXCAN_RXQUEUE_TABLE)256, (FLEXCAN_TXQUEUE_TABLE)16>::filter_match(FLEXCAN_MAILBOX, unsigned long)+0x6c>
  return 0;
    2000:	2000      	movs	r0, #0
}
    2002:	bd70      	pop	{r4, r5, r6, pc}
    for ( uint8_t i = 0; i < ((mb_filter_table[mb_num][0] & 0x380) >> 7); i++) if ( id == mb_filter_table[mb_num][i+1] ) return 1;
    2004:	f8de 4000 	ldr.w	r4, [lr]
    2008:	f414 7f60 	tst.w	r4, #896	; 0x380
    200c:	d0f8      	beq.n	2000 <FlexCAN_T4<(CAN_DEV_TABLE)1073889280, (FLEXCAN_RXQUEUE_TABLE)256, (FLEXCAN_TXQUEUE_TABLE)16>::filter_match(FLEXCAN_MAILBOX, unsigned long)+0x34>
    200e:	2300      	movs	r3, #0
    2010:	004d      	lsls	r5, r1, #1
    2012:	e005      	b.n	2020 <FlexCAN_T4<(CAN_DEV_TABLE)1073889280, (FLEXCAN_RXQUEUE_TABLE)256, (FLEXCAN_TXQUEUE_TABLE)16>::filter_match(FLEXCAN_MAILBOX, unsigned long)+0x54>
    2014:	f8de 1000 	ldr.w	r1, [lr]
    2018:	f3c1 1cc2 	ubfx	ip, r1, #7, #3
    201c:	4563      	cmp	r3, ip
    201e:	d2ef      	bcs.n	2000 <FlexCAN_T4<(CAN_DEV_TABLE)1073889280, (FLEXCAN_RXQUEUE_TABLE)256, (FLEXCAN_TXQUEUE_TABLE)16>::filter_match(FLEXCAN_MAILBOX, unsigned long)+0x34>
    2020:	3301      	adds	r3, #1
    2022:	eb05 0c03 	add.w	ip, r5, r3
    2026:	f50c 6c04 	add.w	ip, ip, #2112	; 0x840
    202a:	b2db      	uxtb	r3, r3
    202c:	f850 402c 	ldr.w	r4, [r0, ip, lsl #2]
    2030:	4294      	cmp	r4, r2
    2032:	d1ef      	bne.n	2014 <FlexCAN_T4<(CAN_DEV_TABLE)1073889280, (FLEXCAN_RXQUEUE_TABLE)256, (FLEXCAN_TXQUEUE_TABLE)16>::filter_match(FLEXCAN_MAILBOX, unsigned long)+0x48>
  if ( !(mb_filter_table[mb_num][0] & 0x10000000) ) return 1;
    2034:	2001      	movs	r0, #1
}
    2036:	bd70      	pop	{r4, r5, r6, pc}
    for ( uint8_t i = 1; i < ((mb_filter_table[mb_num][0] & 0x380) >> 7) + 1; i++) {
    2038:	f8de 4000 	ldr.w	r4, [lr]
    203c:	f414 7f60 	tst.w	r4, #896	; 0x380
    2040:	d0de      	beq.n	2000 <FlexCAN_T4<(CAN_DEV_TABLE)1073889280, (FLEXCAN_RXQUEUE_TABLE)256, (FLEXCAN_TXQUEUE_TABLE)16>::filter_match(FLEXCAN_MAILBOX, unsigned long)+0x34>
      if ( (id & mb_filter_table[mb_num][5]) == (mb_filter_table[mb_num][i] & mb_filter_table[mb_num][5]) ) return 1;
    2042:	f505 5504 	add.w	r5, r5, #8448	; 0x2100
    2046:	3514      	adds	r5, #20
    2048:	0049      	lsls	r1, r1, #1
    for ( uint8_t i = 1; i < ((mb_filter_table[mb_num][0] & 0x380) >> 7) + 1; i++) {
    204a:	2301      	movs	r3, #1
    204c:	e007      	b.n	205e <FlexCAN_T4<(CAN_DEV_TABLE)1073889280, (FLEXCAN_RXQUEUE_TABLE)256, (FLEXCAN_TXQUEUE_TABLE)16>::filter_match(FLEXCAN_MAILBOX, unsigned long)+0x92>
    204e:	f8de 4000 	ldr.w	r4, [lr]
    2052:	f3c4 1cc2 	ubfx	ip, r4, #7, #3
    2056:	f10c 0c01 	add.w	ip, ip, #1
    205a:	4563      	cmp	r3, ip
    205c:	d2d0      	bcs.n	2000 <FlexCAN_T4<(CAN_DEV_TABLE)1073889280, (FLEXCAN_RXQUEUE_TABLE)256, (FLEXCAN_TXQUEUE_TABLE)16>::filter_match(FLEXCAN_MAILBOX, unsigned long)+0x34>
      if ( (id & mb_filter_table[mb_num][5]) == (mb_filter_table[mb_num][i] & mb_filter_table[mb_num][5]) ) return 1;
    205e:	682c      	ldr	r4, [r5, #0]
    2060:	ea04 0c02 	and.w	ip, r4, r2
    2064:	18cc      	adds	r4, r1, r3
    2066:	f504 6404 	add.w	r4, r4, #2112	; 0x840
    for ( uint8_t i = 1; i < ((mb_filter_table[mb_num][0] & 0x380) >> 7) + 1; i++) {
    206a:	3301      	adds	r3, #1
      if ( (id & mb_filter_table[mb_num][5]) == (mb_filter_table[mb_num][i] & mb_filter_table[mb_num][5]) ) return 1;
    206c:	f850 4024 	ldr.w	r4, [r0, r4, lsl #2]
    2070:	682e      	ldr	r6, [r5, #0]
    2072:	4034      	ands	r4, r6
    2074:	45a4      	cmp	ip, r4
    for ( uint8_t i = 1; i < ((mb_filter_table[mb_num][0] & 0x380) >> 7) + 1; i++) {
    2076:	b2db      	uxtb	r3, r3
      if ( (id & mb_filter_table[mb_num][5]) == (mb_filter_table[mb_num][i] & mb_filter_table[mb_num][5]) ) return 1;
    2078:	d1e9      	bne.n	204e <FlexCAN_T4<(CAN_DEV_TABLE)1073889280, (FLEXCAN_RXQUEUE_TABLE)256, (FLEXCAN_TXQUEUE_TABLE)16>::filter_match(FLEXCAN_MAILBOX, unsigned long)+0x82>
    207a:	e7db      	b.n	2034 <FlexCAN_T4<(CAN_DEV_TABLE)1073889280, (FLEXCAN_RXQUEUE_TABLE)256, (FLEXCAN_TXQUEUE_TABLE)16>::filter_match(FLEXCAN_MAILBOX, unsigned long)+0x68>
    if ( id >= mb_filter_table[mb_num][1] && id <= mb_filter_table[mb_num][2] ) return 1;
    207c:	f242 1304 	movw	r3, #8452	; 0x2104
    2080:	58eb      	ldr	r3, [r5, r3]
    2082:	4293      	cmp	r3, r2
    2084:	d8bc      	bhi.n	2000 <FlexCAN_T4<(CAN_DEV_TABLE)1073889280, (FLEXCAN_RXQUEUE_TABLE)256, (FLEXCAN_TXQUEUE_TABLE)16>::filter_match(FLEXCAN_MAILBOX, unsigned long)+0x34>
    2086:	f242 1308 	movw	r3, #8456	; 0x2108
    208a:	58e8      	ldr	r0, [r5, r3]
    208c:	4290      	cmp	r0, r2
    208e:	bf34      	ite	cc
    2090:	2000      	movcc	r0, #0
    2092:	2001      	movcs	r0, #1
}
    2094:	bd70      	pop	{r4, r5, r6, pc}
    2096:	bf00      	nop

00002098 <Circular_Buffer<unsigned char, (unsigned short)256, (unsigned short)24>::write(unsigned char const*, unsigned short)>:
    _cabuf[((tail)&(_size-1))][0] = length & 0xFF00;
    2098:	8843      	ldrh	r3, [r0, #2]
    209a:	f04f 0c1a 	mov.w	ip, #26
    209e:	b2db      	uxtb	r3, r3
    20a0:	fb0c 0303 	mla	r3, ip, r3, r0
void Circular_Buffer<T,_size,multi>::write(const T *buffer, uint16_t length) {
    20a4:	b510      	push	{r4, lr}
    20a6:	4604      	mov	r4, r0
    _cabuf[((tail)&(_size-1))][0] = length & 0xFF00;
    20a8:	2000      	movs	r0, #0
    20aa:	f883 0106 	strb.w	r0, [r3, #262]	; 0x106
    _cabuf[((tail)&(_size-1))][1] = length & 0xFF;
    20ae:	8863      	ldrh	r3, [r4, #2]
    20b0:	b2db      	uxtb	r3, r3
    20b2:	fb0c 4303 	mla	r3, ip, r3, r4
    20b6:	f883 2107 	strb.w	r2, [r3, #263]	; 0x107
    memmove(_cabuf[((tail)&(_size-1))]+2,buffer,length*sizeof(T));
    20ba:	8860      	ldrh	r0, [r4, #2]
    20bc:	b2c0      	uxtb	r0, r0
    20be:	fb0c 4000 	mla	r0, ip, r0, r4
    20c2:	f500 7084 	add.w	r0, r0, #264	; 0x108
    20c6:	f003 fc35 	bl	5934 <memmove>
    if ( tail == ((head ^ _size)) ) head = ((head + 1)&(2*_size-1));
    20ca:	8862      	ldrh	r2, [r4, #2]
    20cc:	8823      	ldrh	r3, [r4, #0]
    20ce:	b29b      	uxth	r3, r3
    20d0:	b292      	uxth	r2, r2
    20d2:	f483 7380 	eor.w	r3, r3, #256	; 0x100
    20d6:	429a      	cmp	r2, r3
    20d8:	d104      	bne.n	20e4 <Circular_Buffer<unsigned char, (unsigned short)256, (unsigned short)24>::write(unsigned char const*, unsigned short)+0x4c>
    20da:	8823      	ldrh	r3, [r4, #0]
    20dc:	3301      	adds	r3, #1
    20de:	f3c3 0308 	ubfx	r3, r3, #0, #9
    20e2:	8023      	strh	r3, [r4, #0]
    tail = ((tail + 1)&(2*_size-1));
    20e4:	8863      	ldrh	r3, [r4, #2]
    20e6:	3301      	adds	r3, #1
    20e8:	f3c3 0308 	ubfx	r3, r3, #0, #9
    20ec:	8063      	strh	r3, [r4, #2]
    if ( _available < _size ) _available++;
    20ee:	88a3      	ldrh	r3, [r4, #4]
    20f0:	b29b      	uxth	r3, r3
    20f2:	2bff      	cmp	r3, #255	; 0xff
    20f4:	d803      	bhi.n	20fe <Circular_Buffer<unsigned char, (unsigned short)256, (unsigned short)24>::write(unsigned char const*, unsigned short)+0x66>
    20f6:	88a3      	ldrh	r3, [r4, #4]
    20f8:	3301      	adds	r3, #1
    20fa:	b29b      	uxth	r3, r3
    20fc:	80a3      	strh	r3, [r4, #4]
}
    20fe:	bd10      	pop	{r4, pc}

00002100 <FlexCAN_T4<(CAN_DEV_TABLE)1074413568, (FLEXCAN_RXQUEUE_TABLE)256, (FLEXCAN_TXQUEUE_TABLE)16>::struct2queueRx(CAN_message_t const&)>:
FCTP_FUNC void FCTP_OPT::struct2queueRx(const CAN_message_t &msg) {
    2100:	e92d 4ff0 	stmdb	sp!, {r4, r5, r6, r7, r8, r9, sl, fp, lr}
  CAN_message_t cl = msg;
    2104:	468c      	mov	ip, r1
FCTP_FUNC void FCTP_OPT::struct2queueRx(const CAN_message_t &msg) {
    2106:	460f      	mov	r7, r1
    2108:	4606      	mov	r6, r0
    210a:	4605      	mov	r5, r0
    210c:	f100 0810 	add.w	r8, r0, #16
  CAN_message_t cl = msg;
    2110:	e8bc 000f 	ldmia.w	ip!, {r0, r1, r2, r3}
FCTP_FUNC void FCTP_OPT::struct2queueRx(const CAN_message_t &msg) {
    2114:	b08d      	sub	sp, #52	; 0x34
  CAN_message_t cl = msg;
    2116:	466c      	mov	r4, sp
    2118:	c40f      	stmia	r4!, {r0, r1, r2, r3}
    211a:	e89c 0003 	ldmia.w	ip, {r0, r1}
    211e:	e884 0003 	stmia.w	r4, {r0, r1}
  for (uint8_t listenerPos = 0; listenerPos < SIZE_LISTENERS; listenerPos++) {
    2122:	f8df a094 	ldr.w	sl, [pc, #148]	; 21b8 <FlexCAN_T4<(CAN_DEV_TABLE)1074413568, (FLEXCAN_RXQUEUE_TABLE)256, (FLEXCAN_TXQUEUE_TABLE)16>::struct2queueRx(CAN_message_t const&)+0xb8>
      if (thisListener->callbacksActive & (1UL << cl.mb)) thisListener->frameHandler (cl, cl.mb, cl.bus);
    2126:	f04f 0901 	mov.w	r9, #1
    thisListener = listener[listenerPos];
    212a:	f855 4f04 	ldr.w	r4, [r5, #4]!
    if (thisListener != nullptr) {
    212e:	b15c      	cbz	r4, 2148 <FlexCAN_T4<(CAN_DEV_TABLE)1074413568, (FLEXCAN_RXQUEUE_TABLE)256, (FLEXCAN_TXQUEUE_TABLE)16>::struct2queueRx(CAN_message_t const&)+0x48>
      if (thisListener->callbacksActive & (1UL << cl.mb)) thisListener->frameHandler (cl, cl.mb, cl.bus);
    2130:	f99d 2014 	ldrsb.w	r2, [sp, #20]
    2134:	68a3      	ldr	r3, [r4, #8]
    2136:	fa09 f102 	lsl.w	r1, r9, r2
    213a:	4219      	tst	r1, r3
    213c:	d020      	beq.n	2180 <FlexCAN_T4<(CAN_DEV_TABLE)1074413568, (FLEXCAN_RXQUEUE_TABLE)256, (FLEXCAN_TXQUEUE_TABLE)16>::struct2queueRx(CAN_message_t const&)+0x80>
    213e:	6823      	ldr	r3, [r4, #0]
    2140:	f8d3 b000 	ldr.w	fp, [r3]
    2144:	45d3      	cmp	fp, sl
    2146:	d116      	bne.n	2176 <FlexCAN_T4<(CAN_DEV_TABLE)1074413568, (FLEXCAN_RXQUEUE_TABLE)256, (FLEXCAN_TXQUEUE_TABLE)16>::struct2queueRx(CAN_message_t const&)+0x76>
  for (uint8_t listenerPos = 0; listenerPos < SIZE_LISTENERS; listenerPos++) {
    2148:	4545      	cmp	r5, r8
    214a:	d1ee      	bne.n	212a <FlexCAN_T4<(CAN_DEV_TABLE)1074413568, (FLEXCAN_RXQUEUE_TABLE)256, (FLEXCAN_TXQUEUE_TABLE)16>::struct2queueRx(CAN_message_t const&)+0x2a>
  if ( !isEventsUsed ) {
    214c:	f506 5300 	add.w	r3, r6, #8192	; 0x2000
    2150:	f893 3700 	ldrb.w	r3, [r3, #1792]	; 0x700
    2154:	b323      	cbz	r3, 21a0 <FlexCAN_T4<(CAN_DEV_TABLE)1074413568, (FLEXCAN_RXQUEUE_TABLE)256, (FLEXCAN_TXQUEUE_TABLE)16>::struct2queueRx(CAN_message_t const&)+0xa0>
  memmove(buf, &msg, sizeof(msg));
    2156:	2218      	movs	r2, #24
    2158:	4639      	mov	r1, r7
    215a:	eb0d 0002 	add.w	r0, sp, r2
    215e:	f001 f8cb 	bl	32f8 <memcpy>
        void push_back(const T *buffer, uint16_t length) { write(buffer, length); }
    2162:	2218      	movs	r2, #24
    2164:	eb0d 0102 	add.w	r1, sp, r2
    2168:	f106 0014 	add.w	r0, r6, #20
    216c:	f7ff ff94 	bl	2098 <Circular_Buffer<unsigned char, (unsigned short)256, (unsigned short)24>::write(unsigned char const*, unsigned short)>
}
    2170:	b00d      	add	sp, #52	; 0x34
    2172:	e8bd 8ff0 	ldmia.w	sp!, {r4, r5, r6, r7, r8, r9, sl, fp, pc}
      if (thisListener->callbacksActive & (1UL << cl.mb)) thisListener->frameHandler (cl, cl.mb, cl.bus);
    2176:	f89d 3015 	ldrb.w	r3, [sp, #21]
    217a:	4669      	mov	r1, sp
    217c:	4620      	mov	r0, r4
    217e:	47d8      	blx	fp
      if (thisListener->generalCallbackActive) thisListener->frameHandler (cl, -1, cl.bus);
    2180:	7c23      	ldrb	r3, [r4, #16]
    2182:	2b00      	cmp	r3, #0
    2184:	d0e0      	beq.n	2148 <FlexCAN_T4<(CAN_DEV_TABLE)1074413568, (FLEXCAN_RXQUEUE_TABLE)256, (FLEXCAN_TXQUEUE_TABLE)16>::struct2queueRx(CAN_message_t const&)+0x48>
    2186:	6823      	ldr	r3, [r4, #0]
    2188:	f8d3 b000 	ldr.w	fp, [r3]
    218c:	f89d 3015 	ldrb.w	r3, [sp, #21]
    2190:	45d3      	cmp	fp, sl
    2192:	d0d9      	beq.n	2148 <FlexCAN_T4<(CAN_DEV_TABLE)1074413568, (FLEXCAN_RXQUEUE_TABLE)256, (FLEXCAN_TXQUEUE_TABLE)16>::struct2queueRx(CAN_message_t const&)+0x48>
    2194:	4620      	mov	r0, r4
    2196:	f04f 32ff 	mov.w	r2, #4294967295
    219a:	4669      	mov	r1, sp
    219c:	47d8      	blx	fp
    219e:	e7d3      	b.n	2148 <FlexCAN_T4<(CAN_DEV_TABLE)1074413568, (FLEXCAN_RXQUEUE_TABLE)256, (FLEXCAN_TXQUEUE_TABLE)16>::struct2queueRx(CAN_message_t const&)+0x48>
    mbCallbacks((FLEXCAN_MAILBOX)msg.mb, msg);	
    21a0:	7d3b      	ldrb	r3, [r7, #20]
    21a2:	f88d 3018 	strb.w	r3, [sp, #24]
    21a6:	463a      	mov	r2, r7
    21a8:	a906      	add	r1, sp, #24
    21aa:	4630      	mov	r0, r6
    21ac:	f7ff f9dc 	bl	1568 <FlexCAN_T4<(CAN_DEV_TABLE)1074413568, (FLEXCAN_RXQUEUE_TABLE)256, (FLEXCAN_TXQUEUE_TABLE)16>::mbCallbacks(FLEXCAN_MAILBOX const&, CAN_message_t const&)>
}
    21b0:	b00d      	add	sp, #52	; 0x34
    21b2:	e8bd 8ff0 	ldmia.w	sp!, {r4, r5, r6, r7, r8, r9, sl, fp, pc}
    21b6:	bf00      	nop
    21b8:	00000459 	.word	0x00000459

000021bc <FlexCAN_T4<(CAN_DEV_TABLE)1074413568, (FLEXCAN_RXQUEUE_TABLE)256, (FLEXCAN_TXQUEUE_TABLE)16>::frame_distribution(CAN_message_t&)>:
  mb_filter_table[mb_num][4] = id4; // id4
  mb_filter_table[mb_num][5] = id5; // id5
}

FCTP_FUNC volatile void FCTP_OPT::frame_distribution(CAN_message_t &msg) {
  if ( !distribution ) return; /* distribution not enabled */
    21bc:	f500 5300 	add.w	r3, r0, #8192	; 0x2000
    21c0:	f893 3701 	ldrb.w	r3, [r3, #1793]	; 0x701
    21c4:	2b00      	cmp	r3, #0
    21c6:	f000 80db 	beq.w	2380 <FlexCAN_T4<(CAN_DEV_TABLE)1074413568, (FLEXCAN_RXQUEUE_TABLE)256, (FLEXCAN_TXQUEUE_TABLE)16>::frame_distribution(CAN_message_t&)+0x1c4>
FCTP_FUNC volatile void FCTP_OPT::frame_distribution(CAN_message_t &msg) {
    21ca:	e92d 4ff0 	stmdb	sp!, {r4, r5, r6, r7, r8, r9, sl, fp, lr}
  CAN_message_t frame = msg;
    21ce:	460f      	mov	r7, r1
    21d0:	4605      	mov	r5, r0
    21d2:	460e      	mov	r6, r1
    21d4:	cf0f      	ldmia	r7!, {r0, r1, r2, r3}
FCTP_FUNC volatile void FCTP_OPT::frame_distribution(CAN_message_t &msg) {
    21d6:	b089      	sub	sp, #36	; 0x24
  CAN_message_t frame = msg;
    21d8:	ac02      	add	r4, sp, #8
    21da:	c40f      	stmia	r4!, {r0, r1, r2, r3}
    21dc:	e897 0003 	ldmia.w	r7, {r0, r1}
    21e0:	e884 0003 	stmia.w	r4, {r0, r1}

  if ( FLEXCANb_MCR(_bus) & FLEXCAN_MCR_FEN ) {
    21e4:	f8df c250 	ldr.w	ip, [pc, #592]	; 2438 <FlexCAN_T4<(CAN_DEV_TABLE)1074413568, (FLEXCAN_RXQUEUE_TABLE)256, (FLEXCAN_TXQUEUE_TABLE)16>::frame_distribution(CAN_message_t&)+0x27c>
    21e8:	f8dc 3000 	ldr.w	r3, [ip]
    21ec:	009b      	lsls	r3, r3, #2
    21ee:	d552      	bpl.n	2296 <FlexCAN_T4<(CAN_DEV_TABLE)1074413568, (FLEXCAN_RXQUEUE_TABLE)256, (FLEXCAN_TXQUEUE_TABLE)16>::frame_distribution(CAN_message_t&)+0xda>
    uint8_t max_fifo_filters = (((FLEXCANb_CTRL2(_bus) >> FLEXCAN_CTRL2_RFFN_BIT_NO) & 0xF) + 1) * 8; // 8->128
    21f0:	f8dc 3034 	ldr.w	r3, [ip, #52]	; 0x34
    21f4:	f3c3 6a03 	ubfx	sl, r3, #24, #4
    21f8:	2400      	movs	r4, #0
    21fa:	ea4f 0aca 	mov.w	sl, sl, lsl #3
    21fe:	f10a 0a08 	add.w	sl, sl, #8
    for (uint8_t i = 0; i < max_fifo_filters; i++) { /* check fifo filters */
    2202:	4622      	mov	r2, r4
        }
      }
      else if ( (fifo_filter_table[i][0] >> 29) == FLEXCAN_USERMASK ) {
        for ( uint8_t p = 1; p < ((fifo_filter_table[i][0] & 0x380) >> 7) + 1; p++) {
          if ( (frame.id & fifo_filter_table[i][5]) == (fifo_filter_table[i][p] & fifo_filter_table[i][5]) ) {
            frame.mb = FIFO;
    2204:	f04f 0963 	mov.w	r9, #99	; 0x63
    2208:	e00c      	b.n	2224 <FlexCAN_T4<(CAN_DEV_TABLE)1074413568, (FLEXCAN_RXQUEUE_TABLE)256, (FLEXCAN_TXQUEUE_TABLE)16>::frame_distribution(CAN_message_t&)+0x68>
      else if ( (fifo_filter_table[i][0] >> 29) == FLEXCAN_RANGE ) {
    220a:	0f5b      	lsrs	r3, r3, #29
    220c:	2b02      	cmp	r3, #2
        if ( (bool)(fifo_filter_table[i][0] & (1UL << 16)) != msg.flags.extended ) continue; /* extended flag check */
    220e:	683b      	ldr	r3, [r7, #0]
      else if ( (fifo_filter_table[i][0] >> 29) == FLEXCAN_RANGE ) {
    2210:	f000 809a 	beq.w	2348 <FlexCAN_T4<(CAN_DEV_TABLE)1074413568, (FLEXCAN_RXQUEUE_TABLE)256, (FLEXCAN_TXQUEUE_TABLE)16>::frame_distribution(CAN_message_t&)+0x18c>
      else if ( (fifo_filter_table[i][0] >> 29) == FLEXCAN_USERMASK ) {
    2214:	0f5b      	lsrs	r3, r3, #29
    2216:	2b05      	cmp	r3, #5
    2218:	f000 80dd 	beq.w	23d6 <FlexCAN_T4<(CAN_DEV_TABLE)1074413568, (FLEXCAN_RXQUEUE_TABLE)256, (FLEXCAN_TXQUEUE_TABLE)16>::frame_distribution(CAN_message_t&)+0x21a>
    for (uint8_t i = 0; i < max_fifo_filters; i++) { /* check fifo filters */
    221c:	3401      	adds	r4, #1
    221e:	b2e2      	uxtb	r2, r4
    2220:	4592      	cmp	sl, r2
    2222:	d938      	bls.n	2296 <FlexCAN_T4<(CAN_DEV_TABLE)1074413568, (FLEXCAN_RXQUEUE_TABLE)256, (FLEXCAN_TXQUEUE_TABLE)16>::frame_distribution(CAN_message_t&)+0xda>
      if ( msg.mb == FIFO ) break; // don't distribute to fifo if fifo was the source
    2224:	f996 3014 	ldrsb.w	r3, [r6, #20]
    2228:	2b63      	cmp	r3, #99	; 0x63
    222a:	d034      	beq.n	2296 <FlexCAN_T4<(CAN_DEV_TABLE)1074413568, (FLEXCAN_RXQUEUE_TABLE)256, (FLEXCAN_TXQUEUE_TABLE)16>::frame_distribution(CAN_message_t&)+0xda>
      if ( !(fifo_filter_table[i][0] & 0xE0000000) ) continue; // skip unset filters
    222c:	eb04 0844 	add.w	r8, r4, r4, lsl #1
    2230:	eb05 0bc8 	add.w	fp, r5, r8, lsl #3
    2234:	f50b 57f0 	add.w	r7, fp, #7680	; 0x1e00
    2238:	683b      	ldr	r3, [r7, #0]
    223a:	f013 4f60 	tst.w	r3, #3758096384	; 0xe0000000
    223e:	d0ed      	beq.n	221c <FlexCAN_T4<(CAN_DEV_TABLE)1074413568, (FLEXCAN_RXQUEUE_TABLE)256, (FLEXCAN_TXQUEUE_TABLE)16>::frame_distribution(CAN_message_t&)+0x60>
      if ( (fifo_filter_table[i][0] >> 29) == FLEXCAN_MULTI ) {
    2240:	683b      	ldr	r3, [r7, #0]
    2242:	0f5b      	lsrs	r3, r3, #29
    2244:	2b01      	cmp	r3, #1
        if ( (bool)(fifo_filter_table[i][0] & (1UL << 16)) != msg.flags.extended ) continue; /* extended flag check */
    2246:	683b      	ldr	r3, [r7, #0]
      if ( (fifo_filter_table[i][0] >> 29) == FLEXCAN_MULTI ) {
    2248:	d1df      	bne.n	220a <FlexCAN_T4<(CAN_DEV_TABLE)1074413568, (FLEXCAN_RXQUEUE_TABLE)256, (FLEXCAN_TXQUEUE_TABLE)16>::frame_distribution(CAN_message_t&)+0x4e>
        if ( (bool)(fifo_filter_table[i][0] & (1UL << 16)) != msg.flags.extended ) continue; /* extended flag check */
    224a:	79f2      	ldrb	r2, [r6, #7]
    224c:	f3c3 4300 	ubfx	r3, r3, #16, #1
    2250:	429a      	cmp	r2, r3
    2252:	d1e3      	bne.n	221c <FlexCAN_T4<(CAN_DEV_TABLE)1074413568, (FLEXCAN_RXQUEUE_TABLE)256, (FLEXCAN_TXQUEUE_TABLE)16>::frame_distribution(CAN_message_t&)+0x60>
        for ( uint8_t p = 0; p < ((fifo_filter_table[i][0] & 0x380) >> 7); p++) {
    2254:	683b      	ldr	r3, [r7, #0]
    2256:	f413 7f60 	tst.w	r3, #896	; 0x380
    225a:	d0df      	beq.n	221c <FlexCAN_T4<(CAN_DEV_TABLE)1074413568, (FLEXCAN_RXQUEUE_TABLE)256, (FLEXCAN_TXQUEUE_TABLE)16>::frame_distribution(CAN_message_t&)+0x60>
          if ( frame.id == fifo_filter_table[i][p+1] ) {
    225c:	ea4f 0b48 	mov.w	fp, r8, lsl #1
        for ( uint8_t p = 0; p < ((fifo_filter_table[i][0] & 0x380) >> 7); p++) {
    2260:	2300      	movs	r3, #0
    2262:	e006      	b.n	2272 <FlexCAN_T4<(CAN_DEV_TABLE)1074413568, (FLEXCAN_RXQUEUE_TABLE)256, (FLEXCAN_TXQUEUE_TABLE)16>::frame_distribution(CAN_message_t&)+0xb6>
    2264:	683a      	ldr	r2, [r7, #0]
    2266:	fa5f f388 	uxtb.w	r3, r8
    226a:	f3c2 12c2 	ubfx	r2, r2, #7, #3
    226e:	4293      	cmp	r3, r2
    2270:	d2d4      	bcs.n	221c <FlexCAN_T4<(CAN_DEV_TABLE)1074413568, (FLEXCAN_RXQUEUE_TABLE)256, (FLEXCAN_TXQUEUE_TABLE)16>::frame_distribution(CAN_message_t&)+0x60>
          if ( frame.id == fifo_filter_table[i][p+1] ) {
    2272:	f103 0801 	add.w	r8, r3, #1
    2276:	eb0b 0308 	add.w	r3, fp, r8
    227a:	f503 63f0 	add.w	r3, r3, #1920	; 0x780
    227e:	9a02      	ldr	r2, [sp, #8]
    2280:	f855 3023 	ldr.w	r3, [r5, r3, lsl #2]
    2284:	429a      	cmp	r2, r3
    2286:	d1ed      	bne.n	2264 <FlexCAN_T4<(CAN_DEV_TABLE)1074413568, (FLEXCAN_RXQUEUE_TABLE)256, (FLEXCAN_TXQUEUE_TABLE)16>::frame_distribution(CAN_message_t&)+0xa8>
            struct2queueRx(frame);
    2288:	a902      	add	r1, sp, #8
    228a:	4628      	mov	r0, r5
            frame.mb = FIFO;
    228c:	f88d 901c 	strb.w	r9, [sp, #28]
            struct2queueRx(frame);
    2290:	f7ff ff36 	bl	2100 <FlexCAN_T4<(CAN_DEV_TABLE)1074413568, (FLEXCAN_RXQUEUE_TABLE)256, (FLEXCAN_TXQUEUE_TABLE)16>::struct2queueRx(CAN_message_t const&)>
    2294:	e7e6      	b.n	2264 <FlexCAN_T4<(CAN_DEV_TABLE)1074413568, (FLEXCAN_RXQUEUE_TABLE)256, (FLEXCAN_TXQUEUE_TABLE)16>::frame_distribution(CAN_message_t&)+0xa8>
  if ( !(FLEXCANb_MCR(_bus) & FLEXCAN_MCR_FEN ) ) return 0; /* return offset 0 since FIFO is disabled */
    2296:	4f68      	ldr	r7, [pc, #416]	; (2438 <FlexCAN_T4<(CAN_DEV_TABLE)1074413568, (FLEXCAN_RXQUEUE_TABLE)256, (FLEXCAN_TXQUEUE_TABLE)16>::frame_distribution(CAN_message_t&)+0x27c>)
        }
      }
    } /* end of fifo scan */
  } /* end of fifo checking */

  frame.idhit = 0;
    2298:	2300      	movs	r3, #0
    229a:	f88d 300e 	strb.w	r3, [sp, #14]
  if ( !(FLEXCANb_MCR(_bus) & FLEXCAN_MCR_FEN ) ) return 0; /* return offset 0 since FIFO is disabled */
    229e:	683c      	ldr	r4, [r7, #0]
    22a0:	f014 5400 	ands.w	r4, r4, #536870912	; 0x20000000
    22a4:	d03f      	beq.n	2326 <FlexCAN_T4<(CAN_DEV_TABLE)1074413568, (FLEXCAN_RXQUEUE_TABLE)256, (FLEXCAN_TXQUEUE_TABLE)16>::frame_distribution(CAN_message_t&)+0x16a>
    22a6:	f7fe fad9 	bl	85c <FlexCAN_T4<(CAN_DEV_TABLE)1074413568, (FLEXCAN_RXQUEUE_TABLE)256, (FLEXCAN_TXQUEUE_TABLE)16>::mailboxOffset() [clone .part.0]>

  for ( uint8_t i = mailboxOffset(); i < FLEXCANb_MAXMB_SIZE(_bus); i++ ) {
    22aa:	683b      	ldr	r3, [r7, #0]
    22ac:	f003 037f 	and.w	r3, r3, #127	; 0x7f
    22b0:	3301      	adds	r3, #1
    22b2:	4283      	cmp	r3, r0
    22b4:	4604      	mov	r4, r0
    22b6:	d933      	bls.n	2320 <FlexCAN_T4<(CAN_DEV_TABLE)1074413568, (FLEXCAN_RXQUEUE_TABLE)256, (FLEXCAN_TXQUEUE_TABLE)16>::frame_distribution(CAN_message_t&)+0x164>
    22b8:	f8df 917c 	ldr.w	r9, [pc, #380]	; 2438 <FlexCAN_T4<(CAN_DEV_TABLE)1074413568, (FLEXCAN_RXQUEUE_TABLE)256, (FLEXCAN_TXQUEUE_TABLE)16>::frame_distribution(CAN_message_t&)+0x27c>
          struct2queueRx(frame);
        }
      }
    }
    else if ( (mb_filter_table[i][0] >> 29) == FLEXCAN_RANGE ) {
      if ( frame.id >= mb_filter_table[i][1] && frame.id <= mb_filter_table[i][2] ) {
    22bc:	f242 1704 	movw	r7, #8452	; 0x2104
    22c0:	f242 1808 	movw	r8, #8456	; 0x2108
    if ( msg.mb == i ) continue; // don't distribute to same mailbox
    22c4:	f996 3014 	ldrsb.w	r3, [r6, #20]
    22c8:	42a3      	cmp	r3, r4
    22ca:	d020      	beq.n	230e <FlexCAN_T4<(CAN_DEV_TABLE)1074413568, (FLEXCAN_RXQUEUE_TABLE)256, (FLEXCAN_TXQUEUE_TABLE)16>::frame_distribution(CAN_message_t&)+0x152>
    if ( !(mb_filter_table[i][0] & 0xE0000000) ) continue; // skip unset filters
    22cc:	eb04 0144 	add.w	r1, r4, r4, lsl #1
    22d0:	eb05 02c1 	add.w	r2, r5, r1, lsl #3
    22d4:	f502 5a04 	add.w	sl, r2, #8448	; 0x2100
    22d8:	f8da 3000 	ldr.w	r3, [sl]
    22dc:	f013 4f60 	tst.w	r3, #3758096384	; 0xe0000000
    22e0:	d015      	beq.n	230e <FlexCAN_T4<(CAN_DEV_TABLE)1074413568, (FLEXCAN_RXQUEUE_TABLE)256, (FLEXCAN_TXQUEUE_TABLE)16>::frame_distribution(CAN_message_t&)+0x152>
    if ( (bool)(mb_filter_table[i][0] & (1UL << 27)) != msg.flags.extended ) continue; /* extended flag check */
    22e2:	f8da 3000 	ldr.w	r3, [sl]
    22e6:	79f0      	ldrb	r0, [r6, #7]
    22e8:	f3c3 63c0 	ubfx	r3, r3, #27, #1
    22ec:	4298      	cmp	r0, r3
    22ee:	d10e      	bne.n	230e <FlexCAN_T4<(CAN_DEV_TABLE)1074413568, (FLEXCAN_RXQUEUE_TABLE)256, (FLEXCAN_TXQUEUE_TABLE)16>::frame_distribution(CAN_message_t&)+0x152>
    if ( (mb_filter_table[i][0] >> 29) == FLEXCAN_MULTI ) {
    22f0:	f8da 3000 	ldr.w	r3, [sl]
    22f4:	0f5b      	lsrs	r3, r3, #29
    22f6:	2b01      	cmp	r3, #1
      for ( uint8_t p = 0; p < ((mb_filter_table[i][0] & 0x380) >> 7); p++) {
    22f8:	f8da 3000 	ldr.w	r3, [sl]
    if ( (mb_filter_table[i][0] >> 29) == FLEXCAN_MULTI ) {
    22fc:	d041      	beq.n	2382 <FlexCAN_T4<(CAN_DEV_TABLE)1074413568, (FLEXCAN_RXQUEUE_TABLE)256, (FLEXCAN_TXQUEUE_TABLE)16>::frame_distribution(CAN_message_t&)+0x1c6>
    else if ( (mb_filter_table[i][0] >> 29) == FLEXCAN_RANGE ) {
    22fe:	0f5b      	lsrs	r3, r3, #29
    2300:	2b02      	cmp	r3, #2
    2302:	d012      	beq.n	232a <FlexCAN_T4<(CAN_DEV_TABLE)1074413568, (FLEXCAN_RXQUEUE_TABLE)256, (FLEXCAN_TXQUEUE_TABLE)16>::frame_distribution(CAN_message_t&)+0x16e>
        frame.mb = i;
        struct2queueRx(frame);
      }
    }
    else if ( (mb_filter_table[i][0] >> 29) == FLEXCAN_USERMASK ) {
    2304:	f8da 3000 	ldr.w	r3, [sl]
    2308:	0f5b      	lsrs	r3, r3, #29
    230a:	2b05      	cmp	r3, #5
    230c:	d05b      	beq.n	23c6 <FlexCAN_T4<(CAN_DEV_TABLE)1074413568, (FLEXCAN_RXQUEUE_TABLE)256, (FLEXCAN_TXQUEUE_TABLE)16>::frame_distribution(CAN_message_t&)+0x20a>
  for ( uint8_t i = mailboxOffset(); i < FLEXCANb_MAXMB_SIZE(_bus); i++ ) {
    230e:	f8d9 3000 	ldr.w	r3, [r9]
    2312:	3401      	adds	r4, #1
    2314:	f003 037f 	and.w	r3, r3, #127	; 0x7f
    2318:	b2e4      	uxtb	r4, r4
    231a:	3301      	adds	r3, #1
    231c:	429c      	cmp	r4, r3
    231e:	d3d1      	bcc.n	22c4 <FlexCAN_T4<(CAN_DEV_TABLE)1074413568, (FLEXCAN_RXQUEUE_TABLE)256, (FLEXCAN_TXQUEUE_TABLE)16>::frame_distribution(CAN_message_t&)+0x108>
        frame.mb = i;
        struct2queueRx(frame);
      }
    }
  } /* end of mb scan */
}
    2320:	b009      	add	sp, #36	; 0x24
    2322:	e8bd 8ff0 	ldmia.w	sp!, {r4, r5, r6, r7, r8, r9, sl, fp, pc}
  for ( uint8_t i = mailboxOffset(); i < FLEXCANb_MAXMB_SIZE(_bus); i++ ) {
    2326:	683b      	ldr	r3, [r7, #0]
    2328:	e7c6      	b.n	22b8 <FlexCAN_T4<(CAN_DEV_TABLE)1074413568, (FLEXCAN_RXQUEUE_TABLE)256, (FLEXCAN_TXQUEUE_TABLE)16>::frame_distribution(CAN_message_t&)+0xfc>
      if ( frame.id >= mb_filter_table[i][1] && frame.id <= mb_filter_table[i][2] ) {
    232a:	59d1      	ldr	r1, [r2, r7]
    232c:	9b02      	ldr	r3, [sp, #8]
    232e:	428b      	cmp	r3, r1
    2330:	d3ed      	bcc.n	230e <FlexCAN_T4<(CAN_DEV_TABLE)1074413568, (FLEXCAN_RXQUEUE_TABLE)256, (FLEXCAN_TXQUEUE_TABLE)16>::frame_distribution(CAN_message_t&)+0x152>
    2332:	f852 2008 	ldr.w	r2, [r2, r8]
    2336:	4293      	cmp	r3, r2
    2338:	d8e9      	bhi.n	230e <FlexCAN_T4<(CAN_DEV_TABLE)1074413568, (FLEXCAN_RXQUEUE_TABLE)256, (FLEXCAN_TXQUEUE_TABLE)16>::frame_distribution(CAN_message_t&)+0x152>
        struct2queueRx(frame);
    233a:	a902      	add	r1, sp, #8
    233c:	4628      	mov	r0, r5
        frame.mb = i;
    233e:	f88d 401c 	strb.w	r4, [sp, #28]
        struct2queueRx(frame);
    2342:	f7ff fedd 	bl	2100 <FlexCAN_T4<(CAN_DEV_TABLE)1074413568, (FLEXCAN_RXQUEUE_TABLE)256, (FLEXCAN_TXQUEUE_TABLE)16>::struct2queueRx(CAN_message_t const&)>
    2346:	e7e2      	b.n	230e <FlexCAN_T4<(CAN_DEV_TABLE)1074413568, (FLEXCAN_RXQUEUE_TABLE)256, (FLEXCAN_TXQUEUE_TABLE)16>::frame_distribution(CAN_message_t&)+0x152>
        if ( (bool)(fifo_filter_table[i][0] & (1UL << 16)) != msg.flags.extended ) continue; /* extended flag check */
    2348:	79f2      	ldrb	r2, [r6, #7]
    234a:	f3c3 4300 	ubfx	r3, r3, #16, #1
    234e:	429a      	cmp	r2, r3
    2350:	f47f af64 	bne.w	221c <FlexCAN_T4<(CAN_DEV_TABLE)1074413568, (FLEXCAN_RXQUEUE_TABLE)256, (FLEXCAN_TXQUEUE_TABLE)16>::frame_distribution(CAN_message_t&)+0x60>
        if ( frame.id >= fifo_filter_table[i][1] && frame.id <= fifo_filter_table[i][2] ) {
    2354:	f641 6304 	movw	r3, #7684	; 0x1e04
    2358:	f85b 2003 	ldr.w	r2, [fp, r3]
    235c:	9b02      	ldr	r3, [sp, #8]
    235e:	4293      	cmp	r3, r2
    2360:	f4ff af5c 	bcc.w	221c <FlexCAN_T4<(CAN_DEV_TABLE)1074413568, (FLEXCAN_RXQUEUE_TABLE)256, (FLEXCAN_TXQUEUE_TABLE)16>::frame_distribution(CAN_message_t&)+0x60>
    2364:	f641 6208 	movw	r2, #7688	; 0x1e08
    2368:	f85b 2002 	ldr.w	r2, [fp, r2]
    236c:	4293      	cmp	r3, r2
    236e:	f63f af55 	bhi.w	221c <FlexCAN_T4<(CAN_DEV_TABLE)1074413568, (FLEXCAN_RXQUEUE_TABLE)256, (FLEXCAN_TXQUEUE_TABLE)16>::frame_distribution(CAN_message_t&)+0x60>
          struct2queueRx(frame);
    2372:	a902      	add	r1, sp, #8
    2374:	4628      	mov	r0, r5
          frame.mb = FIFO;
    2376:	f88d 901c 	strb.w	r9, [sp, #28]
          struct2queueRx(frame);
    237a:	f7ff fec1 	bl	2100 <FlexCAN_T4<(CAN_DEV_TABLE)1074413568, (FLEXCAN_RXQUEUE_TABLE)256, (FLEXCAN_TXQUEUE_TABLE)16>::struct2queueRx(CAN_message_t const&)>
    237e:	e74d      	b.n	221c <FlexCAN_T4<(CAN_DEV_TABLE)1074413568, (FLEXCAN_RXQUEUE_TABLE)256, (FLEXCAN_TXQUEUE_TABLE)16>::frame_distribution(CAN_message_t&)+0x60>
    2380:	4770      	bx	lr
      for ( uint8_t p = 0; p < ((mb_filter_table[i][0] & 0x380) >> 7); p++) {
    2382:	f413 7f60 	tst.w	r3, #896	; 0x380
    2386:	d0c2      	beq.n	230e <FlexCAN_T4<(CAN_DEV_TABLE)1074413568, (FLEXCAN_RXQUEUE_TABLE)256, (FLEXCAN_TXQUEUE_TABLE)16>::frame_distribution(CAN_message_t&)+0x152>
        if ( frame.id == mb_filter_table[i][p+1] ) {
    2388:	004a      	lsls	r2, r1, #1
      for ( uint8_t p = 0; p < ((mb_filter_table[i][0] & 0x380) >> 7); p++) {
    238a:	2300      	movs	r3, #0
    238c:	e007      	b.n	239e <FlexCAN_T4<(CAN_DEV_TABLE)1074413568, (FLEXCAN_RXQUEUE_TABLE)256, (FLEXCAN_TXQUEUE_TABLE)16>::frame_distribution(CAN_message_t&)+0x1e2>
    238e:	f8da 1000 	ldr.w	r1, [sl]
    2392:	fa5f f38b 	uxtb.w	r3, fp
    2396:	f3c1 11c2 	ubfx	r1, r1, #7, #3
    239a:	428b      	cmp	r3, r1
    239c:	d2b7      	bcs.n	230e <FlexCAN_T4<(CAN_DEV_TABLE)1074413568, (FLEXCAN_RXQUEUE_TABLE)256, (FLEXCAN_TXQUEUE_TABLE)16>::frame_distribution(CAN_message_t&)+0x152>
        if ( frame.id == mb_filter_table[i][p+1] ) {
    239e:	f103 0b01 	add.w	fp, r3, #1
    23a2:	eb02 030b 	add.w	r3, r2, fp
    23a6:	f503 6304 	add.w	r3, r3, #2112	; 0x840
    23aa:	9902      	ldr	r1, [sp, #8]
    23ac:	f855 3023 	ldr.w	r3, [r5, r3, lsl #2]
    23b0:	4299      	cmp	r1, r3
    23b2:	d1ec      	bne.n	238e <FlexCAN_T4<(CAN_DEV_TABLE)1074413568, (FLEXCAN_RXQUEUE_TABLE)256, (FLEXCAN_TXQUEUE_TABLE)16>::frame_distribution(CAN_message_t&)+0x1d2>
          struct2queueRx(frame);
    23b4:	a902      	add	r1, sp, #8
    23b6:	4628      	mov	r0, r5
    23b8:	9200      	str	r2, [sp, #0]
          frame.mb = i;
    23ba:	f88d 401c 	strb.w	r4, [sp, #28]
          struct2queueRx(frame);
    23be:	f7ff fe9f 	bl	2100 <FlexCAN_T4<(CAN_DEV_TABLE)1074413568, (FLEXCAN_RXQUEUE_TABLE)256, (FLEXCAN_TXQUEUE_TABLE)16>::struct2queueRx(CAN_message_t const&)>
    23c2:	9a00      	ldr	r2, [sp, #0]
    23c4:	e7e3      	b.n	238e <FlexCAN_T4<(CAN_DEV_TABLE)1074413568, (FLEXCAN_RXQUEUE_TABLE)256, (FLEXCAN_TXQUEUE_TABLE)16>::frame_distribution(CAN_message_t&)+0x1d2>
      if ( filter_match((FLEXCAN_MAILBOX)i, frame.id) ) {
    23c6:	9a02      	ldr	r2, [sp, #8]
    23c8:	4621      	mov	r1, r4
    23ca:	4628      	mov	r0, r5
    23cc:	f7ff fcd6 	bl	1d7c <FlexCAN_T4<(CAN_DEV_TABLE)1074413568, (FLEXCAN_RXQUEUE_TABLE)256, (FLEXCAN_TXQUEUE_TABLE)16>::filter_match(FLEXCAN_MAILBOX, unsigned long)>
    23d0:	2800      	cmp	r0, #0
    23d2:	d09c      	beq.n	230e <FlexCAN_T4<(CAN_DEV_TABLE)1074413568, (FLEXCAN_RXQUEUE_TABLE)256, (FLEXCAN_TXQUEUE_TABLE)16>::frame_distribution(CAN_message_t&)+0x152>
    23d4:	e7b1      	b.n	233a <FlexCAN_T4<(CAN_DEV_TABLE)1074413568, (FLEXCAN_RXQUEUE_TABLE)256, (FLEXCAN_TXQUEUE_TABLE)16>::frame_distribution(CAN_message_t&)+0x17e>
        for ( uint8_t p = 1; p < ((fifo_filter_table[i][0] & 0x380) >> 7) + 1; p++) {
    23d6:	683b      	ldr	r3, [r7, #0]
    23d8:	f413 7f60 	tst.w	r3, #896	; 0x380
    23dc:	f43f af1e 	beq.w	221c <FlexCAN_T4<(CAN_DEV_TABLE)1074413568, (FLEXCAN_RXQUEUE_TABLE)256, (FLEXCAN_TXQUEUE_TABLE)16>::frame_distribution(CAN_message_t&)+0x60>
          if ( (frame.id & fifo_filter_table[i][5]) == (fifo_filter_table[i][p] & fifo_filter_table[i][5]) ) {
    23e0:	f50b 53f0 	add.w	r3, fp, #7680	; 0x1e00
    23e4:	3314      	adds	r3, #20
        for ( uint8_t p = 1; p < ((fifo_filter_table[i][0] & 0x380) >> 7) + 1; p++) {
    23e6:	2701      	movs	r7, #1
    23e8:	e00a      	b.n	2400 <FlexCAN_T4<(CAN_DEV_TABLE)1074413568, (FLEXCAN_RXQUEUE_TABLE)256, (FLEXCAN_TXQUEUE_TABLE)16>::frame_distribution(CAN_message_t&)+0x244>
    23ea:	f50b 51f0 	add.w	r1, fp, #7680	; 0x1e00
    23ee:	3701      	adds	r7, #1
    23f0:	6809      	ldr	r1, [r1, #0]
    23f2:	f3c1 11c2 	ubfx	r1, r1, #7, #3
    23f6:	b2ff      	uxtb	r7, r7
    23f8:	3101      	adds	r1, #1
    23fa:	428f      	cmp	r7, r1
    23fc:	f4bf af0e 	bcs.w	221c <FlexCAN_T4<(CAN_DEV_TABLE)1074413568, (FLEXCAN_RXQUEUE_TABLE)256, (FLEXCAN_TXQUEUE_TABLE)16>::frame_distribution(CAN_message_t&)+0x60>
          if ( (frame.id & fifo_filter_table[i][5]) == (fifo_filter_table[i][p] & fifo_filter_table[i][5]) ) {
    2400:	eb07 0148 	add.w	r1, r7, r8, lsl #1
    2404:	f501 61f0 	add.w	r1, r1, #1920	; 0x780
    2408:	6818      	ldr	r0, [r3, #0]
    240a:	f855 e021 	ldr.w	lr, [r5, r1, lsl #2]
    240e:	9902      	ldr	r1, [sp, #8]
    2410:	f8d3 c000 	ldr.w	ip, [r3]
    2414:	4008      	ands	r0, r1
    2416:	ea0e 010c 	and.w	r1, lr, ip
    241a:	4288      	cmp	r0, r1
    241c:	d1e5      	bne.n	23ea <FlexCAN_T4<(CAN_DEV_TABLE)1074413568, (FLEXCAN_RXQUEUE_TABLE)256, (FLEXCAN_TXQUEUE_TABLE)16>::frame_distribution(CAN_message_t&)+0x22e>
            struct2queueRx(frame);
    241e:	a902      	add	r1, sp, #8
    2420:	4628      	mov	r0, r5
    2422:	9301      	str	r3, [sp, #4]
            frame.idhit = i;
    2424:	f88d 200e 	strb.w	r2, [sp, #14]
    2428:	9200      	str	r2, [sp, #0]
            frame.mb = FIFO;
    242a:	f88d 901c 	strb.w	r9, [sp, #28]
            struct2queueRx(frame);
    242e:	f7ff fe67 	bl	2100 <FlexCAN_T4<(CAN_DEV_TABLE)1074413568, (FLEXCAN_RXQUEUE_TABLE)256, (FLEXCAN_TXQUEUE_TABLE)16>::struct2queueRx(CAN_message_t const&)>
    2432:	e9dd 2300 	ldrd	r2, r3, [sp]
    2436:	e7d8      	b.n	23ea <FlexCAN_T4<(CAN_DEV_TABLE)1074413568, (FLEXCAN_RXQUEUE_TABLE)256, (FLEXCAN_TXQUEUE_TABLE)16>::frame_distribution(CAN_message_t&)+0x22e>
    2438:	400a4000 	.word	0x400a4000

0000243c <FlexCAN_T4<(CAN_DEV_TABLE)1074413568, (FLEXCAN_RXQUEUE_TABLE)256, (FLEXCAN_TXQUEUE_TABLE)16>::flexcan_interrupt()>:
FCTP_FUNC void FCTP_OPT::flexcan_interrupt() {
    243c:	e92d 4ff0 	stmdb	sp!, {r4, r5, r6, r7, r8, r9, sl, fp, lr}
  CAN_message_t msg; // setup a temporary storage buffer
    2440:	4db9      	ldr	r5, [pc, #740]	; (2728 <FlexCAN_T4<(CAN_DEV_TABLE)1074413568, (FLEXCAN_RXQUEUE_TABLE)256, (FLEXCAN_TXQUEUE_TABLE)16>::flexcan_interrupt()+0x2ec>)
  return FLEXCANb_IMASK1(_bus);
    2442:	4fba      	ldr	r7, [pc, #744]	; (272c <FlexCAN_T4<(CAN_DEV_TABLE)1074413568, (FLEXCAN_RXQUEUE_TABLE)256, (FLEXCAN_TXQUEUE_TABLE)16>::flexcan_interrupt()+0x2f0>)
FCTP_FUNC void FCTP_OPT::flexcan_interrupt() {
    2444:	4681      	mov	r9, r0
  CAN_message_t msg; // setup a temporary storage buffer
    2446:	cd0f      	ldmia	r5!, {r0, r1, r2, r3}
FCTP_FUNC void FCTP_OPT::flexcan_interrupt() {
    2448:	b097      	sub	sp, #92	; 0x5c
  CAN_message_t msg; // setup a temporary storage buffer
    244a:	ac04      	add	r4, sp, #16
    244c:	c40f      	stmia	r4!, {r0, r1, r2, r3}
    244e:	e895 0003 	ldmia.w	r5, {r0, r1}
    2452:	e884 0003 	stmia.w	r4, {r0, r1}
  return FLEXCANb_IMASK1(_bus);
    2456:	6ab9      	ldr	r1, [r7, #40]	; 0x28
  return FLEXCANb_IFLAG1(_bus);
    2458:	6b38      	ldr	r0, [r7, #48]	; 0x30
  if ( !(FLEXCANb_MCR(_bus) & (1UL << 15)) ) { /* if DMA is disabled, ONLY THEN you can handle FIFO in ISR */
    245a:	683b      	ldr	r3, [r7, #0]
  return FLEXCANb_IFLAG1(_bus);
    245c:	9001      	str	r0, [sp, #4]
  if ( !(FLEXCANb_MCR(_bus) & (1UL << 15)) ) { /* if DMA is disabled, ONLY THEN you can handle FIFO in ISR */
    245e:	f413 4300 	ands.w	r3, r3, #32768	; 0x8000
  return FLEXCANb_IMASK1(_bus);
    2462:	f04f 0600 	mov.w	r6, #0
    2466:	468b      	mov	fp, r1
  if ( !(FLEXCANb_MCR(_bus) & (1UL << 15)) ) { /* if DMA is disabled, ONLY THEN you can handle FIFO in ISR */
    2468:	d103      	bne.n	2472 <FlexCAN_T4<(CAN_DEV_TABLE)1074413568, (FLEXCAN_RXQUEUE_TABLE)256, (FLEXCAN_TXQUEUE_TABLE)16>::flexcan_interrupt()+0x36>
    if ( (FLEXCANb_MCR(_bus) & FLEXCAN_MCR_FEN) && (imask & FLEXCAN_IMASK1_BUF5M) && (iflag & FLEXCAN_IFLAG1_BUF5I) ) { /* FIFO is enabled, capture frames if triggered */
    246a:	683a      	ldr	r2, [r7, #0]
    246c:	0094      	lsls	r4, r2, #2
    246e:	f100 80eb 	bmi.w	2648 <FlexCAN_T4<(CAN_DEV_TABLE)1074413568, (FLEXCAN_RXQUEUE_TABLE)256, (FLEXCAN_TXQUEUE_TABLE)16>::flexcan_interrupt()+0x20c>
  if ( !(FLEXCANb_MCR(_bus) & FLEXCAN_MCR_FEN ) ) return 0; /* return offset 0 since FIFO is disabled */
    2472:	4dae      	ldr	r5, [pc, #696]	; (272c <FlexCAN_T4<(CAN_DEV_TABLE)1074413568, (FLEXCAN_RXQUEUE_TABLE)256, (FLEXCAN_TXQUEUE_TABLE)16>::flexcan_interrupt()+0x2f0>)
  uint8_t exit_point = 64 - __builtin_clzll(iflag | 1); /* break from MSB's if unset, add 1 to prevent undefined behaviour in clz for 0 check */
    2474:	9b01      	ldr	r3, [sp, #4]
  if ( !(FLEXCANb_MCR(_bus) & FLEXCAN_MCR_FEN ) ) return 0; /* return offset 0 since FIFO is disabled */
    2476:	682c      	ldr	r4, [r5, #0]
  uint8_t exit_point = 64 - __builtin_clzll(iflag | 1); /* break from MSB's if unset, add 1 to prevent undefined behaviour in clz for 0 check */
    2478:	f043 0301 	orr.w	r3, r3, #1
    247c:	fab3 f383 	clz	r3, r3
    2480:	f1c3 0320 	rsb	r3, r3, #32
  if ( !(FLEXCANb_MCR(_bus) & FLEXCAN_MCR_FEN ) ) return 0; /* return offset 0 since FIFO is disabled */
    2484:	f014 5400 	ands.w	r4, r4, #536870912	; 0x20000000
  uint8_t exit_point = 64 - __builtin_clzll(iflag | 1); /* break from MSB's if unset, add 1 to prevent undefined behaviour in clz for 0 check */
    2488:	fa5f fa83 	uxtb.w	sl, r3
  if ( !(FLEXCANb_MCR(_bus) & FLEXCAN_MCR_FEN ) ) return 0; /* return offset 0 since FIFO is disabled */
    248c:	f000 824f 	beq.w	292e <FlexCAN_T4<(CAN_DEV_TABLE)1074413568, (FLEXCAN_RXQUEUE_TABLE)256, (FLEXCAN_TXQUEUE_TABLE)16>::flexcan_interrupt()+0x4f2>
    2490:	f7fe f9e4 	bl	85c <FlexCAN_T4<(CAN_DEV_TABLE)1074413568, (FLEXCAN_RXQUEUE_TABLE)256, (FLEXCAN_TXQUEUE_TABLE)16>::mailboxOffset() [clone .part.0]>
  for ( uint8_t mb_num = mailboxOffset(); mb_num < FLEXCANb_MAXMB_SIZE(_bus); mb_num++ ) {
    2494:	682b      	ldr	r3, [r5, #0]
    2496:	f003 037f 	and.w	r3, r3, #127	; 0x7f
    249a:	3301      	adds	r3, #1
    249c:	4283      	cmp	r3, r0
    249e:	4604      	mov	r4, r0
    24a0:	f240 809e 	bls.w	25e0 <FlexCAN_T4<(CAN_DEV_TABLE)1074413568, (FLEXCAN_RXQUEUE_TABLE)256, (FLEXCAN_TXQUEUE_TABLE)16>::flexcan_interrupt()+0x1a4>
    if ( mb_num >= exit_point ) break; /* early exit from higher unflagged mailboxes */
    24a4:	4582      	cmp	sl, r0
    24a6:	f240 809b 	bls.w	25e0 <FlexCAN_T4<(CAN_DEV_TABLE)1074413568, (FLEXCAN_RXQUEUE_TABLE)256, (FLEXCAN_TXQUEUE_TABLE)16>::flexcan_interrupt()+0x1a4>
    24aa:	1c67      	adds	r7, r4, #1
      (void)FLEXCANb_TIMER(_bus);
    24ac:	f8df 827c 	ldr.w	r8, [pc, #636]	; 272c <FlexCAN_T4<(CAN_DEV_TABLE)1074413568, (FLEXCAN_RXQUEUE_TABLE)256, (FLEXCAN_TXQUEUE_TABLE)16>::flexcan_interrupt()+0x2f0>
    24b0:	b2fd      	uxtb	r5, r7
    24b2:	e016      	b.n	24e2 <FlexCAN_T4<(CAN_DEV_TABLE)1074413568, (FLEXCAN_RXQUEUE_TABLE)256, (FLEXCAN_TXQUEUE_TABLE)16>::flexcan_interrupt()+0xa6>
    if ( ( FLEXCAN_get_code(code) == FLEXCAN_MB_CODE_RX_FULL ) ||
    24b4:	2906      	cmp	r1, #6
    24b6:	f000 80ad 	beq.w	2614 <FlexCAN_T4<(CAN_DEV_TABLE)1074413568, (FLEXCAN_RXQUEUE_TABLE)256, (FLEXCAN_TXQUEUE_TABLE)16>::flexcan_interrupt()+0x1d8>
    else if ( FLEXCAN_get_code(code) == FLEXCAN_MB_CODE_RX_EMPTY ) {
    24ba:	2904      	cmp	r1, #4
    24bc:	f000 813e 	beq.w	273c <FlexCAN_T4<(CAN_DEV_TABLE)1074413568, (FLEXCAN_RXQUEUE_TABLE)256, (FLEXCAN_TXQUEUE_TABLE)16>::flexcan_interrupt()+0x300>
    else if ( FLEXCAN_get_code(code) == FLEXCAN_MB_CODE_TX_INACTIVE ) {
    24c0:	2908      	cmp	r1, #8
    24c2:	f000 81d7 	beq.w	2874 <FlexCAN_T4<(CAN_DEV_TABLE)1074413568, (FLEXCAN_RXQUEUE_TABLE)256, (FLEXCAN_TXQUEUE_TABLE)16>::flexcan_interrupt()+0x438>
  for ( uint8_t mb_num = mailboxOffset(); mb_num < FLEXCANb_MAXMB_SIZE(_bus); mb_num++ ) {
    24c6:	f8d8 3000 	ldr.w	r3, [r8]
    24ca:	f003 037f 	and.w	r3, r3, #127	; 0x7f
    24ce:	3301      	adds	r3, #1
    24d0:	42ab      	cmp	r3, r5
    24d2:	b2fc      	uxtb	r4, r7
    24d4:	f240 8084 	bls.w	25e0 <FlexCAN_T4<(CAN_DEV_TABLE)1074413568, (FLEXCAN_RXQUEUE_TABLE)256, (FLEXCAN_TXQUEUE_TABLE)16>::flexcan_interrupt()+0x1a4>
    if ( mb_num >= exit_point ) break; /* early exit from higher unflagged mailboxes */
    24d8:	45a2      	cmp	sl, r4
    24da:	f105 0501 	add.w	r5, r5, #1
    24de:	d97f      	bls.n	25e0 <FlexCAN_T4<(CAN_DEV_TABLE)1074413568, (FLEXCAN_RXQUEUE_TABLE)256, (FLEXCAN_TXQUEUE_TABLE)16>::flexcan_interrupt()+0x1a4>
    24e0:	1c67      	adds	r7, r4, #1
    if (!(imask & (1ULL << mb_num))) continue; /* don't read non-interrupt mailboxes */
    24e2:	f1c4 0220 	rsb	r2, r4, #32
    24e6:	f1a4 0320 	sub.w	r3, r4, #32
    24ea:	fa06 f202 	lsl.w	r2, r6, r2
    24ee:	fa2b f104 	lsr.w	r1, fp, r4
    24f2:	fa26 f303 	lsr.w	r3, r6, r3
    24f6:	4311      	orrs	r1, r2
    24f8:	4319      	orrs	r1, r3
    24fa:	07c9      	lsls	r1, r1, #31
    24fc:	d5e3      	bpl.n	24c6 <FlexCAN_T4<(CAN_DEV_TABLE)1074413568, (FLEXCAN_RXQUEUE_TABLE)256, (FLEXCAN_TXQUEUE_TABLE)16>::flexcan_interrupt()+0x8a>
    if (!(iflag & (1ULL << mb_num))) continue; /* don't read unflagged mailboxes */
    24fe:	9901      	ldr	r1, [sp, #4]
    2500:	40e1      	lsrs	r1, r4
    2502:	4311      	orrs	r1, r2
    2504:	4319      	orrs	r1, r3
    2506:	07c9      	lsls	r1, r1, #31
    2508:	d5dd      	bpl.n	24c6 <FlexCAN_T4<(CAN_DEV_TABLE)1074413568, (FLEXCAN_RXQUEUE_TABLE)256, (FLEXCAN_TXQUEUE_TABLE)16>::flexcan_interrupt()+0x8a>
    volatile uint32_t *mbxAddr = &(*(volatile uint32_t*)(_bus + 0x80 + (mb_num * 0x10)));
    250a:	4b89      	ldr	r3, [pc, #548]	; (2730 <FlexCAN_T4<(CAN_DEV_TABLE)1074413568, (FLEXCAN_RXQUEUE_TABLE)256, (FLEXCAN_TXQUEUE_TABLE)16>::flexcan_interrupt()+0x2f4>)
    250c:	18e3      	adds	r3, r4, r3
    250e:	011b      	lsls	r3, r3, #4
    uint32_t code = mbxAddr[0];
    2510:	681a      	ldr	r2, [r3, #0]
    if ( ( FLEXCAN_get_code(code) == FLEXCAN_MB_CODE_RX_FULL ) ||
    2512:	f3c2 6103 	ubfx	r1, r2, #24, #4
    2516:	2902      	cmp	r1, #2
    2518:	d1cc      	bne.n	24b4 <FlexCAN_T4<(CAN_DEV_TABLE)1074413568, (FLEXCAN_RXQUEUE_TABLE)256, (FLEXCAN_TXQUEUE_TABLE)16>::flexcan_interrupt()+0x78>
      msg.flags.extended = (bool)(code & (1UL << 21));
    251a:	f402 1100 	and.w	r1, r2, #2097152	; 0x200000
      msg.id = (mbxAddr[1] & 0x1FFFFFFF) >> ((msg.flags.extended) ? 0 : 18);
    251e:	6858      	ldr	r0, [r3, #4]
      msg.flags.extended = (bool)(code & (1UL << 21));
    2520:	2900      	cmp	r1, #0
    2522:	bf14      	ite	ne
    2524:	f04f 0c01 	movne.w	ip, #1
    2528:	f04f 0c00 	moveq.w	ip, #0
      msg.id = (mbxAddr[1] & 0x1FFFFFFF) >> ((msg.flags.extended) ? 0 : 18);
    252c:	f020 4060 	bic.w	r0, r0, #3758096384	; 0xe0000000
      msg.flags.extended = (bool)(code & (1UL << 21));
    2530:	f88d c017 	strb.w	ip, [sp, #23]
      msg.id = (mbxAddr[1] & 0x1FFFFFFF) >> ((msg.flags.extended) ? 0 : 18);
    2534:	d17f      	bne.n	2636 <FlexCAN_T4<(CAN_DEV_TABLE)1074413568, (FLEXCAN_RXQUEUE_TABLE)256, (FLEXCAN_TXQUEUE_TABLE)16>::flexcan_interrupt()+0x1fa>
    2536:	0c80      	lsrs	r0, r0, #18
    2538:	9004      	str	r0, [sp, #16]
      msg.timestamp = code & 0xFFFF;
    253a:	f8ad 2014 	strh.w	r2, [sp, #20]
      msg.len = (code & 0xF0000) >> 16;
    253e:	f3c2 4203 	ubfx	r2, r2, #16, #4
    2542:	f88d 201b 	strb.w	r2, [sp, #27]
      msg.bus = busNumber;
    2546:	f509 5200 	add.w	r2, r9, #8192	; 0x2000
      msg.mb = mb_num;
    254a:	f88d 4024 	strb.w	r4, [sp, #36]	; 0x24
      msg.bus = busNumber;
    254e:	f892 2915 	ldrb.w	r2, [r2, #2325]	; 0x915
    2552:	f88d 2025 	strb.w	r2, [sp, #37]	; 0x25
      for ( uint8_t i = 0; i < (8 >> 2); i++ ) for ( int8_t d = 0; d < 4 ; d++ ) msg.buf[(4 * i) + 3 - d] = (uint8_t)(mbxAddr[2 + i] >> (8 * d));
    2556:	689a      	ldr	r2, [r3, #8]
    2558:	f88d 201f 	strb.w	r2, [sp, #31]
    255c:	689a      	ldr	r2, [r3, #8]
    255e:	0a12      	lsrs	r2, r2, #8
    2560:	f88d 201e 	strb.w	r2, [sp, #30]
    2564:	689a      	ldr	r2, [r3, #8]
    2566:	0c12      	lsrs	r2, r2, #16
    2568:	f88d 201d 	strb.w	r2, [sp, #29]
    256c:	689a      	ldr	r2, [r3, #8]
    256e:	0e12      	lsrs	r2, r2, #24
    2570:	f88d 201c 	strb.w	r2, [sp, #28]
    2574:	68da      	ldr	r2, [r3, #12]
    2576:	f88d 2023 	strb.w	r2, [sp, #35]	; 0x23
    257a:	68da      	ldr	r2, [r3, #12]
    257c:	0a12      	lsrs	r2, r2, #8
    257e:	f88d 2022 	strb.w	r2, [sp, #34]	; 0x22
    2582:	68da      	ldr	r2, [r3, #12]
    2584:	0c12      	lsrs	r2, r2, #16
    2586:	f88d 2021 	strb.w	r2, [sp, #33]	; 0x21
    258a:	68da      	ldr	r2, [r3, #12]
      mbxAddr[0] = FLEXCAN_MB_CS_CODE(FLEXCAN_MB_CODE_RX_EMPTY) | ((msg.flags.extended) ? (FLEXCAN_MB_CS_SRR | FLEXCAN_MB_CS_IDE) : 0);
    258c:	2900      	cmp	r1, #0
      for ( uint8_t i = 0; i < (8 >> 2); i++ ) for ( int8_t d = 0; d < 4 ; d++ ) msg.buf[(4 * i) + 3 - d] = (uint8_t)(mbxAddr[2 + i] >> (8 * d));
    258e:	ea4f 6212 	mov.w	r2, r2, lsr #24
    2592:	f88d 2020 	strb.w	r2, [sp, #32]
      mbxAddr[0] = FLEXCAN_MB_CS_CODE(FLEXCAN_MB_CODE_RX_EMPTY) | ((msg.flags.extended) ? (FLEXCAN_MB_CS_SRR | FLEXCAN_MB_CS_IDE) : 0);
    2596:	bf14      	ite	ne
    2598:	f04f 628c 	movne.w	r2, #73400320	; 0x4600000
    259c:	f04f 6280 	moveq.w	r2, #67108864	; 0x4000000
    25a0:	601a      	str	r2, [r3, #0]
      (void)FLEXCANb_TIMER(_bus);
    25a2:	f8d8 3008 	ldr.w	r3, [r8, #8]
  if ( mb_num < 32 ) FLEXCANb_IFLAG1(_bus) |= (1UL << mb_num);
    25a6:	f8d8 2030 	ldr.w	r2, [r8, #48]	; 0x30
    25aa:	2301      	movs	r3, #1
    25ac:	40a3      	lsls	r3, r4
    25ae:	4313      	orrs	r3, r2
    25b0:	f8c8 3030 	str.w	r3, [r8, #48]	; 0x30
      if ( filter_match((FLEXCAN_MAILBOX)mb_num, msg.id) ) struct2queueRx(msg); /* store frame in queue */
    25b4:	9a04      	ldr	r2, [sp, #16]
    25b6:	4621      	mov	r1, r4
    25b8:	4648      	mov	r0, r9
    25ba:	f7ff fbdf 	bl	1d7c <FlexCAN_T4<(CAN_DEV_TABLE)1074413568, (FLEXCAN_RXQUEUE_TABLE)256, (FLEXCAN_TXQUEUE_TABLE)16>::filter_match(FLEXCAN_MAILBOX, unsigned long)>
    25be:	2800      	cmp	r0, #0
    25c0:	f040 8153 	bne.w	286a <FlexCAN_T4<(CAN_DEV_TABLE)1074413568, (FLEXCAN_RXQUEUE_TABLE)256, (FLEXCAN_TXQUEUE_TABLE)16>::flexcan_interrupt()+0x42e>
      frame_distribution(msg);
    25c4:	a904      	add	r1, sp, #16
    25c6:	4648      	mov	r0, r9
    25c8:	f7ff fdf8 	bl	21bc <FlexCAN_T4<(CAN_DEV_TABLE)1074413568, (FLEXCAN_RXQUEUE_TABLE)256, (FLEXCAN_TXQUEUE_TABLE)16>::frame_distribution(CAN_message_t&)>
      ext_output1(msg);
    25cc:	a804      	add	r0, sp, #16
    25ce:	f3af 8000 	nop.w
      ext_output2(msg);
    25d2:	a804      	add	r0, sp, #16
    25d4:	f3af 8000 	nop.w
      ext_output3(msg);
    25d8:	a804      	add	r0, sp, #16
    25da:	f3af 8000 	nop.w
    }
    25de:	e772      	b.n	24c6 <FlexCAN_T4<(CAN_DEV_TABLE)1074413568, (FLEXCAN_RXQUEUE_TABLE)256, (FLEXCAN_TXQUEUE_TABLE)16>::flexcan_interrupt()+0x8a>
  uint32_t esr1 = FLEXCANb_ESR1(_bus);
    25e0:	4e52      	ldr	r6, [pc, #328]	; (272c <FlexCAN_T4<(CAN_DEV_TABLE)1074413568, (FLEXCAN_RXQUEUE_TABLE)256, (FLEXCAN_TXQUEUE_TABLE)16>::flexcan_interrupt()+0x2f0>)
  if ( (last_esr1 & 0x7FFBF) != (esr1 & 0x7FFBF) ) {
    25e2:	4d54      	ldr	r5, [pc, #336]	; (2734 <FlexCAN_T4<(CAN_DEV_TABLE)1074413568, (FLEXCAN_RXQUEUE_TABLE)256, (FLEXCAN_TXQUEUE_TABLE)16>::flexcan_interrupt()+0x2f8>)
  uint32_t esr1 = FLEXCANb_ESR1(_bus);
    25e4:	6a34      	ldr	r4, [r6, #32]
  if ( (last_esr1 & 0x7FFBF) != (esr1 & 0x7FFBF) ) {
    25e6:	682b      	ldr	r3, [r5, #0]
    25e8:	ea84 0203 	eor.w	r2, r4, r3
    25ec:	4b52      	ldr	r3, [pc, #328]	; (2738 <FlexCAN_T4<(CAN_DEV_TABLE)1074413568, (FLEXCAN_RXQUEUE_TABLE)256, (FLEXCAN_TXQUEUE_TABLE)16>::flexcan_interrupt()+0x2fc>)
    25ee:	4013      	ands	r3, r2
    25f0:	b13b      	cbz	r3, 2602 <FlexCAN_T4<(CAN_DEV_TABLE)1074413568, (FLEXCAN_RXQUEUE_TABLE)256, (FLEXCAN_TXQUEUE_TABLE)16>::flexcan_interrupt()+0x1c6>
        uint16_t size() { return _available; }
    25f2:	f509 5380 	add.w	r3, r9, #4096	; 0x1000
    25f6:	f8b3 3cd4 	ldrh.w	r3, [r3, #3284]	; 0xcd4
    25fa:	b29b      	uxth	r3, r3
    if ( busESR1.size() < busESR1.capacity() ) {
    25fc:	2b0f      	cmp	r3, #15
    25fe:	f240 8198 	bls.w	2932 <FlexCAN_T4<(CAN_DEV_TABLE)1074413568, (FLEXCAN_RXQUEUE_TABLE)256, (FLEXCAN_TXQUEUE_TABLE)16>::flexcan_interrupt()+0x4f6>
  FLEXCANb_ESR1(_bus) |= esr1;
    2602:	4a4a      	ldr	r2, [pc, #296]	; (272c <FlexCAN_T4<(CAN_DEV_TABLE)1074413568, (FLEXCAN_RXQUEUE_TABLE)256, (FLEXCAN_TXQUEUE_TABLE)16>::flexcan_interrupt()+0x2f0>)
    2604:	6a13      	ldr	r3, [r2, #32]
    2606:	4323      	orrs	r3, r4
    2608:	6213      	str	r3, [r2, #32]
  asm volatile ("dsb");	
    260a:	f3bf 8f4f 	dsb	sy
}
    260e:	b017      	add	sp, #92	; 0x5c
    2610:	e8bd 8ff0 	ldmia.w	sp!, {r4, r5, r6, r7, r8, r9, sl, fp, pc}
      msg.flags.extended = (bool)(code & (1UL << 21));
    2614:	f402 1100 	and.w	r1, r2, #2097152	; 0x200000
      msg.id = (mbxAddr[1] & 0x1FFFFFFF) >> ((msg.flags.extended) ? 0 : 18);
    2618:	6858      	ldr	r0, [r3, #4]
      msg.flags.extended = (bool)(code & (1UL << 21));
    261a:	2900      	cmp	r1, #0
    261c:	bf14      	ite	ne
    261e:	f04f 0c01 	movne.w	ip, #1
    2622:	f04f 0c00 	moveq.w	ip, #0
      msg.id = (mbxAddr[1] & 0x1FFFFFFF) >> ((msg.flags.extended) ? 0 : 18);
    2626:	f020 4060 	bic.w	r0, r0, #3758096384	; 0xe0000000
      msg.flags.extended = (bool)(code & (1UL << 21));
    262a:	f88d c017 	strb.w	ip, [sp, #23]
      msg.id = (mbxAddr[1] & 0x1FFFFFFF) >> ((msg.flags.extended) ? 0 : 18);
    262e:	d105      	bne.n	263c <FlexCAN_T4<(CAN_DEV_TABLE)1074413568, (FLEXCAN_RXQUEUE_TABLE)256, (FLEXCAN_TXQUEUE_TABLE)16>::flexcan_interrupt()+0x200>
    2630:	0c80      	lsrs	r0, r0, #18
    2632:	9004      	str	r0, [sp, #16]
    2634:	e004      	b.n	2640 <FlexCAN_T4<(CAN_DEV_TABLE)1074413568, (FLEXCAN_RXQUEUE_TABLE)256, (FLEXCAN_TXQUEUE_TABLE)16>::flexcan_interrupt()+0x204>
    2636:	9004      	str	r0, [sp, #16]
      msg.flags.extended = (bool)(code & (1UL << 21));
    2638:	2101      	movs	r1, #1
    263a:	e77e      	b.n	253a <FlexCAN_T4<(CAN_DEV_TABLE)1074413568, (FLEXCAN_RXQUEUE_TABLE)256, (FLEXCAN_TXQUEUE_TABLE)16>::flexcan_interrupt()+0xfe>
      msg.id = (mbxAddr[1] & 0x1FFFFFFF) >> ((msg.flags.extended) ? 0 : 18);
    263c:	9004      	str	r0, [sp, #16]
      msg.flags.extended = (bool)(code & (1UL << 21));
    263e:	2101      	movs	r1, #1
      if ( FLEXCAN_get_code(code) == FLEXCAN_MB_CODE_RX_OVERRUN ) msg.flags.overrun = 1;
    2640:	2001      	movs	r0, #1
    2642:	f88d 0019 	strb.w	r0, [sp, #25]
    2646:	e778      	b.n	253a <FlexCAN_T4<(CAN_DEV_TABLE)1074413568, (FLEXCAN_RXQUEUE_TABLE)256, (FLEXCAN_TXQUEUE_TABLE)16>::flexcan_interrupt()+0xfe>
    if ( (FLEXCANb_MCR(_bus) & FLEXCAN_MCR_FEN) && (imask & FLEXCAN_IMASK1_BUF5M) && (iflag & FLEXCAN_IFLAG1_BUF5I) ) { /* FIFO is enabled, capture frames if triggered */
    2648:	068a      	lsls	r2, r1, #26
    264a:	f57f af12 	bpl.w	2472 <FlexCAN_T4<(CAN_DEV_TABLE)1074413568, (FLEXCAN_RXQUEUE_TABLE)256, (FLEXCAN_TXQUEUE_TABLE)16>::flexcan_interrupt()+0x36>
    264e:	0685      	lsls	r5, r0, #26
    2650:	f57f af0f 	bpl.w	2472 <FlexCAN_T4<(CAN_DEV_TABLE)1074413568, (FLEXCAN_RXQUEUE_TABLE)256, (FLEXCAN_TXQUEUE_TABLE)16>::flexcan_interrupt()+0x36>
      uint32_t code = mbxAddr[0];
    2654:	f8d7 2080 	ldr.w	r2, [r7, #128]	; 0x80
      msg.timestamp = code & 0xFFFF;
    2658:	f8ad 2014 	strh.w	r2, [sp, #20]
      msg.len = (code & 0xF0000) >> 16;
    265c:	f3c2 4103 	ubfx	r1, r2, #16, #4
    2660:	f88d 101b 	strb.w	r1, [sp, #27]
      msg.id = (mbxAddr[1] & 0x1FFFFFFF) >> ((msg.flags.extended) ? 0 : 18);
    2664:	f8d7 1084 	ldr.w	r1, [r7, #132]	; 0x84
      for ( uint8_t i = 0; i < (8 >> 2); i++ ) for ( int8_t d = 0; d < 4 ; d++ ) msg.buf[(4 * i) + 3 - d] = (uint8_t)(mbxAddr[2 + i] >> (8 * d));
    2668:	4c30      	ldr	r4, [pc, #192]	; (272c <FlexCAN_T4<(CAN_DEV_TABLE)1074413568, (FLEXCAN_RXQUEUE_TABLE)256, (FLEXCAN_TXQUEUE_TABLE)16>::flexcan_interrupt()+0x2f0>)
      msg.flags.extended = (bool)(code & (1UL << 21));
    266a:	f402 1000 	and.w	r0, r2, #2097152	; 0x200000
    266e:	42b0      	cmp	r0, r6
      msg.id = (mbxAddr[1] & 0x1FFFFFFF) >> ((msg.flags.extended) ? 0 : 18);
    2670:	f021 4160 	bic.w	r1, r1, #3758096384	; 0xe0000000
      msg.flags.remote = (bool)(code & (1UL << 20));
    2674:	f3c2 5000 	ubfx	r0, r2, #20, #1
    2678:	f88d 0018 	strb.w	r0, [sp, #24]
      msg.idhit = code >> 23;
    267c:	ea4f 52d2 	mov.w	r2, r2, lsr #23
      msg.flags.extended = (bool)(code & (1UL << 21));
    2680:	bf12      	itee	ne
    2682:	2001      	movne	r0, #1
    2684:	4630      	moveq	r0, r6
      msg.id = (mbxAddr[1] & 0x1FFFFFFF) >> ((msg.flags.extended) ? 0 : 18);
    2686:	0c89      	lsreq	r1, r1, #18
      msg.flags.extended = (bool)(code & (1UL << 21));
    2688:	f88d 0017 	strb.w	r0, [sp, #23]
      msg.idhit = code >> 23;
    268c:	f88d 2016 	strb.w	r2, [sp, #22]
      msg.id = (mbxAddr[1] & 0x1FFFFFFF) >> ((msg.flags.extended) ? 0 : 18);
    2690:	9104      	str	r1, [sp, #16]
    2692:	a808      	add	r0, sp, #32
      msg.idhit = code >> 23;
    2694:	2200      	movs	r2, #0
      for ( uint8_t i = 0; i < (8 >> 2); i++ ) for ( int8_t d = 0; d < 4 ; d++ ) msg.buf[(4 * i) + 3 - d] = (uint8_t)(mbxAddr[2 + i] >> (8 * d));
    2696:	f8d4 1088 	ldr.w	r1, [r4, #136]	; 0x88
    269a:	40d1      	lsrs	r1, r2
    269c:	3208      	adds	r2, #8
    269e:	2a20      	cmp	r2, #32
    26a0:	f800 1d01 	strb.w	r1, [r0, #-1]!
    26a4:	d1f7      	bne.n	2696 <FlexCAN_T4<(CAN_DEV_TABLE)1074413568, (FLEXCAN_RXQUEUE_TABLE)256, (FLEXCAN_TXQUEUE_TABLE)16>::flexcan_interrupt()+0x25a>
    26a6:	4821      	ldr	r0, [pc, #132]	; (272c <FlexCAN_T4<(CAN_DEV_TABLE)1074413568, (FLEXCAN_RXQUEUE_TABLE)256, (FLEXCAN_TXQUEUE_TABLE)16>::flexcan_interrupt()+0x2f0>)
    26a8:	a909      	add	r1, sp, #36	; 0x24
    26aa:	f8d0 208c 	ldr.w	r2, [r0, #140]	; 0x8c
    26ae:	40da      	lsrs	r2, r3
    26b0:	3308      	adds	r3, #8
    26b2:	2b20      	cmp	r3, #32
    26b4:	f801 2d01 	strb.w	r2, [r1, #-1]!
    26b8:	d1f7      	bne.n	26aa <FlexCAN_T4<(CAN_DEV_TABLE)1074413568, (FLEXCAN_RXQUEUE_TABLE)256, (FLEXCAN_TXQUEUE_TABLE)16>::flexcan_interrupt()+0x26e>
      msg.bus = busNumber;
    26ba:	f509 5300 	add.w	r3, r9, #8192	; 0x2000
    26be:	f893 3915 	ldrb.w	r3, [r3, #2325]	; 0x915
    26c2:	f88d 3025 	strb.w	r3, [sp, #37]	; 0x25
      msg.mb = FIFO; /* store the mailbox the message came from (for callback reference) */
    26c6:	2363      	movs	r3, #99	; 0x63
    26c8:	f88d 3024 	strb.w	r3, [sp, #36]	; 0x24
      (void)FLEXCANb_TIMER(_bus);
    26cc:	6883      	ldr	r3, [r0, #8]
  if ( mb_num < 32 ) FLEXCANb_IFLAG1(_bus) |= (1UL << mb_num);
    26ce:	6b03      	ldr	r3, [r0, #48]	; 0x30
    26d0:	f043 0320 	orr.w	r3, r3, #32
    26d4:	6303      	str	r3, [r0, #48]	; 0x30
      if ( iflag & FLEXCAN_IFLAG1_BUF6I ) writeIFLAGBit(6); /* clear FIFO bit only! */
    26d6:	9b01      	ldr	r3, [sp, #4]
    26d8:	065c      	lsls	r4, r3, #25
    26da:	d503      	bpl.n	26e4 <FlexCAN_T4<(CAN_DEV_TABLE)1074413568, (FLEXCAN_RXQUEUE_TABLE)256, (FLEXCAN_TXQUEUE_TABLE)16>::flexcan_interrupt()+0x2a8>
  if ( mb_num < 32 ) FLEXCANb_IFLAG1(_bus) |= (1UL << mb_num);
    26dc:	6b03      	ldr	r3, [r0, #48]	; 0x30
    26de:	f043 0340 	orr.w	r3, r3, #64	; 0x40
    26e2:	6303      	str	r3, [r0, #48]	; 0x30
      if ( iflag & FLEXCAN_IFLAG1_BUF7I ) writeIFLAGBit(7); /* clear FIFO bit only! */
    26e4:	9b01      	ldr	r3, [sp, #4]
    26e6:	0618      	lsls	r0, r3, #24
    26e8:	d504      	bpl.n	26f4 <FlexCAN_T4<(CAN_DEV_TABLE)1074413568, (FLEXCAN_RXQUEUE_TABLE)256, (FLEXCAN_TXQUEUE_TABLE)16>::flexcan_interrupt()+0x2b8>
  if ( mb_num < 32 ) FLEXCANb_IFLAG1(_bus) |= (1UL << mb_num);
    26ea:	4a10      	ldr	r2, [pc, #64]	; (272c <FlexCAN_T4<(CAN_DEV_TABLE)1074413568, (FLEXCAN_RXQUEUE_TABLE)256, (FLEXCAN_TXQUEUE_TABLE)16>::flexcan_interrupt()+0x2f0>)
    26ec:	6b13      	ldr	r3, [r2, #48]	; 0x30
    26ee:	f043 0380 	orr.w	r3, r3, #128	; 0x80
    26f2:	6313      	str	r3, [r2, #48]	; 0x30
      frame_distribution(msg);
    26f4:	a904      	add	r1, sp, #16
    26f6:	4648      	mov	r0, r9
    26f8:	f7ff fd60 	bl	21bc <FlexCAN_T4<(CAN_DEV_TABLE)1074413568, (FLEXCAN_RXQUEUE_TABLE)256, (FLEXCAN_TXQUEUE_TABLE)16>::frame_distribution(CAN_message_t&)>
      ext_output1(msg);
    26fc:	a804      	add	r0, sp, #16
    26fe:	f3af 8000 	nop.w
      ext_output2(msg);
    2702:	a804      	add	r0, sp, #16
    2704:	f3af 8000 	nop.w
      ext_output3(msg);
    2708:	a804      	add	r0, sp, #16
    270a:	f3af 8000 	nop.w
      if (fifo_filter_match(msg.id)) struct2queueRx(msg);
    270e:	9904      	ldr	r1, [sp, #16]
    2710:	4648      	mov	r0, r9
    2712:	f7ff fab9 	bl	1c88 <FlexCAN_T4<(CAN_DEV_TABLE)1074413568, (FLEXCAN_RXQUEUE_TABLE)256, (FLEXCAN_TXQUEUE_TABLE)16>::fifo_filter_match(unsigned long)>
    2716:	2800      	cmp	r0, #0
    2718:	f43f aeab 	beq.w	2472 <FlexCAN_T4<(CAN_DEV_TABLE)1074413568, (FLEXCAN_RXQUEUE_TABLE)256, (FLEXCAN_TXQUEUE_TABLE)16>::flexcan_interrupt()+0x36>
    271c:	a904      	add	r1, sp, #16
    271e:	4648      	mov	r0, r9
    2720:	f7ff fcee 	bl	2100 <FlexCAN_T4<(CAN_DEV_TABLE)1074413568, (FLEXCAN_RXQUEUE_TABLE)256, (FLEXCAN_TXQUEUE_TABLE)16>::struct2queueRx(CAN_message_t const&)>
    2724:	e6a5      	b.n	2472 <FlexCAN_T4<(CAN_DEV_TABLE)1074413568, (FLEXCAN_RXQUEUE_TABLE)256, (FLEXCAN_TXQUEUE_TABLE)16>::flexcan_interrupt()+0x36>
    2726:	bf00      	nop
    2728:	0000b8ac 	.word	0x0000b8ac
    272c:	400a4000 	.word	0x400a4000
    2730:	0400a408 	.word	0x0400a408
    2734:	1fff0ecc 	.word	0x1fff0ecc
    2738:	0007ffbf 	.word	0x0007ffbf
      msg.flags.extended = (bool)(code & (1UL << 21));
    273c:	f402 1100 	and.w	r1, r2, #2097152	; 0x200000
    2740:	2900      	cmp	r1, #0
      msg.id = (mbxAddr[1] & 0x1FFFFFFF) >> ((msg.flags.extended) ? 0 : 18);
    2742:	6859      	ldr	r1, [r3, #4]
      msg.timestamp = code & 0xFFFF;
    2744:	f8ad 2014 	strh.w	r2, [sp, #20]
      msg.len = (code & 0xF0000) >> 16;
    2748:	f3c2 4203 	ubfx	r2, r2, #16, #4
    274c:	f88d 201b 	strb.w	r2, [sp, #27]
      msg.bus = busNumber;
    2750:	f509 5200 	add.w	r2, r9, #8192	; 0x2000
      msg.flags.extended = (bool)(code & (1UL << 21));
    2754:	bf14      	ite	ne
    2756:	2001      	movne	r0, #1
    2758:	2000      	moveq	r0, #0
    275a:	f88d 0017 	strb.w	r0, [sp, #23]
      msg.bus = busNumber;
    275e:	f892 0915 	ldrb.w	r0, [r2, #2325]	; 0x915
      msg.mb = mb_num;
    2762:	f88d 4024 	strb.w	r4, [sp, #36]	; 0x24
      msg.bus = busNumber;
    2766:	f88d 0025 	strb.w	r0, [sp, #37]	; 0x25
      for ( uint8_t i = 0; i < (8 >> 2); i++ ) for ( int8_t d = 0; d < 4 ; d++ ) msg.buf[(4 * i) + 3 - d] = (uint8_t)(mbxAddr[2 + i] >> (8 * d));
    276a:	6898      	ldr	r0, [r3, #8]
    276c:	f88d 001f 	strb.w	r0, [sp, #31]
    2770:	6898      	ldr	r0, [r3, #8]
    2772:	ea4f 2010 	mov.w	r0, r0, lsr #8
    2776:	f88d 001e 	strb.w	r0, [sp, #30]
    277a:	6898      	ldr	r0, [r3, #8]
    277c:	ea4f 4010 	mov.w	r0, r0, lsr #16
    2780:	f88d 001d 	strb.w	r0, [sp, #29]
    2784:	6898      	ldr	r0, [r3, #8]
    2786:	ea4f 6010 	mov.w	r0, r0, lsr #24
    278a:	f88d 001c 	strb.w	r0, [sp, #28]
    278e:	68d8      	ldr	r0, [r3, #12]
    2790:	f88d 0023 	strb.w	r0, [sp, #35]	; 0x23
    2794:	68d8      	ldr	r0, [r3, #12]
    2796:	ea4f 2010 	mov.w	r0, r0, lsr #8
    279a:	f88d 0022 	strb.w	r0, [sp, #34]	; 0x22
    279e:	68d8      	ldr	r0, [r3, #12]
      msg.id = (mbxAddr[1] & 0x1FFFFFFF) >> ((msg.flags.extended) ? 0 : 18);
    27a0:	f021 4160 	bic.w	r1, r1, #3758096384	; 0xe0000000
    27a4:	bf08      	it	eq
    27a6:	0c89      	lsreq	r1, r1, #18
      for ( uint8_t i = 0; i < (8 >> 2); i++ ) for ( int8_t d = 0; d < 4 ; d++ ) msg.buf[(4 * i) + 3 - d] = (uint8_t)(mbxAddr[2 + i] >> (8 * d));
    27a8:	0c00      	lsrs	r0, r0, #16
      msg.id = (mbxAddr[1] & 0x1FFFFFFF) >> ((msg.flags.extended) ? 0 : 18);
    27aa:	9104      	str	r1, [sp, #16]
      for ( uint8_t i = 0; i < (8 >> 2); i++ ) for ( int8_t d = 0; d < 4 ; d++ ) msg.buf[(4 * i) + 3 - d] = (uint8_t)(mbxAddr[2 + i] >> (8 * d));
    27ac:	f88d 0021 	strb.w	r0, [sp, #33]	; 0x21
        if ( _mbTxHandlers[mb_num] ) _mbTxHandlers[mb_num](msg);
    27b0:	f604 2102 	addw	r1, r4, #2562	; 0xa02
      for ( uint8_t i = 0; i < (8 >> 2); i++ ) for ( int8_t d = 0; d < 4 ; d++ ) msg.buf[(4 * i) + 3 - d] = (uint8_t)(mbxAddr[2 + i] >> (8 * d));
    27b4:	68d8      	ldr	r0, [r3, #12]
        if ( _mbTxHandlers[mb_num] ) _mbTxHandlers[mb_num](msg);
    27b6:	f859 1021 	ldr.w	r1, [r9, r1, lsl #2]
      for ( uint8_t i = 0; i < (8 >> 2); i++ ) for ( int8_t d = 0; d < 4 ; d++ ) msg.buf[(4 * i) + 3 - d] = (uint8_t)(mbxAddr[2 + i] >> (8 * d));
    27ba:	0e00      	lsrs	r0, r0, #24
    27bc:	f88d 0020 	strb.w	r0, [sp, #32]
        if ( _mbTxHandlers[mb_num] ) _mbTxHandlers[mb_num](msg);
    27c0:	b129      	cbz	r1, 27ce <FlexCAN_T4<(CAN_DEV_TABLE)1074413568, (FLEXCAN_RXQUEUE_TABLE)256, (FLEXCAN_TXQUEUE_TABLE)16>::flexcan_interrupt()+0x392>
    27c2:	a804      	add	r0, sp, #16
    27c4:	9203      	str	r2, [sp, #12]
    27c6:	9302      	str	r3, [sp, #8]
    27c8:	4788      	blx	r1
    27ca:	9a03      	ldr	r2, [sp, #12]
    27cc:	9b02      	ldr	r3, [sp, #8]
        if ( _mainTxHandler ) _mainTxHandler(msg);
    27ce:	f8d2 2908 	ldr.w	r2, [r2, #2312]	; 0x908
    27d2:	b11a      	cbz	r2, 27dc <FlexCAN_T4<(CAN_DEV_TABLE)1074413568, (FLEXCAN_RXQUEUE_TABLE)256, (FLEXCAN_TXQUEUE_TABLE)16>::flexcan_interrupt()+0x3a0>
    27d4:	a804      	add	r0, sp, #16
    27d6:	9302      	str	r3, [sp, #8]
    27d8:	4790      	blx	r2
    27da:	9b02      	ldr	r3, [sp, #8]
    27dc:	f509 5280 	add.w	r2, r9, #4096	; 0x1000
    27e0:	9202      	str	r2, [sp, #8]
    27e2:	f8b2 2b1e 	ldrh.w	r2, [r2, #2846]	; 0xb1e
    27e6:	b292      	uxth	r2, r2
      if ( txBuffer.size() ) {
    27e8:	2a00      	cmp	r2, #0
    27ea:	f000 80b1 	beq.w	2950 <FlexCAN_T4<(CAN_DEV_TABLE)1074413568, (FLEXCAN_RXQUEUE_TABLE)256, (FLEXCAN_TXQUEUE_TABLE)16>::flexcan_interrupt()+0x514>
    memmove(&buffer[0],&_cabuf[((head+entry)&(_size-1))][2],length*sizeof(T)); // update CA buffer
    27ee:	9b02      	ldr	r3, [sp, #8]
    27f0:	f8b3 1b1a 	ldrh.w	r1, [r3, #2842]	; 0xb1a
    27f4:	231a      	movs	r3, #26
    27f6:	f001 010f 	and.w	r1, r1, #15
    27fa:	fb03 9101 	mla	r1, r3, r1, r9
    27fe:	f501 51d9 	add.w	r1, r1, #6944	; 0x1b20
    2802:	3112      	adds	r1, #18
    2804:	2218      	movs	r2, #24
    2806:	a810      	add	r0, sp, #64	; 0x40
    2808:	f000 fd76 	bl	32f8 <memcpy>
        memmove(&frame, buf, sizeof(frame));
    280c:	ab0a      	add	r3, sp, #40	; 0x28
    280e:	f10d 0c40 	add.w	ip, sp, #64	; 0x40
    2812:	469e      	mov	lr, r3
    2814:	9303      	str	r3, [sp, #12]
    2816:	e8bc 000f 	ldmia.w	ip!, {r0, r1, r2, r3}
    281a:	e8ae 000f 	stmia.w	lr!, {r0, r1, r2, r3}
    281e:	e89c 0003 	ldmia.w	ip, {r0, r1}
    2822:	e88e 0003 	stmia.w	lr, {r0, r1}
        if ( frame.mb == -1 ) {
    2826:	f99d 303c 	ldrsb.w	r3, [sp, #60]	; 0x3c
    282a:	1c5a      	adds	r2, r3, #1
    282c:	f000 809b 	beq.w	2966 <FlexCAN_T4<(CAN_DEV_TABLE)1074413568, (FLEXCAN_RXQUEUE_TABLE)256, (FLEXCAN_TXQUEUE_TABLE)16>::flexcan_interrupt()+0x52a>
        else if ( frame.mb == mb_num ) {
    2830:	429c      	cmp	r4, r3
    2832:	f47f ae48 	bne.w	24c6 <FlexCAN_T4<(CAN_DEV_TABLE)1074413568, (FLEXCAN_RXQUEUE_TABLE)256, (FLEXCAN_TXQUEUE_TABLE)16>::flexcan_interrupt()+0x8a>
          writeTxMailbox(frame.mb, frame);
    2836:	9a03      	ldr	r2, [sp, #12]
    2838:	b2e1      	uxtb	r1, r4
    283a:	4648      	mov	r0, r9
    283c:	f7fe fd44 	bl	12c8 <FlexCAN_T4<(CAN_DEV_TABLE)1074413568, (FLEXCAN_RXQUEUE_TABLE)256, (FLEXCAN_TXQUEUE_TABLE)16>::writeTxMailbox(unsigned char, CAN_message_t const&)>
    head = ((head + 1)&(2*_size-1));
    2840:	9a02      	ldr	r2, [sp, #8]
    2842:	f8b2 3b1a 	ldrh.w	r3, [r2, #2842]	; 0xb1a
    2846:	3301      	adds	r3, #1
    2848:	f003 031f 	and.w	r3, r3, #31
    284c:	f8a2 3b1a 	strh.w	r3, [r2, #2842]	; 0xb1a
    if ( _available ) _available--;
    2850:	f8b2 3b1e 	ldrh.w	r3, [r2, #2846]	; 0xb1e
    2854:	b29b      	uxth	r3, r3
    2856:	2b00      	cmp	r3, #0
    2858:	f43f ae35 	beq.w	24c6 <FlexCAN_T4<(CAN_DEV_TABLE)1074413568, (FLEXCAN_RXQUEUE_TABLE)256, (FLEXCAN_TXQUEUE_TABLE)16>::flexcan_interrupt()+0x8a>
    285c:	f8b2 3b1e 	ldrh.w	r3, [r2, #2846]	; 0xb1e
    2860:	3b01      	subs	r3, #1
    2862:	b29b      	uxth	r3, r3
    2864:	f8a2 3b1e 	strh.w	r3, [r2, #2846]	; 0xb1e
    2868:	e62d      	b.n	24c6 <FlexCAN_T4<(CAN_DEV_TABLE)1074413568, (FLEXCAN_RXQUEUE_TABLE)256, (FLEXCAN_TXQUEUE_TABLE)16>::flexcan_interrupt()+0x8a>
      if ( filter_match((FLEXCAN_MAILBOX)mb_num, msg.id) ) struct2queueRx(msg); /* store frame in queue */
    286a:	a904      	add	r1, sp, #16
    286c:	4648      	mov	r0, r9
    286e:	f7ff fc47 	bl	2100 <FlexCAN_T4<(CAN_DEV_TABLE)1074413568, (FLEXCAN_RXQUEUE_TABLE)256, (FLEXCAN_TXQUEUE_TABLE)16>::struct2queueRx(CAN_message_t const&)>
    2872:	e6a7      	b.n	25c4 <FlexCAN_T4<(CAN_DEV_TABLE)1074413568, (FLEXCAN_RXQUEUE_TABLE)256, (FLEXCAN_TXQUEUE_TABLE)16>::flexcan_interrupt()+0x188>
      msg.flags.extended = (bool)(code & (1UL << 21));
    2874:	f402 1100 	and.w	r1, r2, #2097152	; 0x200000
    2878:	2900      	cmp	r1, #0
      msg.id = (mbxAddr[1] & 0x1FFFFFFF) >> ((msg.flags.extended) ? 0 : 18);
    287a:	6859      	ldr	r1, [r3, #4]
      msg.timestamp = code & 0xFFFF;
    287c:	f8ad 2014 	strh.w	r2, [sp, #20]
      msg.len = (code & 0xF0000) >> 16;
    2880:	f3c2 4203 	ubfx	r2, r2, #16, #4
    2884:	f88d 201b 	strb.w	r2, [sp, #27]
      msg.bus = busNumber;
    2888:	f509 5200 	add.w	r2, r9, #8192	; 0x2000
      msg.flags.extended = (bool)(code & (1UL << 21));
    288c:	bf14      	ite	ne
    288e:	2001      	movne	r0, #1
    2890:	2000      	moveq	r0, #0
    2892:	f88d 0017 	strb.w	r0, [sp, #23]
      msg.bus = busNumber;
    2896:	f892 0915 	ldrb.w	r0, [r2, #2325]	; 0x915
      msg.mb = mb_num;
    289a:	f88d 4024 	strb.w	r4, [sp, #36]	; 0x24
      msg.bus = busNumber;
    289e:	f88d 0025 	strb.w	r0, [sp, #37]	; 0x25
      for ( uint8_t i = 0; i < (8 >> 2); i++ ) for ( int8_t d = 0; d < 4 ; d++ ) msg.buf[(4 * i) + 3 - d] = (uint8_t)(mbxAddr[2 + i] >> (8 * d));
    28a2:	6898      	ldr	r0, [r3, #8]
    28a4:	f88d 001f 	strb.w	r0, [sp, #31]
    28a8:	6898      	ldr	r0, [r3, #8]
    28aa:	ea4f 2010 	mov.w	r0, r0, lsr #8
    28ae:	f88d 001e 	strb.w	r0, [sp, #30]
    28b2:	6898      	ldr	r0, [r3, #8]
    28b4:	ea4f 4010 	mov.w	r0, r0, lsr #16
    28b8:	f88d 001d 	strb.w	r0, [sp, #29]
    28bc:	6898      	ldr	r0, [r3, #8]
    28be:	ea4f 6010 	mov.w	r0, r0, lsr #24
    28c2:	f88d 001c 	strb.w	r0, [sp, #28]
    28c6:	68d8      	ldr	r0, [r3, #12]
    28c8:	f88d 0023 	strb.w	r0, [sp, #35]	; 0x23
    28cc:	68d8      	ldr	r0, [r3, #12]
    28ce:	ea4f 2010 	mov.w	r0, r0, lsr #8
    28d2:	f88d 0022 	strb.w	r0, [sp, #34]	; 0x22
    28d6:	68d8      	ldr	r0, [r3, #12]
      msg.id = (mbxAddr[1] & 0x1FFFFFFF) >> ((msg.flags.extended) ? 0 : 18);
    28d8:	f021 4160 	bic.w	r1, r1, #3758096384	; 0xe0000000
    28dc:	bf08      	it	eq
    28de:	0c89      	lsreq	r1, r1, #18
      for ( uint8_t i = 0; i < (8 >> 2); i++ ) for ( int8_t d = 0; d < 4 ; d++ ) msg.buf[(4 * i) + 3 - d] = (uint8_t)(mbxAddr[2 + i] >> (8 * d));
    28e0:	0c00      	lsrs	r0, r0, #16
      msg.id = (mbxAddr[1] & 0x1FFFFFFF) >> ((msg.flags.extended) ? 0 : 18);
    28e2:	9104      	str	r1, [sp, #16]
      for ( uint8_t i = 0; i < (8 >> 2); i++ ) for ( int8_t d = 0; d < 4 ; d++ ) msg.buf[(4 * i) + 3 - d] = (uint8_t)(mbxAddr[2 + i] >> (8 * d));
    28e4:	f88d 0021 	strb.w	r0, [sp, #33]	; 0x21
        if ( _mbTxHandlers[mb_num] ) _mbTxHandlers[mb_num](msg);
    28e8:	f604 2102 	addw	r1, r4, #2562	; 0xa02
      for ( uint8_t i = 0; i < (8 >> 2); i++ ) for ( int8_t d = 0; d < 4 ; d++ ) msg.buf[(4 * i) + 3 - d] = (uint8_t)(mbxAddr[2 + i] >> (8 * d));
    28ec:	68db      	ldr	r3, [r3, #12]
        if ( _mbTxHandlers[mb_num] ) _mbTxHandlers[mb_num](msg);
    28ee:	f859 1021 	ldr.w	r1, [r9, r1, lsl #2]
      for ( uint8_t i = 0; i < (8 >> 2); i++ ) for ( int8_t d = 0; d < 4 ; d++ ) msg.buf[(4 * i) + 3 - d] = (uint8_t)(mbxAddr[2 + i] >> (8 * d));
    28f2:	0e1b      	lsrs	r3, r3, #24
    28f4:	f88d 3020 	strb.w	r3, [sp, #32]
        if ( _mbTxHandlers[mb_num] ) _mbTxHandlers[mb_num](msg);
    28f8:	b119      	cbz	r1, 2902 <FlexCAN_T4<(CAN_DEV_TABLE)1074413568, (FLEXCAN_RXQUEUE_TABLE)256, (FLEXCAN_TXQUEUE_TABLE)16>::flexcan_interrupt()+0x4c6>
    28fa:	a804      	add	r0, sp, #16
    28fc:	9202      	str	r2, [sp, #8]
    28fe:	4788      	blx	r1
    2900:	9a02      	ldr	r2, [sp, #8]
        if ( _mainTxHandler ) _mainTxHandler(msg);
    2902:	f8d2 3908 	ldr.w	r3, [r2, #2312]	; 0x908
    2906:	b10b      	cbz	r3, 290c <FlexCAN_T4<(CAN_DEV_TABLE)1074413568, (FLEXCAN_RXQUEUE_TABLE)256, (FLEXCAN_TXQUEUE_TABLE)16>::flexcan_interrupt()+0x4d0>
    2908:	a804      	add	r0, sp, #16
    290a:	4798      	blx	r3
        uint16_t size() { return _available; }
    290c:	f509 5380 	add.w	r3, r9, #4096	; 0x1000
    2910:	9302      	str	r3, [sp, #8]
    2912:	f8b3 3b1e 	ldrh.w	r3, [r3, #2846]	; 0xb1e
    2916:	b29b      	uxth	r3, r3
      if ( txBuffer.size() ) {
    2918:	2b00      	cmp	r3, #0
    291a:	f47f af68 	bne.w	27ee <FlexCAN_T4<(CAN_DEV_TABLE)1074413568, (FLEXCAN_RXQUEUE_TABLE)256, (FLEXCAN_TXQUEUE_TABLE)16>::flexcan_interrupt()+0x3b2>
  if ( mb_num < 32 ) FLEXCANb_IFLAG1(_bus) |= (1UL << mb_num);
    291e:	f8d8 2030 	ldr.w	r2, [r8, #48]	; 0x30
    2922:	2301      	movs	r3, #1
    2924:	40a3      	lsls	r3, r4
    2926:	4313      	orrs	r3, r2
    2928:	f8c8 3030 	str.w	r3, [r8, #48]	; 0x30
    292c:	e5cb      	b.n	24c6 <FlexCAN_T4<(CAN_DEV_TABLE)1074413568, (FLEXCAN_RXQUEUE_TABLE)256, (FLEXCAN_TXQUEUE_TABLE)16>::flexcan_interrupt()+0x8a>
  for ( uint8_t mb_num = mailboxOffset(); mb_num < FLEXCANb_MAXMB_SIZE(_bus); mb_num++ ) {
    292e:	682b      	ldr	r3, [r5, #0]
    2930:	e5bb      	b.n	24aa <FlexCAN_T4<(CAN_DEV_TABLE)1074413568, (FLEXCAN_RXQUEUE_TABLE)256, (FLEXCAN_TXQUEUE_TABLE)16>::flexcan_interrupt()+0x6e>
      busESR1.write(esr1);
    2932:	f509 50e6 	add.w	r0, r9, #7360	; 0x1cc0
    2936:	4621      	mov	r1, r4
    2938:	3010      	adds	r0, #16
    293a:	f7ff fa85 	bl	1e48 <Circular_Buffer<unsigned long, (unsigned short)16, (unsigned short)0>::write(unsigned long)>
      busECR.write(FLEXCANb_ECR(_bus));
    293e:	69f1      	ldr	r1, [r6, #28]
    2940:	f509 50ec 	add.w	r0, r9, #7552	; 0x1d80
    2944:	b289      	uxth	r1, r1
    2946:	3018      	adds	r0, #24
    2948:	f7ff faa2 	bl	1e90 <Circular_Buffer<unsigned short, (unsigned short)16, (unsigned short)0>::write(unsigned short)>
      last_esr1 = esr1;
    294c:	602c      	str	r4, [r5, #0]
    294e:	e658      	b.n	2602 <FlexCAN_T4<(CAN_DEV_TABLE)1074413568, (FLEXCAN_RXQUEUE_TABLE)256, (FLEXCAN_TXQUEUE_TABLE)16>::flexcan_interrupt()+0x1c6>
  if ( mb_num < 32 ) FLEXCANb_IFLAG1(_bus) |= (1UL << mb_num);
    2950:	f8d8 1030 	ldr.w	r1, [r8, #48]	; 0x30
    2954:	2201      	movs	r2, #1
    2956:	40a2      	lsls	r2, r4
    2958:	430a      	orrs	r2, r1
    295a:	f8c8 2030 	str.w	r2, [r8, #48]	; 0x30
        mbxAddr[0] = FLEXCAN_MB_CS_CODE(FLEXCAN_MB_CODE_TX_INACTIVE); /* set it back to a TX mailbox */
    295e:	f04f 6200 	mov.w	r2, #134217728	; 0x8000000
    2962:	601a      	str	r2, [r3, #0]
    2964:	e5af      	b.n	24c6 <FlexCAN_T4<(CAN_DEV_TABLE)1074413568, (FLEXCAN_RXQUEUE_TABLE)256, (FLEXCAN_TXQUEUE_TABLE)16>::flexcan_interrupt()+0x8a>
          writeTxMailbox(mb_num, frame);
    2966:	9a03      	ldr	r2, [sp, #12]
    2968:	4621      	mov	r1, r4
    296a:	e766      	b.n	283a <FlexCAN_T4<(CAN_DEV_TABLE)1074413568, (FLEXCAN_RXQUEUE_TABLE)256, (FLEXCAN_TXQUEUE_TABLE)16>::flexcan_interrupt()+0x3fe>

0000296c <FlexCAN_T4<(CAN_DEV_TABLE)1073889280, (FLEXCAN_RXQUEUE_TABLE)256, (FLEXCAN_TXQUEUE_TABLE)16>::struct2queueRx(CAN_message_t const&)>:
FCTP_FUNC void FCTP_OPT::struct2queueRx(const CAN_message_t &msg) {
    296c:	e92d 4ff0 	stmdb	sp!, {r4, r5, r6, r7, r8, r9, sl, fp, lr}
  CAN_message_t cl = msg;
    2970:	468c      	mov	ip, r1
FCTP_FUNC void FCTP_OPT::struct2queueRx(const CAN_message_t &msg) {
    2972:	460f      	mov	r7, r1
    2974:	4606      	mov	r6, r0
    2976:	4605      	mov	r5, r0
    2978:	f100 0810 	add.w	r8, r0, #16
  CAN_message_t cl = msg;
    297c:	e8bc 000f 	ldmia.w	ip!, {r0, r1, r2, r3}
FCTP_FUNC void FCTP_OPT::struct2queueRx(const CAN_message_t &msg) {
    2980:	b08d      	sub	sp, #52	; 0x34
  CAN_message_t cl = msg;
    2982:	466c      	mov	r4, sp
    2984:	c40f      	stmia	r4!, {r0, r1, r2, r3}
    2986:	e89c 0003 	ldmia.w	ip, {r0, r1}
    298a:	e884 0003 	stmia.w	r4, {r0, r1}
  for (uint8_t listenerPos = 0; listenerPos < SIZE_LISTENERS; listenerPos++) {
    298e:	f8df a094 	ldr.w	sl, [pc, #148]	; 2a24 <FlexCAN_T4<(CAN_DEV_TABLE)1073889280, (FLEXCAN_RXQUEUE_TABLE)256, (FLEXCAN_TXQUEUE_TABLE)16>::struct2queueRx(CAN_message_t const&)+0xb8>
      if (thisListener->callbacksActive & (1UL << cl.mb)) thisListener->frameHandler (cl, cl.mb, cl.bus);
    2992:	f04f 0901 	mov.w	r9, #1
    thisListener = listener[listenerPos];
    2996:	f855 4f04 	ldr.w	r4, [r5, #4]!
    if (thisListener != nullptr) {
    299a:	b15c      	cbz	r4, 29b4 <FlexCAN_T4<(CAN_DEV_TABLE)1073889280, (FLEXCAN_RXQUEUE_TABLE)256, (FLEXCAN_TXQUEUE_TABLE)16>::struct2queueRx(CAN_message_t const&)+0x48>
      if (thisListener->callbacksActive & (1UL << cl.mb)) thisListener->frameHandler (cl, cl.mb, cl.bus);
    299c:	f99d 2014 	ldrsb.w	r2, [sp, #20]
    29a0:	68a3      	ldr	r3, [r4, #8]
    29a2:	fa09 f102 	lsl.w	r1, r9, r2
    29a6:	4219      	tst	r1, r3
    29a8:	d020      	beq.n	29ec <FlexCAN_T4<(CAN_DEV_TABLE)1073889280, (FLEXCAN_RXQUEUE_TABLE)256, (FLEXCAN_TXQUEUE_TABLE)16>::struct2queueRx(CAN_message_t const&)+0x80>
    29aa:	6823      	ldr	r3, [r4, #0]
    29ac:	f8d3 b000 	ldr.w	fp, [r3]
    29b0:	45d3      	cmp	fp, sl
    29b2:	d116      	bne.n	29e2 <FlexCAN_T4<(CAN_DEV_TABLE)1073889280, (FLEXCAN_RXQUEUE_TABLE)256, (FLEXCAN_TXQUEUE_TABLE)16>::struct2queueRx(CAN_message_t const&)+0x76>
  for (uint8_t listenerPos = 0; listenerPos < SIZE_LISTENERS; listenerPos++) {
    29b4:	4545      	cmp	r5, r8
    29b6:	d1ee      	bne.n	2996 <FlexCAN_T4<(CAN_DEV_TABLE)1073889280, (FLEXCAN_RXQUEUE_TABLE)256, (FLEXCAN_TXQUEUE_TABLE)16>::struct2queueRx(CAN_message_t const&)+0x2a>
  if ( !isEventsUsed ) {
    29b8:	f506 5300 	add.w	r3, r6, #8192	; 0x2000
    29bc:	f893 3700 	ldrb.w	r3, [r3, #1792]	; 0x700
    29c0:	b323      	cbz	r3, 2a0c <FlexCAN_T4<(CAN_DEV_TABLE)1073889280, (FLEXCAN_RXQUEUE_TABLE)256, (FLEXCAN_TXQUEUE_TABLE)16>::struct2queueRx(CAN_message_t const&)+0xa0>
  memmove(buf, &msg, sizeof(msg));
    29c2:	2218      	movs	r2, #24
    29c4:	4639      	mov	r1, r7
    29c6:	eb0d 0002 	add.w	r0, sp, r2
    29ca:	f000 fc95 	bl	32f8 <memcpy>
        void push_back(const T *buffer, uint16_t length) { write(buffer, length); }
    29ce:	2218      	movs	r2, #24
    29d0:	eb0d 0102 	add.w	r1, sp, r2
    29d4:	f106 0014 	add.w	r0, r6, #20
    29d8:	f7ff fb5e 	bl	2098 <Circular_Buffer<unsigned char, (unsigned short)256, (unsigned short)24>::write(unsigned char const*, unsigned short)>
}
    29dc:	b00d      	add	sp, #52	; 0x34
    29de:	e8bd 8ff0 	ldmia.w	sp!, {r4, r5, r6, r7, r8, r9, sl, fp, pc}
      if (thisListener->callbacksActive & (1UL << cl.mb)) thisListener->frameHandler (cl, cl.mb, cl.bus);
    29e2:	f89d 3015 	ldrb.w	r3, [sp, #21]
    29e6:	4669      	mov	r1, sp
    29e8:	4620      	mov	r0, r4
    29ea:	47d8      	blx	fp
      if (thisListener->generalCallbackActive) thisListener->frameHandler (cl, -1, cl.bus);
    29ec:	7c23      	ldrb	r3, [r4, #16]
    29ee:	2b00      	cmp	r3, #0
    29f0:	d0e0      	beq.n	29b4 <FlexCAN_T4<(CAN_DEV_TABLE)1073889280, (FLEXCAN_RXQUEUE_TABLE)256, (FLEXCAN_TXQUEUE_TABLE)16>::struct2queueRx(CAN_message_t const&)+0x48>
    29f2:	6823      	ldr	r3, [r4, #0]
    29f4:	f8d3 b000 	ldr.w	fp, [r3]
    29f8:	f89d 3015 	ldrb.w	r3, [sp, #21]
    29fc:	45d3      	cmp	fp, sl
    29fe:	d0d9      	beq.n	29b4 <FlexCAN_T4<(CAN_DEV_TABLE)1073889280, (FLEXCAN_RXQUEUE_TABLE)256, (FLEXCAN_TXQUEUE_TABLE)16>::struct2queueRx(CAN_message_t const&)+0x48>
    2a00:	4620      	mov	r0, r4
    2a02:	f04f 32ff 	mov.w	r2, #4294967295
    2a06:	4669      	mov	r1, sp
    2a08:	47d8      	blx	fp
    2a0a:	e7d3      	b.n	29b4 <FlexCAN_T4<(CAN_DEV_TABLE)1073889280, (FLEXCAN_RXQUEUE_TABLE)256, (FLEXCAN_TXQUEUE_TABLE)16>::struct2queueRx(CAN_message_t const&)+0x48>
    mbCallbacks((FLEXCAN_MAILBOX)msg.mb, msg);	
    2a0c:	7d3b      	ldrb	r3, [r7, #20]
    2a0e:	f88d 3018 	strb.w	r3, [sp, #24]
    2a12:	463a      	mov	r2, r7
    2a14:	a906      	add	r1, sp, #24
    2a16:	4630      	mov	r0, r6
    2a18:	f7fe fc96 	bl	1348 <FlexCAN_T4<(CAN_DEV_TABLE)1073889280, (FLEXCAN_RXQUEUE_TABLE)256, (FLEXCAN_TXQUEUE_TABLE)16>::mbCallbacks(FLEXCAN_MAILBOX const&, CAN_message_t const&)>
}
    2a1c:	b00d      	add	sp, #52	; 0x34
    2a1e:	e8bd 8ff0 	ldmia.w	sp!, {r4, r5, r6, r7, r8, r9, sl, fp, pc}
    2a22:	bf00      	nop
    2a24:	00000459 	.word	0x00000459

00002a28 <FlexCAN_T4<(CAN_DEV_TABLE)1073889280, (FLEXCAN_RXQUEUE_TABLE)256, (FLEXCAN_TXQUEUE_TABLE)16>::frame_distribution(CAN_message_t&)>:
  if ( !distribution ) return; /* distribution not enabled */
    2a28:	f500 5300 	add.w	r3, r0, #8192	; 0x2000
    2a2c:	f893 3701 	ldrb.w	r3, [r3, #1793]	; 0x701
    2a30:	2b00      	cmp	r3, #0
    2a32:	f000 80db 	beq.w	2bec <FlexCAN_T4<(CAN_DEV_TABLE)1073889280, (FLEXCAN_RXQUEUE_TABLE)256, (FLEXCAN_TXQUEUE_TABLE)16>::frame_distribution(CAN_message_t&)+0x1c4>
FCTP_FUNC volatile void FCTP_OPT::frame_distribution(CAN_message_t &msg) {
    2a36:	e92d 4ff0 	stmdb	sp!, {r4, r5, r6, r7, r8, r9, sl, fp, lr}
  CAN_message_t frame = msg;
    2a3a:	460f      	mov	r7, r1
    2a3c:	4605      	mov	r5, r0
    2a3e:	460e      	mov	r6, r1
    2a40:	cf0f      	ldmia	r7!, {r0, r1, r2, r3}
FCTP_FUNC volatile void FCTP_OPT::frame_distribution(CAN_message_t &msg) {
    2a42:	b089      	sub	sp, #36	; 0x24
  CAN_message_t frame = msg;
    2a44:	ac02      	add	r4, sp, #8
    2a46:	c40f      	stmia	r4!, {r0, r1, r2, r3}
    2a48:	e897 0003 	ldmia.w	r7, {r0, r1}
    2a4c:	e884 0003 	stmia.w	r4, {r0, r1}
  if ( FLEXCANb_MCR(_bus) & FLEXCAN_MCR_FEN ) {
    2a50:	f8df c250 	ldr.w	ip, [pc, #592]	; 2ca4 <FlexCAN_T4<(CAN_DEV_TABLE)1073889280, (FLEXCAN_RXQUEUE_TABLE)256, (FLEXCAN_TXQUEUE_TABLE)16>::frame_distribution(CAN_message_t&)+0x27c>
    2a54:	f8dc 3000 	ldr.w	r3, [ip]
    2a58:	009b      	lsls	r3, r3, #2
    2a5a:	d552      	bpl.n	2b02 <FlexCAN_T4<(CAN_DEV_TABLE)1073889280, (FLEXCAN_RXQUEUE_TABLE)256, (FLEXCAN_TXQUEUE_TABLE)16>::frame_distribution(CAN_message_t&)+0xda>
    uint8_t max_fifo_filters = (((FLEXCANb_CTRL2(_bus) >> FLEXCAN_CTRL2_RFFN_BIT_NO) & 0xF) + 1) * 8; // 8->128
    2a5c:	f8dc 3034 	ldr.w	r3, [ip, #52]	; 0x34
    2a60:	f3c3 6a03 	ubfx	sl, r3, #24, #4
    2a64:	2400      	movs	r4, #0
    2a66:	ea4f 0aca 	mov.w	sl, sl, lsl #3
    2a6a:	f10a 0a08 	add.w	sl, sl, #8
    for (uint8_t i = 0; i < max_fifo_filters; i++) { /* check fifo filters */
    2a6e:	4622      	mov	r2, r4
            frame.mb = FIFO;
    2a70:	f04f 0963 	mov.w	r9, #99	; 0x63
    2a74:	e00c      	b.n	2a90 <FlexCAN_T4<(CAN_DEV_TABLE)1073889280, (FLEXCAN_RXQUEUE_TABLE)256, (FLEXCAN_TXQUEUE_TABLE)16>::frame_distribution(CAN_message_t&)+0x68>
      else if ( (fifo_filter_table[i][0] >> 29) == FLEXCAN_RANGE ) {
    2a76:	0f5b      	lsrs	r3, r3, #29
    2a78:	2b02      	cmp	r3, #2
        if ( (bool)(fifo_filter_table[i][0] & (1UL << 16)) != msg.flags.extended ) continue; /* extended flag check */
    2a7a:	683b      	ldr	r3, [r7, #0]
      else if ( (fifo_filter_table[i][0] >> 29) == FLEXCAN_RANGE ) {
    2a7c:	f000 809a 	beq.w	2bb4 <FlexCAN_T4<(CAN_DEV_TABLE)1073889280, (FLEXCAN_RXQUEUE_TABLE)256, (FLEXCAN_TXQUEUE_TABLE)16>::frame_distribution(CAN_message_t&)+0x18c>
      else if ( (fifo_filter_table[i][0] >> 29) == FLEXCAN_USERMASK ) {
    2a80:	0f5b      	lsrs	r3, r3, #29
    2a82:	2b05      	cmp	r3, #5
    2a84:	f000 80dd 	beq.w	2c42 <FlexCAN_T4<(CAN_DEV_TABLE)1073889280, (FLEXCAN_RXQUEUE_TABLE)256, (FLEXCAN_TXQUEUE_TABLE)16>::frame_distribution(CAN_message_t&)+0x21a>
    for (uint8_t i = 0; i < max_fifo_filters; i++) { /* check fifo filters */
    2a88:	3401      	adds	r4, #1
    2a8a:	b2e2      	uxtb	r2, r4
    2a8c:	4592      	cmp	sl, r2
    2a8e:	d938      	bls.n	2b02 <FlexCAN_T4<(CAN_DEV_TABLE)1073889280, (FLEXCAN_RXQUEUE_TABLE)256, (FLEXCAN_TXQUEUE_TABLE)16>::frame_distribution(CAN_message_t&)+0xda>
      if ( msg.mb == FIFO ) break; // don't distribute to fifo if fifo was the source
    2a90:	f996 3014 	ldrsb.w	r3, [r6, #20]
    2a94:	2b63      	cmp	r3, #99	; 0x63
    2a96:	d034      	beq.n	2b02 <FlexCAN_T4<(CAN_DEV_TABLE)1073889280, (FLEXCAN_RXQUEUE_TABLE)256, (FLEXCAN_TXQUEUE_TABLE)16>::frame_distribution(CAN_message_t&)+0xda>
      if ( !(fifo_filter_table[i][0] & 0xE0000000) ) continue; // skip unset filters
    2a98:	eb04 0844 	add.w	r8, r4, r4, lsl #1
    2a9c:	eb05 0bc8 	add.w	fp, r5, r8, lsl #3
    2aa0:	f50b 57f0 	add.w	r7, fp, #7680	; 0x1e00
    2aa4:	683b      	ldr	r3, [r7, #0]
    2aa6:	f013 4f60 	tst.w	r3, #3758096384	; 0xe0000000
    2aaa:	d0ed      	beq.n	2a88 <FlexCAN_T4<(CAN_DEV_TABLE)1073889280, (FLEXCAN_RXQUEUE_TABLE)256, (FLEXCAN_TXQUEUE_TABLE)16>::frame_distribution(CAN_message_t&)+0x60>
      if ( (fifo_filter_table[i][0] >> 29) == FLEXCAN_MULTI ) {
    2aac:	683b      	ldr	r3, [r7, #0]
    2aae:	0f5b      	lsrs	r3, r3, #29
    2ab0:	2b01      	cmp	r3, #1
        if ( (bool)(fifo_filter_table[i][0] & (1UL << 16)) != msg.flags.extended ) continue; /* extended flag check */
    2ab2:	683b      	ldr	r3, [r7, #0]
      if ( (fifo_filter_table[i][0] >> 29) == FLEXCAN_MULTI ) {
    2ab4:	d1df      	bne.n	2a76 <FlexCAN_T4<(CAN_DEV_TABLE)1073889280, (FLEXCAN_RXQUEUE_TABLE)256, (FLEXCAN_TXQUEUE_TABLE)16>::frame_distribution(CAN_message_t&)+0x4e>
        if ( (bool)(fifo_filter_table[i][0] & (1UL << 16)) != msg.flags.extended ) continue; /* extended flag check */
    2ab6:	79f2      	ldrb	r2, [r6, #7]
    2ab8:	f3c3 4300 	ubfx	r3, r3, #16, #1
    2abc:	429a      	cmp	r2, r3
    2abe:	d1e3      	bne.n	2a88 <FlexCAN_T4<(CAN_DEV_TABLE)1073889280, (FLEXCAN_RXQUEUE_TABLE)256, (FLEXCAN_TXQUEUE_TABLE)16>::frame_distribution(CAN_message_t&)+0x60>
        for ( uint8_t p = 0; p < ((fifo_filter_table[i][0] & 0x380) >> 7); p++) {
    2ac0:	683b      	ldr	r3, [r7, #0]
    2ac2:	f413 7f60 	tst.w	r3, #896	; 0x380
    2ac6:	d0df      	beq.n	2a88 <FlexCAN_T4<(CAN_DEV_TABLE)1073889280, (FLEXCAN_RXQUEUE_TABLE)256, (FLEXCAN_TXQUEUE_TABLE)16>::frame_distribution(CAN_message_t&)+0x60>
          if ( frame.id == fifo_filter_table[i][p+1] ) {
    2ac8:	ea4f 0b48 	mov.w	fp, r8, lsl #1
        for ( uint8_t p = 0; p < ((fifo_filter_table[i][0] & 0x380) >> 7); p++) {
    2acc:	2300      	movs	r3, #0
    2ace:	e006      	b.n	2ade <FlexCAN_T4<(CAN_DEV_TABLE)1073889280, (FLEXCAN_RXQUEUE_TABLE)256, (FLEXCAN_TXQUEUE_TABLE)16>::frame_distribution(CAN_message_t&)+0xb6>
    2ad0:	683a      	ldr	r2, [r7, #0]
    2ad2:	fa5f f388 	uxtb.w	r3, r8
    2ad6:	f3c2 12c2 	ubfx	r2, r2, #7, #3
    2ada:	4293      	cmp	r3, r2
    2adc:	d2d4      	bcs.n	2a88 <FlexCAN_T4<(CAN_DEV_TABLE)1073889280, (FLEXCAN_RXQUEUE_TABLE)256, (FLEXCAN_TXQUEUE_TABLE)16>::frame_distribution(CAN_message_t&)+0x60>
          if ( frame.id == fifo_filter_table[i][p+1] ) {
    2ade:	f103 0801 	add.w	r8, r3, #1
    2ae2:	eb0b 0308 	add.w	r3, fp, r8
    2ae6:	f503 63f0 	add.w	r3, r3, #1920	; 0x780
    2aea:	9a02      	ldr	r2, [sp, #8]
    2aec:	f855 3023 	ldr.w	r3, [r5, r3, lsl #2]
    2af0:	429a      	cmp	r2, r3
    2af2:	d1ed      	bne.n	2ad0 <FlexCAN_T4<(CAN_DEV_TABLE)1073889280, (FLEXCAN_RXQUEUE_TABLE)256, (FLEXCAN_TXQUEUE_TABLE)16>::frame_distribution(CAN_message_t&)+0xa8>
            struct2queueRx(frame);
    2af4:	a902      	add	r1, sp, #8
    2af6:	4628      	mov	r0, r5
            frame.mb = FIFO;
    2af8:	f88d 901c 	strb.w	r9, [sp, #28]
            struct2queueRx(frame);
    2afc:	f7ff ff36 	bl	296c <FlexCAN_T4<(CAN_DEV_TABLE)1073889280, (FLEXCAN_RXQUEUE_TABLE)256, (FLEXCAN_TXQUEUE_TABLE)16>::struct2queueRx(CAN_message_t const&)>
    2b00:	e7e6      	b.n	2ad0 <FlexCAN_T4<(CAN_DEV_TABLE)1073889280, (FLEXCAN_RXQUEUE_TABLE)256, (FLEXCAN_TXQUEUE_TABLE)16>::frame_distribution(CAN_message_t&)+0xa8>
  if ( !(FLEXCANb_MCR(_bus) & FLEXCAN_MCR_FEN ) ) return 0; /* return offset 0 since FIFO is disabled */
    2b02:	4f68      	ldr	r7, [pc, #416]	; (2ca4 <FlexCAN_T4<(CAN_DEV_TABLE)1073889280, (FLEXCAN_RXQUEUE_TABLE)256, (FLEXCAN_TXQUEUE_TABLE)16>::frame_distribution(CAN_message_t&)+0x27c>)
  frame.idhit = 0;
    2b04:	2300      	movs	r3, #0
    2b06:	f88d 300e 	strb.w	r3, [sp, #14]
  if ( !(FLEXCANb_MCR(_bus) & FLEXCAN_MCR_FEN ) ) return 0; /* return offset 0 since FIFO is disabled */
    2b0a:	683c      	ldr	r4, [r7, #0]
    2b0c:	f014 5400 	ands.w	r4, r4, #536870912	; 0x20000000
    2b10:	d03f      	beq.n	2b92 <FlexCAN_T4<(CAN_DEV_TABLE)1073889280, (FLEXCAN_RXQUEUE_TABLE)256, (FLEXCAN_TXQUEUE_TABLE)16>::frame_distribution(CAN_message_t&)+0x16a>
    2b12:	f7fd fe7f 	bl	814 <FlexCAN_T4<(CAN_DEV_TABLE)1073889280, (FLEXCAN_RXQUEUE_TABLE)256, (FLEXCAN_TXQUEUE_TABLE)16>::mailboxOffset() [clone .part.0]>
  for ( uint8_t i = mailboxOffset(); i < FLEXCANb_MAXMB_SIZE(_bus); i++ ) {
    2b16:	683b      	ldr	r3, [r7, #0]
    2b18:	f003 037f 	and.w	r3, r3, #127	; 0x7f
    2b1c:	3301      	adds	r3, #1
    2b1e:	4283      	cmp	r3, r0
    2b20:	4604      	mov	r4, r0
    2b22:	d933      	bls.n	2b8c <FlexCAN_T4<(CAN_DEV_TABLE)1073889280, (FLEXCAN_RXQUEUE_TABLE)256, (FLEXCAN_TXQUEUE_TABLE)16>::frame_distribution(CAN_message_t&)+0x164>
    2b24:	f8df 917c 	ldr.w	r9, [pc, #380]	; 2ca4 <FlexCAN_T4<(CAN_DEV_TABLE)1073889280, (FLEXCAN_RXQUEUE_TABLE)256, (FLEXCAN_TXQUEUE_TABLE)16>::frame_distribution(CAN_message_t&)+0x27c>
      if ( frame.id >= mb_filter_table[i][1] && frame.id <= mb_filter_table[i][2] ) {
    2b28:	f242 1704 	movw	r7, #8452	; 0x2104
    2b2c:	f242 1808 	movw	r8, #8456	; 0x2108
    if ( msg.mb == i ) continue; // don't distribute to same mailbox
    2b30:	f996 3014 	ldrsb.w	r3, [r6, #20]
    2b34:	42a3      	cmp	r3, r4
    2b36:	d020      	beq.n	2b7a <FlexCAN_T4<(CAN_DEV_TABLE)1073889280, (FLEXCAN_RXQUEUE_TABLE)256, (FLEXCAN_TXQUEUE_TABLE)16>::frame_distribution(CAN_message_t&)+0x152>
    if ( !(mb_filter_table[i][0] & 0xE0000000) ) continue; // skip unset filters
    2b38:	eb04 0144 	add.w	r1, r4, r4, lsl #1
    2b3c:	eb05 02c1 	add.w	r2, r5, r1, lsl #3
    2b40:	f502 5a04 	add.w	sl, r2, #8448	; 0x2100
    2b44:	f8da 3000 	ldr.w	r3, [sl]
    2b48:	f013 4f60 	tst.w	r3, #3758096384	; 0xe0000000
    2b4c:	d015      	beq.n	2b7a <FlexCAN_T4<(CAN_DEV_TABLE)1073889280, (FLEXCAN_RXQUEUE_TABLE)256, (FLEXCAN_TXQUEUE_TABLE)16>::frame_distribution(CAN_message_t&)+0x152>
    if ( (bool)(mb_filter_table[i][0] & (1UL << 27)) != msg.flags.extended ) continue; /* extended flag check */
    2b4e:	f8da 3000 	ldr.w	r3, [sl]
    2b52:	79f0      	ldrb	r0, [r6, #7]
    2b54:	f3c3 63c0 	ubfx	r3, r3, #27, #1
    2b58:	4298      	cmp	r0, r3
    2b5a:	d10e      	bne.n	2b7a <FlexCAN_T4<(CAN_DEV_TABLE)1073889280, (FLEXCAN_RXQUEUE_TABLE)256, (FLEXCAN_TXQUEUE_TABLE)16>::frame_distribution(CAN_message_t&)+0x152>
    if ( (mb_filter_table[i][0] >> 29) == FLEXCAN_MULTI ) {
    2b5c:	f8da 3000 	ldr.w	r3, [sl]
    2b60:	0f5b      	lsrs	r3, r3, #29
    2b62:	2b01      	cmp	r3, #1
      for ( uint8_t p = 0; p < ((mb_filter_table[i][0] & 0x380) >> 7); p++) {
    2b64:	f8da 3000 	ldr.w	r3, [sl]
    if ( (mb_filter_table[i][0] >> 29) == FLEXCAN_MULTI ) {
    2b68:	d041      	beq.n	2bee <FlexCAN_T4<(CAN_DEV_TABLE)1073889280, (FLEXCAN_RXQUEUE_TABLE)256, (FLEXCAN_TXQUEUE_TABLE)16>::frame_distribution(CAN_message_t&)+0x1c6>
    else if ( (mb_filter_table[i][0] >> 29) == FLEXCAN_RANGE ) {
    2b6a:	0f5b      	lsrs	r3, r3, #29
    2b6c:	2b02      	cmp	r3, #2
    2b6e:	d012      	beq.n	2b96 <FlexCAN_T4<(CAN_DEV_TABLE)1073889280, (FLEXCAN_RXQUEUE_TABLE)256, (FLEXCAN_TXQUEUE_TABLE)16>::frame_distribution(CAN_message_t&)+0x16e>
    else if ( (mb_filter_table[i][0] >> 29) == FLEXCAN_USERMASK ) {
    2b70:	f8da 3000 	ldr.w	r3, [sl]
    2b74:	0f5b      	lsrs	r3, r3, #29
    2b76:	2b05      	cmp	r3, #5
    2b78:	d05b      	beq.n	2c32 <FlexCAN_T4<(CAN_DEV_TABLE)1073889280, (FLEXCAN_RXQUEUE_TABLE)256, (FLEXCAN_TXQUEUE_TABLE)16>::frame_distribution(CAN_message_t&)+0x20a>
  for ( uint8_t i = mailboxOffset(); i < FLEXCANb_MAXMB_SIZE(_bus); i++ ) {
    2b7a:	f8d9 3000 	ldr.w	r3, [r9]
    2b7e:	3401      	adds	r4, #1
    2b80:	f003 037f 	and.w	r3, r3, #127	; 0x7f
    2b84:	b2e4      	uxtb	r4, r4
    2b86:	3301      	adds	r3, #1
    2b88:	429c      	cmp	r4, r3
    2b8a:	d3d1      	bcc.n	2b30 <FlexCAN_T4<(CAN_DEV_TABLE)1073889280, (FLEXCAN_RXQUEUE_TABLE)256, (FLEXCAN_TXQUEUE_TABLE)16>::frame_distribution(CAN_message_t&)+0x108>
}
    2b8c:	b009      	add	sp, #36	; 0x24
    2b8e:	e8bd 8ff0 	ldmia.w	sp!, {r4, r5, r6, r7, r8, r9, sl, fp, pc}
  for ( uint8_t i = mailboxOffset(); i < FLEXCANb_MAXMB_SIZE(_bus); i++ ) {
    2b92:	683b      	ldr	r3, [r7, #0]
    2b94:	e7c6      	b.n	2b24 <FlexCAN_T4<(CAN_DEV_TABLE)1073889280, (FLEXCAN_RXQUEUE_TABLE)256, (FLEXCAN_TXQUEUE_TABLE)16>::frame_distribution(CAN_message_t&)+0xfc>
      if ( frame.id >= mb_filter_table[i][1] && frame.id <= mb_filter_table[i][2] ) {
    2b96:	59d1      	ldr	r1, [r2, r7]
    2b98:	9b02      	ldr	r3, [sp, #8]
    2b9a:	428b      	cmp	r3, r1
    2b9c:	d3ed      	bcc.n	2b7a <FlexCAN_T4<(CAN_DEV_TABLE)1073889280, (FLEXCAN_RXQUEUE_TABLE)256, (FLEXCAN_TXQUEUE_TABLE)16>::frame_distribution(CAN_message_t&)+0x152>
    2b9e:	f852 2008 	ldr.w	r2, [r2, r8]
    2ba2:	4293      	cmp	r3, r2
    2ba4:	d8e9      	bhi.n	2b7a <FlexCAN_T4<(CAN_DEV_TABLE)1073889280, (FLEXCAN_RXQUEUE_TABLE)256, (FLEXCAN_TXQUEUE_TABLE)16>::frame_distribution(CAN_message_t&)+0x152>
        struct2queueRx(frame);
    2ba6:	a902      	add	r1, sp, #8
    2ba8:	4628      	mov	r0, r5
        frame.mb = i;
    2baa:	f88d 401c 	strb.w	r4, [sp, #28]
        struct2queueRx(frame);
    2bae:	f7ff fedd 	bl	296c <FlexCAN_T4<(CAN_DEV_TABLE)1073889280, (FLEXCAN_RXQUEUE_TABLE)256, (FLEXCAN_TXQUEUE_TABLE)16>::struct2queueRx(CAN_message_t const&)>
    2bb2:	e7e2      	b.n	2b7a <FlexCAN_T4<(CAN_DEV_TABLE)1073889280, (FLEXCAN_RXQUEUE_TABLE)256, (FLEXCAN_TXQUEUE_TABLE)16>::frame_distribution(CAN_message_t&)+0x152>
        if ( (bool)(fifo_filter_table[i][0] & (1UL << 16)) != msg.flags.extended ) continue; /* extended flag check */
    2bb4:	79f2      	ldrb	r2, [r6, #7]
    2bb6:	f3c3 4300 	ubfx	r3, r3, #16, #1
    2bba:	429a      	cmp	r2, r3
    2bbc:	f47f af64 	bne.w	2a88 <FlexCAN_T4<(CAN_DEV_TABLE)1073889280, (FLEXCAN_RXQUEUE_TABLE)256, (FLEXCAN_TXQUEUE_TABLE)16>::frame_distribution(CAN_message_t&)+0x60>
        if ( frame.id >= fifo_filter_table[i][1] && frame.id <= fifo_filter_table[i][2] ) {
    2bc0:	f641 6304 	movw	r3, #7684	; 0x1e04
    2bc4:	f85b 2003 	ldr.w	r2, [fp, r3]
    2bc8:	9b02      	ldr	r3, [sp, #8]
    2bca:	4293      	cmp	r3, r2
    2bcc:	f4ff af5c 	bcc.w	2a88 <FlexCAN_T4<(CAN_DEV_TABLE)1073889280, (FLEXCAN_RXQUEUE_TABLE)256, (FLEXCAN_TXQUEUE_TABLE)16>::frame_distribution(CAN_message_t&)+0x60>
    2bd0:	f641 6208 	movw	r2, #7688	; 0x1e08
    2bd4:	f85b 2002 	ldr.w	r2, [fp, r2]
    2bd8:	4293      	cmp	r3, r2
    2bda:	f63f af55 	bhi.w	2a88 <FlexCAN_T4<(CAN_DEV_TABLE)1073889280, (FLEXCAN_RXQUEUE_TABLE)256, (FLEXCAN_TXQUEUE_TABLE)16>::frame_distribution(CAN_message_t&)+0x60>
          struct2queueRx(frame);
    2bde:	a902      	add	r1, sp, #8
    2be0:	4628      	mov	r0, r5
          frame.mb = FIFO;
    2be2:	f88d 901c 	strb.w	r9, [sp, #28]
          struct2queueRx(frame);
    2be6:	f7ff fec1 	bl	296c <FlexCAN_T4<(CAN_DEV_TABLE)1073889280, (FLEXCAN_RXQUEUE_TABLE)256, (FLEXCAN_TXQUEUE_TABLE)16>::struct2queueRx(CAN_message_t const&)>
    2bea:	e74d      	b.n	2a88 <FlexCAN_T4<(CAN_DEV_TABLE)1073889280, (FLEXCAN_RXQUEUE_TABLE)256, (FLEXCAN_TXQUEUE_TABLE)16>::frame_distribution(CAN_message_t&)+0x60>
    2bec:	4770      	bx	lr
      for ( uint8_t p = 0; p < ((mb_filter_table[i][0] & 0x380) >> 7); p++) {
    2bee:	f413 7f60 	tst.w	r3, #896	; 0x380
    2bf2:	d0c2      	beq.n	2b7a <FlexCAN_T4<(CAN_DEV_TABLE)1073889280, (FLEXCAN_RXQUEUE_TABLE)256, (FLEXCAN_TXQUEUE_TABLE)16>::frame_distribution(CAN_message_t&)+0x152>
        if ( frame.id == mb_filter_table[i][p+1] ) {
    2bf4:	004a      	lsls	r2, r1, #1
      for ( uint8_t p = 0; p < ((mb_filter_table[i][0] & 0x380) >> 7); p++) {
    2bf6:	2300      	movs	r3, #0
    2bf8:	e007      	b.n	2c0a <FlexCAN_T4<(CAN_DEV_TABLE)1073889280, (FLEXCAN_RXQUEUE_TABLE)256, (FLEXCAN_TXQUEUE_TABLE)16>::frame_distribution(CAN_message_t&)+0x1e2>
    2bfa:	f8da 1000 	ldr.w	r1, [sl]
    2bfe:	fa5f f38b 	uxtb.w	r3, fp
    2c02:	f3c1 11c2 	ubfx	r1, r1, #7, #3
    2c06:	428b      	cmp	r3, r1
    2c08:	d2b7      	bcs.n	2b7a <FlexCAN_T4<(CAN_DEV_TABLE)1073889280, (FLEXCAN_RXQUEUE_TABLE)256, (FLEXCAN_TXQUEUE_TABLE)16>::frame_distribution(CAN_message_t&)+0x152>
        if ( frame.id == mb_filter_table[i][p+1] ) {
    2c0a:	f103 0b01 	add.w	fp, r3, #1
    2c0e:	eb02 030b 	add.w	r3, r2, fp
    2c12:	f503 6304 	add.w	r3, r3, #2112	; 0x840
    2c16:	9902      	ldr	r1, [sp, #8]
    2c18:	f855 3023 	ldr.w	r3, [r5, r3, lsl #2]
    2c1c:	4299      	cmp	r1, r3
    2c1e:	d1ec      	bne.n	2bfa <FlexCAN_T4<(CAN_DEV_TABLE)1073889280, (FLEXCAN_RXQUEUE_TABLE)256, (FLEXCAN_TXQUEUE_TABLE)16>::frame_distribution(CAN_message_t&)+0x1d2>
          struct2queueRx(frame);
    2c20:	a902      	add	r1, sp, #8
    2c22:	4628      	mov	r0, r5
    2c24:	9200      	str	r2, [sp, #0]
          frame.mb = i;
    2c26:	f88d 401c 	strb.w	r4, [sp, #28]
          struct2queueRx(frame);
    2c2a:	f7ff fe9f 	bl	296c <FlexCAN_T4<(CAN_DEV_TABLE)1073889280, (FLEXCAN_RXQUEUE_TABLE)256, (FLEXCAN_TXQUEUE_TABLE)16>::struct2queueRx(CAN_message_t const&)>
    2c2e:	9a00      	ldr	r2, [sp, #0]
    2c30:	e7e3      	b.n	2bfa <FlexCAN_T4<(CAN_DEV_TABLE)1073889280, (FLEXCAN_RXQUEUE_TABLE)256, (FLEXCAN_TXQUEUE_TABLE)16>::frame_distribution(CAN_message_t&)+0x1d2>
      if ( filter_match((FLEXCAN_MAILBOX)i, frame.id) ) {
    2c32:	9a02      	ldr	r2, [sp, #8]
    2c34:	4621      	mov	r1, r4
    2c36:	4628      	mov	r0, r5
    2c38:	f7ff f9c8 	bl	1fcc <FlexCAN_T4<(CAN_DEV_TABLE)1073889280, (FLEXCAN_RXQUEUE_TABLE)256, (FLEXCAN_TXQUEUE_TABLE)16>::filter_match(FLEXCAN_MAILBOX, unsigned long)>
    2c3c:	2800      	cmp	r0, #0
    2c3e:	d09c      	beq.n	2b7a <FlexCAN_T4<(CAN_DEV_TABLE)1073889280, (FLEXCAN_RXQUEUE_TABLE)256, (FLEXCAN_TXQUEUE_TABLE)16>::frame_distribution(CAN_message_t&)+0x152>
    2c40:	e7b1      	b.n	2ba6 <FlexCAN_T4<(CAN_DEV_TABLE)1073889280, (FLEXCAN_RXQUEUE_TABLE)256, (FLEXCAN_TXQUEUE_TABLE)16>::frame_distribution(CAN_message_t&)+0x17e>
        for ( uint8_t p = 1; p < ((fifo_filter_table[i][0] & 0x380) >> 7) + 1; p++) {
    2c42:	683b      	ldr	r3, [r7, #0]
    2c44:	f413 7f60 	tst.w	r3, #896	; 0x380
    2c48:	f43f af1e 	beq.w	2a88 <FlexCAN_T4<(CAN_DEV_TABLE)1073889280, (FLEXCAN_RXQUEUE_TABLE)256, (FLEXCAN_TXQUEUE_TABLE)16>::frame_distribution(CAN_message_t&)+0x60>
          if ( (frame.id & fifo_filter_table[i][5]) == (fifo_filter_table[i][p] & fifo_filter_table[i][5]) ) {
    2c4c:	f50b 53f0 	add.w	r3, fp, #7680	; 0x1e00
    2c50:	3314      	adds	r3, #20
        for ( uint8_t p = 1; p < ((fifo_filter_table[i][0] & 0x380) >> 7) + 1; p++) {
    2c52:	2701      	movs	r7, #1
    2c54:	e00a      	b.n	2c6c <FlexCAN_T4<(CAN_DEV_TABLE)1073889280, (FLEXCAN_RXQUEUE_TABLE)256, (FLEXCAN_TXQUEUE_TABLE)16>::frame_distribution(CAN_message_t&)+0x244>
    2c56:	f50b 51f0 	add.w	r1, fp, #7680	; 0x1e00
    2c5a:	3701      	adds	r7, #1
    2c5c:	6809      	ldr	r1, [r1, #0]
    2c5e:	f3c1 11c2 	ubfx	r1, r1, #7, #3
    2c62:	b2ff      	uxtb	r7, r7
    2c64:	3101      	adds	r1, #1
    2c66:	428f      	cmp	r7, r1
    2c68:	f4bf af0e 	bcs.w	2a88 <FlexCAN_T4<(CAN_DEV_TABLE)1073889280, (FLEXCAN_RXQUEUE_TABLE)256, (FLEXCAN_TXQUEUE_TABLE)16>::frame_distribution(CAN_message_t&)+0x60>
          if ( (frame.id & fifo_filter_table[i][5]) == (fifo_filter_table[i][p] & fifo_filter_table[i][5]) ) {
    2c6c:	eb07 0148 	add.w	r1, r7, r8, lsl #1
    2c70:	f501 61f0 	add.w	r1, r1, #1920	; 0x780
    2c74:	6818      	ldr	r0, [r3, #0]
    2c76:	f855 e021 	ldr.w	lr, [r5, r1, lsl #2]
    2c7a:	9902      	ldr	r1, [sp, #8]
    2c7c:	f8d3 c000 	ldr.w	ip, [r3]
    2c80:	4008      	ands	r0, r1
    2c82:	ea0e 010c 	and.w	r1, lr, ip
    2c86:	4288      	cmp	r0, r1
    2c88:	d1e5      	bne.n	2c56 <FlexCAN_T4<(CAN_DEV_TABLE)1073889280, (FLEXCAN_RXQUEUE_TABLE)256, (FLEXCAN_TXQUEUE_TABLE)16>::frame_distribution(CAN_message_t&)+0x22e>
            struct2queueRx(frame);
    2c8a:	a902      	add	r1, sp, #8
    2c8c:	4628      	mov	r0, r5
    2c8e:	9301      	str	r3, [sp, #4]
            frame.idhit = i;
    2c90:	f88d 200e 	strb.w	r2, [sp, #14]
    2c94:	9200      	str	r2, [sp, #0]
            frame.mb = FIFO;
    2c96:	f88d 901c 	strb.w	r9, [sp, #28]
            struct2queueRx(frame);
    2c9a:	f7ff fe67 	bl	296c <FlexCAN_T4<(CAN_DEV_TABLE)1073889280, (FLEXCAN_RXQUEUE_TABLE)256, (FLEXCAN_TXQUEUE_TABLE)16>::struct2queueRx(CAN_message_t const&)>
    2c9e:	e9dd 2300 	ldrd	r2, r3, [sp]
    2ca2:	e7d8      	b.n	2c56 <FlexCAN_T4<(CAN_DEV_TABLE)1073889280, (FLEXCAN_RXQUEUE_TABLE)256, (FLEXCAN_TXQUEUE_TABLE)16>::frame_distribution(CAN_message_t&)+0x22e>
    2ca4:	40024000 	.word	0x40024000

00002ca8 <FlexCAN_T4<(CAN_DEV_TABLE)1073889280, (FLEXCAN_RXQUEUE_TABLE)256, (FLEXCAN_TXQUEUE_TABLE)16>::flexcan_interrupt()>:
FCTP_FUNC void FCTP_OPT::flexcan_interrupt() {
    2ca8:	e92d 4ff0 	stmdb	sp!, {r4, r5, r6, r7, r8, r9, sl, fp, lr}
  CAN_message_t msg; // setup a temporary storage buffer
    2cac:	4db9      	ldr	r5, [pc, #740]	; (2f94 <FlexCAN_T4<(CAN_DEV_TABLE)1073889280, (FLEXCAN_RXQUEUE_TABLE)256, (FLEXCAN_TXQUEUE_TABLE)16>::flexcan_interrupt()+0x2ec>)
  return FLEXCANb_IMASK1(_bus);
    2cae:	4fba      	ldr	r7, [pc, #744]	; (2f98 <FlexCAN_T4<(CAN_DEV_TABLE)1073889280, (FLEXCAN_RXQUEUE_TABLE)256, (FLEXCAN_TXQUEUE_TABLE)16>::flexcan_interrupt()+0x2f0>)
FCTP_FUNC void FCTP_OPT::flexcan_interrupt() {
    2cb0:	4681      	mov	r9, r0
  CAN_message_t msg; // setup a temporary storage buffer
    2cb2:	cd0f      	ldmia	r5!, {r0, r1, r2, r3}
FCTP_FUNC void FCTP_OPT::flexcan_interrupt() {
    2cb4:	b097      	sub	sp, #92	; 0x5c
  CAN_message_t msg; // setup a temporary storage buffer
    2cb6:	ac04      	add	r4, sp, #16
    2cb8:	c40f      	stmia	r4!, {r0, r1, r2, r3}
    2cba:	e895 0003 	ldmia.w	r5, {r0, r1}
    2cbe:	e884 0003 	stmia.w	r4, {r0, r1}
  return FLEXCANb_IMASK1(_bus);
    2cc2:	6ab9      	ldr	r1, [r7, #40]	; 0x28
  return FLEXCANb_IFLAG1(_bus);
    2cc4:	6b38      	ldr	r0, [r7, #48]	; 0x30
  if ( !(FLEXCANb_MCR(_bus) & (1UL << 15)) ) { /* if DMA is disabled, ONLY THEN you can handle FIFO in ISR */
    2cc6:	683b      	ldr	r3, [r7, #0]
  return FLEXCANb_IFLAG1(_bus);
    2cc8:	9001      	str	r0, [sp, #4]
  if ( !(FLEXCANb_MCR(_bus) & (1UL << 15)) ) { /* if DMA is disabled, ONLY THEN you can handle FIFO in ISR */
    2cca:	f413 4300 	ands.w	r3, r3, #32768	; 0x8000
  return FLEXCANb_IMASK1(_bus);
    2cce:	f04f 0600 	mov.w	r6, #0
    2cd2:	468b      	mov	fp, r1
  if ( !(FLEXCANb_MCR(_bus) & (1UL << 15)) ) { /* if DMA is disabled, ONLY THEN you can handle FIFO in ISR */
    2cd4:	d103      	bne.n	2cde <FlexCAN_T4<(CAN_DEV_TABLE)1073889280, (FLEXCAN_RXQUEUE_TABLE)256, (FLEXCAN_TXQUEUE_TABLE)16>::flexcan_interrupt()+0x36>
    if ( (FLEXCANb_MCR(_bus) & FLEXCAN_MCR_FEN) && (imask & FLEXCAN_IMASK1_BUF5M) && (iflag & FLEXCAN_IFLAG1_BUF5I) ) { /* FIFO is enabled, capture frames if triggered */
    2cd6:	683a      	ldr	r2, [r7, #0]
    2cd8:	0094      	lsls	r4, r2, #2
    2cda:	f100 80eb 	bmi.w	2eb4 <FlexCAN_T4<(CAN_DEV_TABLE)1073889280, (FLEXCAN_RXQUEUE_TABLE)256, (FLEXCAN_TXQUEUE_TABLE)16>::flexcan_interrupt()+0x20c>
  if ( !(FLEXCANb_MCR(_bus) & FLEXCAN_MCR_FEN ) ) return 0; /* return offset 0 since FIFO is disabled */
    2cde:	4dae      	ldr	r5, [pc, #696]	; (2f98 <FlexCAN_T4<(CAN_DEV_TABLE)1073889280, (FLEXCAN_RXQUEUE_TABLE)256, (FLEXCAN_TXQUEUE_TABLE)16>::flexcan_interrupt()+0x2f0>)
  uint8_t exit_point = 64 - __builtin_clzll(iflag | 1); /* break from MSB's if unset, add 1 to prevent undefined behaviour in clz for 0 check */
    2ce0:	9b01      	ldr	r3, [sp, #4]
  if ( !(FLEXCANb_MCR(_bus) & FLEXCAN_MCR_FEN ) ) return 0; /* return offset 0 since FIFO is disabled */
    2ce2:	682c      	ldr	r4, [r5, #0]
  uint8_t exit_point = 64 - __builtin_clzll(iflag | 1); /* break from MSB's if unset, add 1 to prevent undefined behaviour in clz for 0 check */
    2ce4:	f043 0301 	orr.w	r3, r3, #1
    2ce8:	fab3 f383 	clz	r3, r3
    2cec:	f1c3 0320 	rsb	r3, r3, #32
  if ( !(FLEXCANb_MCR(_bus) & FLEXCAN_MCR_FEN ) ) return 0; /* return offset 0 since FIFO is disabled */
    2cf0:	f014 5400 	ands.w	r4, r4, #536870912	; 0x20000000
  uint8_t exit_point = 64 - __builtin_clzll(iflag | 1); /* break from MSB's if unset, add 1 to prevent undefined behaviour in clz for 0 check */
    2cf4:	fa5f fa83 	uxtb.w	sl, r3
  if ( !(FLEXCANb_MCR(_bus) & FLEXCAN_MCR_FEN ) ) return 0; /* return offset 0 since FIFO is disabled */
    2cf8:	f000 824f 	beq.w	319a <FlexCAN_T4<(CAN_DEV_TABLE)1073889280, (FLEXCAN_RXQUEUE_TABLE)256, (FLEXCAN_TXQUEUE_TABLE)16>::flexcan_interrupt()+0x4f2>
    2cfc:	f7fd fd8a 	bl	814 <FlexCAN_T4<(CAN_DEV_TABLE)1073889280, (FLEXCAN_RXQUEUE_TABLE)256, (FLEXCAN_TXQUEUE_TABLE)16>::mailboxOffset() [clone .part.0]>
  for ( uint8_t mb_num = mailboxOffset(); mb_num < FLEXCANb_MAXMB_SIZE(_bus); mb_num++ ) {
    2d00:	682b      	ldr	r3, [r5, #0]
    2d02:	f003 037f 	and.w	r3, r3, #127	; 0x7f
    2d06:	3301      	adds	r3, #1
    2d08:	4283      	cmp	r3, r0
    2d0a:	4604      	mov	r4, r0
    2d0c:	f240 809e 	bls.w	2e4c <FlexCAN_T4<(CAN_DEV_TABLE)1073889280, (FLEXCAN_RXQUEUE_TABLE)256, (FLEXCAN_TXQUEUE_TABLE)16>::flexcan_interrupt()+0x1a4>
    if ( mb_num >= exit_point ) break; /* early exit from higher unflagged mailboxes */
    2d10:	4582      	cmp	sl, r0
    2d12:	f240 809b 	bls.w	2e4c <FlexCAN_T4<(CAN_DEV_TABLE)1073889280, (FLEXCAN_RXQUEUE_TABLE)256, (FLEXCAN_TXQUEUE_TABLE)16>::flexcan_interrupt()+0x1a4>
    2d16:	1c67      	adds	r7, r4, #1
      (void)FLEXCANb_TIMER(_bus);
    2d18:	f8df 827c 	ldr.w	r8, [pc, #636]	; 2f98 <FlexCAN_T4<(CAN_DEV_TABLE)1073889280, (FLEXCAN_RXQUEUE_TABLE)256, (FLEXCAN_TXQUEUE_TABLE)16>::flexcan_interrupt()+0x2f0>
    2d1c:	b2fd      	uxtb	r5, r7
    2d1e:	e016      	b.n	2d4e <FlexCAN_T4<(CAN_DEV_TABLE)1073889280, (FLEXCAN_RXQUEUE_TABLE)256, (FLEXCAN_TXQUEUE_TABLE)16>::flexcan_interrupt()+0xa6>
    if ( ( FLEXCAN_get_code(code) == FLEXCAN_MB_CODE_RX_FULL ) ||
    2d20:	2906      	cmp	r1, #6
    2d22:	f000 80ad 	beq.w	2e80 <FlexCAN_T4<(CAN_DEV_TABLE)1073889280, (FLEXCAN_RXQUEUE_TABLE)256, (FLEXCAN_TXQUEUE_TABLE)16>::flexcan_interrupt()+0x1d8>
    else if ( FLEXCAN_get_code(code) == FLEXCAN_MB_CODE_RX_EMPTY ) {
    2d26:	2904      	cmp	r1, #4
    2d28:	f000 813e 	beq.w	2fa8 <FlexCAN_T4<(CAN_DEV_TABLE)1073889280, (FLEXCAN_RXQUEUE_TABLE)256, (FLEXCAN_TXQUEUE_TABLE)16>::flexcan_interrupt()+0x300>
    else if ( FLEXCAN_get_code(code) == FLEXCAN_MB_CODE_TX_INACTIVE ) {
    2d2c:	2908      	cmp	r1, #8
    2d2e:	f000 81d7 	beq.w	30e0 <FlexCAN_T4<(CAN_DEV_TABLE)1073889280, (FLEXCAN_RXQUEUE_TABLE)256, (FLEXCAN_TXQUEUE_TABLE)16>::flexcan_interrupt()+0x438>
  for ( uint8_t mb_num = mailboxOffset(); mb_num < FLEXCANb_MAXMB_SIZE(_bus); mb_num++ ) {
    2d32:	f8d8 3000 	ldr.w	r3, [r8]
    2d36:	f003 037f 	and.w	r3, r3, #127	; 0x7f
    2d3a:	3301      	adds	r3, #1
    2d3c:	42ab      	cmp	r3, r5
    2d3e:	b2fc      	uxtb	r4, r7
    2d40:	f240 8084 	bls.w	2e4c <FlexCAN_T4<(CAN_DEV_TABLE)1073889280, (FLEXCAN_RXQUEUE_TABLE)256, (FLEXCAN_TXQUEUE_TABLE)16>::flexcan_interrupt()+0x1a4>
    if ( mb_num >= exit_point ) break; /* early exit from higher unflagged mailboxes */
    2d44:	45a2      	cmp	sl, r4
    2d46:	f105 0501 	add.w	r5, r5, #1
    2d4a:	d97f      	bls.n	2e4c <FlexCAN_T4<(CAN_DEV_TABLE)1073889280, (FLEXCAN_RXQUEUE_TABLE)256, (FLEXCAN_TXQUEUE_TABLE)16>::flexcan_interrupt()+0x1a4>
    2d4c:	1c67      	adds	r7, r4, #1
    if (!(imask & (1ULL << mb_num))) continue; /* don't read non-interrupt mailboxes */
    2d4e:	f1c4 0220 	rsb	r2, r4, #32
    2d52:	f1a4 0320 	sub.w	r3, r4, #32
    2d56:	fa06 f202 	lsl.w	r2, r6, r2
    2d5a:	fa2b f104 	lsr.w	r1, fp, r4
    2d5e:	fa26 f303 	lsr.w	r3, r6, r3
    2d62:	4311      	orrs	r1, r2
    2d64:	4319      	orrs	r1, r3
    2d66:	07c9      	lsls	r1, r1, #31
    2d68:	d5e3      	bpl.n	2d32 <FlexCAN_T4<(CAN_DEV_TABLE)1073889280, (FLEXCAN_RXQUEUE_TABLE)256, (FLEXCAN_TXQUEUE_TABLE)16>::flexcan_interrupt()+0x8a>
    if (!(iflag & (1ULL << mb_num))) continue; /* don't read unflagged mailboxes */
    2d6a:	9901      	ldr	r1, [sp, #4]
    2d6c:	40e1      	lsrs	r1, r4
    2d6e:	4311      	orrs	r1, r2
    2d70:	4319      	orrs	r1, r3
    2d72:	07c9      	lsls	r1, r1, #31
    2d74:	d5dd      	bpl.n	2d32 <FlexCAN_T4<(CAN_DEV_TABLE)1073889280, (FLEXCAN_RXQUEUE_TABLE)256, (FLEXCAN_TXQUEUE_TABLE)16>::flexcan_interrupt()+0x8a>
    volatile uint32_t *mbxAddr = &(*(volatile uint32_t*)(_bus + 0x80 + (mb_num * 0x10)));
    2d76:	4b89      	ldr	r3, [pc, #548]	; (2f9c <FlexCAN_T4<(CAN_DEV_TABLE)1073889280, (FLEXCAN_RXQUEUE_TABLE)256, (FLEXCAN_TXQUEUE_TABLE)16>::flexcan_interrupt()+0x2f4>)
    2d78:	18e3      	adds	r3, r4, r3
    2d7a:	011b      	lsls	r3, r3, #4
    uint32_t code = mbxAddr[0];
    2d7c:	681a      	ldr	r2, [r3, #0]
    if ( ( FLEXCAN_get_code(code) == FLEXCAN_MB_CODE_RX_FULL ) ||
    2d7e:	f3c2 6103 	ubfx	r1, r2, #24, #4
    2d82:	2902      	cmp	r1, #2
    2d84:	d1cc      	bne.n	2d20 <FlexCAN_T4<(CAN_DEV_TABLE)1073889280, (FLEXCAN_RXQUEUE_TABLE)256, (FLEXCAN_TXQUEUE_TABLE)16>::flexcan_interrupt()+0x78>
      msg.flags.extended = (bool)(code & (1UL << 21));
    2d86:	f402 1100 	and.w	r1, r2, #2097152	; 0x200000
      msg.id = (mbxAddr[1] & 0x1FFFFFFF) >> ((msg.flags.extended) ? 0 : 18);
    2d8a:	6858      	ldr	r0, [r3, #4]
      msg.flags.extended = (bool)(code & (1UL << 21));
    2d8c:	2900      	cmp	r1, #0
    2d8e:	bf14      	ite	ne
    2d90:	f04f 0c01 	movne.w	ip, #1
    2d94:	f04f 0c00 	moveq.w	ip, #0
      msg.id = (mbxAddr[1] & 0x1FFFFFFF) >> ((msg.flags.extended) ? 0 : 18);
    2d98:	f020 4060 	bic.w	r0, r0, #3758096384	; 0xe0000000
      msg.flags.extended = (bool)(code & (1UL << 21));
    2d9c:	f88d c017 	strb.w	ip, [sp, #23]
      msg.id = (mbxAddr[1] & 0x1FFFFFFF) >> ((msg.flags.extended) ? 0 : 18);
    2da0:	d17f      	bne.n	2ea2 <FlexCAN_T4<(CAN_DEV_TABLE)1073889280, (FLEXCAN_RXQUEUE_TABLE)256, (FLEXCAN_TXQUEUE_TABLE)16>::flexcan_interrupt()+0x1fa>
    2da2:	0c80      	lsrs	r0, r0, #18
    2da4:	9004      	str	r0, [sp, #16]
      msg.timestamp = code & 0xFFFF;
    2da6:	f8ad 2014 	strh.w	r2, [sp, #20]
      msg.len = (code & 0xF0000) >> 16;
    2daa:	f3c2 4203 	ubfx	r2, r2, #16, #4
    2dae:	f88d 201b 	strb.w	r2, [sp, #27]
      msg.bus = busNumber;
    2db2:	f509 5200 	add.w	r2, r9, #8192	; 0x2000
      msg.mb = mb_num;
    2db6:	f88d 4024 	strb.w	r4, [sp, #36]	; 0x24
      msg.bus = busNumber;
    2dba:	f892 2915 	ldrb.w	r2, [r2, #2325]	; 0x915
    2dbe:	f88d 2025 	strb.w	r2, [sp, #37]	; 0x25
      for ( uint8_t i = 0; i < (8 >> 2); i++ ) for ( int8_t d = 0; d < 4 ; d++ ) msg.buf[(4 * i) + 3 - d] = (uint8_t)(mbxAddr[2 + i] >> (8 * d));
    2dc2:	689a      	ldr	r2, [r3, #8]
    2dc4:	f88d 201f 	strb.w	r2, [sp, #31]
    2dc8:	689a      	ldr	r2, [r3, #8]
    2dca:	0a12      	lsrs	r2, r2, #8
    2dcc:	f88d 201e 	strb.w	r2, [sp, #30]
    2dd0:	689a      	ldr	r2, [r3, #8]
    2dd2:	0c12      	lsrs	r2, r2, #16
    2dd4:	f88d 201d 	strb.w	r2, [sp, #29]
    2dd8:	689a      	ldr	r2, [r3, #8]
    2dda:	0e12      	lsrs	r2, r2, #24
    2ddc:	f88d 201c 	strb.w	r2, [sp, #28]
    2de0:	68da      	ldr	r2, [r3, #12]
    2de2:	f88d 2023 	strb.w	r2, [sp, #35]	; 0x23
    2de6:	68da      	ldr	r2, [r3, #12]
    2de8:	0a12      	lsrs	r2, r2, #8
    2dea:	f88d 2022 	strb.w	r2, [sp, #34]	; 0x22
    2dee:	68da      	ldr	r2, [r3, #12]
    2df0:	0c12      	lsrs	r2, r2, #16
    2df2:	f88d 2021 	strb.w	r2, [sp, #33]	; 0x21
    2df6:	68da      	ldr	r2, [r3, #12]
      mbxAddr[0] = FLEXCAN_MB_CS_CODE(FLEXCAN_MB_CODE_RX_EMPTY) | ((msg.flags.extended) ? (FLEXCAN_MB_CS_SRR | FLEXCAN_MB_CS_IDE) : 0);
    2df8:	2900      	cmp	r1, #0
      for ( uint8_t i = 0; i < (8 >> 2); i++ ) for ( int8_t d = 0; d < 4 ; d++ ) msg.buf[(4 * i) + 3 - d] = (uint8_t)(mbxAddr[2 + i] >> (8 * d));
    2dfa:	ea4f 6212 	mov.w	r2, r2, lsr #24
    2dfe:	f88d 2020 	strb.w	r2, [sp, #32]
      mbxAddr[0] = FLEXCAN_MB_CS_CODE(FLEXCAN_MB_CODE_RX_EMPTY) | ((msg.flags.extended) ? (FLEXCAN_MB_CS_SRR | FLEXCAN_MB_CS_IDE) : 0);
    2e02:	bf14      	ite	ne
    2e04:	f04f 628c 	movne.w	r2, #73400320	; 0x4600000
    2e08:	f04f 6280 	moveq.w	r2, #67108864	; 0x4000000
    2e0c:	601a      	str	r2, [r3, #0]
      (void)FLEXCANb_TIMER(_bus);
    2e0e:	f8d8 3008 	ldr.w	r3, [r8, #8]
  if ( mb_num < 32 ) FLEXCANb_IFLAG1(_bus) |= (1UL << mb_num);
    2e12:	f8d8 2030 	ldr.w	r2, [r8, #48]	; 0x30
    2e16:	2301      	movs	r3, #1
    2e18:	40a3      	lsls	r3, r4
    2e1a:	4313      	orrs	r3, r2
    2e1c:	f8c8 3030 	str.w	r3, [r8, #48]	; 0x30
      if ( filter_match((FLEXCAN_MAILBOX)mb_num, msg.id) ) struct2queueRx(msg); /* store frame in queue */
    2e20:	9a04      	ldr	r2, [sp, #16]
    2e22:	4621      	mov	r1, r4
    2e24:	4648      	mov	r0, r9
    2e26:	f7ff f8d1 	bl	1fcc <FlexCAN_T4<(CAN_DEV_TABLE)1073889280, (FLEXCAN_RXQUEUE_TABLE)256, (FLEXCAN_TXQUEUE_TABLE)16>::filter_match(FLEXCAN_MAILBOX, unsigned long)>
    2e2a:	2800      	cmp	r0, #0
    2e2c:	f040 8153 	bne.w	30d6 <FlexCAN_T4<(CAN_DEV_TABLE)1073889280, (FLEXCAN_RXQUEUE_TABLE)256, (FLEXCAN_TXQUEUE_TABLE)16>::flexcan_interrupt()+0x42e>
      frame_distribution(msg);
    2e30:	a904      	add	r1, sp, #16
    2e32:	4648      	mov	r0, r9
    2e34:	f7ff fdf8 	bl	2a28 <FlexCAN_T4<(CAN_DEV_TABLE)1073889280, (FLEXCAN_RXQUEUE_TABLE)256, (FLEXCAN_TXQUEUE_TABLE)16>::frame_distribution(CAN_message_t&)>
      ext_output1(msg);
    2e38:	a804      	add	r0, sp, #16
    2e3a:	f3af 8000 	nop.w
      ext_output2(msg);
    2e3e:	a804      	add	r0, sp, #16
    2e40:	f3af 8000 	nop.w
      ext_output3(msg);
    2e44:	a804      	add	r0, sp, #16
    2e46:	f3af 8000 	nop.w
    }
    2e4a:	e772      	b.n	2d32 <FlexCAN_T4<(CAN_DEV_TABLE)1073889280, (FLEXCAN_RXQUEUE_TABLE)256, (FLEXCAN_TXQUEUE_TABLE)16>::flexcan_interrupt()+0x8a>
  uint32_t esr1 = FLEXCANb_ESR1(_bus);
    2e4c:	4e52      	ldr	r6, [pc, #328]	; (2f98 <FlexCAN_T4<(CAN_DEV_TABLE)1073889280, (FLEXCAN_RXQUEUE_TABLE)256, (FLEXCAN_TXQUEUE_TABLE)16>::flexcan_interrupt()+0x2f0>)
  if ( (last_esr1 & 0x7FFBF) != (esr1 & 0x7FFBF) ) {
    2e4e:	4d54      	ldr	r5, [pc, #336]	; (2fa0 <FlexCAN_T4<(CAN_DEV_TABLE)1073889280, (FLEXCAN_RXQUEUE_TABLE)256, (FLEXCAN_TXQUEUE_TABLE)16>::flexcan_interrupt()+0x2f8>)
  uint32_t esr1 = FLEXCANb_ESR1(_bus);
    2e50:	6a34      	ldr	r4, [r6, #32]
  if ( (last_esr1 & 0x7FFBF) != (esr1 & 0x7FFBF) ) {
    2e52:	682b      	ldr	r3, [r5, #0]
    2e54:	ea84 0203 	eor.w	r2, r4, r3
    2e58:	4b52      	ldr	r3, [pc, #328]	; (2fa4 <FlexCAN_T4<(CAN_DEV_TABLE)1073889280, (FLEXCAN_RXQUEUE_TABLE)256, (FLEXCAN_TXQUEUE_TABLE)16>::flexcan_interrupt()+0x2fc>)
    2e5a:	4013      	ands	r3, r2
    2e5c:	b13b      	cbz	r3, 2e6e <FlexCAN_T4<(CAN_DEV_TABLE)1073889280, (FLEXCAN_RXQUEUE_TABLE)256, (FLEXCAN_TXQUEUE_TABLE)16>::flexcan_interrupt()+0x1c6>
        uint16_t size() { return _available; }
    2e5e:	f509 5380 	add.w	r3, r9, #4096	; 0x1000
    2e62:	f8b3 3cd4 	ldrh.w	r3, [r3, #3284]	; 0xcd4
    2e66:	b29b      	uxth	r3, r3
    if ( busESR1.size() < busESR1.capacity() ) {
    2e68:	2b0f      	cmp	r3, #15
    2e6a:	f240 8198 	bls.w	319e <FlexCAN_T4<(CAN_DEV_TABLE)1073889280, (FLEXCAN_RXQUEUE_TABLE)256, (FLEXCAN_TXQUEUE_TABLE)16>::flexcan_interrupt()+0x4f6>
  FLEXCANb_ESR1(_bus) |= esr1;
    2e6e:	4a4a      	ldr	r2, [pc, #296]	; (2f98 <FlexCAN_T4<(CAN_DEV_TABLE)1073889280, (FLEXCAN_RXQUEUE_TABLE)256, (FLEXCAN_TXQUEUE_TABLE)16>::flexcan_interrupt()+0x2f0>)
    2e70:	6a13      	ldr	r3, [r2, #32]
    2e72:	4323      	orrs	r3, r4
    2e74:	6213      	str	r3, [r2, #32]
  asm volatile ("dsb");	
    2e76:	f3bf 8f4f 	dsb	sy
}
    2e7a:	b017      	add	sp, #92	; 0x5c
    2e7c:	e8bd 8ff0 	ldmia.w	sp!, {r4, r5, r6, r7, r8, r9, sl, fp, pc}
      msg.flags.extended = (bool)(code & (1UL << 21));
    2e80:	f402 1100 	and.w	r1, r2, #2097152	; 0x200000
      msg.id = (mbxAddr[1] & 0x1FFFFFFF) >> ((msg.flags.extended) ? 0 : 18);
    2e84:	6858      	ldr	r0, [r3, #4]
      msg.flags.extended = (bool)(code & (1UL << 21));
    2e86:	2900      	cmp	r1, #0
    2e88:	bf14      	ite	ne
    2e8a:	f04f 0c01 	movne.w	ip, #1
    2e8e:	f04f 0c00 	moveq.w	ip, #0
      msg.id = (mbxAddr[1] & 0x1FFFFFFF) >> ((msg.flags.extended) ? 0 : 18);
    2e92:	f020 4060 	bic.w	r0, r0, #3758096384	; 0xe0000000
      msg.flags.extended = (bool)(code & (1UL << 21));
    2e96:	f88d c017 	strb.w	ip, [sp, #23]
      msg.id = (mbxAddr[1] & 0x1FFFFFFF) >> ((msg.flags.extended) ? 0 : 18);
    2e9a:	d105      	bne.n	2ea8 <FlexCAN_T4<(CAN_DEV_TABLE)1073889280, (FLEXCAN_RXQUEUE_TABLE)256, (FLEXCAN_TXQUEUE_TABLE)16>::flexcan_interrupt()+0x200>
    2e9c:	0c80      	lsrs	r0, r0, #18
    2e9e:	9004      	str	r0, [sp, #16]
    2ea0:	e004      	b.n	2eac <FlexCAN_T4<(CAN_DEV_TABLE)1073889280, (FLEXCAN_RXQUEUE_TABLE)256, (FLEXCAN_TXQUEUE_TABLE)16>::flexcan_interrupt()+0x204>
    2ea2:	9004      	str	r0, [sp, #16]
      msg.flags.extended = (bool)(code & (1UL << 21));
    2ea4:	2101      	movs	r1, #1
    2ea6:	e77e      	b.n	2da6 <FlexCAN_T4<(CAN_DEV_TABLE)1073889280, (FLEXCAN_RXQUEUE_TABLE)256, (FLEXCAN_TXQUEUE_TABLE)16>::flexcan_interrupt()+0xfe>
      msg.id = (mbxAddr[1] & 0x1FFFFFFF) >> ((msg.flags.extended) ? 0 : 18);
    2ea8:	9004      	str	r0, [sp, #16]
      msg.flags.extended = (bool)(code & (1UL << 21));
    2eaa:	2101      	movs	r1, #1
      if ( FLEXCAN_get_code(code) == FLEXCAN_MB_CODE_RX_OVERRUN ) msg.flags.overrun = 1;
    2eac:	2001      	movs	r0, #1
    2eae:	f88d 0019 	strb.w	r0, [sp, #25]
    2eb2:	e778      	b.n	2da6 <FlexCAN_T4<(CAN_DEV_TABLE)1073889280, (FLEXCAN_RXQUEUE_TABLE)256, (FLEXCAN_TXQUEUE_TABLE)16>::flexcan_interrupt()+0xfe>
    if ( (FLEXCANb_MCR(_bus) & FLEXCAN_MCR_FEN) && (imask & FLEXCAN_IMASK1_BUF5M) && (iflag & FLEXCAN_IFLAG1_BUF5I) ) { /* FIFO is enabled, capture frames if triggered */
    2eb4:	068a      	lsls	r2, r1, #26
    2eb6:	f57f af12 	bpl.w	2cde <FlexCAN_T4<(CAN_DEV_TABLE)1073889280, (FLEXCAN_RXQUEUE_TABLE)256, (FLEXCAN_TXQUEUE_TABLE)16>::flexcan_interrupt()+0x36>
    2eba:	0685      	lsls	r5, r0, #26
    2ebc:	f57f af0f 	bpl.w	2cde <FlexCAN_T4<(CAN_DEV_TABLE)1073889280, (FLEXCAN_RXQUEUE_TABLE)256, (FLEXCAN_TXQUEUE_TABLE)16>::flexcan_interrupt()+0x36>
      uint32_t code = mbxAddr[0];
    2ec0:	f8d7 2080 	ldr.w	r2, [r7, #128]	; 0x80
      msg.timestamp = code & 0xFFFF;
    2ec4:	f8ad 2014 	strh.w	r2, [sp, #20]
      msg.len = (code & 0xF0000) >> 16;
    2ec8:	f3c2 4103 	ubfx	r1, r2, #16, #4
    2ecc:	f88d 101b 	strb.w	r1, [sp, #27]
      msg.id = (mbxAddr[1] & 0x1FFFFFFF) >> ((msg.flags.extended) ? 0 : 18);
    2ed0:	f8d7 1084 	ldr.w	r1, [r7, #132]	; 0x84
      for ( uint8_t i = 0; i < (8 >> 2); i++ ) for ( int8_t d = 0; d < 4 ; d++ ) msg.buf[(4 * i) + 3 - d] = (uint8_t)(mbxAddr[2 + i] >> (8 * d));
    2ed4:	4c30      	ldr	r4, [pc, #192]	; (2f98 <FlexCAN_T4<(CAN_DEV_TABLE)1073889280, (FLEXCAN_RXQUEUE_TABLE)256, (FLEXCAN_TXQUEUE_TABLE)16>::flexcan_interrupt()+0x2f0>)
      msg.flags.extended = (bool)(code & (1UL << 21));
    2ed6:	f402 1000 	and.w	r0, r2, #2097152	; 0x200000
    2eda:	42b0      	cmp	r0, r6
      msg.id = (mbxAddr[1] & 0x1FFFFFFF) >> ((msg.flags.extended) ? 0 : 18);
    2edc:	f021 4160 	bic.w	r1, r1, #3758096384	; 0xe0000000
      msg.flags.remote = (bool)(code & (1UL << 20));
    2ee0:	f3c2 5000 	ubfx	r0, r2, #20, #1
    2ee4:	f88d 0018 	strb.w	r0, [sp, #24]
      msg.idhit = code >> 23;
    2ee8:	ea4f 52d2 	mov.w	r2, r2, lsr #23
      msg.flags.extended = (bool)(code & (1UL << 21));
    2eec:	bf12      	itee	ne
    2eee:	2001      	movne	r0, #1
    2ef0:	4630      	moveq	r0, r6
      msg.id = (mbxAddr[1] & 0x1FFFFFFF) >> ((msg.flags.extended) ? 0 : 18);
    2ef2:	0c89      	lsreq	r1, r1, #18
      msg.flags.extended = (bool)(code & (1UL << 21));
    2ef4:	f88d 0017 	strb.w	r0, [sp, #23]
      msg.idhit = code >> 23;
    2ef8:	f88d 2016 	strb.w	r2, [sp, #22]
      msg.id = (mbxAddr[1] & 0x1FFFFFFF) >> ((msg.flags.extended) ? 0 : 18);
    2efc:	9104      	str	r1, [sp, #16]
    2efe:	a808      	add	r0, sp, #32
      msg.idhit = code >> 23;
    2f00:	2200      	movs	r2, #0
      for ( uint8_t i = 0; i < (8 >> 2); i++ ) for ( int8_t d = 0; d < 4 ; d++ ) msg.buf[(4 * i) + 3 - d] = (uint8_t)(mbxAddr[2 + i] >> (8 * d));
    2f02:	f8d4 1088 	ldr.w	r1, [r4, #136]	; 0x88
    2f06:	40d1      	lsrs	r1, r2
    2f08:	3208      	adds	r2, #8
    2f0a:	2a20      	cmp	r2, #32
    2f0c:	f800 1d01 	strb.w	r1, [r0, #-1]!
    2f10:	d1f7      	bne.n	2f02 <FlexCAN_T4<(CAN_DEV_TABLE)1073889280, (FLEXCAN_RXQUEUE_TABLE)256, (FLEXCAN_TXQUEUE_TABLE)16>::flexcan_interrupt()+0x25a>
    2f12:	4821      	ldr	r0, [pc, #132]	; (2f98 <FlexCAN_T4<(CAN_DEV_TABLE)1073889280, (FLEXCAN_RXQUEUE_TABLE)256, (FLEXCAN_TXQUEUE_TABLE)16>::flexcan_interrupt()+0x2f0>)
    2f14:	a909      	add	r1, sp, #36	; 0x24
    2f16:	f8d0 208c 	ldr.w	r2, [r0, #140]	; 0x8c
    2f1a:	40da      	lsrs	r2, r3
    2f1c:	3308      	adds	r3, #8
    2f1e:	2b20      	cmp	r3, #32
    2f20:	f801 2d01 	strb.w	r2, [r1, #-1]!
    2f24:	d1f7      	bne.n	2f16 <FlexCAN_T4<(CAN_DEV_TABLE)1073889280, (FLEXCAN_RXQUEUE_TABLE)256, (FLEXCAN_TXQUEUE_TABLE)16>::flexcan_interrupt()+0x26e>
      msg.bus = busNumber;
    2f26:	f509 5300 	add.w	r3, r9, #8192	; 0x2000
    2f2a:	f893 3915 	ldrb.w	r3, [r3, #2325]	; 0x915
    2f2e:	f88d 3025 	strb.w	r3, [sp, #37]	; 0x25
      msg.mb = FIFO; /* store the mailbox the message came from (for callback reference) */
    2f32:	2363      	movs	r3, #99	; 0x63
    2f34:	f88d 3024 	strb.w	r3, [sp, #36]	; 0x24
      (void)FLEXCANb_TIMER(_bus);
    2f38:	6883      	ldr	r3, [r0, #8]
  if ( mb_num < 32 ) FLEXCANb_IFLAG1(_bus) |= (1UL << mb_num);
    2f3a:	6b03      	ldr	r3, [r0, #48]	; 0x30
    2f3c:	f043 0320 	orr.w	r3, r3, #32
    2f40:	6303      	str	r3, [r0, #48]	; 0x30
      if ( iflag & FLEXCAN_IFLAG1_BUF6I ) writeIFLAGBit(6); /* clear FIFO bit only! */
    2f42:	9b01      	ldr	r3, [sp, #4]
    2f44:	065c      	lsls	r4, r3, #25
    2f46:	d503      	bpl.n	2f50 <FlexCAN_T4<(CAN_DEV_TABLE)1073889280, (FLEXCAN_RXQUEUE_TABLE)256, (FLEXCAN_TXQUEUE_TABLE)16>::flexcan_interrupt()+0x2a8>
  if ( mb_num < 32 ) FLEXCANb_IFLAG1(_bus) |= (1UL << mb_num);
    2f48:	6b03      	ldr	r3, [r0, #48]	; 0x30
    2f4a:	f043 0340 	orr.w	r3, r3, #64	; 0x40
    2f4e:	6303      	str	r3, [r0, #48]	; 0x30
      if ( iflag & FLEXCAN_IFLAG1_BUF7I ) writeIFLAGBit(7); /* clear FIFO bit only! */
    2f50:	9b01      	ldr	r3, [sp, #4]
    2f52:	0618      	lsls	r0, r3, #24
    2f54:	d504      	bpl.n	2f60 <FlexCAN_T4<(CAN_DEV_TABLE)1073889280, (FLEXCAN_RXQUEUE_TABLE)256, (FLEXCAN_TXQUEUE_TABLE)16>::flexcan_interrupt()+0x2b8>
  if ( mb_num < 32 ) FLEXCANb_IFLAG1(_bus) |= (1UL << mb_num);
    2f56:	4a10      	ldr	r2, [pc, #64]	; (2f98 <FlexCAN_T4<(CAN_DEV_TABLE)1073889280, (FLEXCAN_RXQUEUE_TABLE)256, (FLEXCAN_TXQUEUE_TABLE)16>::flexcan_interrupt()+0x2f0>)
    2f58:	6b13      	ldr	r3, [r2, #48]	; 0x30
    2f5a:	f043 0380 	orr.w	r3, r3, #128	; 0x80
    2f5e:	6313      	str	r3, [r2, #48]	; 0x30
      frame_distribution(msg);
    2f60:	a904      	add	r1, sp, #16
    2f62:	4648      	mov	r0, r9
    2f64:	f7ff fd60 	bl	2a28 <FlexCAN_T4<(CAN_DEV_TABLE)1073889280, (FLEXCAN_RXQUEUE_TABLE)256, (FLEXCAN_TXQUEUE_TABLE)16>::frame_distribution(CAN_message_t&)>
      ext_output1(msg);
    2f68:	a804      	add	r0, sp, #16
    2f6a:	f3af 8000 	nop.w
      ext_output2(msg);
    2f6e:	a804      	add	r0, sp, #16
    2f70:	f3af 8000 	nop.w
      ext_output3(msg);
    2f74:	a804      	add	r0, sp, #16
    2f76:	f3af 8000 	nop.w
      if (fifo_filter_match(msg.id)) struct2queueRx(msg);
    2f7a:	9904      	ldr	r1, [sp, #16]
    2f7c:	4648      	mov	r0, r9
    2f7e:	f7fe ffab 	bl	1ed8 <FlexCAN_T4<(CAN_DEV_TABLE)1073889280, (FLEXCAN_RXQUEUE_TABLE)256, (FLEXCAN_TXQUEUE_TABLE)16>::fifo_filter_match(unsigned long)>
    2f82:	2800      	cmp	r0, #0
    2f84:	f43f aeab 	beq.w	2cde <FlexCAN_T4<(CAN_DEV_TABLE)1073889280, (FLEXCAN_RXQUEUE_TABLE)256, (FLEXCAN_TXQUEUE_TABLE)16>::flexcan_interrupt()+0x36>
    2f88:	a904      	add	r1, sp, #16
    2f8a:	4648      	mov	r0, r9
    2f8c:	f7ff fcee 	bl	296c <FlexCAN_T4<(CAN_DEV_TABLE)1073889280, (FLEXCAN_RXQUEUE_TABLE)256, (FLEXCAN_TXQUEUE_TABLE)16>::struct2queueRx(CAN_message_t const&)>
    2f90:	e6a5      	b.n	2cde <FlexCAN_T4<(CAN_DEV_TABLE)1073889280, (FLEXCAN_RXQUEUE_TABLE)256, (FLEXCAN_TXQUEUE_TABLE)16>::flexcan_interrupt()+0x36>
    2f92:	bf00      	nop
    2f94:	0000b8ac 	.word	0x0000b8ac
    2f98:	40024000 	.word	0x40024000
    2f9c:	04002408 	.word	0x04002408
    2fa0:	1fff0ec8 	.word	0x1fff0ec8
    2fa4:	0007ffbf 	.word	0x0007ffbf
      msg.flags.extended = (bool)(code & (1UL << 21));
    2fa8:	f402 1100 	and.w	r1, r2, #2097152	; 0x200000
    2fac:	2900      	cmp	r1, #0
      msg.id = (mbxAddr[1] & 0x1FFFFFFF) >> ((msg.flags.extended) ? 0 : 18);
    2fae:	6859      	ldr	r1, [r3, #4]
      msg.timestamp = code & 0xFFFF;
    2fb0:	f8ad 2014 	strh.w	r2, [sp, #20]
      msg.len = (code & 0xF0000) >> 16;
    2fb4:	f3c2 4203 	ubfx	r2, r2, #16, #4
    2fb8:	f88d 201b 	strb.w	r2, [sp, #27]
      msg.bus = busNumber;
    2fbc:	f509 5200 	add.w	r2, r9, #8192	; 0x2000
      msg.flags.extended = (bool)(code & (1UL << 21));
    2fc0:	bf14      	ite	ne
    2fc2:	2001      	movne	r0, #1
    2fc4:	2000      	moveq	r0, #0
    2fc6:	f88d 0017 	strb.w	r0, [sp, #23]
      msg.bus = busNumber;
    2fca:	f892 0915 	ldrb.w	r0, [r2, #2325]	; 0x915
      msg.mb = mb_num;
    2fce:	f88d 4024 	strb.w	r4, [sp, #36]	; 0x24
      msg.bus = busNumber;
    2fd2:	f88d 0025 	strb.w	r0, [sp, #37]	; 0x25
      for ( uint8_t i = 0; i < (8 >> 2); i++ ) for ( int8_t d = 0; d < 4 ; d++ ) msg.buf[(4 * i) + 3 - d] = (uint8_t)(mbxAddr[2 + i] >> (8 * d));
    2fd6:	6898      	ldr	r0, [r3, #8]
    2fd8:	f88d 001f 	strb.w	r0, [sp, #31]
    2fdc:	6898      	ldr	r0, [r3, #8]
    2fde:	ea4f 2010 	mov.w	r0, r0, lsr #8
    2fe2:	f88d 001e 	strb.w	r0, [sp, #30]
    2fe6:	6898      	ldr	r0, [r3, #8]
    2fe8:	ea4f 4010 	mov.w	r0, r0, lsr #16
    2fec:	f88d 001d 	strb.w	r0, [sp, #29]
    2ff0:	6898      	ldr	r0, [r3, #8]
    2ff2:	ea4f 6010 	mov.w	r0, r0, lsr #24
    2ff6:	f88d 001c 	strb.w	r0, [sp, #28]
    2ffa:	68d8      	ldr	r0, [r3, #12]
    2ffc:	f88d 0023 	strb.w	r0, [sp, #35]	; 0x23
    3000:	68d8      	ldr	r0, [r3, #12]
    3002:	ea4f 2010 	mov.w	r0, r0, lsr #8
    3006:	f88d 0022 	strb.w	r0, [sp, #34]	; 0x22
    300a:	68d8      	ldr	r0, [r3, #12]
      msg.id = (mbxAddr[1] & 0x1FFFFFFF) >> ((msg.flags.extended) ? 0 : 18);
    300c:	f021 4160 	bic.w	r1, r1, #3758096384	; 0xe0000000
    3010:	bf08      	it	eq
    3012:	0c89      	lsreq	r1, r1, #18
      for ( uint8_t i = 0; i < (8 >> 2); i++ ) for ( int8_t d = 0; d < 4 ; d++ ) msg.buf[(4 * i) + 3 - d] = (uint8_t)(mbxAddr[2 + i] >> (8 * d));
    3014:	0c00      	lsrs	r0, r0, #16
      msg.id = (mbxAddr[1] & 0x1FFFFFFF) >> ((msg.flags.extended) ? 0 : 18);
    3016:	9104      	str	r1, [sp, #16]
      for ( uint8_t i = 0; i < (8 >> 2); i++ ) for ( int8_t d = 0; d < 4 ; d++ ) msg.buf[(4 * i) + 3 - d] = (uint8_t)(mbxAddr[2 + i] >> (8 * d));
    3018:	f88d 0021 	strb.w	r0, [sp, #33]	; 0x21
        if ( _mbTxHandlers[mb_num] ) _mbTxHandlers[mb_num](msg);
    301c:	f604 2102 	addw	r1, r4, #2562	; 0xa02
      for ( uint8_t i = 0; i < (8 >> 2); i++ ) for ( int8_t d = 0; d < 4 ; d++ ) msg.buf[(4 * i) + 3 - d] = (uint8_t)(mbxAddr[2 + i] >> (8 * d));
    3020:	68d8      	ldr	r0, [r3, #12]
        if ( _mbTxHandlers[mb_num] ) _mbTxHandlers[mb_num](msg);
    3022:	f859 1021 	ldr.w	r1, [r9, r1, lsl #2]
      for ( uint8_t i = 0; i < (8 >> 2); i++ ) for ( int8_t d = 0; d < 4 ; d++ ) msg.buf[(4 * i) + 3 - d] = (uint8_t)(mbxAddr[2 + i] >> (8 * d));
    3026:	0e00      	lsrs	r0, r0, #24
    3028:	f88d 0020 	strb.w	r0, [sp, #32]
        if ( _mbTxHandlers[mb_num] ) _mbTxHandlers[mb_num](msg);
    302c:	b129      	cbz	r1, 303a <FlexCAN_T4<(CAN_DEV_TABLE)1073889280, (FLEXCAN_RXQUEUE_TABLE)256, (FLEXCAN_TXQUEUE_TABLE)16>::flexcan_interrupt()+0x392>
    302e:	a804      	add	r0, sp, #16
    3030:	9203      	str	r2, [sp, #12]
    3032:	9302      	str	r3, [sp, #8]
    3034:	4788      	blx	r1
    3036:	9a03      	ldr	r2, [sp, #12]
    3038:	9b02      	ldr	r3, [sp, #8]
        if ( _mainTxHandler ) _mainTxHandler(msg);
    303a:	f8d2 2908 	ldr.w	r2, [r2, #2312]	; 0x908
    303e:	b11a      	cbz	r2, 3048 <FlexCAN_T4<(CAN_DEV_TABLE)1073889280, (FLEXCAN_RXQUEUE_TABLE)256, (FLEXCAN_TXQUEUE_TABLE)16>::flexcan_interrupt()+0x3a0>
    3040:	a804      	add	r0, sp, #16
    3042:	9302      	str	r3, [sp, #8]
    3044:	4790      	blx	r2
    3046:	9b02      	ldr	r3, [sp, #8]
    3048:	f509 5280 	add.w	r2, r9, #4096	; 0x1000
    304c:	9202      	str	r2, [sp, #8]
    304e:	f8b2 2b1e 	ldrh.w	r2, [r2, #2846]	; 0xb1e
    3052:	b292      	uxth	r2, r2
      if ( txBuffer.size() ) {
    3054:	2a00      	cmp	r2, #0
    3056:	f000 80b1 	beq.w	31bc <FlexCAN_T4<(CAN_DEV_TABLE)1073889280, (FLEXCAN_RXQUEUE_TABLE)256, (FLEXCAN_TXQUEUE_TABLE)16>::flexcan_interrupt()+0x514>
    memmove(&buffer[0],&_cabuf[((head+entry)&(_size-1))][2],length*sizeof(T)); // update CA buffer
    305a:	9b02      	ldr	r3, [sp, #8]
    305c:	f8b3 1b1a 	ldrh.w	r1, [r3, #2842]	; 0xb1a
    3060:	231a      	movs	r3, #26
    3062:	f001 010f 	and.w	r1, r1, #15
    3066:	fb03 9101 	mla	r1, r3, r1, r9
    306a:	f501 51d9 	add.w	r1, r1, #6944	; 0x1b20
    306e:	3112      	adds	r1, #18
    3070:	2218      	movs	r2, #24
    3072:	a810      	add	r0, sp, #64	; 0x40
    3074:	f000 f940 	bl	32f8 <memcpy>
        memmove(&frame, buf, sizeof(frame));
    3078:	ab0a      	add	r3, sp, #40	; 0x28
    307a:	f10d 0c40 	add.w	ip, sp, #64	; 0x40
    307e:	469e      	mov	lr, r3
    3080:	9303      	str	r3, [sp, #12]
    3082:	e8bc 000f 	ldmia.w	ip!, {r0, r1, r2, r3}
    3086:	e8ae 000f 	stmia.w	lr!, {r0, r1, r2, r3}
    308a:	e89c 0003 	ldmia.w	ip, {r0, r1}
    308e:	e88e 0003 	stmia.w	lr, {r0, r1}
        if ( frame.mb == -1 ) {
    3092:	f99d 303c 	ldrsb.w	r3, [sp, #60]	; 0x3c
    3096:	1c5a      	adds	r2, r3, #1
    3098:	f000 809b 	beq.w	31d2 <FlexCAN_T4<(CAN_DEV_TABLE)1073889280, (FLEXCAN_RXQUEUE_TABLE)256, (FLEXCAN_TXQUEUE_TABLE)16>::flexcan_interrupt()+0x52a>
        else if ( frame.mb == mb_num ) {
    309c:	429c      	cmp	r4, r3
    309e:	f47f ae48 	bne.w	2d32 <FlexCAN_T4<(CAN_DEV_TABLE)1073889280, (FLEXCAN_RXQUEUE_TABLE)256, (FLEXCAN_TXQUEUE_TABLE)16>::flexcan_interrupt()+0x8a>
          writeTxMailbox(frame.mb, frame);
    30a2:	9a03      	ldr	r2, [sp, #12]
    30a4:	b2e1      	uxtb	r1, r4
    30a6:	4648      	mov	r0, r9
    30a8:	f7fe f8ce 	bl	1248 <FlexCAN_T4<(CAN_DEV_TABLE)1073889280, (FLEXCAN_RXQUEUE_TABLE)256, (FLEXCAN_TXQUEUE_TABLE)16>::writeTxMailbox(unsigned char, CAN_message_t const&)>
    head = ((head + 1)&(2*_size-1));
    30ac:	9a02      	ldr	r2, [sp, #8]
    30ae:	f8b2 3b1a 	ldrh.w	r3, [r2, #2842]	; 0xb1a
    30b2:	3301      	adds	r3, #1
    30b4:	f003 031f 	and.w	r3, r3, #31
    30b8:	f8a2 3b1a 	strh.w	r3, [r2, #2842]	; 0xb1a
    if ( _available ) _available--;
    30bc:	f8b2 3b1e 	ldrh.w	r3, [r2, #2846]	; 0xb1e
    30c0:	b29b      	uxth	r3, r3
    30c2:	2b00      	cmp	r3, #0
    30c4:	f43f ae35 	beq.w	2d32 <FlexCAN_T4<(CAN_DEV_TABLE)1073889280, (FLEXCAN_RXQUEUE_TABLE)256, (FLEXCAN_TXQUEUE_TABLE)16>::flexcan_interrupt()+0x8a>
    30c8:	f8b2 3b1e 	ldrh.w	r3, [r2, #2846]	; 0xb1e
    30cc:	3b01      	subs	r3, #1
    30ce:	b29b      	uxth	r3, r3
    30d0:	f8a2 3b1e 	strh.w	r3, [r2, #2846]	; 0xb1e
    30d4:	e62d      	b.n	2d32 <FlexCAN_T4<(CAN_DEV_TABLE)1073889280, (FLEXCAN_RXQUEUE_TABLE)256, (FLEXCAN_TXQUEUE_TABLE)16>::flexcan_interrupt()+0x8a>
      if ( filter_match((FLEXCAN_MAILBOX)mb_num, msg.id) ) struct2queueRx(msg); /* store frame in queue */
    30d6:	a904      	add	r1, sp, #16
    30d8:	4648      	mov	r0, r9
    30da:	f7ff fc47 	bl	296c <FlexCAN_T4<(CAN_DEV_TABLE)1073889280, (FLEXCAN_RXQUEUE_TABLE)256, (FLEXCAN_TXQUEUE_TABLE)16>::struct2queueRx(CAN_message_t const&)>
    30de:	e6a7      	b.n	2e30 <FlexCAN_T4<(CAN_DEV_TABLE)1073889280, (FLEXCAN_RXQUEUE_TABLE)256, (FLEXCAN_TXQUEUE_TABLE)16>::flexcan_interrupt()+0x188>
      msg.flags.extended = (bool)(code & (1UL << 21));
    30e0:	f402 1100 	and.w	r1, r2, #2097152	; 0x200000
    30e4:	2900      	cmp	r1, #0
      msg.id = (mbxAddr[1] & 0x1FFFFFFF) >> ((msg.flags.extended) ? 0 : 18);
    30e6:	6859      	ldr	r1, [r3, #4]
      msg.timestamp = code & 0xFFFF;
    30e8:	f8ad 2014 	strh.w	r2, [sp, #20]
      msg.len = (code & 0xF0000) >> 16;
    30ec:	f3c2 4203 	ubfx	r2, r2, #16, #4
    30f0:	f88d 201b 	strb.w	r2, [sp, #27]
      msg.bus = busNumber;
    30f4:	f509 5200 	add.w	r2, r9, #8192	; 0x2000
      msg.flags.extended = (bool)(code & (1UL << 21));
    30f8:	bf14      	ite	ne
    30fa:	2001      	movne	r0, #1
    30fc:	2000      	moveq	r0, #0
    30fe:	f88d 0017 	strb.w	r0, [sp, #23]
      msg.bus = busNumber;
    3102:	f892 0915 	ldrb.w	r0, [r2, #2325]	; 0x915
      msg.mb = mb_num;
    3106:	f88d 4024 	strb.w	r4, [sp, #36]	; 0x24
      msg.bus = busNumber;
    310a:	f88d 0025 	strb.w	r0, [sp, #37]	; 0x25
      for ( uint8_t i = 0; i < (8 >> 2); i++ ) for ( int8_t d = 0; d < 4 ; d++ ) msg.buf[(4 * i) + 3 - d] = (uint8_t)(mbxAddr[2 + i] >> (8 * d));
    310e:	6898      	ldr	r0, [r3, #8]
    3110:	f88d 001f 	strb.w	r0, [sp, #31]
    3114:	6898      	ldr	r0, [r3, #8]
    3116:	ea4f 2010 	mov.w	r0, r0, lsr #8
    311a:	f88d 001e 	strb.w	r0, [sp, #30]
    311e:	6898      	ldr	r0, [r3, #8]
    3120:	ea4f 4010 	mov.w	r0, r0, lsr #16
    3124:	f88d 001d 	strb.w	r0, [sp, #29]
    3128:	6898      	ldr	r0, [r3, #8]
    312a:	ea4f 6010 	mov.w	r0, r0, lsr #24
    312e:	f88d 001c 	strb.w	r0, [sp, #28]
    3132:	68d8      	ldr	r0, [r3, #12]
    3134:	f88d 0023 	strb.w	r0, [sp, #35]	; 0x23
    3138:	68d8      	ldr	r0, [r3, #12]
    313a:	ea4f 2010 	mov.w	r0, r0, lsr #8
    313e:	f88d 0022 	strb.w	r0, [sp, #34]	; 0x22
    3142:	68d8      	ldr	r0, [r3, #12]
      msg.id = (mbxAddr[1] & 0x1FFFFFFF) >> ((msg.flags.extended) ? 0 : 18);
    3144:	f021 4160 	bic.w	r1, r1, #3758096384	; 0xe0000000
    3148:	bf08      	it	eq
    314a:	0c89      	lsreq	r1, r1, #18
      for ( uint8_t i = 0; i < (8 >> 2); i++ ) for ( int8_t d = 0; d < 4 ; d++ ) msg.buf[(4 * i) + 3 - d] = (uint8_t)(mbxAddr[2 + i] >> (8 * d));
    314c:	0c00      	lsrs	r0, r0, #16
      msg.id = (mbxAddr[1] & 0x1FFFFFFF) >> ((msg.flags.extended) ? 0 : 18);
    314e:	9104      	str	r1, [sp, #16]
      for ( uint8_t i = 0; i < (8 >> 2); i++ ) for ( int8_t d = 0; d < 4 ; d++ ) msg.buf[(4 * i) + 3 - d] = (uint8_t)(mbxAddr[2 + i] >> (8 * d));
    3150:	f88d 0021 	strb.w	r0, [sp, #33]	; 0x21
        if ( _mbTxHandlers[mb_num] ) _mbTxHandlers[mb_num](msg);
    3154:	f604 2102 	addw	r1, r4, #2562	; 0xa02
      for ( uint8_t i = 0; i < (8 >> 2); i++ ) for ( int8_t d = 0; d < 4 ; d++ ) msg.buf[(4 * i) + 3 - d] = (uint8_t)(mbxAddr[2 + i] >> (8 * d));
    3158:	68db      	ldr	r3, [r3, #12]
        if ( _mbTxHandlers[mb_num] ) _mbTxHandlers[mb_num](msg);
    315a:	f859 1021 	ldr.w	r1, [r9, r1, lsl #2]
      for ( uint8_t i = 0; i < (8 >> 2); i++ ) for ( int8_t d = 0; d < 4 ; d++ ) msg.buf[(4 * i) + 3 - d] = (uint8_t)(mbxAddr[2 + i] >> (8 * d));
    315e:	0e1b      	lsrs	r3, r3, #24
    3160:	f88d 3020 	strb.w	r3, [sp, #32]
        if ( _mbTxHandlers[mb_num] ) _mbTxHandlers[mb_num](msg);
    3164:	b119      	cbz	r1, 316e <FlexCAN_T4<(CAN_DEV_TABLE)1073889280, (FLEXCAN_RXQUEUE_TABLE)256, (FLEXCAN_TXQUEUE_TABLE)16>::flexcan_interrupt()+0x4c6>
    3166:	a804      	add	r0, sp, #16
    3168:	9202      	str	r2, [sp, #8]
    316a:	4788      	blx	r1
    316c:	9a02      	ldr	r2, [sp, #8]
        if ( _mainTxHandler ) _mainTxHandler(msg);
    316e:	f8d2 3908 	ldr.w	r3, [r2, #2312]	; 0x908
    3172:	b10b      	cbz	r3, 3178 <FlexCAN_T4<(CAN_DEV_TABLE)1073889280, (FLEXCAN_RXQUEUE_TABLE)256, (FLEXCAN_TXQUEUE_TABLE)16>::flexcan_interrupt()+0x4d0>
    3174:	a804      	add	r0, sp, #16
    3176:	4798      	blx	r3
        uint16_t size() { return _available; }
    3178:	f509 5380 	add.w	r3, r9, #4096	; 0x1000
    317c:	9302      	str	r3, [sp, #8]
    317e:	f8b3 3b1e 	ldrh.w	r3, [r3, #2846]	; 0xb1e
    3182:	b29b      	uxth	r3, r3
      if ( txBuffer.size() ) {
    3184:	2b00      	cmp	r3, #0
    3186:	f47f af68 	bne.w	305a <FlexCAN_T4<(CAN_DEV_TABLE)1073889280, (FLEXCAN_RXQUEUE_TABLE)256, (FLEXCAN_TXQUEUE_TABLE)16>::flexcan_interrupt()+0x3b2>
  if ( mb_num < 32 ) FLEXCANb_IFLAG1(_bus) |= (1UL << mb_num);
    318a:	f8d8 2030 	ldr.w	r2, [r8, #48]	; 0x30
    318e:	2301      	movs	r3, #1
    3190:	40a3      	lsls	r3, r4
    3192:	4313      	orrs	r3, r2
    3194:	f8c8 3030 	str.w	r3, [r8, #48]	; 0x30
    3198:	e5cb      	b.n	2d32 <FlexCAN_T4<(CAN_DEV_TABLE)1073889280, (FLEXCAN_RXQUEUE_TABLE)256, (FLEXCAN_TXQUEUE_TABLE)16>::flexcan_interrupt()+0x8a>
  for ( uint8_t mb_num = mailboxOffset(); mb_num < FLEXCANb_MAXMB_SIZE(_bus); mb_num++ ) {
    319a:	682b      	ldr	r3, [r5, #0]
    319c:	e5bb      	b.n	2d16 <FlexCAN_T4<(CAN_DEV_TABLE)1073889280, (FLEXCAN_RXQUEUE_TABLE)256, (FLEXCAN_TXQUEUE_TABLE)16>::flexcan_interrupt()+0x6e>
      busESR1.write(esr1);
    319e:	f509 50e6 	add.w	r0, r9, #7360	; 0x1cc0
    31a2:	4621      	mov	r1, r4
    31a4:	3010      	adds	r0, #16
    31a6:	f7fe fe4f 	bl	1e48 <Circular_Buffer<unsigned long, (unsigned short)16, (unsigned short)0>::write(unsigned long)>
      busECR.write(FLEXCANb_ECR(_bus));
    31aa:	69f1      	ldr	r1, [r6, #28]
    31ac:	f509 50ec 	add.w	r0, r9, #7552	; 0x1d80
    31b0:	b289      	uxth	r1, r1
    31b2:	3018      	adds	r0, #24
    31b4:	f7fe fe6c 	bl	1e90 <Circular_Buffer<unsigned short, (unsigned short)16, (unsigned short)0>::write(unsigned short)>
      last_esr1 = esr1;
    31b8:	602c      	str	r4, [r5, #0]
    31ba:	e658      	b.n	2e6e <FlexCAN_T4<(CAN_DEV_TABLE)1073889280, (FLEXCAN_RXQUEUE_TABLE)256, (FLEXCAN_TXQUEUE_TABLE)16>::flexcan_interrupt()+0x1c6>
  if ( mb_num < 32 ) FLEXCANb_IFLAG1(_bus) |= (1UL << mb_num);
    31bc:	f8d8 1030 	ldr.w	r1, [r8, #48]	; 0x30
    31c0:	2201      	movs	r2, #1
    31c2:	40a2      	lsls	r2, r4
    31c4:	430a      	orrs	r2, r1
    31c6:	f8c8 2030 	str.w	r2, [r8, #48]	; 0x30
        mbxAddr[0] = FLEXCAN_MB_CS_CODE(FLEXCAN_MB_CODE_TX_INACTIVE); /* set it back to a TX mailbox */
    31ca:	f04f 6200 	mov.w	r2, #134217728	; 0x8000000
    31ce:	601a      	str	r2, [r3, #0]
    31d0:	e5af      	b.n	2d32 <FlexCAN_T4<(CAN_DEV_TABLE)1073889280, (FLEXCAN_RXQUEUE_TABLE)256, (FLEXCAN_TXQUEUE_TABLE)16>::flexcan_interrupt()+0x8a>
          writeTxMailbox(mb_num, frame);
    31d2:	9a03      	ldr	r2, [sp, #12]
    31d4:	4621      	mov	r1, r4
    31d6:	e766      	b.n	30a6 <FlexCAN_T4<(CAN_DEV_TABLE)1073889280, (FLEXCAN_RXQUEUE_TABLE)256, (FLEXCAN_TXQUEUE_TABLE)16>::flexcan_interrupt()+0x3fe>

000031d8 <_GLOBAL__sub_I_Can0>:
FCTP_FUNC FCTP_OPT::FlexCAN_T4() {
    31d8:	482a      	ldr	r0, [pc, #168]	; (3284 <_GLOBAL__sub_I_Can0+0xac>)
    31da:	492b      	ldr	r1, [pc, #172]	; (3288 <_GLOBAL__sub_I_Can0+0xb0>)
    31dc:	b410      	push	{r4}
class Circular_Buffer {
    31de:	f500 5280 	add.w	r2, r0, #4096	; 0x1000
  if ( _bus == CAN0 ) _CAN0 = this;
    31e2:	4c2a      	ldr	r4, [pc, #168]	; (328c <_GLOBAL__sub_I_Can0+0xb4>)
    31e4:	2300      	movs	r3, #0
    31e6:	8283      	strh	r3, [r0, #20]
FCTP_FUNC FCTP_OPT::FlexCAN_T4() {
    31e8:	f500 5c00 	add.w	ip, r0, #8192	; 0x2000
    31ec:	82c3      	strh	r3, [r0, #22]
  if ( _bus == CAN0 ) _CAN0 = this;
    31ee:	6020      	str	r0, [r4, #0]
    31f0:	8303      	strh	r3, [r0, #24]
FCTP_FUNC FCTP_OPT::FlexCAN_T4() {
    31f2:	4c27      	ldr	r4, [pc, #156]	; (3290 <_GLOBAL__sub_I_Can0+0xb8>)
    31f4:	f8a2 3b1a 	strh.w	r3, [r2, #2842]	; 0xb1a
    31f8:	f8a2 3b1c 	strh.w	r3, [r2, #2844]	; 0xb1c
    31fc:	f8a2 3b1e 	strh.w	r3, [r2, #2846]	; 0xb1e
    3200:	f8a2 3cd0 	strh.w	r3, [r2, #3280]	; 0xcd0
    3204:	f8a2 3cd2 	strh.w	r3, [r2, #3282]	; 0xcd2
    3208:	f8a2 3cd4 	strh.w	r3, [r2, #3284]	; 0xcd4
    320c:	f8a2 3d98 	strh.w	r3, [r2, #3480]	; 0xd98
    3210:	f8a2 3d9a 	strh.w	r3, [r2, #3482]	; 0xd9a
    3214:	f8a2 3d9c 	strh.w	r3, [r2, #3484]	; 0xd9c
    3218:	f501 5280 	add.w	r2, r1, #4096	; 0x1000
    321c:	6004      	str	r4, [r0, #0]
    321e:	f501 5000 	add.w	r0, r1, #8192	; 0x2000
    3222:	4c1c      	ldr	r4, [pc, #112]	; (3294 <_GLOBAL__sub_I_Can0+0xbc>)
    3224:	f88c 3700 	strb.w	r3, [ip, #1792]	; 0x700
    3228:	600c      	str	r4, [r1, #0]
    322a:	f88c 3701 	strb.w	r3, [ip, #1793]	; 0x701
    322e:	f8cc 390c 	str.w	r3, [ip, #2316]	; 0x90c
    3232:	828b      	strh	r3, [r1, #20]
    3234:	f8cc 3910 	str.w	r3, [ip, #2320]	; 0x910
    3238:	82cb      	strh	r3, [r1, #22]
    323a:	f88c 3914 	strb.w	r3, [ip, #2324]	; 0x914
    323e:	830b      	strh	r3, [r1, #24]
    3240:	f8a2 3b1a 	strh.w	r3, [r2, #2842]	; 0xb1a
    3244:	f8a2 3b1c 	strh.w	r3, [r2, #2844]	; 0xb1c
    3248:	f8a2 3b1e 	strh.w	r3, [r2, #2846]	; 0xb1e
    324c:	f8a2 3cd0 	strh.w	r3, [r2, #3280]	; 0xcd0
    3250:	f8a2 3cd2 	strh.w	r3, [r2, #3282]	; 0xcd2
    3254:	f8a2 3cd4 	strh.w	r3, [r2, #3284]	; 0xcd4
    3258:	f8a2 3d98 	strh.w	r3, [r2, #3480]	; 0xd98
    325c:	f8a2 3d9a 	strh.w	r3, [r2, #3482]	; 0xd9a
    3260:	f8a2 3d9c 	strh.w	r3, [r2, #3484]	; 0xd9c
  if ( _bus == CAN1 ) _CAN1 = this;
    3264:	4a0c      	ldr	r2, [pc, #48]	; (3298 <_GLOBAL__sub_I_Can0+0xc0>)
FCTP_FUNC FCTP_OPT::FlexCAN_T4() {
    3266:	f880 3914 	strb.w	r3, [r0, #2324]	; 0x914
    326a:	f880 3700 	strb.w	r3, [r0, #1792]	; 0x700
    326e:	f85d 4b04 	ldr.w	r4, [sp], #4
    3272:	f880 3701 	strb.w	r3, [r0, #1793]	; 0x701
    3276:	f8c0 390c 	str.w	r3, [r0, #2316]	; 0x90c
    327a:	f8c0 3910 	str.w	r3, [r0, #2320]	; 0x910
  if ( _bus == CAN1 ) _CAN1 = this;
    327e:	6011      	str	r1, [r2, #0]
    3280:	4770      	bx	lr
    3282:	bf00      	nop
    3284:	1fff0ed0 	.word	0x1fff0ed0
    3288:	1fff37e8 	.word	0x1fff37e8
    328c:	1fff6100 	.word	0x1fff6100
    3290:	0000b82c 	.word	0x0000b82c
    3294:	0000b850 	.word	0x0000b850
    3298:	1fff6104 	.word	0x1fff6104

0000329c <Print::println()>:
{
    329c:	b500      	push	{lr}
	return write(buf, 2);
    329e:	6803      	ldr	r3, [r0, #0]
{
    32a0:	b083      	sub	sp, #12
	uint8_t buf[2]={'\r', '\n'};
    32a2:	f640 220d 	movw	r2, #2573	; 0xa0d
    32a6:	f8ad 2004 	strh.w	r2, [sp, #4]
	return write(buf, 2);
    32aa:	685b      	ldr	r3, [r3, #4]
    32ac:	2202      	movs	r2, #2
    32ae:	a901      	add	r1, sp, #4
    32b0:	4798      	blx	r3
}
    32b2:	b003      	add	sp, #12
    32b4:	f85d fb04 	ldr.w	pc, [sp], #4

000032b8 <_write>:
	return ((class Print *)file)->write((uint8_t *)ptr, len);
    32b8:	4b03      	ldr	r3, [pc, #12]	; (32c8 <_write+0x10>)
    32ba:	2802      	cmp	r0, #2
    32bc:	bf88      	it	hi
    32be:	4603      	movhi	r3, r0
    32c0:	4618      	mov	r0, r3
    32c2:	681b      	ldr	r3, [r3, #0]
    32c4:	685b      	ldr	r3, [r3, #4]
    32c6:	4718      	bx	r3
    32c8:	1fff0740 	.word	0x1fff0740

000032cc <Print::printf(char const*, ...)>:
{
    32cc:	b40e      	push	{r1, r2, r3}
    32ce:	b500      	push	{lr}
    32d0:	b082      	sub	sp, #8
    32d2:	aa03      	add	r2, sp, #12
    32d4:	f852 1b04 	ldr.w	r1, [r2], #4
	va_start(ap, format);
    32d8:	9201      	str	r2, [sp, #4]
	int retval = vdprintf((int)this, format, ap);
    32da:	f002 faeb 	bl	58b4 <vdprintf>
}
    32de:	b002      	add	sp, #8
    32e0:	f85d eb04 	ldr.w	lr, [sp], #4
    32e4:	b003      	add	sp, #12
    32e6:	4770      	bx	lr

000032e8 <main>:
 */

#include <Arduino.h>

extern "C" int main(void)
{
    32e8:	b508      	push	{r3, lr}
	}


#else
	// Arduino's main() function just calls setup() and loop()....
	setup();
    32ea:	f7fd feb9 	bl	1060 <setup>
	while (1) {
		loop();
    32ee:	f7fe fc2d 	bl	1b4c <loop>
		yield();
    32f2:	f001 f947 	bl	4584 <yield>
	while (1) {
    32f6:	e7fa      	b.n	32ee <main+0x6>

000032f8 <memcpy>:
#ifdef __ARM_FEATURE_UNALIGNED
	/* In case of UNALIGNED access supported, ip is not used in
	   function body.  */
	mov	ip, r0
#else
	push	{r0}
    32f8:	b401      	push	{r0}
#endif
	orr	r3, r1, r0
    32fa:	ea41 0300 	orr.w	r3, r1, r0
	ands	r3, r3, #3
    32fe:	f013 0303 	ands.w	r3, r3, #3
	bne	.Lmisaligned_copy
    3302:	d16f      	bne.n	33e4 <memcpy+0xec>

.Lbig_block:
	subs	r2, __OPT_BIG_BLOCK_SIZE
    3304:	3a40      	subs	r2, #64	; 0x40
	blo	.Lmid_block
    3306:	d341      	bcc.n	338c <memcpy+0x94>
.Lbig_block_loop:
	BEGIN_UNROLL_BIG_BLOCK
#ifdef __ARM_ARCH_7EM__
	ldr	r3, [r1], #4
	str	r3, [r0], #4
	END_UNROLL
    3308:	f851 3b04 	ldr.w	r3, [r1], #4
    330c:	f840 3b04 	str.w	r3, [r0], #4
    3310:	f851 3b04 	ldr.w	r3, [r1], #4
    3314:	f840 3b04 	str.w	r3, [r0], #4
    3318:	f851 3b04 	ldr.w	r3, [r1], #4
    331c:	f840 3b04 	str.w	r3, [r0], #4
    3320:	f851 3b04 	ldr.w	r3, [r1], #4
    3324:	f840 3b04 	str.w	r3, [r0], #4
    3328:	f851 3b04 	ldr.w	r3, [r1], #4
    332c:	f840 3b04 	str.w	r3, [r0], #4
    3330:	f851 3b04 	ldr.w	r3, [r1], #4
    3334:	f840 3b04 	str.w	r3, [r0], #4
    3338:	f851 3b04 	ldr.w	r3, [r1], #4
    333c:	f840 3b04 	str.w	r3, [r0], #4
    3340:	f851 3b04 	ldr.w	r3, [r1], #4
    3344:	f840 3b04 	str.w	r3, [r0], #4
    3348:	f851 3b04 	ldr.w	r3, [r1], #4
    334c:	f840 3b04 	str.w	r3, [r0], #4
    3350:	f851 3b04 	ldr.w	r3, [r1], #4
    3354:	f840 3b04 	str.w	r3, [r0], #4
    3358:	f851 3b04 	ldr.w	r3, [r1], #4
    335c:	f840 3b04 	str.w	r3, [r0], #4
    3360:	f851 3b04 	ldr.w	r3, [r1], #4
    3364:	f840 3b04 	str.w	r3, [r0], #4
    3368:	f851 3b04 	ldr.w	r3, [r1], #4
    336c:	f840 3b04 	str.w	r3, [r0], #4
    3370:	f851 3b04 	ldr.w	r3, [r1], #4
    3374:	f840 3b04 	str.w	r3, [r0], #4
    3378:	f851 3b04 	ldr.w	r3, [r1], #4
    337c:	f840 3b04 	str.w	r3, [r0], #4
    3380:	f851 3b04 	ldr.w	r3, [r1], #4
    3384:	f840 3b04 	str.w	r3, [r0], #4
	str	r3, [r0, \offset]
	END_UNROLL
	adds	r0, __OPT_BIG_BLOCK_SIZE
	adds	r1, __OPT_BIG_BLOCK_SIZE
#endif
	subs	r2, __OPT_BIG_BLOCK_SIZE
    3388:	3a40      	subs	r2, #64	; 0x40
	bhs .Lbig_block_loop
    338a:	d2bd      	bcs.n	3308 <memcpy+0x10>

.Lmid_block:
	adds	r2, __OPT_BIG_BLOCK_SIZE - __OPT_MID_BLOCK_SIZE
    338c:	3230      	adds	r2, #48	; 0x30
	blo	.Lcopy_word_by_word
    338e:	d311      	bcc.n	33b4 <memcpy+0xbc>
.Lmid_block_loop:
	BEGIN_UNROLL_MID_BLOCK
#ifdef __ARM_ARCH_7EM__
	ldr	r3, [r1], #4
	str	r3, [r0], #4
	END_UNROLL
    3390:	f851 3b04 	ldr.w	r3, [r1], #4
    3394:	f840 3b04 	str.w	r3, [r0], #4
    3398:	f851 3b04 	ldr.w	r3, [r1], #4
    339c:	f840 3b04 	str.w	r3, [r0], #4
    33a0:	f851 3b04 	ldr.w	r3, [r1], #4
    33a4:	f840 3b04 	str.w	r3, [r0], #4
    33a8:	f851 3b04 	ldr.w	r3, [r1], #4
    33ac:	f840 3b04 	str.w	r3, [r0], #4
	str	r3, [r0, \offset]
	END_UNROLL
	adds    r0, __OPT_MID_BLOCK_SIZE
	adds    r1, __OPT_MID_BLOCK_SIZE
#endif
	subs	r2, __OPT_MID_BLOCK_SIZE
    33b0:	3a10      	subs	r2, #16
	bhs	.Lmid_block_loop
    33b2:	d2ed      	bcs.n	3390 <memcpy+0x98>

.Lcopy_word_by_word:
	adds	r2, __OPT_MID_BLOCK_SIZE - 4
    33b4:	320c      	adds	r2, #12
	blo	.Lcopy_less_than_4
    33b6:	d305      	bcc.n	33c4 <memcpy+0xcc>

	/* Kernel loop for small block copy */
	.align 2
.Lcopy_word_by_word_loop:
	ldr	r3, [r1], #4
    33b8:	f851 3b04 	ldr.w	r3, [r1], #4
	str	r3, [r0], #4
    33bc:	f840 3b04 	str.w	r3, [r0], #4
	subs	r2, #4
    33c0:	3a04      	subs	r2, #4
	bhs	.Lcopy_word_by_word_loop
    33c2:	d2f9      	bcs.n	33b8 <memcpy+0xc0>

.Lcopy_less_than_4:
	adds	r2, #4
    33c4:	3204      	adds	r2, #4
	beq	.Ldone
    33c6:	d00a      	beq.n	33de <memcpy+0xe6>

	lsls	r2, r2, #31
    33c8:	07d2      	lsls	r2, r2, #31
	itt ne
    33ca:	bf1c      	itt	ne
	ldrbne  r3, [r1], #1
    33cc:	f811 3b01 	ldrbne.w	r3, [r1], #1
	strbne  r3, [r0], #1
    33d0:	f800 3b01 	strbne.w	r3, [r0], #1

	bcc	.Ldone
    33d4:	d303      	bcc.n	33de <memcpy+0xe6>
#ifdef __ARM_FEATURE_UNALIGNED
	ldrh	r3, [r1]
	strh	r3, [r0]
#else
	ldrb	r3, [r1]
    33d6:	780b      	ldrb	r3, [r1, #0]
	strb	r3, [r0]
    33d8:	7003      	strb	r3, [r0, #0]
	ldrb	r3, [r1, #1]
    33da:	784b      	ldrb	r3, [r1, #1]
	strb	r3, [r0, #1]
    33dc:	7043      	strb	r3, [r0, #1]

.Ldone:
#ifdef __ARM_FEATURE_UNALIGNED
	mov	r0, ip
#else
	pop	{r0}
    33de:	bc01      	pop	{r0}
#endif
	bx	lr
    33e0:	4770      	bx	lr
    33e2:	bf00      	nop
	beq	.Ldst_aligned
#else
	/* if len < 12, misalignment adjustment has more overhead than
	just byte-to-byte copy.  Also, len must >=8 to guarantee code
	afterward work correctly.  */
	cmp	r2, #12
    33e4:	2a0c      	cmp	r2, #12
	blo	.Lbyte_copy
    33e6:	d34a      	bcc.n	347e <memcpy+0x186>
	handling of aligned src and misaligned dst need more overhead than
	otherwise.  By doing this the worst case is when initial src is aligned,
	additional up to 4 byte additional copy will executed, which is
	acceptable.  */

	ands	r3, r0, #3
    33e8:	f010 0303 	ands.w	r3, r0, #3
	beq	.Ldst_aligned
    33ec:	d011      	beq.n	3412 <memcpy+0x11a>

	rsb	r3, #4
    33ee:	f1c3 0304 	rsb	r3, r3, #4
	subs	r2, r3
    33f2:	1ad2      	subs	r2, r2, r3

	lsls    r3, r3, #31
    33f4:	07db      	lsls	r3, r3, #31
	itt ne
    33f6:	bf1c      	itt	ne
	ldrbne  r3, [r1], #1
    33f8:	f811 3b01 	ldrbne.w	r3, [r1], #1
	strbne  r3, [r0], #1
    33fc:	f800 3b01 	strbne.w	r3, [r0], #1

	bcc .Ldst_aligned
    3400:	d307      	bcc.n	3412 <memcpy+0x11a>
#ifdef __ARM_FEATURE_UNALIGNED
	ldrh    r3, [r1], #2
	strh    r3, [r0], #2
	b	.Ldst_aligned
#else
	ldrb    r3, [r1], #1
    3402:	f811 3b01 	ldrb.w	r3, [r1], #1
	strb    r3, [r0], #1
    3406:	f800 3b01 	strb.w	r3, [r0], #1
	ldrb    r3, [r1], #1
    340a:	f811 3b01 	ldrb.w	r3, [r1], #1
	strb    r3, [r0], #1
    340e:	f800 3b01 	strb.w	r3, [r0], #1
	/* Now that dst is aligned */
.Ldst_aligned:
	/* if r1 is aligned now, it means r0/r1 has the same misalignment,
	and they are both aligned now.  Go aligned copy.  */
	ands	r3, r1, #3
    3412:	f011 0303 	ands.w	r3, r1, #3
	beq	.Lbig_block
    3416:	f43f af75 	beq.w	3304 <memcpy+0xc>

	/* dst is aligned, but src isn't.  Misaligned copy.  */

	push	{r4, r5}
    341a:	b430      	push	{r4, r5}
	subs	r2, #4
    341c:	3a04      	subs	r2, #4

	/* Backward r1 by misaligned bytes, to make r1 aligned.
	Since we need to restore r1 to unaligned address after the loop,
	we need keep the offset bytes to ip and sub it from r1 afterward.  */
	subs	r1, r3
    341e:	1ac9      	subs	r1, r1, r3
	rsb	ip, r3, #4
    3420:	f1c3 0c04 	rsb	ip, r3, #4

	/* Pre-load on word */
	ldr	r4, [r1], #4
    3424:	f851 4b04 	ldr.w	r4, [r1], #4

	cmp	r3, #2
    3428:	2b02      	cmp	r3, #2
	beq	.Lmisaligned_copy_2_2
    342a:	d019      	beq.n	3460 <memcpy+0x168>
	cmp	r3, #3
    342c:	2b03      	cmp	r3, #3
	beq	.Lmisaligned_copy_3_1
    342e:	d00b      	beq.n	3448 <memcpy+0x150>
	subs	r2, #4
	bhs	1b
	.endm

.Lmisaligned_copy_1_3:
	mis_src_copy shift=8
    3430:	0a24      	lsrs	r4, r4, #8
    3432:	f851 3b04 	ldr.w	r3, [r1], #4
    3436:	061d      	lsls	r5, r3, #24
    3438:	ea44 0405 	orr.w	r4, r4, r5
    343c:	f840 4b04 	str.w	r4, [r0], #4
    3440:	461c      	mov	r4, r3
    3442:	3a04      	subs	r2, #4
    3444:	d2f4      	bcs.n	3430 <memcpy+0x138>
	b	.Lsrc_misaligned_tail
    3446:	e016      	b.n	3476 <memcpy+0x17e>

.Lmisaligned_copy_3_1:
	mis_src_copy shift=24
    3448:	0e24      	lsrs	r4, r4, #24
    344a:	f851 3b04 	ldr.w	r3, [r1], #4
    344e:	021d      	lsls	r5, r3, #8
    3450:	ea44 0405 	orr.w	r4, r4, r5
    3454:	f840 4b04 	str.w	r4, [r0], #4
    3458:	461c      	mov	r4, r3
    345a:	3a04      	subs	r2, #4
    345c:	d2f4      	bcs.n	3448 <memcpy+0x150>
	b	.Lsrc_misaligned_tail
    345e:	e00a      	b.n	3476 <memcpy+0x17e>

.Lmisaligned_copy_2_2:
	/* For 2_2 misalignment, ldr is still faster than 2 x ldrh.  */
	mis_src_copy shift=16
    3460:	0c24      	lsrs	r4, r4, #16
    3462:	f851 3b04 	ldr.w	r3, [r1], #4
    3466:	041d      	lsls	r5, r3, #16
    3468:	ea44 0405 	orr.w	r4, r4, r5
    346c:	f840 4b04 	str.w	r4, [r0], #4
    3470:	461c      	mov	r4, r3
    3472:	3a04      	subs	r2, #4
    3474:	d2f4      	bcs.n	3460 <memcpy+0x168>

.Lsrc_misaligned_tail:
	adds	r2, #4
    3476:	3204      	adds	r2, #4
	subs	r1, ip
    3478:	ebb1 010c 	subs.w	r1, r1, ip
	pop	{r4, r5}
    347c:	bc30      	pop	{r4, r5}

#endif /* __ARM_FEATURE_UNALIGNED */

.Lbyte_copy:
	subs	r2, #4
    347e:	3a04      	subs	r2, #4
	blo	.Lcopy_less_than_4
    3480:	d3a0      	bcc.n	33c4 <memcpy+0xcc>

.Lbyte_copy_loop:
	subs    r2, #1
    3482:	3a01      	subs	r2, #1
	ldrb    r3, [r1], #1
    3484:	f811 3b01 	ldrb.w	r3, [r1], #1
	strb    r3, [r0], #1
    3488:	f800 3b01 	strb.w	r3, [r0], #1
	bhs	.Lbyte_copy_loop
    348c:	d2f9      	bcs.n	3482 <memcpy+0x18a>

	ldrb	r3, [r1]
    348e:	780b      	ldrb	r3, [r1, #0]
	strb	r3, [r0]
    3490:	7003      	strb	r3, [r0, #0]
	ldrb	r3, [r1, #1]
    3492:	784b      	ldrb	r3, [r1, #1]
	strb	r3, [r0, #1]
    3494:	7043      	strb	r3, [r0, #1]
	ldrb	r3, [r1, #2]
    3496:	788b      	ldrb	r3, [r1, #2]
	strb	r3, [r0, #2]
    3498:	7083      	strb	r3, [r0, #2]

#ifdef __ARM_FEATURE_UNALIGNED
	mov	r0, ip
#else
	pop	{r0}
    349a:	bc01      	pop	{r0}
#endif
	bx	lr
    349c:	4770      	bx	lr
    349e:	bf00      	nop

000034a0 <fault_isr>:
{
    34a0:	b508      	push	{r3, lr}
		if (SIM_SCGC4 & SIM_SCGC4_USBOTG) usb_isr();
    34a2:	4c0f      	ldr	r4, [pc, #60]	; (34e0 <fault_isr+0x40>)
    34a4:	6b63      	ldr	r3, [r4, #52]	; 0x34
    34a6:	0358      	lsls	r0, r3, #13
    34a8:	d40d      	bmi.n	34c6 <fault_isr+0x26>
		if (SIM_SCGC4 & SIM_SCGC4_UART0) uart0_status_isr();
    34aa:	6b63      	ldr	r3, [r4, #52]	; 0x34
    34ac:	0559      	lsls	r1, r3, #21
    34ae:	d40f      	bmi.n	34d0 <fault_isr+0x30>
		if (SIM_SCGC4 & SIM_SCGC4_UART1) uart1_status_isr();
    34b0:	6b63      	ldr	r3, [r4, #52]	; 0x34
    34b2:	051a      	lsls	r2, r3, #20
    34b4:	d411      	bmi.n	34da <fault_isr+0x3a>
		if (SIM_SCGC4 & SIM_SCGC4_UART2) uart2_status_isr();
    34b6:	6b63      	ldr	r3, [r4, #52]	; 0x34
    34b8:	04db      	lsls	r3, r3, #19
    34ba:	d5f3      	bpl.n	34a4 <fault_isr+0x4>
    34bc:	f000 f812 	bl	34e4 <unused_isr>
		if (SIM_SCGC4 & SIM_SCGC4_USBOTG) usb_isr();
    34c0:	6b63      	ldr	r3, [r4, #52]	; 0x34
    34c2:	0358      	lsls	r0, r3, #13
    34c4:	d5f1      	bpl.n	34aa <fault_isr+0xa>
    34c6:	f000 fa7b 	bl	39c0 <usb_isr>
		if (SIM_SCGC4 & SIM_SCGC4_UART0) uart0_status_isr();
    34ca:	6b63      	ldr	r3, [r4, #52]	; 0x34
    34cc:	0559      	lsls	r1, r3, #21
    34ce:	d5ef      	bpl.n	34b0 <fault_isr+0x10>
    34d0:	f000 f808 	bl	34e4 <unused_isr>
		if (SIM_SCGC4 & SIM_SCGC4_UART1) uart1_status_isr();
    34d4:	6b63      	ldr	r3, [r4, #52]	; 0x34
    34d6:	051a      	lsls	r2, r3, #20
    34d8:	d5ed      	bpl.n	34b6 <fault_isr+0x16>
    34da:	f000 f803 	bl	34e4 <unused_isr>
    34de:	e7ea      	b.n	34b6 <fault_isr+0x16>
    34e0:	40048000 	.word	0x40048000

000034e4 <unused_isr>:
{
    34e4:	b508      	push	{r3, lr}
	fault_isr();
    34e6:	f7ff ffdb 	bl	34a0 <fault_isr>
    34ea:	bf00      	nop

000034ec <startup_early_hook>:
	WDOG_STCTRLH = WDOG_STCTRLH_ALLOWUPDATE;
    34ec:	4b01      	ldr	r3, [pc, #4]	; (34f4 <startup_early_hook+0x8>)
    34ee:	2210      	movs	r2, #16
    34f0:	801a      	strh	r2, [r3, #0]
}
    34f2:	4770      	bx	lr
    34f4:	40052000 	.word	0x40052000

000034f8 <startup_late_hook>:
static void startup_default_late_hook(void) {}
    34f8:	4770      	bx	lr
    34fa:	bf00      	nop

000034fc <_sbrk>:
__attribute__((weak))
void * _sbrk(int incr)
{
	char *prev, *stack;

	prev = __brkval;
    34fc:	490b      	ldr	r1, [pc, #44]	; (352c <_sbrk+0x30>)
    34fe:	680a      	ldr	r2, [r1, #0]
	if (incr != 0) {
    3500:	b148      	cbz	r0, 3516 <_sbrk+0x1a>
{
    3502:	b508      	push	{r3, lr}
		__asm__ volatile("mov %0, sp" : "=r" (stack) ::);
    3504:	46ec      	mov	ip, sp
		if (prev + incr >= stack - STACK_MARGIN) {
    3506:	1813      	adds	r3, r2, r0
    3508:	f5ac 5000 	sub.w	r0, ip, #8192	; 0x2000
    350c:	4283      	cmp	r3, r0
    350e:	d204      	bcs.n	351a <_sbrk+0x1e>
			errno = ENOMEM;
			return (void *)-1;
		}
		__brkval = prev + incr;
    3510:	600b      	str	r3, [r1, #0]
	}
	return prev;
}
    3512:	4610      	mov	r0, r2
    3514:	bd08      	pop	{r3, pc}
    3516:	4610      	mov	r0, r2
    3518:	4770      	bx	lr
			errno = ENOMEM;
    351a:	f002 fb77 	bl	5c0c <__errno>
    351e:	230c      	movs	r3, #12
			return (void *)-1;
    3520:	f04f 32ff 	mov.w	r2, #4294967295
			errno = ENOMEM;
    3524:	6003      	str	r3, [r0, #0]
}
    3526:	4610      	mov	r0, r2
    3528:	bd08      	pop	{r3, pc}
    352a:	bf00      	nop
    352c:	1fff073c 	.word	0x1fff073c

00003530 <_read>:

__attribute__((weak)) 
int _read(int file, char *ptr, int len)
{
	return 0;
}
    3530:	2000      	movs	r0, #0
    3532:	4770      	bx	lr

00003534 <_close>:

__attribute__((weak)) 
int _close(int fd)
{
	return -1;
}
    3534:	f04f 30ff 	mov.w	r0, #4294967295
    3538:	4770      	bx	lr
    353a:	bf00      	nop

0000353c <_fstat>:
#include <sys/stat.h>

__attribute__((weak)) 
int _fstat(int fd, struct stat *st)
{
	st->st_mode = S_IFCHR;
    353c:	f44f 5300 	mov.w	r3, #8192	; 0x2000
    3540:	604b      	str	r3, [r1, #4]
	return 0;
}
    3542:	2000      	movs	r0, #0
    3544:	4770      	bx	lr
    3546:	bf00      	nop

00003548 <_isatty>:

__attribute__((weak)) 
int _isatty(int fd)
{
	return 1;
}
    3548:	2001      	movs	r0, #1
    354a:	4770      	bx	lr

0000354c <_lseek>:

__attribute__((weak)) 
int _lseek(int fd, long long offset, int whence)
{
	return -1;
}
    354c:	f04f 30ff 	mov.w	r0, #4294967295
    3550:	4770      	bx	lr
    3552:	bf00      	nop

00003554 <abort>:
}

__attribute__((weak))
void abort(void)
{
	while (1) ;
    3554:	e7fe      	b.n	3554 <abort>
    3556:	Address 0x00003556 is out of bounds.


00003558 <kinetis_hsrun_disable>:


#if defined(HAS_KINETIS_HSRUN) && F_CPU > 120000000
int kinetis_hsrun_disable(void)
{
	if (SMC_PMSTAT == SMC_PMSTAT_HSRUN) {
    3558:	4b07      	ldr	r3, [pc, #28]	; (3578 <kinetis_hsrun_disable+0x20>)
    355a:	78da      	ldrb	r2, [r3, #3]
    355c:	2a80      	cmp	r2, #128	; 0x80
    355e:	d001      	beq.n	3564 <kinetis_hsrun_disable+0xc>
		// Then turn off HSRUN mode
		SMC_PMCTRL = SMC_PMCTRL_RUNM(0);
		while (SMC_PMSTAT == SMC_PMSTAT_HSRUN) ; // wait
		return 1;
	}
	return 0;
    3560:	2000      	movs	r0, #0
}
    3562:	4770      	bx	lr
			SIM_CLKDIV1 = SIM_CLKDIV1_OUTDIVS(2, 2, 2, 8); // ok
    3564:	4905      	ldr	r1, [pc, #20]	; (357c <kinetis_hsrun_disable+0x24>)
    3566:	4806      	ldr	r0, [pc, #24]	; (3580 <kinetis_hsrun_disable+0x28>)
    3568:	6448      	str	r0, [r1, #68]	; 0x44
		SMC_PMCTRL = SMC_PMCTRL_RUNM(0);
    356a:	2200      	movs	r2, #0
    356c:	705a      	strb	r2, [r3, #1]
		while (SMC_PMSTAT == SMC_PMSTAT_HSRUN) ; // wait
    356e:	78da      	ldrb	r2, [r3, #3]
    3570:	2a80      	cmp	r2, #128	; 0x80
    3572:	d0fc      	beq.n	356e <kinetis_hsrun_disable+0x16>
		return 1;
    3574:	2001      	movs	r0, #1
    3576:	4770      	bx	lr
    3578:	4007e000 	.word	0x4007e000
    357c:	40048000 	.word	0x40048000
    3580:	22280000 	.word	0x22280000

00003584 <kinetis_hsrun_enable>:

int kinetis_hsrun_enable(void)
{
	if (SMC_PMSTAT == SMC_PMSTAT_RUN) {
    3584:	4b07      	ldr	r3, [pc, #28]	; (35a4 <kinetis_hsrun_enable+0x20>)
    3586:	78da      	ldrb	r2, [r3, #3]
    3588:	2a01      	cmp	r2, #1
    358a:	d001      	beq.n	3590 <kinetis_hsrun_enable+0xc>
		#else
			return 0;
		#endif
		return 1;
	}
	return 0;
    358c:	2000      	movs	r0, #0
}
    358e:	4770      	bx	lr
		SMC_PMCTRL = SMC_PMCTRL_RUNM(3);
    3590:	2260      	movs	r2, #96	; 0x60
    3592:	705a      	strb	r2, [r3, #1]
		while (SMC_PMSTAT != SMC_PMSTAT_HSRUN) {;} // wait
    3594:	78da      	ldrb	r2, [r3, #3]
    3596:	2a80      	cmp	r2, #128	; 0x80
    3598:	d1fc      	bne.n	3594 <kinetis_hsrun_enable+0x10>
			SIM_CLKDIV1 = SIM_CLKDIV1_OUTDIVS(0, 2, 0, 6);
    359a:	4b03      	ldr	r3, [pc, #12]	; (35a8 <kinetis_hsrun_enable+0x24>)
    359c:	4a03      	ldr	r2, [pc, #12]	; (35ac <kinetis_hsrun_enable+0x28>)
    359e:	645a      	str	r2, [r3, #68]	; 0x44
		return 1;
    35a0:	2001      	movs	r0, #1
    35a2:	4770      	bx	lr
    35a4:	4007e000 	.word	0x4007e000
    35a8:	40048000 	.word	0x40048000
    35ac:	02060000 	.word	0x02060000

000035b0 <ultoa>:


char * ultoa(unsigned long val, char *buf, int radix)
{
	unsigned digit;
	int i=0, j;
    35b0:	f101 3cff 	add.w	ip, r1, #4294967295
{
    35b4:	b570      	push	{r4, r5, r6, lr}
	char t;

	while (1) {
		digit = val % radix;
    35b6:	4665      	mov	r5, ip
	int i=0, j;
    35b8:	2400      	movs	r4, #0
    35ba:	e001      	b.n	35c0 <ultoa+0x10>
		buf[i] = ((digit < 10) ? '0' + digit : 'A' + digit - 10);
		val /= radix;
    35bc:	4670      	mov	r0, lr
		if (val == 0) break;
		i++;
    35be:	3401      	adds	r4, #1
		digit = val % radix;
    35c0:	fbb0 fef2 	udiv	lr, r0, r2
    35c4:	fb02 031e 	mls	r3, r2, lr, r0
		buf[i] = ((digit < 10) ? '0' + digit : 'A' + digit - 10);
    35c8:	2b09      	cmp	r3, #9
    35ca:	f103 0630 	add.w	r6, r3, #48	; 0x30
    35ce:	bf8a      	itet	hi
    35d0:	3337      	addhi	r3, #55	; 0x37
    35d2:	b2f3      	uxtbls	r3, r6
    35d4:	b2db      	uxtbhi	r3, r3
		if (val == 0) break;
    35d6:	4290      	cmp	r0, r2
		buf[i] = ((digit < 10) ? '0' + digit : 'A' + digit - 10);
    35d8:	f805 3f01 	strb.w	r3, [r5, #1]!
		if (val == 0) break;
    35dc:	d2ee      	bcs.n	35bc <ultoa+0xc>
	}
	buf[i + 1] = 0;
    35de:	1c63      	adds	r3, r4, #1
    35e0:	2200      	movs	r2, #0
    35e2:	54ca      	strb	r2, [r1, r3]
    35e4:	18c8      	adds	r0, r1, r3
	for (j=0; j < i; j++, i--) {
    35e6:	b17c      	cbz	r4, 3608 <ultoa+0x58>
		t = buf[j];
    35e8:	4662      	mov	r2, ip
    35ea:	f81c 5f01 	ldrb.w	r5, [ip, #1]!
		buf[j] = buf[i];
    35ee:	f810 ed01 	ldrb.w	lr, [r0, #-1]!
    35f2:	f88c e000 	strb.w	lr, [ip]
	for (j=0; j < i; j++, i--) {
    35f6:	eba1 030c 	sub.w	r3, r1, ip
    35fa:	3202      	adds	r2, #2
    35fc:	3b01      	subs	r3, #1
    35fe:	1a52      	subs	r2, r2, r1
    3600:	4423      	add	r3, r4
    3602:	429a      	cmp	r2, r3
		buf[i] = t;
    3604:	7005      	strb	r5, [r0, #0]
	for (j=0; j < i; j++, i--) {
    3606:	dbef      	blt.n	35e8 <ultoa+0x38>
	}
	return buf;
}
    3608:	4608      	mov	r0, r1
    360a:	bd70      	pop	{r4, r5, r6, pc}

0000360c <rtc_set>:
	return RTC_TSR;
}

void rtc_set(unsigned long t)
{
	RTC_SR = 0;
    360c:	4b03      	ldr	r3, [pc, #12]	; (361c <rtc_set+0x10>)
    360e:	2200      	movs	r2, #0
	RTC_TPR = 0;
	RTC_TSR = t;
	RTC_SR = RTC_SR_TCE;
    3610:	2110      	movs	r1, #16
	RTC_SR = 0;
    3612:	615a      	str	r2, [r3, #20]
	RTC_TPR = 0;
    3614:	605a      	str	r2, [r3, #4]
	RTC_TSR = t;
    3616:	6018      	str	r0, [r3, #0]
	RTC_SR = RTC_SR_TCE;
    3618:	6159      	str	r1, [r3, #20]
}
    361a:	4770      	bx	lr
    361c:	4003d000 	.word	0x4003d000

00003620 <startup_middle_hook>:
}
#endif

extern void usb_init(void);

static void startup_default_middle_hook(void) {}
    3620:	4770      	bx	lr
    3622:	bf00      	nop

00003624 <_init_Teensyduino_internal_>:
//void init_pins(void)
__attribute__((noinline))
void _init_Teensyduino_internal_(void)
{
#if defined(__MK20DX128__) || defined(__MK20DX256__) || defined(__MK64FX512__) || defined(__MK66FX1M0__)
	NVIC_ENABLE_IRQ(IRQ_PORTA);
    3624:	f04f 2ce0 	mov.w	ip, #3758153728	; 0xe000e000
{
    3628:	e92d 41f0 	stmdb	sp!, {r4, r5, r6, r7, r8, lr}
	NVIC_ENABLE_IRQ(IRQ_PORTA);
    362c:	f04f 6800 	mov.w	r8, #134217728	; 0x8000000
    3630:	f8cc 8104 	str.w	r8, [ip, #260]	; 0x104
	NVIC_ENABLE_IRQ(IRQ_PORTB);
    3634:	f04f 5880 	mov.w	r8, #268435456	; 0x10000000
    3638:	f8cc 8104 	str.w	r8, [ip, #260]	; 0x104
	NVIC_ENABLE_IRQ(IRQ_PORTC);
    363c:	f04f 5800 	mov.w	r8, #536870912	; 0x20000000
    3640:	f8cc 8104 	str.w	r8, [ip, #260]	; 0x104
#if defined(__MK20DX128__) || defined(__MK20DX256__) || defined(__MK64FX512__) || defined(__MK66FX1M0__)
	FTM0_C6SC = 0x28;
	FTM0_C7SC = 0x28;
#endif
#if defined(__MK64FX512__) || defined(__MK66FX1M0__)
	FTM3_C0SC = 0x28;
    3644:	4a2f      	ldr	r2, [pc, #188]	; (3704 <_init_Teensyduino_internal_+0xe0>)
	FTM0_CNT = 0;
    3646:	4930      	ldr	r1, [pc, #192]	; (3708 <_init_Teensyduino_internal_+0xe4>)
	FTM1_MOD = DEFAULT_FTM_MOD;
	FTM1_C0SC = 0x28;
	FTM1_C1SC = 0x28;
	FTM1_SC = FTM_SC_CLKS(1) | FTM_SC_PS(DEFAULT_FTM_PRESCALE);
#if defined(__MK20DX256__) || defined(__MK64FX512__) || defined(__MK66FX1M0__) || defined(__MKL26Z64__)
	FTM2_CNT = 0;
    3648:	4c30      	ldr	r4, [pc, #192]	; (370c <_init_Teensyduino_internal_+0xe8>)
	FTM1_CNT = 0;
    364a:	4d31      	ldr	r5, [pc, #196]	; (3710 <_init_Teensyduino_internal_+0xec>)
	FTM3_C0SC = 0x28;
	FTM3_C1SC = 0x28;
	FTM3_SC = FTM_SC_CLKS(1) | FTM_SC_PS(DEFAULT_FTM_PRESCALE);
#endif
#if defined(__MK66FX1M0__)
	SIM_SCGC2 |= SIM_SCGC2_TPM1;
    364c:	4e31      	ldr	r6, [pc, #196]	; (3714 <_init_Teensyduino_internal_+0xf0>)
	NVIC_ENABLE_IRQ(IRQ_PORTD);
    364e:	f04f 4880 	mov.w	r8, #1073741824	; 0x40000000
    3652:	f8cc 8104 	str.w	r8, [ip, #260]	; 0x104
	FTM0_C0SC = 0x28; // MSnB:MSnA = 10, ELSnB:ELSnA = 10
    3656:	2328      	movs	r3, #40	; 0x28
	FTM0_CNT = 0;
    3658:	2000      	movs	r0, #0
	FTM0_MOD = DEFAULT_FTM_MOD;
    365a:	f64e 7eff 	movw	lr, #61439	; 0xefff
	FTM0_SC = FTM_SC_CLKS(1) | FTM_SC_PS(DEFAULT_FTM_PRESCALE);
    365e:	2709      	movs	r7, #9
	NVIC_ENABLE_IRQ(IRQ_PORTE);
    3660:	f04f 4800 	mov.w	r8, #2147483648	; 0x80000000
    3664:	f8cc 8104 	str.w	r8, [ip, #260]	; 0x104
	FTM0_CNT = 0;
    3668:	6048      	str	r0, [r1, #4]
	FTM0_MOD = DEFAULT_FTM_MOD;
    366a:	f8c1 e008 	str.w	lr, [r1, #8]
	FTM0_C0SC = 0x28; // MSnB:MSnA = 10, ELSnB:ELSnA = 10
    366e:	60cb      	str	r3, [r1, #12]
	FTM0_C1SC = 0x28;
    3670:	614b      	str	r3, [r1, #20]
	FTM0_C2SC = 0x28;
    3672:	61cb      	str	r3, [r1, #28]
	FTM0_C3SC = 0x28;
    3674:	624b      	str	r3, [r1, #36]	; 0x24
	FTM0_C4SC = 0x28;
    3676:	62cb      	str	r3, [r1, #44]	; 0x2c
	FTM0_C5SC = 0x28;
    3678:	634b      	str	r3, [r1, #52]	; 0x34
	FTM0_C6SC = 0x28;
    367a:	63cb      	str	r3, [r1, #60]	; 0x3c
	FTM0_C7SC = 0x28;
    367c:	644b      	str	r3, [r1, #68]	; 0x44
	FTM3_C0SC = 0x28;
    367e:	60d3      	str	r3, [r2, #12]
	FTM3_C1SC = 0x28;
    3680:	6153      	str	r3, [r2, #20]
	FTM3_C2SC = 0x28;
    3682:	61d3      	str	r3, [r2, #28]
	FTM3_C3SC = 0x28;
    3684:	6253      	str	r3, [r2, #36]	; 0x24
	FTM3_C4SC = 0x28;
    3686:	62d3      	str	r3, [r2, #44]	; 0x2c
	FTM3_C5SC = 0x28;
    3688:	6353      	str	r3, [r2, #52]	; 0x34
	FTM3_C6SC = 0x28;
    368a:	63d3      	str	r3, [r2, #60]	; 0x3c
	FTM3_C7SC = 0x28;
    368c:	6453      	str	r3, [r2, #68]	; 0x44
	FTM0_SC = FTM_SC_CLKS(1) | FTM_SC_PS(DEFAULT_FTM_PRESCALE);
    368e:	600f      	str	r7, [r1, #0]
	FTM1_CNT = 0;
    3690:	6068      	str	r0, [r5, #4]
	FTM1_MOD = DEFAULT_FTM_MOD;
    3692:	f8c5 e008 	str.w	lr, [r5, #8]
	FTM1_C0SC = 0x28;
    3696:	60eb      	str	r3, [r5, #12]
	FTM1_C1SC = 0x28;
    3698:	616b      	str	r3, [r5, #20]
	FTM1_SC = FTM_SC_CLKS(1) | FTM_SC_PS(DEFAULT_FTM_PRESCALE);
    369a:	602f      	str	r7, [r5, #0]
	FTM2_CNT = 0;
    369c:	6060      	str	r0, [r4, #4]
	FTM2_MOD = DEFAULT_FTM_MOD;
    369e:	f8c4 e008 	str.w	lr, [r4, #8]
	FTM2_C0SC = 0x28;
    36a2:	60e3      	str	r3, [r4, #12]
	FTM2_C1SC = 0x28;
    36a4:	6163      	str	r3, [r4, #20]
	FTM2_SC = FTM_SC_CLKS(1) | FTM_SC_PS(DEFAULT_FTM_PRESCALE);
    36a6:	6027      	str	r7, [r4, #0]
	FTM3_CNT = 0;
    36a8:	6050      	str	r0, [r2, #4]
	FTM3_MOD = DEFAULT_FTM_MOD;
    36aa:	f8c2 e008 	str.w	lr, [r2, #8]
	FTM3_C0SC = 0x28;
    36ae:	60d3      	str	r3, [r2, #12]
	FTM3_C1SC = 0x28;
    36b0:	6153      	str	r3, [r2, #20]
	FTM3_SC = FTM_SC_CLKS(1) | FTM_SC_PS(DEFAULT_FTM_PRESCALE);
    36b2:	6017      	str	r7, [r2, #0]
	SIM_SCGC2 |= SIM_SCGC2_TPM1;
    36b4:	6af1      	ldr	r1, [r6, #44]	; 0x2c
    36b6:	f441 7100 	orr.w	r1, r1, #512	; 0x200
    36ba:	62f1      	str	r1, [r6, #44]	; 0x2c
	SIM_SOPT2 |= SIM_SOPT2_TPMSRC(2);
    36bc:	6871      	ldr	r1, [r6, #4]
	TPM1_CNT = 0;
    36be:	f502 3280 	add.w	r2, r2, #65536	; 0x10000
	SIM_SOPT2 |= SIM_SOPT2_TPMSRC(2);
    36c2:	f041 7100 	orr.w	r1, r1, #33554432	; 0x2000000
    36c6:	6071      	str	r1, [r6, #4]
	TPM1_MOD = 32767;
    36c8:	f647 74ff 	movw	r4, #32767	; 0x7fff
	TPM1_C0SC = 0x28;
	TPM1_C1SC = 0x28;
	TPM1_SC = FTM_SC_CLKS(1) | FTM_SC_PS(0);
    36cc:	2108      	movs	r1, #8
	TPM1_CNT = 0;
    36ce:	6050      	str	r0, [r2, #4]
{
    36d0:	b082      	sub	sp, #8
	TPM1_MOD = 32767;
    36d2:	6094      	str	r4, [r2, #8]
	TPM1_C0SC = 0x28;
    36d4:	60d3      	str	r3, [r2, #12]
	TPM1_C1SC = 0x28;
    36d6:	6153      	str	r3, [r2, #20]
	TPM1_SC = FTM_SC_CLKS(1) | FTM_SC_PS(0);
    36d8:	6011      	str	r1, [r2, #0]
#endif
	analog_init();
    36da:	f000 fff7 	bl	46cc <analog_init>

	// for background about this startup delay, please see these conversations
	// https://forum.pjrc.com/threads/36606-startup-time-(400ms)?p=113980&viewfull=1#post113980
	// https://forum.pjrc.com/threads/31290-Teensey-3-2-Teensey-Loader-1-24-Issues?p=87273&viewfull=1#post87273

	startup_middle_hook();
    36de:	f7ff ff9f 	bl	3620 <startup_middle_hook>
	while (millis() < TEENSY_INIT_USB_DELAY_BEFORE) ; // wait
    36e2:	4c0d      	ldr	r4, [pc, #52]	; (3718 <_init_Teensyduino_internal_+0xf4>)
	volatile uint32_t ret = systick_millis_count; // single aligned 32 bit is atomic
    36e4:	6823      	ldr	r3, [r4, #0]
    36e6:	9300      	str	r3, [sp, #0]
	return ret;
    36e8:	9b00      	ldr	r3, [sp, #0]
    36ea:	2b13      	cmp	r3, #19
    36ec:	d9fa      	bls.n	36e4 <_init_Teensyduino_internal_+0xc0>
	usb_init();
    36ee:	f000 fd21 	bl	4134 <usb_init>
	volatile uint32_t ret = systick_millis_count; // single aligned 32 bit is atomic
    36f2:	6823      	ldr	r3, [r4, #0]
    36f4:	9301      	str	r3, [sp, #4]
	return ret;
    36f6:	9b01      	ldr	r3, [sp, #4]
	while (millis() < TEENSY_INIT_USB_DELAY_AFTER + TEENSY_INIT_USB_DELAY_BEFORE) ; // wait
    36f8:	f5b3 7f96 	cmp.w	r3, #300	; 0x12c
    36fc:	d3f9      	bcc.n	36f2 <_init_Teensyduino_internal_+0xce>
}
    36fe:	b002      	add	sp, #8
    3700:	e8bd 81f0 	ldmia.w	sp!, {r4, r5, r6, r7, r8, pc}
    3704:	400b9000 	.word	0x400b9000
    3708:	40038000 	.word	0x40038000
    370c:	400b8000 	.word	0x400b8000
    3710:	40039000 	.word	0x40039000
    3714:	40048000 	.word	0x40048000
    3718:	1fff612c 	.word	0x1fff612c

0000371c <digitalWrite>:

// TODO: startup code needs to initialize all pins to GPIO mode, input by default

void digitalWrite(uint8_t pin, uint8_t val)
{
	if (pin >= CORE_NUM_DIGITAL) return;
    371c:	283f      	cmp	r0, #63	; 0x3f
    371e:	d818      	bhi.n	3752 <digitalWrite+0x36>
{
    3720:	b410      	push	{r4}
#ifdef KINETISK
	if (*portModeRegister(pin)) {
    3722:	4b12      	ldr	r3, [pc, #72]	; (376c <digitalWrite+0x50>)
    3724:	f853 2030 	ldr.w	r2, [r3, r0, lsl #3]
    3728:	f892 4280 	ldrb.w	r4, [r2, #640]	; 0x280
    372c:	b134      	cbz	r4, 373c <digitalWrite+0x20>
		if (val) {
			*portSetRegister(pin) = 1;
    372e:	2301      	movs	r3, #1
		if (val) {
    3730:	b981      	cbnz	r1, 3754 <digitalWrite+0x38>
		} else {
			*portClearRegister(pin) = 1;
    3732:	f882 3100 	strb.w	r3, [r2, #256]	; 0x100
			*config &= ~(PORT_PCR_PE);
			//*config = PORT_PCR_MUX(1);
		}
	}

}
    3736:	f85d 4b04 	ldr.w	r4, [sp], #4
    373a:	4770      	bx	lr
		volatile uint32_t *config = portConfigRegister(pin);
    373c:	eb03 03c0 	add.w	r3, r3, r0, lsl #3
    3740:	685b      	ldr	r3, [r3, #4]
			*config |= (PORT_PCR_PE | PORT_PCR_PS);
    3742:	681a      	ldr	r2, [r3, #0]
		if (val) {
    3744:	b159      	cbz	r1, 375e <digitalWrite+0x42>
			*config |= (PORT_PCR_PE | PORT_PCR_PS);
    3746:	f042 0203 	orr.w	r2, r2, #3
}
    374a:	f85d 4b04 	ldr.w	r4, [sp], #4
			*config |= (PORT_PCR_PE | PORT_PCR_PS);
    374e:	601a      	str	r2, [r3, #0]
}
    3750:	4770      	bx	lr
    3752:	4770      	bx	lr
			*portSetRegister(pin) = 1;
    3754:	f882 3080 	strb.w	r3, [r2, #128]	; 0x80
}
    3758:	f85d 4b04 	ldr.w	r4, [sp], #4
    375c:	4770      	bx	lr
			*config &= ~(PORT_PCR_PE);
    375e:	f022 0202 	bic.w	r2, r2, #2
}
    3762:	f85d 4b04 	ldr.w	r4, [sp], #4
			*config &= ~(PORT_PCR_PE);
    3766:	601a      	str	r2, [r3, #0]
}
    3768:	4770      	bx	lr
    376a:	bf00      	nop
    376c:	0000b8c4 	.word	0x0000b8c4

00003770 <digitalRead>:
#endif
}

uint8_t digitalRead(uint8_t pin)
{
	if (pin >= CORE_NUM_DIGITAL) return 0;
    3770:	283f      	cmp	r0, #63	; 0x3f
    3772:	d806      	bhi.n	3782 <digitalRead+0x12>
#ifdef KINETISK
	return *portInputRegister(pin);
    3774:	4b04      	ldr	r3, [pc, #16]	; (3788 <digitalRead+0x18>)
    3776:	f853 3030 	ldr.w	r3, [r3, r0, lsl #3]
    377a:	f893 0200 	ldrb.w	r0, [r3, #512]	; 0x200
    377e:	b2c0      	uxtb	r0, r0
    3780:	4770      	bx	lr
	if (pin >= CORE_NUM_DIGITAL) return 0;
    3782:	2000      	movs	r0, #0
#else
	return (*portInputRegister(pin) & digitalPinToBitMask(pin)) ? 1 : 0;
#endif
}
    3784:	4770      	bx	lr
    3786:	bf00      	nop
    3788:	0000b8c4 	.word	0x0000b8c4

0000378c <pinMode>:

void pinMode(uint8_t pin, uint8_t mode)
{
	volatile uint32_t *config;

	if (pin >= CORE_NUM_DIGITAL) return;
    378c:	283f      	cmp	r0, #63	; 0x3f
    378e:	d820      	bhi.n	37d2 <pinMode+0x46>
	config = portConfigRegister(pin);
    3790:	4a1b      	ldr	r2, [pc, #108]	; (3800 <pinMode+0x74>)
    3792:	eb02 03c0 	add.w	r3, r2, r0, lsl #3

	if (mode == OUTPUT || mode == OUTPUT_OPENDRAIN) {
    3796:	2901      	cmp	r1, #1
	config = portConfigRegister(pin);
    3798:	685b      	ldr	r3, [r3, #4]
	if (mode == OUTPUT || mode == OUTPUT_OPENDRAIN) {
    379a:	d00f      	beq.n	37bc <pinMode+0x30>
    379c:	2904      	cmp	r1, #4
    379e:	d01d      	beq.n	37dc <pinMode+0x50>
		} else {
		    *config &= ~PORT_PCR_ODE;
                }
	} else {
#ifdef KINETISK
		*portModeRegister(pin) = 0;
    37a0:	f852 0030 	ldr.w	r0, [r2, r0, lsl #3]
    37a4:	2200      	movs	r2, #0
    37a6:	f880 2280 	strb.w	r2, [r0, #640]	; 0x280
#else
		*portModeRegister(pin) &= ~digitalPinToBitMask(pin);
#endif
		if (mode == INPUT) {
    37aa:	b199      	cbz	r1, 37d4 <pinMode+0x48>
			*config = PORT_PCR_MUX(1);
		} else if (mode == INPUT_PULLUP) {
    37ac:	2902      	cmp	r1, #2
    37ae:	d022      	beq.n	37f6 <pinMode+0x6a>
			*config = PORT_PCR_MUX(1) | PORT_PCR_PE | PORT_PCR_PS;
		} else if (mode == INPUT_PULLDOWN) {
    37b0:	2903      	cmp	r1, #3
    37b2:	d10d      	bne.n	37d0 <pinMode+0x44>
			*config = PORT_PCR_MUX(1) | PORT_PCR_PE;
    37b4:	f44f 7281 	mov.w	r2, #258	; 0x102
    37b8:	601a      	str	r2, [r3, #0]
    37ba:	4770      	bx	lr
		*portModeRegister(pin) = 1;
    37bc:	f852 0030 	ldr.w	r0, [r2, r0, lsl #3]
		*config = PORT_PCR_SRE | PORT_PCR_DSE | PORT_PCR_MUX(1);
    37c0:	f44f 72a2 	mov.w	r2, #324	; 0x144
		*portModeRegister(pin) = 1;
    37c4:	f880 1280 	strb.w	r1, [r0, #640]	; 0x280
		*config = PORT_PCR_SRE | PORT_PCR_DSE | PORT_PCR_MUX(1);
    37c8:	601a      	str	r2, [r3, #0]
		    *config &= ~PORT_PCR_ODE;
    37ca:	681a      	ldr	r2, [r3, #0]
    37cc:	f022 0220 	bic.w	r2, r2, #32
    37d0:	601a      	str	r2, [r3, #0]
		} else { // INPUT_DISABLE
			*config = 0;
		}
	}
}
    37d2:	4770      	bx	lr
			*config = PORT_PCR_MUX(1);
    37d4:	f44f 7280 	mov.w	r2, #256	; 0x100
    37d8:	601a      	str	r2, [r3, #0]
    37da:	4770      	bx	lr
		*portModeRegister(pin) = 1;
    37dc:	f852 1030 	ldr.w	r1, [r2, r0, lsl #3]
		*config = PORT_PCR_SRE | PORT_PCR_DSE | PORT_PCR_MUX(1);
    37e0:	f44f 72a2 	mov.w	r2, #324	; 0x144
		*portModeRegister(pin) = 1;
    37e4:	2001      	movs	r0, #1
    37e6:	f881 0280 	strb.w	r0, [r1, #640]	; 0x280
		*config = PORT_PCR_SRE | PORT_PCR_DSE | PORT_PCR_MUX(1);
    37ea:	601a      	str	r2, [r3, #0]
		    *config |= PORT_PCR_ODE;
    37ec:	681a      	ldr	r2, [r3, #0]
    37ee:	f042 0220 	orr.w	r2, r2, #32
    37f2:	601a      	str	r2, [r3, #0]
    37f4:	4770      	bx	lr
			*config = PORT_PCR_MUX(1) | PORT_PCR_PE | PORT_PCR_PS;
    37f6:	f240 1203 	movw	r2, #259	; 0x103
    37fa:	601a      	str	r2, [r3, #0]
    37fc:	4770      	bx	lr
    37fe:	bf00      	nop
    3800:	0000b8c4 	.word	0x0000b8c4

00003804 <micros>:

uint32_t micros(void)
{
	uint32_t count, current, istatus;

	__disable_irq();
    3804:	b672      	cpsid	i
	current = SYST_CVR;
	count = systick_millis_count;
    3806:	490e      	ldr	r1, [pc, #56]	; (3840 <micros+0x3c>)
	current = SYST_CVR;
    3808:	f04f 22e0 	mov.w	r2, #3758153728	; 0xe000e000
    380c:	6993      	ldr	r3, [r2, #24]
	count = systick_millis_count;
    380e:	6808      	ldr	r0, [r1, #0]
	istatus = SCB_ICSR;	// bit 26 indicates if systick exception pending
    3810:	f8d2 2d04 	ldr.w	r2, [r2, #3332]	; 0xd04
	__enable_irq();
    3814:	b662      	cpsie	i
	 //systick_current = current;
	 //systick_count = count;
	 //systick_istatus = istatus & SCB_ICSR_PENDSTSET ? 1 : 0;
	if ((istatus & SCB_ICSR_PENDSTSET) && current > 50) count++;
    3816:	0152      	lsls	r2, r2, #5
    3818:	d502      	bpl.n	3820 <micros+0x1c>
    381a:	2b32      	cmp	r3, #50	; 0x32
    381c:	bf88      	it	hi
    381e:	3001      	addhi	r0, #1
	current = ((F_CPU / 1000) - 1) - current;
    3820:	f5c3 332f 	rsb	r3, r3, #179200	; 0x2bc00
#if defined(KINETISL) && F_CPU == 48000000
	return count * 1000 + ((current * (uint32_t)87381) >> 22);
#elif defined(KINETISL) && F_CPU == 24000000
	return count * 1000 + ((current * (uint32_t)174763) >> 22);
#endif
	return count * 1000 + current / (F_CPU / 1000000);
    3824:	4a07      	ldr	r2, [pc, #28]	; (3844 <micros+0x40>)
	current = ((F_CPU / 1000) - 1) - current;
    3826:	f203 331f 	addw	r3, r3, #799	; 0x31f
	return count * 1000 + current / (F_CPU / 1000000);
    382a:	f44f 717a 	mov.w	r1, #1000	; 0x3e8
    382e:	089b      	lsrs	r3, r3, #2
    3830:	fba2 2303 	umull	r2, r3, r2, r3
    3834:	fb01 f000 	mul.w	r0, r1, r0
}
    3838:	eb00 0093 	add.w	r0, r0, r3, lsr #2
    383c:	4770      	bx	lr
    383e:	bf00      	nop
    3840:	1fff612c 	.word	0x1fff612c
    3844:	16c16c17 	.word	0x16c16c17

00003848 <usb_rx>:


usb_packet_t *usb_rx(uint32_t endpoint)
{
	usb_packet_t *ret;
	endpoint--;
    3848:	1e43      	subs	r3, r0, #1
	if (endpoint >= NUM_ENDPOINTS) return NULL;
    384a:	2b03      	cmp	r3, #3
    384c:	d816      	bhi.n	387c <usb_rx+0x34>
	__disable_irq();
    384e:	b672      	cpsid	i
	ret = rx_first[endpoint];
    3850:	490b      	ldr	r1, [pc, #44]	; (3880 <usb_rx+0x38>)
    3852:	f851 0023 	ldr.w	r0, [r1, r3, lsl #2]
	if (ret) {
    3856:	b178      	cbz	r0, 3878 <usb_rx+0x30>
{
    3858:	b430      	push	{r4, r5}
		rx_first[endpoint] = ret->next;
		usb_rx_byte_count_data[endpoint] -= ret->len;
    385a:	4c0a      	ldr	r4, [pc, #40]	; (3884 <usb_rx+0x3c>)
    385c:	f8b0 c000 	ldrh.w	ip, [r0]
    3860:	f834 2013 	ldrh.w	r2, [r4, r3, lsl #1]
		rx_first[endpoint] = ret->next;
    3864:	6845      	ldr	r5, [r0, #4]
    3866:	f841 5023 	str.w	r5, [r1, r3, lsl #2]
		usb_rx_byte_count_data[endpoint] -= ret->len;
    386a:	eba2 020c 	sub.w	r2, r2, ip
    386e:	f824 2013 	strh.w	r2, [r4, r3, lsl #1]
	}
	__enable_irq();
    3872:	b662      	cpsie	i
	//serial_phex(endpoint);
	//serial_print(", packet=");
	//serial_phex32(ret);
	//serial_print("\n");
	return ret;
}
    3874:	bc30      	pop	{r4, r5}
    3876:	4770      	bx	lr
	__enable_irq();
    3878:	b662      	cpsie	i
}
    387a:	4770      	bx	lr
	if (endpoint >= NUM_ENDPOINTS) return NULL;
    387c:	2000      	movs	r0, #0
    387e:	4770      	bx	lr
    3880:	1fff61c0 	.word	0x1fff61c0
    3884:	1fff6210 	.word	0x1fff6210

00003888 <usb_tx_packet_count>:
uint32_t usb_tx_packet_count(uint32_t endpoint)
{
	const usb_packet_t *p;
	uint32_t count=0;

	endpoint--;
    3888:	3801      	subs	r0, #1
	if (endpoint >= NUM_ENDPOINTS) return 0;
    388a:	2803      	cmp	r0, #3
    388c:	d80b      	bhi.n	38a6 <usb_tx_packet_count+0x1e>
	__disable_irq();
    388e:	b672      	cpsid	i
	for (p = tx_first[endpoint]; p; p = p->next) count++;
    3890:	4b07      	ldr	r3, [pc, #28]	; (38b0 <usb_tx_packet_count+0x28>)
    3892:	f853 3020 	ldr.w	r3, [r3, r0, lsl #2]
    3896:	b143      	cbz	r3, 38aa <usb_tx_packet_count+0x22>
	uint32_t count=0;
    3898:	2000      	movs	r0, #0
	for (p = tx_first[endpoint]; p; p = p->next) count++;
    389a:	685b      	ldr	r3, [r3, #4]
    389c:	3001      	adds	r0, #1
    389e:	2b00      	cmp	r3, #0
    38a0:	d1fb      	bne.n	389a <usb_tx_packet_count+0x12>
	__enable_irq();
    38a2:	b662      	cpsie	i
	return count;
    38a4:	4770      	bx	lr
	if (endpoint >= NUM_ENDPOINTS) return 0;
    38a6:	2000      	movs	r0, #0
}
    38a8:	4770      	bx	lr
	uint32_t count=0;
    38aa:	4618      	mov	r0, r3
    38ac:	e7f9      	b.n	38a2 <usb_tx_packet_count+0x1a>
    38ae:	bf00      	nop
    38b0:	1fff61e8 	.word	0x1fff61e8

000038b4 <usb_rx_memory>:
// user is creating data very quickly, their consumption could starve reception
// without this prioritization.  The packet buffer (input) is assigned to the
// first endpoint needing memory.
//
void usb_rx_memory(usb_packet_t *packet)
{
    38b4:	b410      	push	{r4}
	unsigned int i;
	const uint8_t *cfg;

	cfg = usb_endpoint_config_table;
	//serial_print("rx_mem:");
	__disable_irq();
    38b6:	b672      	cpsid	i
	cfg = usb_endpoint_config_table;
    38b8:	4a1a      	ldr	r2, [pc, #104]	; (3924 <usb_rx_memory+0x70>)
	for (i=1; i <= NUM_ENDPOINTS; i++) {
#ifdef AUDIO_INTERFACE
		if (i == AUDIO_RX_ENDPOINT) continue;
#endif
		if (*cfg++ & USB_ENDPT_EPRXEN) {
			if (table[index(i, RX, EVEN)].desc == 0) {
    38ba:	4c1b      	ldr	r4, [pc, #108]	; (3928 <usb_rx_memory+0x74>)
	__disable_irq();
    38bc:	2304      	movs	r3, #4
		if (*cfg++ & USB_ENDPT_EPRXEN) {
    38be:	f812 1b01 	ldrb.w	r1, [r2], #1
    38c2:	0709      	lsls	r1, r1, #28
				__enable_irq();
				//serial_phex(i);
				//serial_print(",even\n");
				return;
			}
			if (table[index(i, RX, ODD)].desc == 0) {
    38c4:	f043 0c01 	orr.w	ip, r3, #1
		if (*cfg++ & USB_ENDPT_EPRXEN) {
    38c8:	d505      	bpl.n	38d6 <usb_rx_memory+0x22>
			if (table[index(i, RX, EVEN)].desc == 0) {
    38ca:	f854 1033 	ldr.w	r1, [r4, r3, lsl #3]
    38ce:	b169      	cbz	r1, 38ec <usb_rx_memory+0x38>
			if (table[index(i, RX, ODD)].desc == 0) {
    38d0:	f854 103c 	ldr.w	r1, [r4, ip, lsl #3]
    38d4:	b1c9      	cbz	r1, 390a <usb_rx_memory+0x56>
	for (i=1; i <= NUM_ENDPOINTS; i++) {
    38d6:	3304      	adds	r3, #4
    38d8:	2b14      	cmp	r3, #20
    38da:	d1f0      	bne.n	38be <usb_rx_memory+0xa>
				//serial_print(",odd\n");
				return;
			}
		}
	}
	__enable_irq();
    38dc:	b662      	cpsie	i
	// we should never reach this point.  If we get here, it means
	// usb_rx_memory_needed was set greater than zero, but no memory
	// was actually needed.
	usb_rx_memory_needed = 0;
    38de:	4b13      	ldr	r3, [pc, #76]	; (392c <usb_rx_memory+0x78>)
    38e0:	2200      	movs	r2, #0
    38e2:	701a      	strb	r2, [r3, #0]
	usb_free(packet);
	return;
}
    38e4:	f85d 4b04 	ldr.w	r4, [sp], #4
	usb_free(packet);
    38e8:	f000 bcae 	b.w	4248 <usb_free>
				usb_rx_memory_needed--;
    38ec:	490f      	ldr	r1, [pc, #60]	; (392c <usb_rx_memory+0x78>)
				table[index(i, RX, EVEN)].addr = packet->buf;
    38ee:	eb04 02c3 	add.w	r2, r4, r3, lsl #3
    38f2:	3008      	adds	r0, #8
    38f4:	6050      	str	r0, [r2, #4]
				usb_rx_memory_needed--;
    38f6:	780a      	ldrb	r2, [r1, #0]
				table[index(i, RX, EVEN)].desc = BDT_DESC(64, 0);
    38f8:	480d      	ldr	r0, [pc, #52]	; (3930 <usb_rx_memory+0x7c>)
    38fa:	f844 0033 	str.w	r0, [r4, r3, lsl #3]
				usb_rx_memory_needed--;
    38fe:	3a01      	subs	r2, #1
    3900:	700a      	strb	r2, [r1, #0]
				__enable_irq();
    3902:	b662      	cpsie	i
}
    3904:	f85d 4b04 	ldr.w	r4, [sp], #4
    3908:	4770      	bx	lr
				usb_rx_memory_needed--;
    390a:	4a08      	ldr	r2, [pc, #32]	; (392c <usb_rx_memory+0x78>)
				table[index(i, RX, ODD)].desc = BDT_DESC(64, 1);
    390c:	4909      	ldr	r1, [pc, #36]	; (3934 <usb_rx_memory+0x80>)
				table[index(i, RX, ODD)].addr = packet->buf;
    390e:	eb04 03cc 	add.w	r3, r4, ip, lsl #3
    3912:	3008      	adds	r0, #8
    3914:	6058      	str	r0, [r3, #4]
				usb_rx_memory_needed--;
    3916:	7813      	ldrb	r3, [r2, #0]
				table[index(i, RX, ODD)].desc = BDT_DESC(64, 1);
    3918:	f844 103c 	str.w	r1, [r4, ip, lsl #3]
				usb_rx_memory_needed--;
    391c:	3b01      	subs	r3, #1
    391e:	7013      	strb	r3, [r2, #0]
				__enable_irq();
    3920:	b662      	cpsie	i
				return;
    3922:	e7ef      	b.n	3904 <usb_rx_memory+0x50>
    3924:	0000bb44 	.word	0x0000bb44
    3928:	1fff0000 	.word	0x1fff0000
    392c:	1fff6218 	.word	0x1fff6218
    3930:	00400088 	.word	0x00400088
    3934:	004000c8 	.word	0x004000c8

00003938 <usb_tx>:
void usb_tx(uint32_t endpoint, usb_packet_t *packet)
{
	bdt_t *b = &table[index(endpoint, TX, EVEN)];
	uint8_t next;

	endpoint--;
    3938:	1e42      	subs	r2, r0, #1
	if (endpoint >= NUM_ENDPOINTS) return;
    393a:	2a03      	cmp	r2, #3
    393c:	d80e      	bhi.n	395c <usb_tx+0x24>
	bdt_t *b = &table[index(endpoint, TX, EVEN)];
    393e:	4b1c      	ldr	r3, [pc, #112]	; (39b0 <usb_tx+0x78>)
    3940:	0140      	lsls	r0, r0, #5
    3942:	f040 0010 	orr.w	r0, r0, #16
{
    3946:	b410      	push	{r4}
	bdt_t *b = &table[index(endpoint, TX, EVEN)];
    3948:	4403      	add	r3, r0
	__disable_irq();
    394a:	b672      	cpsid	i
	//serial_print("txstate=");
	//serial_phex(tx_state[endpoint]);
	//serial_print("\n");
	switch (tx_state[endpoint]) {
    394c:	4c19      	ldr	r4, [pc, #100]	; (39b4 <usb_tx+0x7c>)
    394e:	5ca0      	ldrb	r0, [r4, r2]
    3950:	2803      	cmp	r0, #3
    3952:	d81d      	bhi.n	3990 <usb_tx+0x58>
    3954:	e8df f000 	tbb	[pc, r0]
    3958:	19031614 	.word	0x19031614
    395c:	4770      	bx	lr
    395e:	2005      	movs	r0, #5
		}
		tx_last[endpoint] = packet;
		__enable_irq();
		return;
	}
	tx_state[endpoint] = next;
    3960:	54a0      	strb	r0, [r4, r2]
	b->addr = packet->buf;
	b->desc = BDT_DESC(packet->len, ((uint32_t)b & 8) ? DATA1 : DATA0);
    3962:	f013 0f08 	tst.w	r3, #8
    3966:	8808      	ldrh	r0, [r1, #0]
    3968:	bf14      	ite	ne
    396a:	22c8      	movne	r2, #200	; 0xc8
    396c:	2288      	moveq	r2, #136	; 0x88
	b->addr = packet->buf;
    396e:	3108      	adds	r1, #8
	b->desc = BDT_DESC(packet->len, ((uint32_t)b & 8) ? DATA1 : DATA0);
    3970:	ea42 4200 	orr.w	r2, r2, r0, lsl #16
	b->addr = packet->buf;
    3974:	6059      	str	r1, [r3, #4]
	b->desc = BDT_DESC(packet->len, ((uint32_t)b & 8) ? DATA1 : DATA0);
    3976:	601a      	str	r2, [r3, #0]
	__enable_irq();
    3978:	b662      	cpsie	i
}
    397a:	f85d 4b04 	ldr.w	r4, [sp], #4
    397e:	4770      	bx	lr
		next = TX_STATE_ODD_FREE;
    3980:	2003      	movs	r0, #3
    3982:	e7ed      	b.n	3960 <usb_tx+0x28>
		b++;
    3984:	3308      	adds	r3, #8
		next = TX_STATE_EVEN_FREE;
    3986:	2002      	movs	r0, #2
		break;
    3988:	e7ea      	b.n	3960 <usb_tx+0x28>
		b++;
    398a:	3308      	adds	r3, #8
		next = TX_STATE_NONE_FREE_EVEN_FIRST;
    398c:	2004      	movs	r0, #4
		break;
    398e:	e7e7      	b.n	3960 <usb_tx+0x28>
		if (tx_first[endpoint] == NULL) {
    3990:	4b09      	ldr	r3, [pc, #36]	; (39b8 <usb_tx+0x80>)
    3992:	f853 0022 	ldr.w	r0, [r3, r2, lsl #2]
    3996:	b138      	cbz	r0, 39a8 <usb_tx+0x70>
			tx_last[endpoint]->next = packet;
    3998:	4b08      	ldr	r3, [pc, #32]	; (39bc <usb_tx+0x84>)
    399a:	f853 0022 	ldr.w	r0, [r3, r2, lsl #2]
    399e:	6041      	str	r1, [r0, #4]
		tx_last[endpoint] = packet;
    39a0:	f843 1022 	str.w	r1, [r3, r2, lsl #2]
		__enable_irq();
    39a4:	b662      	cpsie	i
		return;
    39a6:	e7e8      	b.n	397a <usb_tx+0x42>
			tx_first[endpoint] = packet;
    39a8:	f843 1022 	str.w	r1, [r3, r2, lsl #2]
    39ac:	4b03      	ldr	r3, [pc, #12]	; (39bc <usb_tx+0x84>)
    39ae:	e7f7      	b.n	39a0 <usb_tx+0x68>
    39b0:	1fff0000 	.word	0x1fff0000
    39b4:	1fff6208 	.word	0x1fff6208
    39b8:	1fff61e8 	.word	0x1fff61e8
    39bc:	1fff61f8 	.word	0x1fff61f8

000039c0 <usb_isr>:
}



void usb_isr(void)
{
    39c0:	e92d 4ff0 	stmdb	sp!, {r4, r5, r6, r7, r8, r9, sl, fp, lr}
	//serial_print("isr");
	//status = USB0_ISTAT;
	//serial_phex(status);
	//serial_print("\n");
	restart:
	status = USB0_ISTAT;
    39c4:	f8df a30c 	ldr.w	sl, [pc, #780]	; 3cd4 <usb_isr+0x314>
						//serial_phex(endpoint + 1);
						b->desc = 0;
						usb_rx_memory_needed++;
					}
				} else {
					b->desc = BDT_DESC(64, ((uint32_t)b & 8) ? DATA1 : DATA0);
    39c8:	f8df b30c 	ldr.w	fp, [pc, #780]	; 3cd8 <usb_isr+0x318>
{
    39cc:	b085      	sub	sp, #20
    39ce:	e03d      	b.n	3a4c <usb_isr+0x8c>
			bdt_t *b = stat2bufferdescriptor(stat);
    39d0:	4db0      	ldr	r5, [pc, #704]	; (3c94 <usb_isr+0x2d4>)
    39d2:	089e      	lsrs	r6, r3, #2
    39d4:	eb05 07c6 	add.w	r7, r5, r6, lsl #3
			endpoint--;	// endpoint is index to zero-based arrays
    39d8:	3a01      	subs	r2, #1
			usb_packet_t *packet = (usb_packet_t *)((uint8_t *)(b->addr) - 8);
    39da:	6879      	ldr	r1, [r7, #4]
			if (stat & 0x08) { // transmit
    39dc:	f013 0308 	ands.w	r3, r3, #8
			endpoint--;	// endpoint is index to zero-based arrays
    39e0:	b2d4      	uxtb	r4, r2
			usb_packet_t *packet = (usb_packet_t *)((uint8_t *)(b->addr) - 8);
    39e2:	f1a1 0008 	sub.w	r0, r1, #8
			if (stat & 0x08) { // transmit
    39e6:	f040 80b8 	bne.w	3b5a <usb_isr+0x19a>
				packet->len = b->desc >> 16;
    39ea:	f855 2036 	ldr.w	r2, [r5, r6, lsl #3]
    39ee:	ea4f 4c12 	mov.w	ip, r2, lsr #16
				if (packet->len > 0) {
    39f2:	0c12      	lsrs	r2, r2, #16
				packet->len = b->desc >> 16;
    39f4:	f821 cc08 	strh.w	ip, [r1, #-8]
				if (packet->len > 0) {
    39f8:	f000 80a7 	beq.w	3b4a <usb_isr+0x18a>
					packet->index = 0;
    39fc:	f821 3c06 	strh.w	r3, [r1, #-6]
					packet->next = NULL;
    3a00:	f841 3c04 	str.w	r3, [r1, #-4]
					if (rx_first[endpoint] == NULL) {
    3a04:	4ba4      	ldr	r3, [pc, #656]	; (3c98 <usb_isr+0x2d8>)
    3a06:	f853 2024 	ldr.w	r2, [r3, r4, lsl #2]
    3a0a:	2a00      	cmp	r2, #0
    3a0c:	f000 8201 	beq.w	3e12 <usb_isr+0x452>
						rx_last[endpoint]->next = packet;
    3a10:	4ba2      	ldr	r3, [pc, #648]	; (3c9c <usb_isr+0x2dc>)
    3a12:	f853 2024 	ldr.w	r2, [r3, r4, lsl #2]
    3a16:	6050      	str	r0, [r2, #4]
					rx_last[endpoint] = packet;
    3a18:	f843 0024 	str.w	r0, [r3, r4, lsl #2]
					usb_rx_byte_count_data[endpoint] += packet->len;
    3a1c:	4ba0      	ldr	r3, [pc, #640]	; (3ca0 <usb_isr+0x2e0>)
    3a1e:	f833 2014 	ldrh.w	r2, [r3, r4, lsl #1]
    3a22:	4494      	add	ip, r2
    3a24:	f823 c014 	strh.w	ip, [r3, r4, lsl #1]
					packet = usb_malloc();
    3a28:	f000 fbee 	bl	4208 <usb_malloc>
					if (packet) {
    3a2c:	2800      	cmp	r0, #0
    3a2e:	f000 81e9 	beq.w	3e04 <usb_isr+0x444>
						b->desc = BDT_DESC(64,
    3a32:	f017 0f08 	tst.w	r7, #8
    3a36:	4b9b      	ldr	r3, [pc, #620]	; (3ca4 <usb_isr+0x2e4>)
						b->addr = packet->buf;
    3a38:	f100 0008 	add.w	r0, r0, #8
						b->desc = BDT_DESC(64,
    3a3c:	bf18      	it	ne
    3a3e:	465b      	movne	r3, fp
						b->addr = packet->buf;
    3a40:	6078      	str	r0, [r7, #4]
						b->desc = BDT_DESC(64,
    3a42:	f845 3036 	str.w	r3, [r5, r6, lsl #3]
				}
			}

		}
		USB0_ISTAT = USB_ISTAT_TOKDNE;
    3a46:	2308      	movs	r3, #8
    3a48:	f88a 3080 	strb.w	r3, [sl, #128]	; 0x80
	status = USB0_ISTAT;
    3a4c:	f89a 3080 	ldrb.w	r3, [sl, #128]	; 0x80
	if ((status & USB_ISTAT_SOFTOK /* 04 */ )) {
    3a50:	0759      	lsls	r1, r3, #29
	status = USB0_ISTAT;
    3a52:	b2dc      	uxtb	r4, r3
	if ((status & USB_ISTAT_SOFTOK /* 04 */ )) {
    3a54:	d51b      	bpl.n	3a8e <usb_isr+0xce>
		if (usb_configuration) {
    3a56:	4b94      	ldr	r3, [pc, #592]	; (3ca8 <usb_isr+0x2e8>)
    3a58:	781b      	ldrb	r3, [r3, #0]
    3a5a:	b1ab      	cbz	r3, 3a88 <usb_isr+0xc8>
			t = usb_reboot_timer;
    3a5c:	4993      	ldr	r1, [pc, #588]	; (3cac <usb_isr+0x2ec>)
    3a5e:	780a      	ldrb	r2, [r1, #0]
			if (t) {
    3a60:	f002 03ff 	and.w	r3, r2, #255	; 0xff
    3a64:	b12a      	cbz	r2, 3a72 <usb_isr+0xb2>
				usb_reboot_timer = --t;
    3a66:	3b01      	subs	r3, #1
    3a68:	b2db      	uxtb	r3, r3
    3a6a:	700b      	strb	r3, [r1, #0]
				if (!t) _reboot_Teensyduino_();
    3a6c:	2b00      	cmp	r3, #0
    3a6e:	f000 8346 	beq.w	40fe <usb_isr+0x73e>
			t = usb_cdc_transmit_flush_timer;
    3a72:	498f      	ldr	r1, [pc, #572]	; (3cb0 <usb_isr+0x2f0>)
    3a74:	780a      	ldrb	r2, [r1, #0]
			if (t) {
    3a76:	f002 03ff 	and.w	r3, r2, #255	; 0xff
    3a7a:	b12a      	cbz	r2, 3a88 <usb_isr+0xc8>
				usb_cdc_transmit_flush_timer = --t;
    3a7c:	3b01      	subs	r3, #1
    3a7e:	b2db      	uxtb	r3, r3
    3a80:	700b      	strb	r3, [r1, #0]
				if (t == 0) usb_serial_flush_callback();
    3a82:	2b00      	cmp	r3, #0
    3a84:	f000 81eb 	beq.w	3e5e <usb_isr+0x49e>
		USB0_ISTAT = USB_ISTAT_SOFTOK;
    3a88:	2304      	movs	r3, #4
    3a8a:	f88a 3080 	strb.w	r3, [sl, #128]	; 0x80
	if ((status & USB_ISTAT_TOKDNE /* 08 */ )) {
    3a8e:	f014 0208 	ands.w	r2, r4, #8
    3a92:	f000 81cc 	beq.w	3e2e <usb_isr+0x46e>
		stat = USB0_STAT;
    3a96:	f89a 2090 	ldrb.w	r2, [sl, #144]	; 0x90
    3a9a:	b2d3      	uxtb	r3, r2
		if (endpoint == 0) {
    3a9c:	0912      	lsrs	r2, r2, #4
    3a9e:	d197      	bne.n	39d0 <usb_isr+0x10>
	b = stat2bufferdescriptor(stat);
    3aa0:	f8df 91f0 	ldr.w	r9, [pc, #496]	; 3c94 <usb_isr+0x2d4>
    3aa4:	089b      	lsrs	r3, r3, #2
    3aa6:	eb09 04c3 	add.w	r4, r9, r3, lsl #3
	pid = BDT_PID(b->desc);
    3aaa:	f859 0033 	ldr.w	r0, [r9, r3, lsl #3]
	buf = b->addr;
    3aae:	6864      	ldr	r4, [r4, #4]
	pid = BDT_PID(b->desc);
    3ab0:	f3c0 0083 	ubfx	r0, r0, #2, #4
	switch (pid) {
    3ab4:	2809      	cmp	r0, #9
    3ab6:	d07c      	beq.n	3bb2 <usb_isr+0x1f2>
    3ab8:	d80f      	bhi.n	3ada <usb_isr+0x11a>
    3aba:	3801      	subs	r0, #1
    3abc:	2801      	cmp	r0, #1
    3abe:	d808      	bhi.n	3ad2 <usb_isr+0x112>
		if (setup.wRequestAndType == 0x2021 /*CDC_SET_LINE_CODING*/) {
    3ac0:	4a7c      	ldr	r2, [pc, #496]	; (3cb4 <usb_isr+0x2f4>)
    3ac2:	8815      	ldrh	r5, [r2, #0]
    3ac4:	f242 0021 	movw	r0, #8225	; 0x2021
    3ac8:	4285      	cmp	r5, r0
    3aca:	f000 81fb 	beq.w	3ec4 <usb_isr+0x504>
		b->desc = BDT_DESC(EP0_SIZE, DATA1);
    3ace:	f849 b033 	str.w	fp, [r9, r3, lsl #3]
	USB0_CTL = USB_CTL_USBENSOFEN; // clear TXSUSPENDTOKENBUSY bit
    3ad2:	2301      	movs	r3, #1
    3ad4:	f88a 3094 	strb.w	r3, [sl, #148]	; 0x94
}
    3ad8:	e7b5      	b.n	3a46 <usb_isr+0x86>
	switch (pid) {
    3ada:	280d      	cmp	r0, #13
    3adc:	d1f9      	bne.n	3ad2 <usb_isr+0x112>
		setup.word2 = *(uint32_t *)(buf + 4);
    3ade:	e9d4 0700 	ldrd	r0, r7, [r4]
		ep0_tx_ptr = NULL;
    3ae2:	4d75      	ldr	r5, [pc, #468]	; (3cb8 <usb_isr+0x2f8>)
		b->desc = BDT_DESC(EP0_SIZE, DATA1);
    3ae4:	f849 b033 	str.w	fp, [r9, r3, lsl #3]
		setup.word1 = *(uint32_t *)(buf);
    3ae8:	4e72      	ldr	r6, [pc, #456]	; (3cb4 <usb_isr+0x2f4>)
		ep0_tx_data_toggle = 1;
    3aea:	4c74      	ldr	r4, [pc, #464]	; (3cbc <usb_isr+0x2fc>)
		table[index(0, TX, EVEN)].desc = 0;
    3aec:	f8c9 2010 	str.w	r2, [r9, #16]
    3af0:	b283      	uxth	r3, r0
	switch (setup.wRequestAndType) {
    3af2:	f240 6c81 	movw	ip, #1665	; 0x681
		table[index(0, TX, ODD)].desc = 0;
    3af6:	f8c9 2018 	str.w	r2, [r9, #24]
		ep0_tx_ptr = NULL;
    3afa:	602a      	str	r2, [r5, #0]
	switch (setup.wRequestAndType) {
    3afc:	4563      	cmp	r3, ip
		ep0_tx_data_toggle = 1;
    3afe:	f04f 0201 	mov.w	r2, #1
		setup.word2 = *(uint32_t *)(buf + 4);
    3b02:	e9c6 0700 	strd	r0, r7, [r6]
		ep0_tx_data_toggle = 1;
    3b06:	7022      	strb	r2, [r4, #0]
	switch (setup.wRequestAndType) {
    3b08:	f200 80ff 	bhi.w	3d0a <usb_isr+0x34a>
    3b0c:	f5b3 6fd0 	cmp.w	r3, #1664	; 0x680
    3b10:	f080 82cb 	bcs.w	40aa <usb_isr+0x6ea>
    3b14:	f5b3 7f81 	cmp.w	r3, #258	; 0x102
    3b18:	f000 8226 	beq.w	3f68 <usb_isr+0x5a8>
    3b1c:	f240 80de 	bls.w	3cdc <usb_isr+0x31c>
    3b20:	f240 3202 	movw	r2, #770	; 0x302
    3b24:	4293      	cmp	r3, r2
    3b26:	d17b      	bne.n	3c20 <usb_isr+0x260>
		i = setup.wIndex & 0x7F;
    3b28:	f007 077f 	and.w	r7, r7, #127	; 0x7f
		if (i > NUM_ENDPOINTS || setup.wValue != 0) {
    3b2c:	2f04      	cmp	r7, #4
    3b2e:	f200 8108 	bhi.w	3d42 <usb_isr+0x382>
    3b32:	0c02      	lsrs	r2, r0, #16
    3b34:	f040 8105 	bne.w	3d42 <usb_isr+0x382>
		(*(uint8_t *)(&USB0_ENDPT0 + i * 4)) |= 0x02;
    3b38:	4961      	ldr	r1, [pc, #388]	; (3cc0 <usb_isr+0x300>)
    3b3a:	f811 3027 	ldrb.w	r3, [r1, r7, lsl #2]
    3b3e:	f043 0302 	orr.w	r3, r3, #2
    3b42:	f801 3027 	strb.w	r3, [r1, r7, lsl #2]
	const uint8_t *data = NULL;
    3b46:	4613      	mov	r3, r2
		break;
    3b48:	e070      	b.n	3c2c <usb_isr+0x26c>
					b->desc = BDT_DESC(64, ((uint32_t)b & 8) ? DATA1 : DATA0);
    3b4a:	f017 0f08 	tst.w	r7, #8
    3b4e:	4b55      	ldr	r3, [pc, #340]	; (3ca4 <usb_isr+0x2e4>)
    3b50:	bf18      	it	ne
    3b52:	465b      	movne	r3, fp
    3b54:	f845 3036 	str.w	r3, [r5, r6, lsl #3]
    3b58:	e775      	b.n	3a46 <usb_isr+0x86>
				usb_free(packet);
    3b5a:	f000 fb75 	bl	4248 <usb_free>
				packet = tx_first[endpoint];
    3b5e:	4959      	ldr	r1, [pc, #356]	; (3cc4 <usb_isr+0x304>)
					switch (tx_state[endpoint]) {
    3b60:	4a59      	ldr	r2, [pc, #356]	; (3cc8 <usb_isr+0x308>)
				packet = tx_first[endpoint];
    3b62:	f851 3024 	ldr.w	r3, [r1, r4, lsl #2]
				if (packet) {
    3b66:	2b00      	cmp	r3, #0
    3b68:	f000 8157 	beq.w	3e1a <usb_isr+0x45a>
					tx_first[endpoint] = packet->next;
    3b6c:	6858      	ldr	r0, [r3, #4]
    3b6e:	f841 0024 	str.w	r0, [r1, r4, lsl #2]
					switch (tx_state[endpoint]) {
    3b72:	5d11      	ldrb	r1, [r2, r4]
					b->addr = packet->buf;
    3b74:	f103 0008 	add.w	r0, r3, #8
    3b78:	6078      	str	r0, [r7, #4]
					switch (tx_state[endpoint]) {
    3b7a:	2903      	cmp	r1, #3
    3b7c:	d805      	bhi.n	3b8a <usb_isr+0x1ca>
    3b7e:	e8df f001 	tbb	[pc, r1]
    3b82:	0f12      	.short	0x0f12
    3b84:	0215      	.short	0x0215
						tx_state[endpoint] = TX_STATE_NONE_FREE_EVEN_FIRST;
    3b86:	2104      	movs	r1, #4
    3b88:	5511      	strb	r1, [r2, r4]
					b->desc = BDT_DESC(packet->len,
    3b8a:	881a      	ldrh	r2, [r3, #0]
    3b8c:	f017 0f08 	tst.w	r7, #8
    3b90:	bf14      	ite	ne
    3b92:	23c8      	movne	r3, #200	; 0xc8
    3b94:	2388      	moveq	r3, #136	; 0x88
    3b96:	ea43 4302 	orr.w	r3, r3, r2, lsl #16
    3b9a:	f845 3036 	str.w	r3, [r5, r6, lsl #3]
    3b9e:	e752      	b.n	3a46 <usb_isr+0x86>
						tx_state[endpoint] = TX_STATE_EVEN_FREE;
    3ba0:	2102      	movs	r1, #2
    3ba2:	5511      	strb	r1, [r2, r4]
						break;
    3ba4:	e7f1      	b.n	3b8a <usb_isr+0x1ca>
						tx_state[endpoint] = TX_STATE_ODD_FREE;
    3ba6:	2103      	movs	r1, #3
    3ba8:	5511      	strb	r1, [r2, r4]
						break;
    3baa:	e7ee      	b.n	3b8a <usb_isr+0x1ca>
						tx_state[endpoint] = TX_STATE_NONE_FREE_ODD_FIRST;
    3bac:	2105      	movs	r1, #5
    3bae:	5511      	strb	r1, [r2, r4]
						break;
    3bb0:	e7eb      	b.n	3b8a <usb_isr+0x1ca>
		data = ep0_tx_ptr;
    3bb2:	4d41      	ldr	r5, [pc, #260]	; (3cb8 <usb_isr+0x2f8>)
    3bb4:	682a      	ldr	r2, [r5, #0]
		if (data) {
    3bb6:	b33a      	cbz	r2, 3c08 <usb_isr+0x248>
			size = ep0_tx_len;
    3bb8:	4944      	ldr	r1, [pc, #272]	; (3ccc <usb_isr+0x30c>)
	table[index(0, TX, ep0_tx_bdt_bank)].desc = BDT_DESC(len, ep0_tx_data_toggle);
    3bba:	4c40      	ldr	r4, [pc, #256]	; (3cbc <usb_isr+0x2fc>)
			size = ep0_tx_len;
    3bbc:	880f      	ldrh	r7, [r1, #0]
	table[index(0, TX, ep0_tx_bdt_bank)].addr = (void *)data;
    3bbe:	4844      	ldr	r0, [pc, #272]	; (3cd0 <usb_isr+0x310>)
	table[index(0, TX, ep0_tx_bdt_bank)].desc = BDT_DESC(len, ep0_tx_data_toggle);
    3bc0:	f894 e000 	ldrb.w	lr, [r4]
	table[index(0, TX, ep0_tx_bdt_bank)].addr = (void *)data;
    3bc4:	7806      	ldrb	r6, [r0, #0]
    3bc6:	2f40      	cmp	r7, #64	; 0x40
    3bc8:	463b      	mov	r3, r7
    3bca:	bf28      	it	cs
    3bcc:	2340      	movcs	r3, #64	; 0x40
	table[index(0, TX, ep0_tx_bdt_bank)].desc = BDT_DESC(len, ep0_tx_data_toggle);
    3bce:	f1be 0f00 	cmp.w	lr, #0
	ep0_tx_data_toggle ^= 1;
    3bd2:	f08e 0e01 	eor.w	lr, lr, #1
    3bd6:	f884 e000 	strb.w	lr, [r4]
	table[index(0, TX, ep0_tx_bdt_bank)].addr = (void *)data;
    3bda:	f046 0402 	orr.w	r4, r6, #2
	ep0_tx_bdt_bank ^= 1;
    3bde:	f086 0601 	eor.w	r6, r6, #1
    3be2:	7006      	strb	r6, [r0, #0]
	table[index(0, TX, ep0_tx_bdt_bank)].addr = (void *)data;
    3be4:	eb09 00c4 	add.w	r0, r9, r4, lsl #3
    3be8:	6042      	str	r2, [r0, #4]
	table[index(0, TX, ep0_tx_bdt_bank)].desc = BDT_DESC(len, ep0_tx_data_toggle);
    3bea:	bf14      	ite	ne
    3bec:	20c8      	movne	r0, #200	; 0xc8
    3bee:	2088      	moveq	r0, #136	; 0x88
    3bf0:	ea40 4003 	orr.w	r0, r0, r3, lsl #16
			data += size;
    3bf4:	441a      	add	r2, r3
			ep0_tx_len -= size;
    3bf6:	1afb      	subs	r3, r7, r3
    3bf8:	b29b      	uxth	r3, r3
	table[index(0, TX, ep0_tx_bdt_bank)].desc = BDT_DESC(len, ep0_tx_data_toggle);
    3bfa:	f849 0034 	str.w	r0, [r9, r4, lsl #3]
			ep0_tx_len -= size;
    3bfe:	800b      	strh	r3, [r1, #0]
			ep0_tx_ptr = (ep0_tx_len > 0 || size == EP0_SIZE) ? data : NULL;
    3c00:	2b00      	cmp	r3, #0
    3c02:	f000 8136 	beq.w	3e72 <usb_isr+0x4b2>
    3c06:	602a      	str	r2, [r5, #0]
		if (setup.bRequest == 5 && setup.bmRequestType == 0) {
    3c08:	4b2a      	ldr	r3, [pc, #168]	; (3cb4 <usb_isr+0x2f4>)
    3c0a:	881a      	ldrh	r2, [r3, #0]
    3c0c:	f5b2 6fa0 	cmp.w	r2, #1280	; 0x500
    3c10:	f47f af5f 	bne.w	3ad2 <usb_isr+0x112>
			USB0_ADDR = setup.wValue;
    3c14:	789a      	ldrb	r2, [r3, #2]
    3c16:	f88a 2098 	strb.w	r2, [sl, #152]	; 0x98
			setup.bRequest = 0;
    3c1a:	2200      	movs	r2, #0
    3c1c:	705a      	strb	r2, [r3, #1]
			USB0_ADDR = setup.wValue;
    3c1e:	e758      	b.n	3ad2 <usb_isr+0x112>
	switch (setup.wRequestAndType) {
    3c20:	f5b3 6fa0 	cmp.w	r3, #1280	; 0x500
    3c24:	f040 808d 	bne.w	3d42 <usb_isr+0x382>
	uint32_t datalen = 0;
    3c28:	2200      	movs	r2, #0
	const uint8_t *data = NULL;
    3c2a:	4613      	mov	r3, r2
	if (datalen > setup.wLength) datalen = setup.wLength;
    3c2c:	f8b6 c006 	ldrh.w	ip, [r6, #6]
	table[index(0, TX, ep0_tx_bdt_bank)].addr = (void *)data;
    3c30:	4827      	ldr	r0, [pc, #156]	; (3cd0 <usb_isr+0x310>)
    3c32:	4594      	cmp	ip, r2
    3c34:	bf28      	it	cs
    3c36:	4694      	movcs	ip, r2
	if (size > EP0_SIZE) size = EP0_SIZE;
    3c38:	4667      	mov	r7, ip
	table[index(0, TX, ep0_tx_bdt_bank)].addr = (void *)data;
    3c3a:	7802      	ldrb	r2, [r0, #0]
    3c3c:	2f40      	cmp	r7, #64	; 0x40
    3c3e:	bf28      	it	cs
    3c40:	2740      	movcs	r7, #64	; 0x40
    3c42:	f042 0e02 	orr.w	lr, r2, #2
	table[index(0, TX, ep0_tx_bdt_bank)].desc = BDT_DESC(len, ep0_tx_data_toggle);
    3c46:	043e      	lsls	r6, r7, #16
	table[index(0, TX, ep0_tx_bdt_bank)].addr = (void *)data;
    3c48:	eb09 08ce 	add.w	r8, r9, lr, lsl #3
	table[index(0, TX, ep0_tx_bdt_bank)].desc = BDT_DESC(len, ep0_tx_data_toggle);
    3c4c:	f046 06c8 	orr.w	r6, r6, #200	; 0xc8
	table[index(0, TX, ep0_tx_bdt_bank)].addr = (void *)data;
    3c50:	f8c8 3004 	str.w	r3, [r8, #4]
	table[index(0, TX, ep0_tx_bdt_bank)].desc = BDT_DESC(len, ep0_tx_data_toggle);
    3c54:	f849 603e 	str.w	r6, [r9, lr, lsl #3]
	ep0_tx_data_toggle ^= 1;
    3c58:	2600      	movs	r6, #0
	data += size;
    3c5a:	443b      	add	r3, r7
	ep0_tx_data_toggle ^= 1;
    3c5c:	7026      	strb	r6, [r4, #0]
	if (datalen == 0 && size < EP0_SIZE) return;
    3c5e:	ebbc 0707 	subs.w	r7, ip, r7
	ep0_tx_bdt_bank ^= 1;
    3c62:	f082 0601 	eor.w	r6, r2, #1
    3c66:	7006      	strb	r6, [r0, #0]
	if (datalen == 0 && size < EP0_SIZE) return;
    3c68:	f040 8111 	bne.w	3e8e <usb_isr+0x4ce>
    3c6c:	f1bc 0f3f 	cmp.w	ip, #63	; 0x3f
    3c70:	f04f 0501 	mov.w	r5, #1
    3c74:	d909      	bls.n	3c8a <usb_isr+0x2ca>
	table[index(0, TX, ep0_tx_bdt_bank)].addr = (void *)data;
    3c76:	f046 0602 	orr.w	r6, r6, #2
	ep0_tx_bdt_bank ^= 1;
    3c7a:	7002      	strb	r2, [r0, #0]
	table[index(0, TX, ep0_tx_bdt_bank)].addr = (void *)data;
    3c7c:	eb09 02c6 	add.w	r2, r9, r6, lsl #3
	ep0_tx_data_toggle ^= 1;
    3c80:	7025      	strb	r5, [r4, #0]
	table[index(0, TX, ep0_tx_bdt_bank)].addr = (void *)data;
    3c82:	6053      	str	r3, [r2, #4]
	table[index(0, TX, ep0_tx_bdt_bank)].desc = BDT_DESC(len, ep0_tx_data_toggle);
    3c84:	2388      	movs	r3, #136	; 0x88
    3c86:	f849 3036 	str.w	r3, [r9, r6, lsl #3]
		USB0_CTL = USB_CTL_USBENSOFEN; // clear TXSUSPENDTOKENBUSY bit
    3c8a:	2301      	movs	r3, #1
    3c8c:	f88a 3094 	strb.w	r3, [sl, #148]	; 0x94
		break;
    3c90:	e71f      	b.n	3ad2 <usb_isr+0x112>
    3c92:	bf00      	nop
    3c94:	1fff0000 	.word	0x1fff0000
    3c98:	1fff61c0 	.word	0x1fff61c0
    3c9c:	1fff61d0 	.word	0x1fff61d0
    3ca0:	1fff6210 	.word	0x1fff6210
    3ca4:	00400088 	.word	0x00400088
    3ca8:	1fff620c 	.word	0x1fff620c
    3cac:	1fff620d 	.word	0x1fff620d
    3cb0:	1fff6238 	.word	0x1fff6238
    3cb4:	1fff61e0 	.word	0x1fff61e0
    3cb8:	1fff61b4 	.word	0x1fff61b4
    3cbc:	1fff61b1 	.word	0x1fff61b1
    3cc0:	400720c0 	.word	0x400720c0
    3cc4:	1fff61e8 	.word	0x1fff61e8
    3cc8:	1fff6208 	.word	0x1fff6208
    3ccc:	1fff61b2 	.word	0x1fff61b2
    3cd0:	1fff61b0 	.word	0x1fff61b0
    3cd4:	40072000 	.word	0x40072000
    3cd8:	004000c8 	.word	0x004000c8
	switch (setup.wRequestAndType) {
    3cdc:	2b80      	cmp	r3, #128	; 0x80
    3cde:	f000 818b 	beq.w	3ff8 <usb_isr+0x638>
    3ce2:	2b82      	cmp	r3, #130	; 0x82
    3ce4:	d12d      	bne.n	3d42 <usb_isr+0x382>
		i = setup.wIndex & 0x7F;
    3ce6:	f007 077f 	and.w	r7, r7, #127	; 0x7f
		if (i > NUM_ENDPOINTS) {
    3cea:	2f04      	cmp	r7, #4
    3cec:	d829      	bhi.n	3d42 <usb_isr+0x382>
		reply_buffer[0] = 0;
    3cee:	4aa7      	ldr	r2, [pc, #668]	; (3f8c <usb_isr+0x5cc>)
    3cf0:	2300      	movs	r3, #0
    3cf2:	8013      	strh	r3, [r2, #0]
		if (*(uint8_t *)(&USB0_ENDPT0 + i * 4) & 0x02) reply_buffer[0] = 1;
    3cf4:	4ba6      	ldr	r3, [pc, #664]	; (3f90 <usb_isr+0x5d0>)
    3cf6:	f813 3027 	ldrb.w	r3, [r3, r7, lsl #2]
    3cfa:	079f      	lsls	r7, r3, #30
    3cfc:	f140 81fc 	bpl.w	40f8 <usb_isr+0x738>
    3d00:	2301      	movs	r3, #1
    3d02:	7013      	strb	r3, [r2, #0]
		data = reply_buffer;
    3d04:	4ba1      	ldr	r3, [pc, #644]	; (3f8c <usb_isr+0x5cc>)
		datalen = 2;
    3d06:	2202      	movs	r2, #2
    3d08:	e790      	b.n	3c2c <usb_isr+0x26c>
	switch (setup.wRequestAndType) {
    3d0a:	f242 0c21 	movw	ip, #8225	; 0x2021
    3d0e:	4563      	cmp	r3, ip
    3d10:	d0bb      	beq.n	3c8a <usb_isr+0x2ca>
    3d12:	d91d      	bls.n	3d50 <usb_isr+0x390>
    3d14:	f242 2221 	movw	r2, #8737	; 0x2221
    3d18:	4293      	cmp	r3, r2
    3d1a:	d10d      	bne.n	3d38 <usb_isr+0x378>
		switch (setup.wIndex) {
    3d1c:	b2bf      	uxth	r7, r7
    3d1e:	2f00      	cmp	r7, #0
    3d20:	d182      	bne.n	3c28 <usb_isr+0x268>
			usb_cdc_line_rtsdtr_millis = systick_millis_count;
    3d22:	4b9c      	ldr	r3, [pc, #624]	; (3f94 <usb_isr+0x5d4>)
    3d24:	681a      	ldr	r2, [r3, #0]
    3d26:	4b9c      	ldr	r3, [pc, #624]	; (3f98 <usb_isr+0x5d8>)
    3d28:	601a      	str	r2, [r3, #0]
			usb_cdc_line_rtsdtr = setup.wValue;
    3d2a:	4b9c      	ldr	r3, [pc, #624]	; (3f9c <usb_isr+0x5dc>)
    3d2c:	f3c0 4007 	ubfx	r0, r0, #16, #8
	uint32_t datalen = 0;
    3d30:	2200      	movs	r2, #0
			usb_cdc_line_rtsdtr = setup.wValue;
    3d32:	7018      	strb	r0, [r3, #0]
	const uint8_t *data = NULL;
    3d34:	4613      	mov	r3, r2
			break;
    3d36:	e779      	b.n	3c2c <usb_isr+0x26c>
	switch (setup.wRequestAndType) {
    3d38:	f242 3221 	movw	r2, #8993	; 0x2321
    3d3c:	4293      	cmp	r3, r2
    3d3e:	f43f af73 	beq.w	3c28 <usb_isr+0x268>
	USB0_ENDPT0 = USB_ENDPT_EPSTALL | USB_ENDPT_EPRXEN | USB_ENDPT_EPTXEN | USB_ENDPT_EPHSHK;
    3d42:	230f      	movs	r3, #15
    3d44:	f88a 30c0 	strb.w	r3, [sl, #192]	; 0xc0
		USB0_CTL = USB_CTL_USBENSOFEN; // clear TXSUSPENDTOKENBUSY bit
    3d48:	2301      	movs	r3, #1
    3d4a:	f88a 3094 	strb.w	r3, [sl, #148]	; 0x94
		break;
    3d4e:	e6c0      	b.n	3ad2 <usb_isr+0x112>
	switch (setup.wRequestAndType) {
    3d50:	f5b3 6f08 	cmp.w	r3, #2176	; 0x880
    3d54:	f000 814a 	beq.w	3fec <usb_isr+0x62c>
    3d58:	f5b3 6f10 	cmp.w	r3, #2304	; 0x900
    3d5c:	d1f1      	bne.n	3d42 <usb_isr+0x382>
		usb_configuration = setup.wValue;
    3d5e:	4b90      	ldr	r3, [pc, #576]	; (3fa0 <usb_isr+0x5e0>)
    3d60:	f3c0 4007 	ubfx	r0, r0, #16, #8
		for (i=4; i < (NUM_ENDPOINTS+1)*4; i++) {
    3d64:	2504      	movs	r5, #4
		usb_configuration = setup.wValue;
    3d66:	7018      	strb	r0, [r3, #0]
			if (table[i].desc & BDT_OWN) {
    3d68:	f859 3035 	ldr.w	r3, [r9, r5, lsl #3]
    3d6c:	061a      	lsls	r2, r3, #24
    3d6e:	d406      	bmi.n	3d7e <usb_isr+0x3be>
		for (i=4; i < (NUM_ENDPOINTS+1)*4; i++) {
    3d70:	3501      	adds	r5, #1
    3d72:	2d14      	cmp	r5, #20
    3d74:	d00c      	beq.n	3d90 <usb_isr+0x3d0>
			if (table[i].desc & BDT_OWN) {
    3d76:	f859 3035 	ldr.w	r3, [r9, r5, lsl #3]
    3d7a:	061a      	lsls	r2, r3, #24
    3d7c:	d5f8      	bpl.n	3d70 <usb_isr+0x3b0>
				usb_free((usb_packet_t *)((uint8_t *)(table[i].addr) - 8));
    3d7e:	eb09 03c5 	add.w	r3, r9, r5, lsl #3
		for (i=4; i < (NUM_ENDPOINTS+1)*4; i++) {
    3d82:	3501      	adds	r5, #1
				usb_free((usb_packet_t *)((uint8_t *)(table[i].addr) - 8));
    3d84:	6858      	ldr	r0, [r3, #4]
    3d86:	3808      	subs	r0, #8
    3d88:	f000 fa5e 	bl	4248 <usb_free>
		for (i=4; i < (NUM_ENDPOINTS+1)*4; i++) {
    3d8c:	2d14      	cmp	r5, #20
    3d8e:	d1f2      	bne.n	3d76 <usb_isr+0x3b6>
    3d90:	4a84      	ldr	r2, [pc, #528]	; (3fa4 <usb_isr+0x5e4>)
    3d92:	4b85      	ldr	r3, [pc, #532]	; (3fa8 <usb_isr+0x5e8>)
    3d94:	9202      	str	r2, [sp, #8]
    3d96:	4a85      	ldr	r2, [pc, #532]	; (3fac <usb_isr+0x5ec>)
    3d98:	9201      	str	r2, [sp, #4]
    3d9a:	4e85      	ldr	r6, [pc, #532]	; (3fb0 <usb_isr+0x5f0>)
    3d9c:	4a85      	ldr	r2, [pc, #532]	; (3fb4 <usb_isr+0x5f4>)
    3d9e:	f8df 8248 	ldr.w	r8, [pc, #584]	; 3fe8 <usb_isr+0x628>
				tx_state[i] = TX_STATE_BOTH_FREE_ODD_FIRST;
    3da2:	9403      	str	r4, [sp, #12]
    3da4:	9200      	str	r2, [sp, #0]
			rx_first[i] = NULL;
    3da6:	2500      	movs	r5, #0
				tx_state[i] = TX_STATE_BOTH_FREE_ODD_FIRST;
    3da8:	461c      	mov	r4, r3
			p = rx_first[i];
    3daa:	f856 7b04 	ldr.w	r7, [r6], #4
			while (p) {
    3dae:	b12f      	cbz	r7, 3dbc <usb_isr+0x3fc>
				n = p->next;
    3db0:	4638      	mov	r0, r7
    3db2:	687f      	ldr	r7, [r7, #4]
				usb_free(p);
    3db4:	f000 fa48 	bl	4248 <usb_free>
			while (p) {
    3db8:	2f00      	cmp	r7, #0
    3dba:	d1f9      	bne.n	3db0 <usb_isr+0x3f0>
			rx_last[i] = NULL;
    3dbc:	9b00      	ldr	r3, [sp, #0]
			p = tx_first[i];
    3dbe:	f8d8 7000 	ldr.w	r7, [r8]
			rx_last[i] = NULL;
    3dc2:	f843 5b04 	str.w	r5, [r3], #4
			rx_first[i] = NULL;
    3dc6:	f846 5c04 	str.w	r5, [r6, #-4]
			rx_last[i] = NULL;
    3dca:	9300      	str	r3, [sp, #0]
			while (p) {
    3dcc:	b12f      	cbz	r7, 3dda <usb_isr+0x41a>
				n = p->next;
    3dce:	4638      	mov	r0, r7
    3dd0:	687f      	ldr	r7, [r7, #4]
				usb_free(p);
    3dd2:	f000 fa39 	bl	4248 <usb_free>
			while (p) {
    3dd6:	2f00      	cmp	r7, #0
    3dd8:	d1f9      	bne.n	3dce <usb_isr+0x40e>
			tx_last[i] = NULL;
    3dda:	9b02      	ldr	r3, [sp, #8]
			tx_first[i] = NULL;
    3ddc:	f848 5b04 	str.w	r5, [r8], #4
			tx_last[i] = NULL;
    3de0:	f843 5b04 	str.w	r5, [r3], #4
    3de4:	9302      	str	r3, [sp, #8]
			usb_rx_byte_count_data[i] = 0;
    3de6:	9b01      	ldr	r3, [sp, #4]
    3de8:	f823 5b02 	strh.w	r5, [r3], #2
    3dec:	9301      	str	r3, [sp, #4]
			switch (tx_state[i]) {
    3dee:	7823      	ldrb	r3, [r4, #0]
    3df0:	3b02      	subs	r3, #2
    3df2:	2b03      	cmp	r3, #3
    3df4:	f200 8109 	bhi.w	400a <usb_isr+0x64a>
    3df8:	e8df f013 	tbh	[pc, r3, lsl #1]
    3dfc:	0104013f 	.word	0x0104013f
    3e00:	0104013f 	.word	0x0104013f
						usb_rx_memory_needed++;
    3e04:	4a6c      	ldr	r2, [pc, #432]	; (3fb8 <usb_isr+0x5f8>)
						b->desc = 0;
    3e06:	f845 0036 	str.w	r0, [r5, r6, lsl #3]
						usb_rx_memory_needed++;
    3e0a:	7813      	ldrb	r3, [r2, #0]
    3e0c:	3301      	adds	r3, #1
    3e0e:	7013      	strb	r3, [r2, #0]
    3e10:	e619      	b.n	3a46 <usb_isr+0x86>
						rx_first[endpoint] = packet;
    3e12:	f843 0024 	str.w	r0, [r3, r4, lsl #2]
    3e16:	4b67      	ldr	r3, [pc, #412]	; (3fb4 <usb_isr+0x5f4>)
    3e18:	e5fe      	b.n	3a18 <usb_isr+0x58>
					switch (tx_state[endpoint]) {
    3e1a:	5d11      	ldrb	r1, [r2, r4]
    3e1c:	2902      	cmp	r1, #2
    3e1e:	d026      	beq.n	3e6e <usb_isr+0x4ae>
    3e20:	f67f ae11 	bls.w	3a46 <usb_isr+0x86>
    3e24:	2903      	cmp	r1, #3
    3e26:	d11d      	bne.n	3e64 <usb_isr+0x4a4>
						tx_state[endpoint] = TX_STATE_BOTH_FREE_ODD_FIRST;
    3e28:	2301      	movs	r3, #1
    3e2a:	5513      	strb	r3, [r2, r4]
						break;
    3e2c:	e60b      	b.n	3a46 <usb_isr+0x86>
		goto restart;
	}



	if (status & USB_ISTAT_USBRST /* 01 */ ) {
    3e2e:	07e0      	lsls	r0, r4, #31
    3e30:	d46e      	bmi.n	3f10 <usb_isr+0x550>
		USB0_CTL = USB_CTL_USBENSOFEN;
		return;
	}


	if ((status & USB_ISTAT_STALL /* 80 */ )) {
    3e32:	0621      	lsls	r1, r4, #24
    3e34:	d421      	bmi.n	3e7a <usb_isr+0x4ba>
		//serial_print("stall:\n");
		USB0_ENDPT0 = USB_ENDPT_EPRXEN | USB_ENDPT_EPTXEN | USB_ENDPT_EPHSHK;
		USB0_ISTAT = USB_ISTAT_STALL;
	}
	if ((status & USB_ISTAT_ERROR /* 02 */ )) {
    3e36:	07a2      	lsls	r2, r4, #30
    3e38:	d508      	bpl.n	3e4c <usb_isr+0x48c>
		uint8_t err = USB0_ERRSTAT;
    3e3a:	4b60      	ldr	r3, [pc, #384]	; (3fbc <usb_isr+0x5fc>)
    3e3c:	f893 2088 	ldrb.w	r2, [r3, #136]	; 0x88
		USB0_ERRSTAT = err;
		//serial_print("err:");
		//serial_phex(err);
		//serial_print("\n");
		USB0_ISTAT = USB_ISTAT_ERROR;
    3e40:	2102      	movs	r1, #2
		uint8_t err = USB0_ERRSTAT;
    3e42:	b2d2      	uxtb	r2, r2
		USB0_ERRSTAT = err;
    3e44:	f883 2088 	strb.w	r2, [r3, #136]	; 0x88
		USB0_ISTAT = USB_ISTAT_ERROR;
    3e48:	f883 1080 	strb.w	r1, [r3, #128]	; 0x80
	}

	if ((status & USB_ISTAT_SLEEP /* 10 */ )) {
    3e4c:	06e3      	lsls	r3, r4, #27
    3e4e:	d503      	bpl.n	3e58 <usb_isr+0x498>
		//serial_print("sleep\n");
		USB0_ISTAT = USB_ISTAT_SLEEP;
    3e50:	4b5a      	ldr	r3, [pc, #360]	; (3fbc <usb_isr+0x5fc>)
    3e52:	2210      	movs	r2, #16
    3e54:	f883 2080 	strb.w	r2, [r3, #128]	; 0x80
	}

}
    3e58:	b005      	add	sp, #20
    3e5a:	e8bd 8ff0 	ldmia.w	sp!, {r4, r5, r6, r7, r8, r9, sl, fp, pc}
				if (t == 0) usb_serial_flush_callback();
    3e5e:	f000 fb6d 	bl	453c <usb_serial_flush_callback>
    3e62:	e611      	b.n	3a88 <usb_isr+0xc8>
						tx_state[endpoint] = ((uint32_t)b & 8) ?
    3e64:	f017 0f08 	tst.w	r7, #8
    3e68:	bf14      	ite	ne
    3e6a:	2303      	movne	r3, #3
    3e6c:	2302      	moveq	r3, #2
    3e6e:	5513      	strb	r3, [r2, r4]
						break;
    3e70:	e5e9      	b.n	3a46 <usb_isr+0x86>
			ep0_tx_ptr = (ep0_tx_len > 0 || size == EP0_SIZE) ? data : NULL;
    3e72:	2f3f      	cmp	r7, #63	; 0x3f
    3e74:	bf98      	it	ls
    3e76:	2200      	movls	r2, #0
    3e78:	e6c5      	b.n	3c06 <usb_isr+0x246>
		USB0_ENDPT0 = USB_ENDPT_EPRXEN | USB_ENDPT_EPTXEN | USB_ENDPT_EPHSHK;
    3e7a:	4b50      	ldr	r3, [pc, #320]	; (3fbc <usb_isr+0x5fc>)
		USB0_ISTAT = USB_ISTAT_STALL;
    3e7c:	2280      	movs	r2, #128	; 0x80
		USB0_ENDPT0 = USB_ENDPT_EPRXEN | USB_ENDPT_EPTXEN | USB_ENDPT_EPHSHK;
    3e7e:	210d      	movs	r1, #13
    3e80:	f883 10c0 	strb.w	r1, [r3, #192]	; 0xc0
		USB0_ISTAT = USB_ISTAT_STALL;
    3e84:	f883 2080 	strb.w	r2, [r3, #128]	; 0x80
	if ((status & USB_ISTAT_ERROR /* 02 */ )) {
    3e88:	07a2      	lsls	r2, r4, #30
    3e8a:	d5df      	bpl.n	3e4c <usb_isr+0x48c>
    3e8c:	e7d5      	b.n	3e3a <usb_isr+0x47a>
	table[index(0, TX, ep0_tx_bdt_bank)].addr = (void *)data;
    3e8e:	f046 0602 	orr.w	r6, r6, #2
	ep0_tx_bdt_bank ^= 1;
    3e92:	7002      	strb	r2, [r0, #0]
    3e94:	2f40      	cmp	r7, #64	; 0x40
	table[index(0, TX, ep0_tx_bdt_bank)].addr = (void *)data;
    3e96:	eb09 00c6 	add.w	r0, r9, r6, lsl #3
    3e9a:	463a      	mov	r2, r7
    3e9c:	bf28      	it	cs
    3e9e:	2240      	movcs	r2, #64	; 0x40
    3ea0:	6043      	str	r3, [r0, #4]
	table[index(0, TX, ep0_tx_bdt_bank)].desc = BDT_DESC(len, ep0_tx_data_toggle);
    3ea2:	0410      	lsls	r0, r2, #16
	data += size;
    3ea4:	4413      	add	r3, r2
	table[index(0, TX, ep0_tx_bdt_bank)].desc = BDT_DESC(len, ep0_tx_data_toggle);
    3ea6:	f040 0088 	orr.w	r0, r0, #136	; 0x88
	ep0_tx_data_toggle ^= 1;
    3eaa:	2101      	movs	r1, #1
	if (datalen == 0 && size < EP0_SIZE) return;
    3eac:	1aba      	subs	r2, r7, r2
	table[index(0, TX, ep0_tx_bdt_bank)].desc = BDT_DESC(len, ep0_tx_data_toggle);
    3eae:	f849 0036 	str.w	r0, [r9, r6, lsl #3]
	ep0_tx_data_toggle ^= 1;
    3eb2:	7021      	strb	r1, [r4, #0]
	if (datalen == 0 && size < EP0_SIZE) return;
    3eb4:	d055      	beq.n	3f62 <usb_isr+0x5a2>
	ep0_tx_ptr = data;
    3eb6:	602b      	str	r3, [r5, #0]
	ep0_tx_len = datalen;
    3eb8:	4b41      	ldr	r3, [pc, #260]	; (3fc0 <usb_isr+0x600>)
    3eba:	801a      	strh	r2, [r3, #0]
		USB0_CTL = USB_CTL_USBENSOFEN; // clear TXSUSPENDTOKENBUSY bit
    3ebc:	2301      	movs	r3, #1
    3ebe:	f88a 3094 	strb.w	r3, [sl, #148]	; 0x94
		break;
    3ec2:	e606      	b.n	3ad2 <usb_isr+0x112>
			switch (setup.wIndex) {
    3ec4:	8892      	ldrh	r2, [r2, #4]
    3ec6:	b95a      	cbnz	r2, 3ee0 <usb_isr+0x520>
    3ec8:	4a3e      	ldr	r2, [pc, #248]	; (3fc4 <usb_isr+0x604>)
    3eca:	1de5      	adds	r5, r4, #7
					*dst++ = *buf++;
    3ecc:	f814 1b01 	ldrb.w	r1, [r4], #1
    3ed0:	f802 1f01 	strb.w	r1, [r2, #1]!
				for (i=0; i<7; i++) {
    3ed4:	42ac      	cmp	r4, r5
    3ed6:	d1f9      	bne.n	3ecc <usb_isr+0x50c>
				if (line_coding[0] == 134) usb_reboot_timer = 15;
    3ed8:	4a3b      	ldr	r2, [pc, #236]	; (3fc8 <usb_isr+0x608>)
    3eda:	6812      	ldr	r2, [r2, #0]
    3edc:	2a86      	cmp	r2, #134	; 0x86
    3ede:	d03c      	beq.n	3f5a <usb_isr+0x59a>
	table[index(0, TX, ep0_tx_bdt_bank)].desc = BDT_DESC(len, ep0_tx_data_toggle);
    3ee0:	4c3a      	ldr	r4, [pc, #232]	; (3fcc <usb_isr+0x60c>)
	table[index(0, TX, ep0_tx_bdt_bank)].addr = (void *)data;
    3ee2:	483b      	ldr	r0, [pc, #236]	; (3fd0 <usb_isr+0x610>)
	table[index(0, TX, ep0_tx_bdt_bank)].desc = BDT_DESC(len, ep0_tx_data_toggle);
    3ee4:	7825      	ldrb	r5, [r4, #0]
	table[index(0, TX, ep0_tx_bdt_bank)].addr = (void *)data;
    3ee6:	7802      	ldrb	r2, [r0, #0]
	table[index(0, TX, ep0_tx_bdt_bank)].desc = BDT_DESC(len, ep0_tx_data_toggle);
    3ee8:	2d00      	cmp	r5, #0
	ep0_tx_data_toggle ^= 1;
    3eea:	f085 0501 	eor.w	r5, r5, #1
    3eee:	7025      	strb	r5, [r4, #0]
	table[index(0, TX, ep0_tx_bdt_bank)].addr = (void *)data;
    3ef0:	f042 0402 	orr.w	r4, r2, #2
	ep0_tx_bdt_bank ^= 1;
    3ef4:	f082 0201 	eor.w	r2, r2, #1
    3ef8:	7002      	strb	r2, [r0, #0]
	table[index(0, TX, ep0_tx_bdt_bank)].addr = (void *)data;
    3efa:	eb09 02c4 	add.w	r2, r9, r4, lsl #3
    3efe:	f04f 0000 	mov.w	r0, #0
    3f02:	6050      	str	r0, [r2, #4]
	table[index(0, TX, ep0_tx_bdt_bank)].desc = BDT_DESC(len, ep0_tx_data_toggle);
    3f04:	bf14      	ite	ne
    3f06:	22c8      	movne	r2, #200	; 0xc8
    3f08:	2288      	moveq	r2, #136	; 0x88
    3f0a:	f849 2034 	str.w	r2, [r9, r4, lsl #3]
}
    3f0e:	e5de      	b.n	3ace <usb_isr+0x10e>
		USB0_CTL = USB_CTL_ODDRST;
    3f10:	4b2a      	ldr	r3, [pc, #168]	; (3fbc <usb_isr+0x5fc>)
		ep0_tx_bdt_bank = 0;
    3f12:	482f      	ldr	r0, [pc, #188]	; (3fd0 <usb_isr+0x610>)
		table[index(0, RX, EVEN)].desc = BDT_DESC(EP0_SIZE, 0);
    3f14:	492f      	ldr	r1, [pc, #188]	; (3fd4 <usb_isr+0x614>)
    3f16:	4c30      	ldr	r4, [pc, #192]	; (3fd8 <usb_isr+0x618>)
		USB0_CTL = USB_CTL_ODDRST;
    3f18:	2502      	movs	r5, #2
    3f1a:	f883 5094 	strb.w	r5, [r3, #148]	; 0x94
		ep0_tx_bdt_bank = 0;
    3f1e:	7002      	strb	r2, [r0, #0]
		table[index(0, RX, EVEN)].addr = ep0_rx0_buf;
    3f20:	482e      	ldr	r0, [pc, #184]	; (3fdc <usb_isr+0x61c>)
		table[index(0, RX, EVEN)].desc = BDT_DESC(EP0_SIZE, 0);
    3f22:	600c      	str	r4, [r1, #0]
		table[index(0, RX, ODD)].addr = ep0_rx1_buf;
    3f24:	4d2e      	ldr	r5, [pc, #184]	; (3fe0 <usb_isr+0x620>)
		table[index(0, RX, EVEN)].addr = ep0_rx0_buf;
    3f26:	6048      	str	r0, [r1, #4]
		table[index(0, RX, ODD)].desc = BDT_DESC(EP0_SIZE, 0);
    3f28:	608c      	str	r4, [r1, #8]
		USB0_ENDPT0 = USB_ENDPT_EPRXEN | USB_ENDPT_EPTXEN | USB_ENDPT_EPHSHK;
    3f2a:	240d      	movs	r4, #13
		table[index(0, RX, ODD)].addr = ep0_rx1_buf;
    3f2c:	60cd      	str	r5, [r1, #12]
		USB0_ERRSTAT = 0xFF;
    3f2e:	20ff      	movs	r0, #255	; 0xff
		table[index(0, TX, EVEN)].desc = 0;
    3f30:	610a      	str	r2, [r1, #16]
		table[index(0, TX, ODD)].desc = 0;
    3f32:	618a      	str	r2, [r1, #24]
		USB0_ENDPT0 = USB_ENDPT_EPRXEN | USB_ENDPT_EPTXEN | USB_ENDPT_EPHSHK;
    3f34:	f883 40c0 	strb.w	r4, [r3, #192]	; 0xc0
		USB0_CTL = USB_CTL_USBENSOFEN;
    3f38:	2101      	movs	r1, #1
		USB0_INTEN = USB_INTEN_TOKDNEEN |
    3f3a:	249f      	movs	r4, #159	; 0x9f
		USB0_ERRSTAT = 0xFF;
    3f3c:	f883 0088 	strb.w	r0, [r3, #136]	; 0x88
		USB0_ISTAT = 0xFF;
    3f40:	f883 0080 	strb.w	r0, [r3, #128]	; 0x80
		USB0_ADDR = 0;
    3f44:	f883 2098 	strb.w	r2, [r3, #152]	; 0x98
		USB0_ERREN = 0xFF;
    3f48:	f883 008c 	strb.w	r0, [r3, #140]	; 0x8c
		USB0_INTEN = USB_INTEN_TOKDNEEN |
    3f4c:	f883 4084 	strb.w	r4, [r3, #132]	; 0x84
		USB0_CTL = USB_CTL_USBENSOFEN;
    3f50:	f883 1094 	strb.w	r1, [r3, #148]	; 0x94
}
    3f54:	b005      	add	sp, #20
    3f56:	e8bd 8ff0 	ldmia.w	sp!, {r4, r5, r6, r7, r8, r9, sl, fp, pc}
				if (line_coding[0] == 134) usb_reboot_timer = 15;
    3f5a:	4a22      	ldr	r2, [pc, #136]	; (3fe4 <usb_isr+0x624>)
    3f5c:	200f      	movs	r0, #15
    3f5e:	7010      	strb	r0, [r2, #0]
    3f60:	e7be      	b.n	3ee0 <usb_isr+0x520>
	if (datalen == 0 && size < EP0_SIZE) return;
    3f62:	2f3f      	cmp	r7, #63	; 0x3f
    3f64:	d8a7      	bhi.n	3eb6 <usb_isr+0x4f6>
    3f66:	e690      	b.n	3c8a <usb_isr+0x2ca>
		i = setup.wIndex & 0x7F;
    3f68:	f007 077f 	and.w	r7, r7, #127	; 0x7f
		if (i > NUM_ENDPOINTS || setup.wValue != 0) {
    3f6c:	2f04      	cmp	r7, #4
    3f6e:	f63f aee8 	bhi.w	3d42 <usb_isr+0x382>
    3f72:	0c00      	lsrs	r0, r0, #16
    3f74:	f47f aee5 	bne.w	3d42 <usb_isr+0x382>
		(*(uint8_t *)(&USB0_ENDPT0 + i * 4)) &= ~0x02;
    3f78:	4a05      	ldr	r2, [pc, #20]	; (3f90 <usb_isr+0x5d0>)
    3f7a:	f812 3027 	ldrb.w	r3, [r2, r7, lsl #2]
    3f7e:	f023 0302 	bic.w	r3, r3, #2
    3f82:	f802 3027 	strb.w	r3, [r2, r7, lsl #2]
	uint32_t datalen = 0;
    3f86:	2200      	movs	r2, #0
	const uint8_t *data = NULL;
    3f88:	4613      	mov	r3, r2
		break;
    3f8a:	e64f      	b.n	3c2c <usb_isr+0x26c>
    3f8c:	1fff61b8 	.word	0x1fff61b8
    3f90:	400720c0 	.word	0x400720c0
    3f94:	1fff612c 	.word	0x1fff612c
    3f98:	1fff6234 	.word	0x1fff6234
    3f9c:	1fff6230 	.word	0x1fff6230
    3fa0:	1fff620c 	.word	0x1fff620c
    3fa4:	1fff61f8 	.word	0x1fff61f8
    3fa8:	1fff6208 	.word	0x1fff6208
    3fac:	1fff6210 	.word	0x1fff6210
    3fb0:	1fff61c0 	.word	0x1fff61c0
    3fb4:	1fff61d0 	.word	0x1fff61d0
    3fb8:	1fff6218 	.word	0x1fff6218
    3fbc:	40072000 	.word	0x40072000
    3fc0:	1fff61b2 	.word	0x1fff61b2
    3fc4:	1fff6227 	.word	0x1fff6227
    3fc8:	1fff6228 	.word	0x1fff6228
    3fcc:	1fff61b1 	.word	0x1fff61b1
    3fd0:	1fff61b0 	.word	0x1fff61b0
    3fd4:	1fff0000 	.word	0x1fff0000
    3fd8:	00400088 	.word	0x00400088
    3fdc:	1fff6130 	.word	0x1fff6130
    3fe0:	1fff6170 	.word	0x1fff6170
    3fe4:	1fff620d 	.word	0x1fff620d
    3fe8:	1fff61e8 	.word	0x1fff61e8
		reply_buffer[0] = usb_configuration;
    3fec:	4b48      	ldr	r3, [pc, #288]	; (4110 <usb_isr+0x750>)
    3fee:	4949      	ldr	r1, [pc, #292]	; (4114 <usb_isr+0x754>)
    3ff0:	781b      	ldrb	r3, [r3, #0]
    3ff2:	700b      	strb	r3, [r1, #0]
		data = reply_buffer;
    3ff4:	460b      	mov	r3, r1
		break;
    3ff6:	e619      	b.n	3c2c <usb_isr+0x26c>
		reply_buffer[0] = 0;
    3ff8:	4a46      	ldr	r2, [pc, #280]	; (4114 <usb_isr+0x754>)
    3ffa:	2300      	movs	r3, #0
    3ffc:	8013      	strh	r3, [r2, #0]
		data = reply_buffer;
    3ffe:	4b45      	ldr	r3, [pc, #276]	; (4114 <usb_isr+0x754>)
		datalen = 2;
    4000:	2202      	movs	r2, #2
		break;
    4002:	e613      	b.n	3c2c <usb_isr+0x26c>
				tx_state[i] = TX_STATE_BOTH_FREE_ODD_FIRST;
    4004:	f04f 0301 	mov.w	r3, #1
    4008:	7023      	strb	r3, [r4, #0]
		for (i=0; i < NUM_ENDPOINTS; i++) {
    400a:	4b43      	ldr	r3, [pc, #268]	; (4118 <usb_isr+0x758>)
    400c:	42b3      	cmp	r3, r6
    400e:	f104 0401 	add.w	r4, r4, #1
    4012:	f47f aeca 	bne.w	3daa <usb_isr+0x3ea>
		usb_rx_memory_needed = 0;
    4016:	4e41      	ldr	r6, [pc, #260]	; (411c <usb_isr+0x75c>)
    4018:	9c03      	ldr	r4, [sp, #12]
		cfg = usb_endpoint_config_table;
    401a:	f8df 8114 	ldr.w	r8, [pc, #276]	; 4130 <usb_isr+0x770>
					table[index(i, RX, EVEN)].desc = BDT_DESC(64, 0);
    401e:	4f40      	ldr	r7, [pc, #256]	; (4120 <usb_isr+0x760>)
		usb_rx_memory_needed = 0;
    4020:	2300      	movs	r3, #0
    4022:	7033      	strb	r3, [r6, #0]
    4024:	2504      	movs	r5, #4
			epconf = *cfg++;
    4026:	f818 3b01 	ldrb.w	r3, [r8], #1
			*reg = epconf;
    402a:	4a3e      	ldr	r2, [pc, #248]	; (4124 <usb_isr+0x764>)
    402c:	54ab      	strb	r3, [r5, r2]
			if (epconf & USB_ENDPT_EPRXEN) {
    402e:	071b      	lsls	r3, r3, #28
    4030:	d425      	bmi.n	407e <usb_isr+0x6be>
			table[index(i, TX, EVEN)].desc = 0;
    4032:	f045 0102 	orr.w	r1, r5, #2
			table[index(i, TX, ODD)].desc = 0;
    4036:	f045 0203 	orr.w	r2, r5, #3
		for (i=1; i <= NUM_ENDPOINTS; i++) {
    403a:	3504      	adds	r5, #4
			table[index(i, TX, EVEN)].desc = 0;
    403c:	2300      	movs	r3, #0
		for (i=1; i <= NUM_ENDPOINTS; i++) {
    403e:	2d14      	cmp	r5, #20
			table[index(i, TX, EVEN)].desc = 0;
    4040:	f849 3031 	str.w	r3, [r9, r1, lsl #3]
			table[index(i, TX, ODD)].desc = 0;
    4044:	f849 3032 	str.w	r3, [r9, r2, lsl #3]
		for (i=1; i <= NUM_ENDPOINTS; i++) {
    4048:	d1ed      	bne.n	4026 <usb_isr+0x666>
	table[index(0, TX, ep0_tx_bdt_bank)].addr = (void *)data;
    404a:	4f37      	ldr	r7, [pc, #220]	; (4128 <usb_isr+0x768>)
	table[index(0, TX, ep0_tx_bdt_bank)].desc = BDT_DESC(len, ep0_tx_data_toggle);
    404c:	7825      	ldrb	r5, [r4, #0]
	table[index(0, TX, ep0_tx_bdt_bank)].addr = (void *)data;
    404e:	783a      	ldrb	r2, [r7, #0]
    4050:	f042 0002 	orr.w	r0, r2, #2
    4054:	eb09 0cc0 	add.w	ip, r9, r0, lsl #3
	ep0_tx_data_toggle ^= 1;
    4058:	f085 0601 	eor.w	r6, r5, #1
	table[index(0, TX, ep0_tx_bdt_bank)].addr = (void *)data;
    405c:	f8cc 3004 	str.w	r3, [ip, #4]
	table[index(0, TX, ep0_tx_bdt_bank)].desc = BDT_DESC(len, ep0_tx_data_toggle);
    4060:	2d00      	cmp	r5, #0
    4062:	d14d      	bne.n	4100 <usb_isr+0x740>
    4064:	2388      	movs	r3, #136	; 0x88
	ep0_tx_bdt_bank ^= 1;
    4066:	f082 0201 	eor.w	r2, r2, #1
	ep0_tx_data_toggle ^= 1;
    406a:	7026      	strb	r6, [r4, #0]
	ep0_tx_bdt_bank ^= 1;
    406c:	703a      	strb	r2, [r7, #0]
	table[index(0, TX, ep0_tx_bdt_bank)].desc = BDT_DESC(len, ep0_tx_data_toggle);
    406e:	f849 3030 	str.w	r3, [r9, r0, lsl #3]
		USB0_CTL = USB_CTL_USBENSOFEN; // clear TXSUSPENDTOKENBUSY bit
    4072:	2301      	movs	r3, #1
    4074:	f88a 3094 	strb.w	r3, [sl, #148]	; 0x94
		break;
    4078:	e52b      	b.n	3ad2 <usb_isr+0x112>
				tx_state[i] = TX_STATE_BOTH_FREE_EVEN_FIRST;
    407a:	7025      	strb	r5, [r4, #0]
				break;
    407c:	e7c5      	b.n	400a <usb_isr+0x64a>
				p = usb_malloc();
    407e:	f000 f8c3 	bl	4208 <usb_malloc>
				if (p) {
    4082:	2800      	cmp	r0, #0
    4084:	d032      	beq.n	40ec <usb_isr+0x72c>
					table[index(i, RX, EVEN)].addr = p->buf;
    4086:	eb09 03c5 	add.w	r3, r9, r5, lsl #3
    408a:	3008      	adds	r0, #8
    408c:	6058      	str	r0, [r3, #4]
					table[index(i, RX, EVEN)].desc = BDT_DESC(64, 0);
    408e:	f849 7035 	str.w	r7, [r9, r5, lsl #3]
				p = usb_malloc();
    4092:	f000 f8b9 	bl	4208 <usb_malloc>
				if (p) {
    4096:	b308      	cbz	r0, 40dc <usb_isr+0x71c>
					table[index(i, RX, ODD)].addr = p->buf;
    4098:	f045 0301 	orr.w	r3, r5, #1
    409c:	eb09 02c3 	add.w	r2, r9, r3, lsl #3
    40a0:	3008      	adds	r0, #8
    40a2:	6050      	str	r0, [r2, #4]
					table[index(i, RX, ODD)].desc = BDT_DESC(64, 1);
    40a4:	f849 b033 	str.w	fp, [r9, r3, lsl #3]
    40a8:	e7c3      	b.n	4032 <usb_isr+0x672>
			if (list->addr == NULL) break;
    40aa:	4a20      	ldr	r2, [pc, #128]	; (412c <usb_isr+0x76c>)
    40ac:	6853      	ldr	r3, [r2, #4]
    40ae:	2b00      	cmp	r3, #0
    40b0:	f43f ae47 	beq.w	3d42 <usb_isr+0x382>
    40b4:	0c00      	lsrs	r0, r0, #16
			if (setup.wValue == list->wValue && setup.wIndex == list->wIndex) {
    40b6:	b2bf      	uxth	r7, r7
    40b8:	e004      	b.n	40c4 <usb_isr+0x704>
			if (list->addr == NULL) break;
    40ba:	6913      	ldr	r3, [r2, #16]
		for (list = usb_descriptor_list; 1; list++) {
    40bc:	320c      	adds	r2, #12
			if (list->addr == NULL) break;
    40be:	2b00      	cmp	r3, #0
    40c0:	f43f ae3f 	beq.w	3d42 <usb_isr+0x382>
			if (setup.wValue == list->wValue && setup.wIndex == list->wIndex) {
    40c4:	8811      	ldrh	r1, [r2, #0]
    40c6:	4281      	cmp	r1, r0
    40c8:	d1f7      	bne.n	40ba <usb_isr+0x6fa>
    40ca:	8851      	ldrh	r1, [r2, #2]
    40cc:	42b9      	cmp	r1, r7
    40ce:	d1f4      	bne.n	40ba <usb_isr+0x6fa>
				if ((setup.wValue >> 8) == 3) {
    40d0:	0a00      	lsrs	r0, r0, #8
    40d2:	2803      	cmp	r0, #3
					datalen = *(list->addr);
    40d4:	bf0c      	ite	eq
    40d6:	781a      	ldrbeq	r2, [r3, #0]
					datalen = list->length;
    40d8:	8912      	ldrhne	r2, [r2, #8]
    40da:	e5a7      	b.n	3c2c <usb_isr+0x26c>
					usb_rx_memory_needed++;
    40dc:	7833      	ldrb	r3, [r6, #0]
    40de:	3301      	adds	r3, #1
    40e0:	7033      	strb	r3, [r6, #0]
					table[index(i, RX, ODD)].desc = 0;
    40e2:	f045 0301 	orr.w	r3, r5, #1
    40e6:	f849 0033 	str.w	r0, [r9, r3, lsl #3]
					usb_rx_memory_needed++;
    40ea:	e7a2      	b.n	4032 <usb_isr+0x672>
					usb_rx_memory_needed++;
    40ec:	7833      	ldrb	r3, [r6, #0]
					table[index(i, RX, EVEN)].desc = 0;
    40ee:	f849 0035 	str.w	r0, [r9, r5, lsl #3]
					usb_rx_memory_needed++;
    40f2:	3301      	adds	r3, #1
    40f4:	7033      	strb	r3, [r6, #0]
    40f6:	e7cc      	b.n	4092 <usb_isr+0x6d2>
		data = reply_buffer;
    40f8:	4b06      	ldr	r3, [pc, #24]	; (4114 <usb_isr+0x754>)
		datalen = 2;
    40fa:	2202      	movs	r2, #2
    40fc:	e596      	b.n	3c2c <usb_isr+0x26c>
	__asm__ volatile("bkpt");
    40fe:	be00      	bkpt	0x0000
	ep0_tx_data_toggle ^= 1;
    4100:	7026      	strb	r6, [r4, #0]
	table[index(0, TX, ep0_tx_bdt_bank)].desc = BDT_DESC(len, ep0_tx_data_toggle);
    4102:	23c8      	movs	r3, #200	; 0xc8
	ep0_tx_bdt_bank ^= 1;
    4104:	f082 0601 	eor.w	r6, r2, #1
    4108:	703e      	strb	r6, [r7, #0]
	table[index(0, TX, ep0_tx_bdt_bank)].desc = BDT_DESC(len, ep0_tx_data_toggle);
    410a:	f849 3030 	str.w	r3, [r9, r0, lsl #3]
	if (datalen == 0 && size < EP0_SIZE) return;
    410e:	e5bc      	b.n	3c8a <usb_isr+0x2ca>
    4110:	1fff620c 	.word	0x1fff620c
    4114:	1fff61b8 	.word	0x1fff61b8
    4118:	1fff61d0 	.word	0x1fff61d0
    411c:	1fff6218 	.word	0x1fff6218
    4120:	00400088 	.word	0x00400088
    4124:	400720c0 	.word	0x400720c0
    4128:	1fff61b0 	.word	0x1fff61b0
    412c:	0000baf0 	.word	0x0000baf0
    4130:	0000bb44 	.word	0x0000bb44

00004134 <usb_init>:



void usb_init(void)
{
    4134:	b510      	push	{r4, lr}
	int i;

	//serial_begin(BAUD2DIV(115200));
	//serial_print("usb_init\n");

	usb_init_serialnumber();
    4136:	f000 fb2f 	bl	4798 <usb_init_serialnumber>

	for (i=0; i < (NUM_ENDPOINTS+1)*4; i++) {
    413a:	2300      	movs	r3, #0
    413c:	4a23      	ldr	r2, [pc, #140]	; (41cc <usb_init+0x98>)
		table[i].desc = 0;
    413e:	4619      	mov	r1, r3
    4140:	f842 1033 	str.w	r1, [r2, r3, lsl #3]
		table[i].addr = 0;
    4144:	eb02 00c3 	add.w	r0, r2, r3, lsl #3
	for (i=0; i < (NUM_ENDPOINTS+1)*4; i++) {
    4148:	3301      	adds	r3, #1
    414a:	2b14      	cmp	r3, #20
		table[i].addr = 0;
    414c:	6041      	str	r1, [r0, #4]
	for (i=0; i < (NUM_ENDPOINTS+1)*4; i++) {
    414e:	d1f7      	bne.n	4140 <usb_init+0xc>
	// this basically follows the flowchart in the Kinetis
	// Quick Reference User Guide, Rev. 1, 03/2012, page 141

	// assume 48 MHz clock already running
	// SIM - enable clock
	SIM_SCGC4 |= SIM_SCGC4_USBOTG;
    4150:	481f      	ldr	r0, [pc, #124]	; (41d0 <usb_init+0x9c>)
#ifdef HAS_KINETIS_MPU
	MPU_RGDAAC0 |= 0x03000000;
    4152:	4c20      	ldr	r4, [pc, #128]	; (41d4 <usb_init+0xa0>)
	SIM_SCGC4 |= SIM_SCGC4_USBOTG;
    4154:	6b43      	ldr	r3, [r0, #52]	; 0x34
    4156:	f443 2380 	orr.w	r3, r3, #262144	; 0x40000
    415a:	6343      	str	r3, [r0, #52]	; 0x34
	MPU_RGDAAC0 |= 0x03000000;
    415c:	f8d4 3800 	ldr.w	r3, [r4, #2048]	; 0x800
#endif
#if F_CPU == 180000000 || F_CPU == 216000000 || F_CPU == 256000000
	// if using IRC48M, turn on the USB clock recovery hardware
	USB0_CLK_RECOVER_IRC_EN = USB_CLK_RECOVER_IRC_EN_IRC_EN | USB_CLK_RECOVER_IRC_EN_REG_EN;
    4160:	f500 3028 	add.w	r0, r0, #172032	; 0x2a000
    4164:	f500 7080 	add.w	r0, r0, #256	; 0x100
	MPU_RGDAAC0 |= 0x03000000;
    4168:	f043 7340 	orr.w	r3, r3, #50331648	; 0x3000000
    416c:	f8c4 3800 	str.w	r3, [r4, #2048]	; 0x800
	USB0_CLK_RECOVER_IRC_EN = USB_CLK_RECOVER_IRC_EN_IRC_EN | USB_CLK_RECOVER_IRC_EN_REG_EN;
    4170:	2403      	movs	r4, #3
    4172:	f880 4044 	strb.w	r4, [r0, #68]	; 0x44
	// reset USB module
	//USB0_USBTRC0 = USB_USBTRC_USBRESET;
	//while ((USB0_USBTRC0 & USB_USBTRC_USBRESET) != 0) ; // wait for reset to end

	// set desc table base addr
	USB0_BDTPAGE1 = ((uint32_t)table) >> 8;
    4176:	4b18      	ldr	r3, [pc, #96]	; (41d8 <usb_init+0xa4>)
	USB0_CLK_RECOVER_CTRL = USB_CLK_RECOVER_CTRL_CLOCK_RECOVER_EN |
    4178:	24a0      	movs	r4, #160	; 0xa0
    417a:	f880 4040 	strb.w	r4, [r0, #64]	; 0x40
	USB0_BDTPAGE1 = ((uint32_t)table) >> 8;
    417e:	f3c2 2407 	ubfx	r4, r2, #8, #8
    4182:	f883 409c 	strb.w	r4, [r3, #156]	; 0x9c
	USB0_BDTPAGE2 = ((uint32_t)table) >> 16;
    4186:	f3c2 4407 	ubfx	r4, r2, #16, #8
	USB0_BDTPAGE3 = ((uint32_t)table) >> 24;
    418a:	0e12      	lsrs	r2, r2, #24
	USB0_BDTPAGE2 = ((uint32_t)table) >> 16;
    418c:	f883 40b0 	strb.w	r4, [r3, #176]	; 0xb0

	// clear all ISR flags
	USB0_ISTAT = 0xFF;
    4190:	f04f 0cff 	mov.w	ip, #255	; 0xff
	USB0_BDTPAGE3 = ((uint32_t)table) >> 24;
    4194:	f883 20b4 	strb.w	r2, [r3, #180]	; 0xb4
	USB0_OTGISTAT = 0xFF;

	//USB0_USBTRC0 |= 0x40; // undocumented bit

	// enable USB
	USB0_CTL = USB_CTL_USBENSOFEN;
    4198:	2201      	movs	r2, #1
	USB0_ISTAT = 0xFF;
    419a:	f883 c080 	strb.w	ip, [r3, #128]	; 0x80

	// enable reset interrupt
	USB0_INTEN = USB_INTEN_USBRSTEN;

	// enable interrupt in NVIC...
	NVIC_SET_PRIORITY(IRQ_USBOTG, 112);
    419e:	4c0f      	ldr	r4, [pc, #60]	; (41dc <usb_init+0xa8>)
	USB0_ERRSTAT = 0xFF;
    41a0:	f883 c088 	strb.w	ip, [r3, #136]	; 0x88
	USB0_OTGISTAT = 0xFF;
    41a4:	f883 c010 	strb.w	ip, [r3, #16]
	USB0_CTL = USB_CTL_USBENSOFEN;
    41a8:	f883 2094 	strb.w	r2, [r3, #148]	; 0x94
	USB0_USBCTRL = 0;
    41ac:	7001      	strb	r1, [r0, #0]
	NVIC_ENABLE_IRQ(IRQ_USBOTG);
    41ae:	f04f 21e0 	mov.w	r1, #3758153728	; 0xe000e000
	USB0_INTEN = USB_INTEN_USBRSTEN;
    41b2:	f883 2084 	strb.w	r2, [r3, #132]	; 0x84
	NVIC_SET_PRIORITY(IRQ_USBOTG, 112);
    41b6:	f04f 0c70 	mov.w	ip, #112	; 0x70
	NVIC_ENABLE_IRQ(IRQ_USBOTG);
    41ba:	f44f 1200 	mov.w	r2, #2097152	; 0x200000

	// enable d+ pullup
	USB0_CONTROL = USB_CONTROL_DPPULLUPNONOTG;
    41be:	2310      	movs	r3, #16
	NVIC_SET_PRIORITY(IRQ_USBOTG, 112);
    41c0:	f884 c035 	strb.w	ip, [r4, #53]	; 0x35
	NVIC_ENABLE_IRQ(IRQ_USBOTG);
    41c4:	f8c1 2104 	str.w	r2, [r1, #260]	; 0x104
	USB0_CONTROL = USB_CONTROL_DPPULLUPNONOTG;
    41c8:	7203      	strb	r3, [r0, #8]
}
    41ca:	bd10      	pop	{r4, pc}
    41cc:	1fff0000 	.word	0x1fff0000
    41d0:	40048000 	.word	0x40048000
    41d4:	4000d000 	.word	0x4000d000
    41d8:	40072000 	.word	0x40072000
    41dc:	e000e400 	.word	0xe000e400

000041e0 <usb_serial_class::clear()>:
        virtual void clear(void) { usb_serial_flush_input(); }
    41e0:	f000 b8ac 	b.w	433c <usb_serial_flush_input>

000041e4 <usb_serial_class::peek()>:
        virtual int peek() { return usb_serial_peekchar(); }
    41e4:	f000 b87c 	b.w	42e0 <usb_serial_peekchar>

000041e8 <usb_serial_class::read()>:
        virtual int read() { return usb_serial_getchar(); }
    41e8:	f000 b856 	b.w	4298 <usb_serial_getchar>

000041ec <usb_serial_class::available()>:
        virtual int available() { return usb_serial_available(); }
    41ec:	f000 b890 	b.w	4310 <usb_serial_available>

000041f0 <usb_serial_class::flush()>:
        virtual void flush() { usb_serial_flush_output(); }  // TODO: actually wait for data to leave USB...
    41f0:	f000 b978 	b.w	44e4 <usb_serial_flush_output>

000041f4 <usb_serial_class::availableForWrite()>:
	virtual int availableForWrite() { return usb_serial_write_buffer_free(); }
    41f4:	f000 b952 	b.w	449c <usb_serial_write_buffer_free>

000041f8 <usb_serial_class::write(unsigned char const*, unsigned int)>:
        virtual size_t write(const uint8_t *buffer, size_t size) { return usb_serial_write(buffer, size); }
    41f8:	4608      	mov	r0, r1
    41fa:	4611      	mov	r1, r2
    41fc:	f000 b8ba 	b.w	4374 <usb_serial_write>

00004200 <usb_serial_class::write(unsigned char)>:
        virtual size_t write(uint8_t c) { return usb_serial_putchar(c); }
    4200:	4608      	mov	r0, r1
    4202:	f000 b93d 	b.w	4480 <usb_serial_putchar>
    4206:	bf00      	nop

00004208 <usb_malloc>:
usb_packet_t * usb_malloc(void)
{
	unsigned int n, avail;
	uint8_t *p;

	__disable_irq();
    4208:	b672      	cpsid	i
	avail = usb_buffer_available;
    420a:	490d      	ldr	r1, [pc, #52]	; (4240 <usb_malloc+0x38>)
    420c:	680b      	ldr	r3, [r1, #0]
	n = __builtin_clz(avail); // clz = count leading zeros
    420e:	fab3 f083 	clz	r0, r3
	if (n >= NUM_USB_BUFFERS) {
    4212:	280b      	cmp	r0, #11
    4214:	dc10      	bgt.n	4238 <usb_malloc+0x30>
	}
	//serial_print("malloc:");
	//serial_phex(n);
	//serial_print("\n");

	usb_buffer_available = avail & ~(0x80000000 >> n);
    4216:	f04f 4200 	mov.w	r2, #2147483648	; 0x80000000
    421a:	40c2      	lsrs	r2, r0
    421c:	ea23 0302 	bic.w	r3, r3, r2
    4220:	600b      	str	r3, [r1, #0]
	__enable_irq();
    4222:	b662      	cpsie	i
	p = usb_buffer_memory + (n * sizeof(usb_packet_t));
    4224:	4a07      	ldr	r2, [pc, #28]	; (4244 <usb_malloc+0x3c>)
    4226:	eb00 00c0 	add.w	r0, r0, r0, lsl #3
    422a:	00c1      	lsls	r1, r0, #3
    422c:	eb02 00c0 	add.w	r0, r2, r0, lsl #3
	//serial_print("malloc:");
	//serial_phex32((int)p);
	//serial_print("\n");
	*(uint32_t *)p = 0;
    4230:	2300      	movs	r3, #0
    4232:	5053      	str	r3, [r2, r1]
	*(uint32_t *)(p + 4) = 0;
    4234:	6043      	str	r3, [r0, #4]
	return (usb_packet_t *)p;
}
    4236:	4770      	bx	lr
		__enable_irq();
    4238:	b662      	cpsie	i
		return NULL;
    423a:	2000      	movs	r0, #0
    423c:	4770      	bx	lr
    423e:	bf00      	nop
    4240:	1fff0750 	.word	0x1fff0750
    4244:	1fff03d0 	.word	0x1fff03d0

00004248 <usb_free>:
void usb_free(usb_packet_t *p)
{
	unsigned int n, mask;

	//serial_print("free:");
	n = ((uint8_t *)p - usb_buffer_memory) / sizeof(usb_packet_t);
    4248:	4b0e      	ldr	r3, [pc, #56]	; (4284 <usb_free+0x3c>)
    424a:	1ac3      	subs	r3, r0, r3
	if (n >= NUM_USB_BUFFERS) return;
    424c:	f5b3 7f58 	cmp.w	r3, #864	; 0x360
    4250:	d210      	bcs.n	4274 <usb_free+0x2c>
	//serial_phex(n);
	//serial_print("\n");

	// if any endpoints are starving for memory to receive
	// packets, give this memory to them immediately!
	if (usb_rx_memory_needed && usb_configuration) {
    4252:	4a0d      	ldr	r2, [pc, #52]	; (4288 <usb_free+0x40>)
    4254:	7812      	ldrb	r2, [r2, #0]
    4256:	b972      	cbnz	r2, 4276 <usb_free+0x2e>
		usb_rx_memory(p);
		return;
	}

	mask = (0x80000000 >> n);
	__disable_irq();
    4258:	b672      	cpsid	i
	n = ((uint8_t *)p - usb_buffer_memory) / sizeof(usb_packet_t);
    425a:	4a0c      	ldr	r2, [pc, #48]	; (428c <usb_free+0x44>)
	usb_buffer_available |= mask;
    425c:	490c      	ldr	r1, [pc, #48]	; (4290 <usb_free+0x48>)
	n = ((uint8_t *)p - usb_buffer_memory) / sizeof(usb_packet_t);
    425e:	fba2 2303 	umull	r2, r3, r2, r3
	usb_buffer_available |= mask;
    4262:	6808      	ldr	r0, [r1, #0]
	mask = (0x80000000 >> n);
    4264:	f04f 4200 	mov.w	r2, #2147483648	; 0x80000000
	n = ((uint8_t *)p - usb_buffer_memory) / sizeof(usb_packet_t);
    4268:	091b      	lsrs	r3, r3, #4
	mask = (0x80000000 >> n);
    426a:	fa22 f303 	lsr.w	r3, r2, r3
	usb_buffer_available |= mask;
    426e:	4303      	orrs	r3, r0
    4270:	600b      	str	r3, [r1, #0]
	__enable_irq();
    4272:	b662      	cpsie	i

	//serial_print("free:");
	//serial_phex32((int)p);
	//serial_print("\n");
}
    4274:	4770      	bx	lr
	if (usb_rx_memory_needed && usb_configuration) {
    4276:	4a07      	ldr	r2, [pc, #28]	; (4294 <usb_free+0x4c>)
    4278:	7812      	ldrb	r2, [r2, #0]
    427a:	2a00      	cmp	r2, #0
    427c:	d0ec      	beq.n	4258 <usb_free+0x10>
		usb_rx_memory(p);
    427e:	f7ff bb19 	b.w	38b4 <usb_rx_memory>
    4282:	bf00      	nop
    4284:	1fff03d0 	.word	0x1fff03d0
    4288:	1fff6218 	.word	0x1fff6218
    428c:	38e38e39 	.word	0x38e38e39
    4290:	1fff0750 	.word	0x1fff0750
    4294:	1fff620c 	.word	0x1fff620c

00004298 <usb_serial_getchar>:

#define TRANSMIT_FLUSH_TIMEOUT	5   /* in milliseconds */

// get the next character, or -1 if nothing received
int usb_serial_getchar(void)
{
    4298:	b538      	push	{r3, r4, r5, lr}
	unsigned int i;
	int c;

	if (!rx_packet) {
    429a:	4c0f      	ldr	r4, [pc, #60]	; (42d8 <usb_serial_getchar+0x40>)
    429c:	6820      	ldr	r0, [r4, #0]
    429e:	b178      	cbz	r0, 42c0 <usb_serial_getchar+0x28>
		if (!usb_configuration) return -1;
		rx_packet = usb_rx(CDC_RX_ENDPOINT);
		if (!rx_packet) return -1;
	}
	i = rx_packet->index;
    42a0:	8843      	ldrh	r3, [r0, #2]
	c = rx_packet->buf[i++];
	if (i >= rx_packet->len) {
    42a2:	8802      	ldrh	r2, [r0, #0]
	c = rx_packet->buf[i++];
    42a4:	18c1      	adds	r1, r0, r3
    42a6:	3301      	adds	r3, #1
	if (i >= rx_packet->len) {
    42a8:	429a      	cmp	r2, r3
	c = rx_packet->buf[i++];
    42aa:	7a0d      	ldrb	r5, [r1, #8]
	if (i >= rx_packet->len) {
    42ac:	d902      	bls.n	42b4 <usb_serial_getchar+0x1c>
		usb_free(rx_packet);
		rx_packet = NULL;
	} else {
		rx_packet->index = i;
    42ae:	8043      	strh	r3, [r0, #2]
	}
	return c;
}
    42b0:	4628      	mov	r0, r5
    42b2:	bd38      	pop	{r3, r4, r5, pc}
		usb_free(rx_packet);
    42b4:	f7ff ffc8 	bl	4248 <usb_free>
		rx_packet = NULL;
    42b8:	2300      	movs	r3, #0
    42ba:	6023      	str	r3, [r4, #0]
}
    42bc:	4628      	mov	r0, r5
    42be:	bd38      	pop	{r3, r4, r5, pc}
		if (!usb_configuration) return -1;
    42c0:	4b06      	ldr	r3, [pc, #24]	; (42dc <usb_serial_getchar+0x44>)
    42c2:	781b      	ldrb	r3, [r3, #0]
    42c4:	b12b      	cbz	r3, 42d2 <usb_serial_getchar+0x3a>
		rx_packet = usb_rx(CDC_RX_ENDPOINT);
    42c6:	2003      	movs	r0, #3
    42c8:	f7ff fabe 	bl	3848 <usb_rx>
    42cc:	6020      	str	r0, [r4, #0]
		if (!rx_packet) return -1;
    42ce:	2800      	cmp	r0, #0
    42d0:	d1e6      	bne.n	42a0 <usb_serial_getchar+0x8>
		if (!usb_configuration) return -1;
    42d2:	f04f 35ff 	mov.w	r5, #4294967295
    42d6:	e7eb      	b.n	42b0 <usb_serial_getchar+0x18>
    42d8:	1fff621c 	.word	0x1fff621c
    42dc:	1fff620c 	.word	0x1fff620c

000042e0 <usb_serial_peekchar>:

// peek at the next character, or -1 if nothing received
int usb_serial_peekchar(void)
{
    42e0:	b510      	push	{r4, lr}
	if (!rx_packet) {
    42e2:	4c09      	ldr	r4, [pc, #36]	; (4308 <usb_serial_peekchar+0x28>)
    42e4:	6820      	ldr	r0, [r4, #0]
    42e6:	b118      	cbz	r0, 42f0 <usb_serial_peekchar+0x10>
		if (!usb_configuration) return -1;
		rx_packet = usb_rx(CDC_RX_ENDPOINT);
		if (!rx_packet) return -1;
	}
	if (!rx_packet) return -1;
	return rx_packet->buf[rx_packet->index];
    42e8:	8843      	ldrh	r3, [r0, #2]
    42ea:	4418      	add	r0, r3
    42ec:	7a00      	ldrb	r0, [r0, #8]
}
    42ee:	bd10      	pop	{r4, pc}
		if (!usb_configuration) return -1;
    42f0:	4b06      	ldr	r3, [pc, #24]	; (430c <usb_serial_peekchar+0x2c>)
    42f2:	781b      	ldrb	r3, [r3, #0]
    42f4:	b12b      	cbz	r3, 4302 <usb_serial_peekchar+0x22>
		rx_packet = usb_rx(CDC_RX_ENDPOINT);
    42f6:	2003      	movs	r0, #3
    42f8:	f7ff faa6 	bl	3848 <usb_rx>
    42fc:	6020      	str	r0, [r4, #0]
		if (!rx_packet) return -1;
    42fe:	2800      	cmp	r0, #0
    4300:	d1f2      	bne.n	42e8 <usb_serial_peekchar+0x8>
		if (!usb_configuration) return -1;
    4302:	f04f 30ff 	mov.w	r0, #4294967295
}
    4306:	bd10      	pop	{r4, pc}
    4308:	1fff621c 	.word	0x1fff621c
    430c:	1fff620c 	.word	0x1fff620c

00004310 <usb_serial_available>:
// number of bytes available in the receive buffer
int usb_serial_available(void)
{
	int count;
	count = usb_rx_byte_count(CDC_RX_ENDPOINT);
	if (rx_packet) count += rx_packet->len - rx_packet->index;
    4310:	4b08      	ldr	r3, [pc, #32]	; (4334 <usb_serial_available+0x24>)
static inline uint32_t usb_rx_byte_count(uint32_t endpoint) __attribute__((always_inline));
static inline uint32_t usb_rx_byte_count(uint32_t endpoint)
{
        endpoint--;
        if (endpoint >= NUM_ENDPOINTS) return 0;
        return usb_rx_byte_count_data[endpoint];
    4312:	4a09      	ldr	r2, [pc, #36]	; (4338 <usb_serial_available+0x28>)
    4314:	681b      	ldr	r3, [r3, #0]
{
    4316:	b510      	push	{r4, lr}
	count = usb_rx_byte_count(CDC_RX_ENDPOINT);
    4318:	8894      	ldrh	r4, [r2, #4]
	if (rx_packet) count += rx_packet->len - rx_packet->index;
    431a:	b11b      	cbz	r3, 4324 <usb_serial_available+0x14>
    431c:	881a      	ldrh	r2, [r3, #0]
    431e:	885b      	ldrh	r3, [r3, #2]
    4320:	1ad3      	subs	r3, r2, r3
    4322:	441c      	add	r4, r3
	if (count == 0) yield();
    4324:	b10c      	cbz	r4, 432a <usb_serial_available+0x1a>
	return count;
}
    4326:	4620      	mov	r0, r4
    4328:	bd10      	pop	{r4, pc}
	if (count == 0) yield();
    432a:	f000 f92b 	bl	4584 <yield>
}
    432e:	4620      	mov	r0, r4
    4330:	bd10      	pop	{r4, pc}
    4332:	bf00      	nop
    4334:	1fff621c 	.word	0x1fff621c
    4338:	1fff6210 	.word	0x1fff6210

0000433c <usb_serial_flush_input>:
// discard any buffered input
void usb_serial_flush_input(void)
{
	usb_packet_t *rx;

	if (!usb_configuration) return;
    433c:	4b0b      	ldr	r3, [pc, #44]	; (436c <usb_serial_flush_input+0x30>)
    433e:	781b      	ldrb	r3, [r3, #0]
    4340:	b19b      	cbz	r3, 436a <usb_serial_flush_input+0x2e>
{
    4342:	b510      	push	{r4, lr}
	if (rx_packet) {
    4344:	4c0a      	ldr	r4, [pc, #40]	; (4370 <usb_serial_flush_input+0x34>)
    4346:	6820      	ldr	r0, [r4, #0]
    4348:	b148      	cbz	r0, 435e <usb_serial_flush_input+0x22>
		usb_free(rx_packet);
    434a:	f7ff ff7d 	bl	4248 <usb_free>
		rx_packet = NULL;
    434e:	2300      	movs	r3, #0
	}
	while (1) {
		rx = usb_rx(CDC_RX_ENDPOINT);
    4350:	2003      	movs	r0, #3
		rx_packet = NULL;
    4352:	6023      	str	r3, [r4, #0]
		rx = usb_rx(CDC_RX_ENDPOINT);
    4354:	f7ff fa78 	bl	3848 <usb_rx>
		if (!rx) break;
    4358:	b130      	cbz	r0, 4368 <usb_serial_flush_input+0x2c>
		usb_free(rx);
    435a:	f7ff ff75 	bl	4248 <usb_free>
		rx = usb_rx(CDC_RX_ENDPOINT);
    435e:	2003      	movs	r0, #3
    4360:	f7ff fa72 	bl	3848 <usb_rx>
		if (!rx) break;
    4364:	2800      	cmp	r0, #0
    4366:	d1f8      	bne.n	435a <usb_serial_flush_input+0x1e>
	}
}
    4368:	bd10      	pop	{r4, pc}
    436a:	4770      	bx	lr
    436c:	1fff620c 	.word	0x1fff620c
    4370:	1fff621c 	.word	0x1fff621c

00004374 <usb_serial_write>:
	return usb_serial_write(&c, 1);
}


int usb_serial_write(const void *buffer, uint32_t size)
{
    4374:	e92d 4ff0 	stmdb	sp!, {r4, r5, r6, r7, r8, r9, sl, fp, lr}
	uint32_t len;
	uint32_t wait_count;
	const uint8_t *src = (const uint8_t *)buffer;
	uint8_t *dest;

	tx_noautoflush = 1;
    4378:	f8df 90f8 	ldr.w	r9, [pc, #248]	; 4474 <usb_serial_write+0x100>
{
    437c:	b083      	sub	sp, #12
	tx_noautoflush = 1;
    437e:	2201      	movs	r2, #1
    4380:	f889 2000 	strb.w	r2, [r9]
	while (size > 0) {
    4384:	9101      	str	r1, [sp, #4]
    4386:	b379      	cbz	r1, 43e8 <usb_serial_write+0x74>
    4388:	4f37      	ldr	r7, [pc, #220]	; (4468 <usb_serial_write+0xf4>)
		if (!tx_packet) {
			wait_count = 0;
			while (1) {
				if (!usb_configuration) {
    438a:	f8df 80ec 	ldr.w	r8, [pc, #236]	; 4478 <usb_serial_write+0x104>
	while (size > 0) {
    438e:	9d01      	ldr	r5, [sp, #4]
    4390:	4e36      	ldr	r6, [pc, #216]	; (446c <usb_serial_write+0xf8>)
		if (tx_packet->index >= CDC_TX_SIZE) {
			tx_packet->len = CDC_TX_SIZE;
			usb_tx(CDC_TX_ENDPOINT, tx_packet);
			tx_packet = NULL;
		}
		usb_cdc_transmit_flush_timer = TRANSMIT_FLUSH_TIMEOUT;
    4392:	f8df a0e8 	ldr.w	sl, [pc, #232]	; 447c <usb_serial_write+0x108>
    4396:	4683      	mov	fp, r0
		if (!tx_packet) {
    4398:	6838      	ldr	r0, [r7, #0]
    439a:	b3a8      	cbz	r0, 4408 <usb_serial_write+0x94>
		len = CDC_TX_SIZE - tx_packet->index;
    439c:	f8b0 e002 	ldrh.w	lr, [r0, #2]
    43a0:	f1ce 0c40 	rsb	ip, lr, #64	; 0x40
    43a4:	45ac      	cmp	ip, r5
    43a6:	bf28      	it	cs
    43a8:	46ac      	movcs	ip, r5
		tx_packet->index += len;
    43aa:	eb0e 040c 	add.w	r4, lr, ip
		transmit_previous_timeout = 0;
    43ae:	2200      	movs	r2, #0
		tx_packet->index += len;
    43b0:	b2a4      	uxth	r4, r4
		transmit_previous_timeout = 0;
    43b2:	7032      	strb	r2, [r6, #0]
		size -= len;
    43b4:	eba5 050c 	sub.w	r5, r5, ip
		tx_packet->index += len;
    43b8:	8044      	strh	r4, [r0, #2]
		dest = tx_packet->buf + tx_packet->index;
    43ba:	f100 0208 	add.w	r2, r0, #8
		while (len-- > 0) *dest++ = *src++;
    43be:	f1bc 0f00 	cmp.w	ip, #0
    43c2:	d00a      	beq.n	43da <usb_serial_write+0x66>
    43c4:	f10e 3eff 	add.w	lr, lr, #4294967295
    43c8:	4472      	add	r2, lr
    43ca:	44dc      	add	ip, fp
    43cc:	f81b 4b01 	ldrb.w	r4, [fp], #1
    43d0:	f802 4f01 	strb.w	r4, [r2, #1]!
    43d4:	45dc      	cmp	ip, fp
    43d6:	d1f9      	bne.n	43cc <usb_serial_write+0x58>
		if (tx_packet->index >= CDC_TX_SIZE) {
    43d8:	8844      	ldrh	r4, [r0, #2]
    43da:	2c3f      	cmp	r4, #63	; 0x3f
    43dc:	d80b      	bhi.n	43f6 <usb_serial_write+0x82>
		usb_cdc_transmit_flush_timer = TRANSMIT_FLUSH_TIMEOUT;
    43de:	2205      	movs	r2, #5
    43e0:	f88a 2000 	strb.w	r2, [sl]
	while (size > 0) {
    43e4:	2d00      	cmp	r5, #0
    43e6:	d1d7      	bne.n	4398 <usb_serial_write+0x24>
	}
	tx_noautoflush = 0;
	return ret;
    43e8:	9801      	ldr	r0, [sp, #4]
	tx_noautoflush = 0;
    43ea:	2300      	movs	r3, #0
    43ec:	f889 3000 	strb.w	r3, [r9]
}
    43f0:	b003      	add	sp, #12
    43f2:	e8bd 8ff0 	ldmia.w	sp!, {r4, r5, r6, r7, r8, r9, sl, fp, pc}
			tx_packet->len = CDC_TX_SIZE;
    43f6:	2240      	movs	r2, #64	; 0x40
    43f8:	8002      	strh	r2, [r0, #0]
			usb_tx(CDC_TX_ENDPOINT, tx_packet);
    43fa:	4601      	mov	r1, r0
    43fc:	2004      	movs	r0, #4
    43fe:	f7ff fa9b 	bl	3938 <usb_tx>
			tx_packet = NULL;
    4402:	2200      	movs	r2, #0
    4404:	603a      	str	r2, [r7, #0]
    4406:	e7ea      	b.n	43de <usb_serial_write+0x6a>
				if (!usb_configuration) {
    4408:	f898 2000 	ldrb.w	r2, [r8]
    440c:	b31a      	cbz	r2, 4456 <usb_serial_write+0xe2>
    440e:	4c18      	ldr	r4, [pc, #96]	; (4470 <usb_serial_write+0xfc>)
    4410:	e008      	b.n	4424 <usb_serial_write+0xb0>
				if (++wait_count > TX_TIMEOUT || transmit_previous_timeout) {
    4412:	3c01      	subs	r4, #1
    4414:	d018      	beq.n	4448 <usb_serial_write+0xd4>
    4416:	7832      	ldrb	r2, [r6, #0]
    4418:	b9b2      	cbnz	r2, 4448 <usb_serial_write+0xd4>
				yield();
    441a:	f000 f8b3 	bl	4584 <yield>
				if (!usb_configuration) {
    441e:	f898 2000 	ldrb.w	r2, [r8]
    4422:	b1c2      	cbz	r2, 4456 <usb_serial_write+0xe2>
				if (usb_tx_packet_count(CDC_TX_ENDPOINT) < TX_PACKET_LIMIT) {
    4424:	2004      	movs	r0, #4
    4426:	f7ff fa2f 	bl	3888 <usb_tx_packet_count>
    442a:	2807      	cmp	r0, #7
    442c:	d8f1      	bhi.n	4412 <usb_serial_write+0x9e>
					tx_noautoflush = 1;
    442e:	f04f 0301 	mov.w	r3, #1
    4432:	f889 3000 	strb.w	r3, [r9]
					tx_packet = usb_malloc();
    4436:	f7ff fee7 	bl	4208 <usb_malloc>
    443a:	6038      	str	r0, [r7, #0]
					if (tx_packet) break;
    443c:	2800      	cmp	r0, #0
    443e:	d1ad      	bne.n	439c <usb_serial_write+0x28>
				if (++wait_count > TX_TIMEOUT || transmit_previous_timeout) {
    4440:	3c01      	subs	r4, #1
					tx_noautoflush = 0;
    4442:	f889 0000 	strb.w	r0, [r9]
				if (++wait_count > TX_TIMEOUT || transmit_previous_timeout) {
    4446:	d1e6      	bne.n	4416 <usb_serial_write+0xa2>
					transmit_previous_timeout = 1;
    4448:	2301      	movs	r3, #1
					return -1;
    444a:	f04f 30ff 	mov.w	r0, #4294967295
					transmit_previous_timeout = 1;
    444e:	7033      	strb	r3, [r6, #0]
}
    4450:	b003      	add	sp, #12
    4452:	e8bd 8ff0 	ldmia.w	sp!, {r4, r5, r6, r7, r8, r9, sl, fp, pc}
					tx_noautoflush = 0;
    4456:	2300      	movs	r3, #0
					return -1;
    4458:	f04f 30ff 	mov.w	r0, #4294967295
					tx_noautoflush = 0;
    445c:	f889 3000 	strb.w	r3, [r9]
}
    4460:	b003      	add	sp, #12
    4462:	e8bd 8ff0 	ldmia.w	sp!, {r4, r5, r6, r7, r8, r9, sl, fp, pc}
    4466:	bf00      	nop
    4468:	1fff6224 	.word	0x1fff6224
    446c:	1fff6220 	.word	0x1fff6220
    4470:	00014821 	.word	0x00014821
    4474:	1fff6221 	.word	0x1fff6221
    4478:	1fff620c 	.word	0x1fff620c
    447c:	1fff6238 	.word	0x1fff6238

00004480 <usb_serial_putchar>:
{
    4480:	b500      	push	{lr}
    4482:	b083      	sub	sp, #12
    4484:	4603      	mov	r3, r0
	return usb_serial_write(&c, 1);
    4486:	2101      	movs	r1, #1
    4488:	f10d 0007 	add.w	r0, sp, #7
{
    448c:	f88d 3007 	strb.w	r3, [sp, #7]
	return usb_serial_write(&c, 1);
    4490:	f7ff ff70 	bl	4374 <usb_serial_write>
}
    4494:	b003      	add	sp, #12
    4496:	f85d fb04 	ldr.w	pc, [sp], #4
    449a:	bf00      	nop

0000449c <usb_serial_write_buffer_free>:

int usb_serial_write_buffer_free(void)
{
    449c:	b538      	push	{r3, r4, r5, lr}
	uint32_t len;

	tx_noautoflush = 1;
	if (!tx_packet) {
    449e:	4d0e      	ldr	r5, [pc, #56]	; (44d8 <usb_serial_write_buffer_free+0x3c>)
	tx_noautoflush = 1;
    44a0:	4c0e      	ldr	r4, [pc, #56]	; (44dc <usb_serial_write_buffer_free+0x40>)
	if (!tx_packet) {
    44a2:	6828      	ldr	r0, [r5, #0]
	tx_noautoflush = 1;
    44a4:	2301      	movs	r3, #1
    44a6:	7023      	strb	r3, [r4, #0]
	if (!tx_packet) {
    44a8:	b128      	cbz	r0, 44b6 <usb_serial_write_buffer_free+0x1a>
		  (tx_packet = usb_malloc()) == NULL) {
			tx_noautoflush = 0;
			return 0;
		}
	}
	len = CDC_TX_SIZE - tx_packet->index;
    44aa:	8840      	ldrh	r0, [r0, #2]
	// space we just promised the user could write without blocking?
	// But does this come with other performance downsides?  Could it lead to
	// buffer data never actually transmitting in some usage cases?  More
	// investigation is needed.
	// https://github.com/PaulStoffregen/cores/issues/10#issuecomment-61514955
	tx_noautoflush = 0;
    44ac:	2300      	movs	r3, #0
	len = CDC_TX_SIZE - tx_packet->index;
    44ae:	f1c0 0040 	rsb	r0, r0, #64	; 0x40
	tx_noautoflush = 0;
    44b2:	7023      	strb	r3, [r4, #0]
	return len;
}
    44b4:	bd38      	pop	{r3, r4, r5, pc}
		if (!usb_configuration ||
    44b6:	4b0a      	ldr	r3, [pc, #40]	; (44e0 <usb_serial_write_buffer_free+0x44>)
    44b8:	781b      	ldrb	r3, [r3, #0]
    44ba:	b913      	cbnz	r3, 44c2 <usb_serial_write_buffer_free+0x26>
			tx_noautoflush = 0;
    44bc:	2000      	movs	r0, #0
    44be:	7020      	strb	r0, [r4, #0]
}
    44c0:	bd38      	pop	{r3, r4, r5, pc}
		  usb_tx_packet_count(CDC_TX_ENDPOINT) >= TX_PACKET_LIMIT ||
    44c2:	2004      	movs	r0, #4
    44c4:	f7ff f9e0 	bl	3888 <usb_tx_packet_count>
		if (!usb_configuration ||
    44c8:	2807      	cmp	r0, #7
    44ca:	d8f7      	bhi.n	44bc <usb_serial_write_buffer_free+0x20>
		  (tx_packet = usb_malloc()) == NULL) {
    44cc:	f7ff fe9c 	bl	4208 <usb_malloc>
    44d0:	6028      	str	r0, [r5, #0]
		  usb_tx_packet_count(CDC_TX_ENDPOINT) >= TX_PACKET_LIMIT ||
    44d2:	2800      	cmp	r0, #0
    44d4:	d1e9      	bne.n	44aa <usb_serial_write_buffer_free+0xe>
    44d6:	e7f1      	b.n	44bc <usb_serial_write_buffer_free+0x20>
    44d8:	1fff6224 	.word	0x1fff6224
    44dc:	1fff6221 	.word	0x1fff6221
    44e0:	1fff620c 	.word	0x1fff620c

000044e4 <usb_serial_flush_output>:

void usb_serial_flush_output(void)
{
    44e4:	b5f8      	push	{r3, r4, r5, r6, r7, lr}
	if (!usb_configuration) return;
    44e6:	4b11      	ldr	r3, [pc, #68]	; (452c <usb_serial_flush_output+0x48>)
    44e8:	781b      	ldrb	r3, [r3, #0]
    44ea:	b18b      	cbz	r3, 4510 <usb_serial_flush_output+0x2c>
	tx_noautoflush = 1;
	if (tx_packet) {
    44ec:	4e10      	ldr	r6, [pc, #64]	; (4530 <usb_serial_flush_output+0x4c>)
	tx_noautoflush = 1;
    44ee:	4d11      	ldr	r5, [pc, #68]	; (4534 <usb_serial_flush_output+0x50>)
	if (tx_packet) {
    44f0:	6834      	ldr	r4, [r6, #0]
	tx_noautoflush = 1;
    44f2:	2701      	movs	r7, #1
    44f4:	702f      	strb	r7, [r5, #0]
	if (tx_packet) {
    44f6:	b164      	cbz	r4, 4512 <usb_serial_flush_output+0x2e>
		usb_cdc_transmit_flush_timer = 0;
    44f8:	4b0f      	ldr	r3, [pc, #60]	; (4538 <usb_serial_flush_output+0x54>)
    44fa:	2700      	movs	r7, #0
    44fc:	701f      	strb	r7, [r3, #0]
		tx_packet->len = tx_packet->index;
    44fe:	8863      	ldrh	r3, [r4, #2]
    4500:	8023      	strh	r3, [r4, #0]
		usb_tx(CDC_TX_ENDPOINT, tx_packet);
    4502:	4621      	mov	r1, r4
    4504:	2004      	movs	r0, #4
    4506:	f7ff fa17 	bl	3938 <usb_tx>
		tx_packet = NULL;
    450a:	6037      	str	r7, [r6, #0]
			usb_tx(CDC_TX_ENDPOINT, tx);
		} else {
			usb_cdc_transmit_flush_timer = 1;
		}
	}
	tx_noautoflush = 0;
    450c:	2300      	movs	r3, #0
    450e:	702b      	strb	r3, [r5, #0]
}
    4510:	bdf8      	pop	{r3, r4, r5, r6, r7, pc}
		usb_packet_t *tx = usb_malloc();
    4512:	f7ff fe79 	bl	4208 <usb_malloc>
			usb_cdc_transmit_flush_timer = 0;
    4516:	4b08      	ldr	r3, [pc, #32]	; (4538 <usb_serial_flush_output+0x54>)
		if (tx) {
    4518:	4601      	mov	r1, r0
    451a:	b120      	cbz	r0, 4526 <usb_serial_flush_output+0x42>
			usb_tx(CDC_TX_ENDPOINT, tx);
    451c:	2004      	movs	r0, #4
			usb_cdc_transmit_flush_timer = 0;
    451e:	701c      	strb	r4, [r3, #0]
			usb_tx(CDC_TX_ENDPOINT, tx);
    4520:	f7ff fa0a 	bl	3938 <usb_tx>
    4524:	e7f2      	b.n	450c <usb_serial_flush_output+0x28>
			usb_cdc_transmit_flush_timer = 1;
    4526:	701f      	strb	r7, [r3, #0]
    4528:	e7f0      	b.n	450c <usb_serial_flush_output+0x28>
    452a:	bf00      	nop
    452c:	1fff620c 	.word	0x1fff620c
    4530:	1fff6224 	.word	0x1fff6224
    4534:	1fff6221 	.word	0x1fff6221
    4538:	1fff6238 	.word	0x1fff6238

0000453c <usb_serial_flush_callback>:

void usb_serial_flush_callback(void)
{
    453c:	b538      	push	{r3, r4, r5, lr}
	if (tx_noautoflush) return;
    453e:	4b0e      	ldr	r3, [pc, #56]	; (4578 <usb_serial_flush_callback+0x3c>)
    4540:	781b      	ldrb	r3, [r3, #0]
    4542:	b953      	cbnz	r3, 455a <usb_serial_flush_callback+0x1e>
	if (tx_packet) {
    4544:	4c0d      	ldr	r4, [pc, #52]	; (457c <usb_serial_flush_callback+0x40>)
    4546:	6821      	ldr	r1, [r4, #0]
    4548:	b141      	cbz	r1, 455c <usb_serial_flush_callback+0x20>
    454a:	f003 05ff 	and.w	r5, r3, #255	; 0xff
		tx_packet->len = tx_packet->index;
    454e:	884b      	ldrh	r3, [r1, #2]
    4550:	800b      	strh	r3, [r1, #0]
		usb_tx(CDC_TX_ENDPOINT, tx_packet);
    4552:	2004      	movs	r0, #4
    4554:	f7ff f9f0 	bl	3938 <usb_tx>
		tx_packet = NULL;
    4558:	6025      	str	r5, [r4, #0]
			usb_tx(CDC_TX_ENDPOINT, tx);
		} else {
			usb_cdc_transmit_flush_timer = 1;
		}
	}
}
    455a:	bd38      	pop	{r3, r4, r5, pc}
		usb_packet_t *tx = usb_malloc();
    455c:	f7ff fe54 	bl	4208 <usb_malloc>
		if (tx) {
    4560:	4601      	mov	r1, r0
    4562:	b120      	cbz	r0, 456e <usb_serial_flush_callback+0x32>
}
    4564:	e8bd 4038 	ldmia.w	sp!, {r3, r4, r5, lr}
			usb_tx(CDC_TX_ENDPOINT, tx);
    4568:	2004      	movs	r0, #4
    456a:	f7ff b9e5 	b.w	3938 <usb_tx>
			usb_cdc_transmit_flush_timer = 1;
    456e:	4b04      	ldr	r3, [pc, #16]	; (4580 <usb_serial_flush_callback+0x44>)
    4570:	2201      	movs	r2, #1
    4572:	701a      	strb	r2, [r3, #0]
}
    4574:	bd38      	pop	{r3, r4, r5, pc}
    4576:	bf00      	nop
    4578:	1fff6221 	.word	0x1fff6221
    457c:	1fff6224 	.word	0x1fff6224
    4580:	1fff6238 	.word	0x1fff6238

00004584 <yield>:

extern const uint8_t _serialEvent_default;	

void yield(void) __attribute__ ((weak));
void yield(void)
{
    4584:	e92d 43f8 	stmdb	sp!, {r3, r4, r5, r6, r7, r8, r9, lr}
	static uint8_t running=0;
	if (!yield_active_check_flags) return;	// nothing to do
    4588:	4e32      	ldr	r6, [pc, #200]	; (4654 <yield+0xd0>)
    458a:	7833      	ldrb	r3, [r6, #0]
    458c:	b163      	cbz	r3, 45a8 <yield+0x24>
	if (running) return; // TODO: does this need to be atomic?
    458e:	4f32      	ldr	r7, [pc, #200]	; (4658 <yield+0xd4>)
    4590:	783a      	ldrb	r2, [r7, #0]
    4592:	b94a      	cbnz	r2, 45a8 <yield+0x24>
	running = 1;
    4594:	2201      	movs	r2, #1


	// USB Serail - Add hack to minimize impact...
	if (yield_active_check_flags & YIELD_CHECK_USB_SERIAL) {
    4596:	07d9      	lsls	r1, r3, #31
	running = 1;
    4598:	703a      	strb	r2, [r7, #0]
	if (yield_active_check_flags & YIELD_CHECK_USB_SERIAL) {
    459a:	d443      	bmi.n	4624 <yield+0xa0>
	if (yield_active_check_flags & YIELD_CHECK_USB_SERIALUSB2) {
		if (SerialUSB2.available()) serialEventUSB2();
		if (_serialEventUSB2_default) yield_active_check_flags &= ~YIELD_CHECK_USB_SERIALUSB2;
	}
#endif
	if (yield_active_check_flags & YIELD_CHECK_HARDWARE_SERIAL) {
    459c:	079a      	lsls	r2, r3, #30
    459e:	d426      	bmi.n	45ee <yield+0x6a>
		HardwareSerial::processSerialEventsList();
	}
	running = 0;
    45a0:	2200      	movs	r2, #0
	if (yield_active_check_flags & YIELD_CHECK_EVENT_RESPONDER) EventResponder::runFromYield();
    45a2:	075b      	lsls	r3, r3, #29
	running = 0;
    45a4:	703a      	strb	r2, [r7, #0]
	if (yield_active_check_flags & YIELD_CHECK_EVENT_RESPONDER) EventResponder::runFromYield();
    45a6:	d401      	bmi.n	45ac <yield+0x28>
	
};
    45a8:	e8bd 83f8 	ldmia.w	sp!, {r3, r4, r5, r6, r7, r8, r9, pc}
	// used with a scheduler or RTOS.
	bool waitForEvent(EventResponderRef event, int timeout);
	EventResponder * waitForEvent(EventResponder *list, int listsize, int timeout);

	static void runFromYield() {
		if (!firstYield) return;  
    45ac:	4b2b      	ldr	r3, [pc, #172]	; (465c <yield+0xd8>)
    45ae:	681a      	ldr	r2, [r3, #0]
    45b0:	2a00      	cmp	r2, #0
    45b2:	d0f9      	beq.n	45a8 <yield+0x24>
		// First, check if yield was called from an interrupt
		// never call normal handler functions from any interrupt context
		uint32_t ipsr;
		__asm__ volatile("mrs %0, ipsr\n" : "=r" (ipsr)::);
    45b4:	f3ef 8205 	mrs	r2, IPSR
		if (ipsr != 0) return;
    45b8:	2a00      	cmp	r2, #0
    45ba:	d1f5      	bne.n	45a8 <yield+0x24>
	static EventResponder *lastInterrupt;
	static bool runningFromYield;
private:
	static bool disableInterrupts() {
		uint32_t primask;
		__asm__ volatile("mrs %0, primask\n" : "=r" (primask)::);
    45bc:	f3ef 8510 	mrs	r5, PRIMASK
		__disable_irq();
    45c0:	b672      	cpsid	i
		EventResponder *first = firstYield;
    45c2:	6818      	ldr	r0, [r3, #0]
		if (first == nullptr) {
    45c4:	2800      	cmp	r0, #0
    45c6:	d03a      	beq.n	463e <yield+0xba>
		if (runningFromYield) {
    45c8:	4c25      	ldr	r4, [pc, #148]	; (4660 <yield+0xdc>)
    45ca:	7821      	ldrb	r1, [r4, #0]
    45cc:	2900      	cmp	r1, #0
    45ce:	d136      	bne.n	463e <yield+0xba>
		firstYield = first->_next;
    45d0:	6942      	ldr	r2, [r0, #20]
    45d2:	601a      	str	r2, [r3, #0]
		runningFromYield = true;
    45d4:	2301      	movs	r3, #1
    45d6:	7023      	strb	r3, [r4, #0]
		if (firstYield) {
    45d8:	2a00      	cmp	r2, #0
    45da:	d037      	beq.n	464c <yield+0xc8>
			firstYield->_prev = nullptr;
    45dc:	6191      	str	r1, [r2, #24]
		return (primask == 0) ? true : false;
	}
	static void enableInterrupts(bool doit) {
		if (doit) __enable_irq();
    45de:	b905      	cbnz	r5, 45e2 <yield+0x5e>
    45e0:	b662      	cpsie	i
		first->_triggered = false;
    45e2:	2500      	movs	r5, #0
		(*(first->_function))(*first);
    45e4:	6883      	ldr	r3, [r0, #8]
		first->_triggered = false;
    45e6:	7745      	strb	r5, [r0, #29]
		(*(first->_function))(*first);
    45e8:	4798      	blx	r3
		runningFromYield = false;
    45ea:	7025      	strb	r5, [r4, #0]
    45ec:	e7dc      	b.n	45a8 <yield+0x24>
					  return len; }
	virtual size_t write9bit(uint32_t c)	{ serial_putchar(c); return 1; }
	operator bool()			{ return true; }

	static inline void processSerialEventsList() {
		for (uint8_t i = 0; i < s_count_serials_with_serial_events; i++) {
    45ee:	f8df 807c 	ldr.w	r8, [pc, #124]	; 466c <yield+0xe8>
    45f2:	f898 2000 	ldrb.w	r2, [r8]
    45f6:	2a00      	cmp	r2, #0
    45f8:	d0d2      	beq.n	45a0 <yield+0x1c>
    45fa:	2500      	movs	r5, #0
    45fc:	f8df 9070 	ldr.w	r9, [pc, #112]	; 4670 <yield+0xec>
    4600:	462b      	mov	r3, r5
			s_serials_with_serial_events[i]->doYieldCode();
    4602:	f859 4023 	ldr.w	r4, [r9, r3, lsl #2]
	static HardwareSerial 	*s_serials_with_serial_events[CNT_HARDWARE_SERIAL];
	static uint8_t 			s_count_serials_with_serial_events;
	void 		(* const _serialEvent)(); 
	void addToSerialEventsList(); 
	inline void doYieldCode()  {
		if (available()) (*_serialEvent)();
    4606:	6823      	ldr	r3, [r4, #0]
    4608:	4620      	mov	r0, r4
    460a:	691b      	ldr	r3, [r3, #16]
		for (uint8_t i = 0; i < s_count_serials_with_serial_events; i++) {
    460c:	3501      	adds	r5, #1
		if (available()) (*_serialEvent)();
    460e:	4798      	blx	r3
    4610:	b108      	cbz	r0, 4616 <yield+0x92>
    4612:	6923      	ldr	r3, [r4, #16]
    4614:	4798      	blx	r3
		for (uint8_t i = 0; i < s_count_serials_with_serial_events; i++) {
    4616:	f898 2000 	ldrb.w	r2, [r8]
    461a:	b2eb      	uxtb	r3, r5
    461c:	429a      	cmp	r2, r3
    461e:	d8f0      	bhi.n	4602 <yield+0x7e>
	if (yield_active_check_flags & YIELD_CHECK_EVENT_RESPONDER) EventResponder::runFromYield();
    4620:	7833      	ldrb	r3, [r6, #0]
    4622:	e7bd      	b.n	45a0 <yield+0x1c>
        virtual int available() { return usb_serial_available(); }
    4624:	f7ff fe74 	bl	4310 <usb_serial_available>
		if (Serial.available()) serialEvent();
    4628:	b968      	cbnz	r0, 4646 <yield+0xc2>
		if (_serialEvent_default) yield_active_check_flags &= ~YIELD_CHECK_USB_SERIAL;
    462a:	4b0e      	ldr	r3, [pc, #56]	; (4664 <yield+0xe0>)
    462c:	781b      	ldrb	r3, [r3, #0]
    462e:	b90b      	cbnz	r3, 4634 <yield+0xb0>
    4630:	7833      	ldrb	r3, [r6, #0]
    4632:	e7b3      	b.n	459c <yield+0x18>
    4634:	7833      	ldrb	r3, [r6, #0]
    4636:	f003 03fe 	and.w	r3, r3, #254	; 0xfe
    463a:	7033      	strb	r3, [r6, #0]
    463c:	e7ae      	b.n	459c <yield+0x18>
		if (doit) __enable_irq();
    463e:	2d00      	cmp	r5, #0
    4640:	d1b2      	bne.n	45a8 <yield+0x24>
    4642:	b662      	cpsie	i
    4644:	e7b0      	b.n	45a8 <yield+0x24>
		if (Serial.available()) serialEvent();
    4646:	f000 f8a5 	bl	4794 <serialEvent()>
    464a:	e7ee      	b.n	462a <yield+0xa6>
			lastYield = nullptr;
    464c:	4b06      	ldr	r3, [pc, #24]	; (4668 <yield+0xe4>)
    464e:	601a      	str	r2, [r3, #0]
    4650:	e7c5      	b.n	45de <yield+0x5a>
    4652:	bf00      	nop
    4654:	1fff0754 	.word	0x1fff0754
    4658:	1fff6239 	.word	0x1fff6239
    465c:	1fff623c 	.word	0x1fff623c
    4660:	1fff6248 	.word	0x1fff6248
    4664:	0000baec 	.word	0x0000baec
    4668:	1fff624c 	.word	0x1fff624c
    466c:	1fff6268 	.word	0x1fff6268
    4670:	1fff6250 	.word	0x1fff6250

00004674 <EventResponder::runFromInterrupt()>:
{
	EventResponder::runFromInterrupt();
}

void EventResponder::runFromInterrupt()
{
    4674:	b570      	push	{r4, r5, r6, lr}
		__asm__ volatile("mrs %0, primask\n" : "=r" (primask)::);
    4676:	f3ef 8210 	mrs	r2, PRIMASK
		__disable_irq();
    467a:	b672      	cpsid	i
	while (1) {
		bool irq = disableInterrupts();
		EventResponder *first = firstInterrupt;
    467c:	4c0c      	ldr	r4, [pc, #48]	; (46b0 <EventResponder::runFromInterrupt()+0x3c>)
    467e:	6820      	ldr	r0, [r4, #0]
		if (first) {
    4680:	b180      	cbz	r0, 46a4 <EventResponder::runFromInterrupt()+0x30>
			firstInterrupt = first->_next;
			if (firstInterrupt) {
				firstInterrupt->_prev = nullptr;
			} else {
				lastInterrupt = nullptr;
    4682:	4e0c      	ldr	r6, [pc, #48]	; (46b4 <EventResponder::runFromInterrupt()+0x40>)
				firstInterrupt->_prev = nullptr;
    4684:	2500      	movs	r5, #0
			firstInterrupt = first->_next;
    4686:	6943      	ldr	r3, [r0, #20]
    4688:	6023      	str	r3, [r4, #0]
			if (firstInterrupt) {
    468a:	b173      	cbz	r3, 46aa <EventResponder::runFromInterrupt()+0x36>
				firstInterrupt->_prev = nullptr;
    468c:	619d      	str	r5, [r3, #24]
		if (doit) __enable_irq();
    468e:	b902      	cbnz	r2, 4692 <EventResponder::runFromInterrupt()+0x1e>
    4690:	b662      	cpsie	i
			}
			enableInterrupts(irq);
			first->_triggered = false;
			(*(first->_function))(*first);
    4692:	6883      	ldr	r3, [r0, #8]
			first->_triggered = false;
    4694:	7745      	strb	r5, [r0, #29]
			(*(first->_function))(*first);
    4696:	4798      	blx	r3
		__asm__ volatile("mrs %0, primask\n" : "=r" (primask)::);
    4698:	f3ef 8210 	mrs	r2, PRIMASK
		__disable_irq();
    469c:	b672      	cpsid	i
		EventResponder *first = firstInterrupt;
    469e:	6820      	ldr	r0, [r4, #0]
		if (first) {
    46a0:	2800      	cmp	r0, #0
    46a2:	d1f0      	bne.n	4686 <EventResponder::runFromInterrupt()+0x12>
		if (doit) __enable_irq();
    46a4:	b902      	cbnz	r2, 46a8 <EventResponder::runFromInterrupt()+0x34>
    46a6:	b662      	cpsie	i
		} else {
			enableInterrupts(irq);
			break;
		}
	}
}
    46a8:	bd70      	pop	{r4, r5, r6, pc}
				lastInterrupt = nullptr;
    46aa:	6033      	str	r3, [r6, #0]
    46ac:	e7ef      	b.n	468e <EventResponder::runFromInterrupt()+0x1a>
    46ae:	bf00      	nop
    46b0:	1fff6244 	.word	0x1fff6244
    46b4:	1fff6240 	.word	0x1fff6240

000046b8 <pendablesrvreq_isr>:
	EventResponder::runFromInterrupt();
    46b8:	f7ff bfdc 	b.w	4674 <EventResponder::runFromInterrupt()>

000046bc <systick_isr>:

extern "C" volatile uint32_t systick_millis_count;

void systick_isr(void)
{
	systick_millis_count++;
    46bc:	4a02      	ldr	r2, [pc, #8]	; (46c8 <systick_isr+0xc>)
    46be:	6813      	ldr	r3, [r2, #0]
    46c0:	3301      	adds	r3, #1
    46c2:	6013      	str	r3, [r2, #0]
}
    46c4:	4770      	bx	lr
    46c6:	bf00      	nop
    46c8:	1fff612c 	.word	0x1fff612c

000046cc <analog_init>:
void analog_init(void)
{
	uint32_t num;

	#if defined(__MK20DX128__) || defined(__MK20DX256__) || defined(__MK64FX512__) || defined(__MK66FX1M0__)
	VREF_TRM = 0x60;
    46cc:	4b2a      	ldr	r3, [pc, #168]	; (4778 <analog_init+0xac>)
	VREF_SC = 0xE1;		// enable 1.2 volt ref
	#endif

	if (analog_config_bits == 8) {
    46ce:	4a2b      	ldr	r2, [pc, #172]	; (477c <analog_init+0xb0>)
	VREF_TRM = 0x60;
    46d0:	2060      	movs	r0, #96	; 0x60
	VREF_SC = 0xE1;		// enable 1.2 volt ref
    46d2:	21e1      	movs	r1, #225	; 0xe1
	VREF_TRM = 0x60;
    46d4:	7018      	strb	r0, [r3, #0]
	VREF_SC = 0xE1;		// enable 1.2 volt ref
    46d6:	7059      	strb	r1, [r3, #1]
	if (analog_config_bits == 8) {
    46d8:	7813      	ldrb	r3, [r2, #0]
		ADC0_CFG1 = ADC_CFG1_8BIT + ADC_CFG1_MODE(0);
    46da:	4829      	ldr	r0, [pc, #164]	; (4780 <analog_init+0xb4>)
	if (analog_config_bits == 8) {
    46dc:	2b08      	cmp	r3, #8
    46de:	d034      	beq.n	474a <analog_init+0x7e>
		ADC0_CFG2 = ADC_CFG2_MUXSEL + ADC_CFG2_ADLSTS(3);
		#ifdef HAS_KINETIS_ADC1
		ADC1_CFG1 = ADC_CFG1_8BIT + ADC_CFG1_MODE(0);
		ADC1_CFG2 = ADC_CFG2_MUXSEL + ADC_CFG2_ADLSTS(3);
		#endif
	} else if (analog_config_bits == 10) {
    46e0:	2b0a      	cmp	r3, #10
    46e2:	d020      	beq.n	4726 <analog_init+0x5a>
		ADC0_CFG2 = ADC_CFG2_MUXSEL + ADC_CFG2_ADLSTS(3);
		#ifdef HAS_KINETIS_ADC1
		ADC1_CFG1 = ADC_CFG1_10BIT + ADC_CFG1_MODE(2) + ADC_CFG1_ADLSMP;
		ADC1_CFG2 = ADC_CFG2_MUXSEL + ADC_CFG2_ADLSTS(3);
		#endif
	} else if (analog_config_bits == 12) {
    46e4:	2b0c      	cmp	r3, #12
		ADC0_CFG1 = ADC_CFG1_12BIT + ADC_CFG1_MODE(1) + ADC_CFG1_ADLSMP;
		ADC0_CFG2 = ADC_CFG2_MUXSEL + ADC_CFG2_ADLSTS(2);
		#ifdef HAS_KINETIS_ADC1
		ADC1_CFG1 = ADC_CFG1_12BIT + ADC_CFG1_MODE(1) + ADC_CFG1_ADLSMP;
    46e6:	4b27      	ldr	r3, [pc, #156]	; (4784 <analog_init+0xb8>)
		ADC0_CFG1 = ADC_CFG1_12BIT + ADC_CFG1_MODE(1) + ADC_CFG1_ADLSMP;
    46e8:	bf0c      	ite	eq
    46ea:	2135      	moveq	r1, #53	; 0x35
		ADC1_CFG2 = ADC_CFG2_MUXSEL + ADC_CFG2_ADLSTS(2);
		#endif
	} else {
		ADC0_CFG1 = ADC_CFG1_16BIT + ADC_CFG1_MODE(3) + ADC_CFG1_ADLSMP;
    46ec:	215d      	movne	r1, #93	; 0x5d
		ADC0_CFG2 = ADC_CFG2_MUXSEL + ADC_CFG2_ADLSTS(2);
    46ee:	2212      	movs	r2, #18
		ADC0_CFG1 = ADC_CFG1_16BIT + ADC_CFG1_MODE(3) + ADC_CFG1_ADLSMP;
    46f0:	6081      	str	r1, [r0, #8]
		ADC0_CFG2 = ADC_CFG2_MUXSEL + ADC_CFG2_ADLSTS(2);
    46f2:	60c2      	str	r2, [r0, #12]
		#ifdef HAS_KINETIS_ADC1
		ADC1_CFG1 = ADC_CFG1_16BIT + ADC_CFG1_MODE(3) + ADC_CFG1_ADLSMP;
    46f4:	6099      	str	r1, [r3, #8]
		ADC1_CFG2 = ADC_CFG2_MUXSEL + ADC_CFG2_ADLSTS(2);
    46f6:	60da      	str	r2, [r3, #12]
		ADC0_SC2 = ADC_SC2_REFSEL(1); // 1.2V ref
	} else {
		ADC0_SC2 = ADC_SC2_REFSEL(0); // vcc/ext ref
	}
	#elif defined(__MK20DX256__) || defined(__MK64FX512__) || defined(__MK66FX1M0__)
	if (analog_reference_internal) {
    46f8:	4b23      	ldr	r3, [pc, #140]	; (4788 <analog_init+0xbc>)
		ADC0_SC2 = ADC_SC2_REFSEL(1); // 1.2V ref
    46fa:	4921      	ldr	r1, [pc, #132]	; (4780 <analog_init+0xb4>)
	if (analog_reference_internal) {
    46fc:	781b      	ldrb	r3, [r3, #0]
		ADC1_SC2 = ADC_SC2_REFSEL(1); // 1.2V ref
    46fe:	4a21      	ldr	r2, [pc, #132]	; (4784 <analog_init+0xb8>)
	if (analog_reference_internal) {
    4700:	b1cb      	cbz	r3, 4736 <analog_init+0x6a>
		ADC0_SC2 = ADC_SC2_REFSEL(1); // 1.2V ref
    4702:	2301      	movs	r3, #1
    4704:	620b      	str	r3, [r1, #32]
		ADC1_SC2 = ADC_SC2_REFSEL(1); // 1.2V ref
    4706:	6213      	str	r3, [r2, #32]
	} else {
		ADC0_SC2 = ADC_SC2_REFSEL(1); // vcc
	}
	#endif

	num = analog_num_average;
    4708:	4b20      	ldr	r3, [pc, #128]	; (478c <analog_init+0xc0>)
	if (num <= 1) {
		ADC0_SC3 = ADC_SC3_CAL;  // begin cal
    470a:	491d      	ldr	r1, [pc, #116]	; (4780 <analog_init+0xb4>)
	num = analog_num_average;
    470c:	781b      	ldrb	r3, [r3, #0]
		#ifdef HAS_KINETIS_ADC1
		ADC1_SC3 = ADC_SC3_CAL;  // begin cal
    470e:	4a1d      	ldr	r2, [pc, #116]	; (4784 <analog_init+0xb8>)
	if (num <= 1) {
    4710:	2b01      	cmp	r3, #1
    4712:	d913      	bls.n	473c <analog_init+0x70>
		#endif
	} else if (num <= 4) {
    4714:	2b04      	cmp	r3, #4
    4716:	d81b      	bhi.n	4750 <analog_init+0x84>
		ADC0_SC3 = ADC_SC3_CAL + ADC_SC3_AVGE + ADC_SC3_AVGS(0);
    4718:	2384      	movs	r3, #132	; 0x84
    471a:	624b      	str	r3, [r1, #36]	; 0x24
		#ifdef HAS_KINETIS_ADC1
		ADC1_SC3 = ADC_SC3_CAL + ADC_SC3_AVGE + ADC_SC3_AVGS(0);
    471c:	6253      	str	r3, [r2, #36]	; 0x24
		ADC0_SC3 = ADC_SC3_CAL + ADC_SC3_AVGE + ADC_SC3_AVGS(3);
		#ifdef HAS_KINETIS_ADC1
		ADC1_SC3 = ADC_SC3_CAL + ADC_SC3_AVGE + ADC_SC3_AVGS(3);
		#endif
	}
	calibrating = 1;
    471e:	4b1c      	ldr	r3, [pc, #112]	; (4790 <analog_init+0xc4>)
    4720:	2201      	movs	r2, #1
    4722:	701a      	strb	r2, [r3, #0]
}
    4724:	4770      	bx	lr
		ADC1_CFG1 = ADC_CFG1_10BIT + ADC_CFG1_MODE(2) + ADC_CFG1_ADLSMP;
    4726:	4b17      	ldr	r3, [pc, #92]	; (4784 <analog_init+0xb8>)
		ADC0_CFG1 = ADC_CFG1_10BIT + ADC_CFG1_MODE(2) + ADC_CFG1_ADLSMP;
    4728:	2139      	movs	r1, #57	; 0x39
		ADC0_CFG2 = ADC_CFG2_MUXSEL + ADC_CFG2_ADLSTS(3);
    472a:	2213      	movs	r2, #19
		ADC0_CFG1 = ADC_CFG1_10BIT + ADC_CFG1_MODE(2) + ADC_CFG1_ADLSMP;
    472c:	6081      	str	r1, [r0, #8]
		ADC0_CFG2 = ADC_CFG2_MUXSEL + ADC_CFG2_ADLSTS(3);
    472e:	60c2      	str	r2, [r0, #12]
		ADC1_CFG1 = ADC_CFG1_10BIT + ADC_CFG1_MODE(2) + ADC_CFG1_ADLSMP;
    4730:	6099      	str	r1, [r3, #8]
		ADC1_CFG2 = ADC_CFG2_MUXSEL + ADC_CFG2_ADLSTS(3);
    4732:	60da      	str	r2, [r3, #12]
    4734:	e7e0      	b.n	46f8 <analog_init+0x2c>
		ADC0_SC2 = ADC_SC2_REFSEL(0); // vcc/ext ref
    4736:	620b      	str	r3, [r1, #32]
		ADC1_SC2 = ADC_SC2_REFSEL(0); // vcc/ext ref
    4738:	6213      	str	r3, [r2, #32]
    473a:	e7e5      	b.n	4708 <analog_init+0x3c>
		ADC0_SC3 = ADC_SC3_CAL;  // begin cal
    473c:	2380      	movs	r3, #128	; 0x80
    473e:	624b      	str	r3, [r1, #36]	; 0x24
		ADC1_SC3 = ADC_SC3_CAL;  // begin cal
    4740:	6253      	str	r3, [r2, #36]	; 0x24
	calibrating = 1;
    4742:	4b13      	ldr	r3, [pc, #76]	; (4790 <analog_init+0xc4>)
    4744:	2201      	movs	r2, #1
    4746:	701a      	strb	r2, [r3, #0]
}
    4748:	4770      	bx	lr
		ADC1_CFG1 = ADC_CFG1_8BIT + ADC_CFG1_MODE(0);
    474a:	4b0e      	ldr	r3, [pc, #56]	; (4784 <analog_init+0xb8>)
		ADC0_CFG1 = ADC_CFG1_8BIT + ADC_CFG1_MODE(0);
    474c:	2121      	movs	r1, #33	; 0x21
    474e:	e7ec      	b.n	472a <analog_init+0x5e>
	} else if (num <= 8) {
    4750:	2b08      	cmp	r3, #8
    4752:	d806      	bhi.n	4762 <analog_init+0x96>
		ADC0_SC3 = ADC_SC3_CAL + ADC_SC3_AVGE + ADC_SC3_AVGS(1);
    4754:	2385      	movs	r3, #133	; 0x85
    4756:	624b      	str	r3, [r1, #36]	; 0x24
		ADC1_SC3 = ADC_SC3_CAL + ADC_SC3_AVGE + ADC_SC3_AVGS(1);
    4758:	6253      	str	r3, [r2, #36]	; 0x24
	calibrating = 1;
    475a:	4b0d      	ldr	r3, [pc, #52]	; (4790 <analog_init+0xc4>)
    475c:	2201      	movs	r2, #1
    475e:	701a      	strb	r2, [r3, #0]
}
    4760:	4770      	bx	lr
	} else if (num <= 16) {
    4762:	2b10      	cmp	r3, #16
		ADC0_SC3 = ADC_SC3_CAL + ADC_SC3_AVGE + ADC_SC3_AVGS(2);
    4764:	bf94      	ite	ls
    4766:	2386      	movls	r3, #134	; 0x86
		ADC0_SC3 = ADC_SC3_CAL + ADC_SC3_AVGE + ADC_SC3_AVGS(3);
    4768:	2387      	movhi	r3, #135	; 0x87
    476a:	624b      	str	r3, [r1, #36]	; 0x24
		ADC1_SC3 = ADC_SC3_CAL + ADC_SC3_AVGE + ADC_SC3_AVGS(3);
    476c:	6253      	str	r3, [r2, #36]	; 0x24
	calibrating = 1;
    476e:	4b08      	ldr	r3, [pc, #32]	; (4790 <analog_init+0xc4>)
    4770:	2201      	movs	r2, #1
    4772:	701a      	strb	r2, [r3, #0]
}
    4774:	4770      	bx	lr
    4776:	bf00      	nop
    4778:	40074000 	.word	0x40074000
    477c:	1fff0755 	.word	0x1fff0755
    4780:	4003b000 	.word	0x4003b000
    4784:	400bb000 	.word	0x400bb000
    4788:	1fff6269 	.word	0x1fff6269
    478c:	1fff0756 	.word	0x1fff0756
    4790:	1fff626a 	.word	0x1fff626a

00004794 <serialEvent()>:

#include <Arduino.h>
void serialEvent() __attribute__((weak));
void serialEvent() {
}
    4794:	4770      	bx	lr
    4796:	bf00      	nop

00004798 <usb_init_serialnumber>:
	{'M','T','P'}
};
#endif

void usb_init_serialnumber(void)
{
    4798:	b510      	push	{r4, lr}
    479a:	b084      	sub	sp, #16
	char buf[11];
	uint32_t i, num;

	__disable_irq();
    479c:	b672      	cpsid	i
	FTFL_FCCOB1 = 15;
	FTFL_FSTAT = FTFL_FSTAT_CCIF;
	while (!(FTFL_FSTAT & FTFL_FSTAT_CCIF)) ; // wait
	num = *(uint32_t *)&FTFL_FCCOB7;
#elif defined(HAS_KINETIS_FLASH_FTFE)
	kinetis_hsrun_disable();
    479e:	f7fe fedb 	bl	3558 <kinetis_hsrun_disable>
	FTFL_FSTAT = FTFL_FSTAT_RDCOLERR | FTFL_FSTAT_ACCERR | FTFL_FSTAT_FPVIOL;
    47a2:	4a17      	ldr	r2, [pc, #92]	; (4800 <usb_init_serialnumber+0x68>)
	*(uint32_t *)&FTFL_FCCOB3 = 0x41070000;
    47a4:	4917      	ldr	r1, [pc, #92]	; (4804 <usb_init_serialnumber+0x6c>)
    47a6:	6051      	str	r1, [r2, #4]
	FTFL_FSTAT = FTFL_FSTAT_RDCOLERR | FTFL_FSTAT_ACCERR | FTFL_FSTAT_FPVIOL;
    47a8:	2070      	movs	r0, #112	; 0x70
	FTFL_FSTAT = FTFL_FSTAT_CCIF;
    47aa:	2380      	movs	r3, #128	; 0x80
	FTFL_FSTAT = FTFL_FSTAT_RDCOLERR | FTFL_FSTAT_ACCERR | FTFL_FSTAT_FPVIOL;
    47ac:	7010      	strb	r0, [r2, #0]
	FTFL_FSTAT = FTFL_FSTAT_CCIF;
    47ae:	7013      	strb	r3, [r2, #0]
	while (!(FTFL_FSTAT & FTFL_FSTAT_CCIF)) ; // wait
    47b0:	7813      	ldrb	r3, [r2, #0]
    47b2:	061b      	lsls	r3, r3, #24
    47b4:	d5fc      	bpl.n	47b0 <usb_init_serialnumber+0x18>
	num = *(uint32_t *)&FTFL_FCCOBB;
    47b6:	68d4      	ldr	r4, [r2, #12]
	kinetis_hsrun_enable();
    47b8:	f7fe fee4 	bl	3584 <kinetis_hsrun_enable>
#endif
	__enable_irq();
    47bc:	b662      	cpsie	i
	// add extra zero to work around OS-X CDC-ACM driver bug
	if (num < 10000000) num = num * 10;
    47be:	4b12      	ldr	r3, [pc, #72]	; (4808 <usb_init_serialnumber+0x70>)
    47c0:	429c      	cmp	r4, r3
    47c2:	bf3c      	itt	cc
    47c4:	eb04 0484 	addcc.w	r4, r4, r4, lsl #2
    47c8:	0064      	lslcc	r4, r4, #1
	ultoa(num, buf, 10);
    47ca:	4620      	mov	r0, r4
    47cc:	4c0f      	ldr	r4, [pc, #60]	; (480c <usb_init_serialnumber+0x74>)
    47ce:	a901      	add	r1, sp, #4
    47d0:	220a      	movs	r2, #10
    47d2:	f7fe feed 	bl	35b0 <ultoa>
	for (i=0; i<10; i++) {
    47d6:	a901      	add	r1, sp, #4
    47d8:	4620      	mov	r0, r4
    47da:	2300      	movs	r3, #0
		char c = buf[i];
    47dc:	f811 2b01 	ldrb.w	r2, [r1], #1
	for (i=0; i<10; i++) {
    47e0:	3301      	adds	r3, #1
		if (!c) break;
    47e2:	b13a      	cbz	r2, 47f4 <usb_init_serialnumber+0x5c>
	for (i=0; i<10; i++) {
    47e4:	2b0a      	cmp	r3, #10
		usb_string_serial_number_default.wString[i] = c;
    47e6:	f820 2f02 	strh.w	r2, [r0, #2]!
	for (i=0; i<10; i++) {
    47ea:	d1f7      	bne.n	47dc <usb_init_serialnumber+0x44>
    47ec:	2316      	movs	r3, #22
	}
	usb_string_serial_number_default.bLength = i * 2 + 2;
    47ee:	7023      	strb	r3, [r4, #0]
}
    47f0:	b004      	add	sp, #16
    47f2:	bd10      	pop	{r4, pc}
	usb_string_serial_number_default.bLength = i * 2 + 2;
    47f4:	005b      	lsls	r3, r3, #1
    47f6:	b2db      	uxtb	r3, r3
    47f8:	7023      	strb	r3, [r4, #0]
}
    47fa:	b004      	add	sp, #16
    47fc:	bd10      	pop	{r4, pc}
    47fe:	bf00      	nop
    4800:	40020000 	.word	0x40020000
    4804:	41070000 	.word	0x41070000
    4808:	00989680 	.word	0x00989680
    480c:	1fff07e4 	.word	0x1fff07e4

00004810 <__aeabi_drsub>:
    4810:	f081 4100 	eor.w	r1, r1, #2147483648	; 0x80000000
    4814:	e002      	b.n	481c <__adddf3>
    4816:	bf00      	nop

00004818 <__aeabi_dsub>:
    4818:	f083 4300 	eor.w	r3, r3, #2147483648	; 0x80000000

0000481c <__adddf3>:
    481c:	b530      	push	{r4, r5, lr}
    481e:	ea4f 0441 	mov.w	r4, r1, lsl #1
    4822:	ea4f 0543 	mov.w	r5, r3, lsl #1
    4826:	ea94 0f05 	teq	r4, r5
    482a:	bf08      	it	eq
    482c:	ea90 0f02 	teqeq	r0, r2
    4830:	bf1f      	itttt	ne
    4832:	ea54 0c00 	orrsne.w	ip, r4, r0
    4836:	ea55 0c02 	orrsne.w	ip, r5, r2
    483a:	ea7f 5c64 	mvnsne.w	ip, r4, asr #21
    483e:	ea7f 5c65 	mvnsne.w	ip, r5, asr #21
    4842:	f000 80e2 	beq.w	4a0a <__adddf3+0x1ee>
    4846:	ea4f 5454 	mov.w	r4, r4, lsr #21
    484a:	ebd4 5555 	rsbs	r5, r4, r5, lsr #21
    484e:	bfb8      	it	lt
    4850:	426d      	neglt	r5, r5
    4852:	dd0c      	ble.n	486e <__adddf3+0x52>
    4854:	442c      	add	r4, r5
    4856:	ea80 0202 	eor.w	r2, r0, r2
    485a:	ea81 0303 	eor.w	r3, r1, r3
    485e:	ea82 0000 	eor.w	r0, r2, r0
    4862:	ea83 0101 	eor.w	r1, r3, r1
    4866:	ea80 0202 	eor.w	r2, r0, r2
    486a:	ea81 0303 	eor.w	r3, r1, r3
    486e:	2d36      	cmp	r5, #54	; 0x36
    4870:	bf88      	it	hi
    4872:	bd30      	pophi	{r4, r5, pc}
    4874:	f011 4f00 	tst.w	r1, #2147483648	; 0x80000000
    4878:	ea4f 3101 	mov.w	r1, r1, lsl #12
    487c:	f44f 1c80 	mov.w	ip, #1048576	; 0x100000
    4880:	ea4c 3111 	orr.w	r1, ip, r1, lsr #12
    4884:	d002      	beq.n	488c <__adddf3+0x70>
    4886:	4240      	negs	r0, r0
    4888:	eb61 0141 	sbc.w	r1, r1, r1, lsl #1
    488c:	f013 4f00 	tst.w	r3, #2147483648	; 0x80000000
    4890:	ea4f 3303 	mov.w	r3, r3, lsl #12
    4894:	ea4c 3313 	orr.w	r3, ip, r3, lsr #12
    4898:	d002      	beq.n	48a0 <__adddf3+0x84>
    489a:	4252      	negs	r2, r2
    489c:	eb63 0343 	sbc.w	r3, r3, r3, lsl #1
    48a0:	ea94 0f05 	teq	r4, r5
    48a4:	f000 80a7 	beq.w	49f6 <__adddf3+0x1da>
    48a8:	f1a4 0401 	sub.w	r4, r4, #1
    48ac:	f1d5 0e20 	rsbs	lr, r5, #32
    48b0:	db0d      	blt.n	48ce <__adddf3+0xb2>
    48b2:	fa02 fc0e 	lsl.w	ip, r2, lr
    48b6:	fa22 f205 	lsr.w	r2, r2, r5
    48ba:	1880      	adds	r0, r0, r2
    48bc:	f141 0100 	adc.w	r1, r1, #0
    48c0:	fa03 f20e 	lsl.w	r2, r3, lr
    48c4:	1880      	adds	r0, r0, r2
    48c6:	fa43 f305 	asr.w	r3, r3, r5
    48ca:	4159      	adcs	r1, r3
    48cc:	e00e      	b.n	48ec <__adddf3+0xd0>
    48ce:	f1a5 0520 	sub.w	r5, r5, #32
    48d2:	f10e 0e20 	add.w	lr, lr, #32
    48d6:	2a01      	cmp	r2, #1
    48d8:	fa03 fc0e 	lsl.w	ip, r3, lr
    48dc:	bf28      	it	cs
    48de:	f04c 0c02 	orrcs.w	ip, ip, #2
    48e2:	fa43 f305 	asr.w	r3, r3, r5
    48e6:	18c0      	adds	r0, r0, r3
    48e8:	eb51 71e3 	adcs.w	r1, r1, r3, asr #31
    48ec:	f001 4500 	and.w	r5, r1, #2147483648	; 0x80000000
    48f0:	d507      	bpl.n	4902 <__adddf3+0xe6>
    48f2:	f04f 0e00 	mov.w	lr, #0
    48f6:	f1dc 0c00 	rsbs	ip, ip, #0
    48fa:	eb7e 0000 	sbcs.w	r0, lr, r0
    48fe:	eb6e 0101 	sbc.w	r1, lr, r1
    4902:	f5b1 1f80 	cmp.w	r1, #1048576	; 0x100000
    4906:	d31b      	bcc.n	4940 <__adddf3+0x124>
    4908:	f5b1 1f00 	cmp.w	r1, #2097152	; 0x200000
    490c:	d30c      	bcc.n	4928 <__adddf3+0x10c>
    490e:	0849      	lsrs	r1, r1, #1
    4910:	ea5f 0030 	movs.w	r0, r0, rrx
    4914:	ea4f 0c3c 	mov.w	ip, ip, rrx
    4918:	f104 0401 	add.w	r4, r4, #1
    491c:	ea4f 5244 	mov.w	r2, r4, lsl #21
    4920:	f512 0f80 	cmn.w	r2, #4194304	; 0x400000
    4924:	f080 809a 	bcs.w	4a5c <__adddf3+0x240>
    4928:	f1bc 4f00 	cmp.w	ip, #2147483648	; 0x80000000
    492c:	bf08      	it	eq
    492e:	ea5f 0c50 	movseq.w	ip, r0, lsr #1
    4932:	f150 0000 	adcs.w	r0, r0, #0
    4936:	eb41 5104 	adc.w	r1, r1, r4, lsl #20
    493a:	ea41 0105 	orr.w	r1, r1, r5
    493e:	bd30      	pop	{r4, r5, pc}
    4940:	ea5f 0c4c 	movs.w	ip, ip, lsl #1
    4944:	4140      	adcs	r0, r0
    4946:	eb41 0101 	adc.w	r1, r1, r1
    494a:	3c01      	subs	r4, #1
    494c:	bf28      	it	cs
    494e:	f5b1 1f80 	cmpcs.w	r1, #1048576	; 0x100000
    4952:	d2e9      	bcs.n	4928 <__adddf3+0x10c>
    4954:	f091 0f00 	teq	r1, #0
    4958:	bf04      	itt	eq
    495a:	4601      	moveq	r1, r0
    495c:	2000      	moveq	r0, #0
    495e:	fab1 f381 	clz	r3, r1
    4962:	bf08      	it	eq
    4964:	3320      	addeq	r3, #32
    4966:	f1a3 030b 	sub.w	r3, r3, #11
    496a:	f1b3 0220 	subs.w	r2, r3, #32
    496e:	da0c      	bge.n	498a <__adddf3+0x16e>
    4970:	320c      	adds	r2, #12
    4972:	dd08      	ble.n	4986 <__adddf3+0x16a>
    4974:	f102 0c14 	add.w	ip, r2, #20
    4978:	f1c2 020c 	rsb	r2, r2, #12
    497c:	fa01 f00c 	lsl.w	r0, r1, ip
    4980:	fa21 f102 	lsr.w	r1, r1, r2
    4984:	e00c      	b.n	49a0 <__adddf3+0x184>
    4986:	f102 0214 	add.w	r2, r2, #20
    498a:	bfd8      	it	le
    498c:	f1c2 0c20 	rsble	ip, r2, #32
    4990:	fa01 f102 	lsl.w	r1, r1, r2
    4994:	fa20 fc0c 	lsr.w	ip, r0, ip
    4998:	bfdc      	itt	le
    499a:	ea41 010c 	orrle.w	r1, r1, ip
    499e:	4090      	lslle	r0, r2
    49a0:	1ae4      	subs	r4, r4, r3
    49a2:	bfa2      	ittt	ge
    49a4:	eb01 5104 	addge.w	r1, r1, r4, lsl #20
    49a8:	4329      	orrge	r1, r5
    49aa:	bd30      	popge	{r4, r5, pc}
    49ac:	ea6f 0404 	mvn.w	r4, r4
    49b0:	3c1f      	subs	r4, #31
    49b2:	da1c      	bge.n	49ee <__adddf3+0x1d2>
    49b4:	340c      	adds	r4, #12
    49b6:	dc0e      	bgt.n	49d6 <__adddf3+0x1ba>
    49b8:	f104 0414 	add.w	r4, r4, #20
    49bc:	f1c4 0220 	rsb	r2, r4, #32
    49c0:	fa20 f004 	lsr.w	r0, r0, r4
    49c4:	fa01 f302 	lsl.w	r3, r1, r2
    49c8:	ea40 0003 	orr.w	r0, r0, r3
    49cc:	fa21 f304 	lsr.w	r3, r1, r4
    49d0:	ea45 0103 	orr.w	r1, r5, r3
    49d4:	bd30      	pop	{r4, r5, pc}
    49d6:	f1c4 040c 	rsb	r4, r4, #12
    49da:	f1c4 0220 	rsb	r2, r4, #32
    49de:	fa20 f002 	lsr.w	r0, r0, r2
    49e2:	fa01 f304 	lsl.w	r3, r1, r4
    49e6:	ea40 0003 	orr.w	r0, r0, r3
    49ea:	4629      	mov	r1, r5
    49ec:	bd30      	pop	{r4, r5, pc}
    49ee:	fa21 f004 	lsr.w	r0, r1, r4
    49f2:	4629      	mov	r1, r5
    49f4:	bd30      	pop	{r4, r5, pc}
    49f6:	f094 0f00 	teq	r4, #0
    49fa:	f483 1380 	eor.w	r3, r3, #1048576	; 0x100000
    49fe:	bf06      	itte	eq
    4a00:	f481 1180 	eoreq.w	r1, r1, #1048576	; 0x100000
    4a04:	3401      	addeq	r4, #1
    4a06:	3d01      	subne	r5, #1
    4a08:	e74e      	b.n	48a8 <__adddf3+0x8c>
    4a0a:	ea7f 5c64 	mvns.w	ip, r4, asr #21
    4a0e:	bf18      	it	ne
    4a10:	ea7f 5c65 	mvnsne.w	ip, r5, asr #21
    4a14:	d029      	beq.n	4a6a <__adddf3+0x24e>
    4a16:	ea94 0f05 	teq	r4, r5
    4a1a:	bf08      	it	eq
    4a1c:	ea90 0f02 	teqeq	r0, r2
    4a20:	d005      	beq.n	4a2e <__adddf3+0x212>
    4a22:	ea54 0c00 	orrs.w	ip, r4, r0
    4a26:	bf04      	itt	eq
    4a28:	4619      	moveq	r1, r3
    4a2a:	4610      	moveq	r0, r2
    4a2c:	bd30      	pop	{r4, r5, pc}
    4a2e:	ea91 0f03 	teq	r1, r3
    4a32:	bf1e      	ittt	ne
    4a34:	2100      	movne	r1, #0
    4a36:	2000      	movne	r0, #0
    4a38:	bd30      	popne	{r4, r5, pc}
    4a3a:	ea5f 5c54 	movs.w	ip, r4, lsr #21
    4a3e:	d105      	bne.n	4a4c <__adddf3+0x230>
    4a40:	0040      	lsls	r0, r0, #1
    4a42:	4149      	adcs	r1, r1
    4a44:	bf28      	it	cs
    4a46:	f041 4100 	orrcs.w	r1, r1, #2147483648	; 0x80000000
    4a4a:	bd30      	pop	{r4, r5, pc}
    4a4c:	f514 0480 	adds.w	r4, r4, #4194304	; 0x400000
    4a50:	bf3c      	itt	cc
    4a52:	f501 1180 	addcc.w	r1, r1, #1048576	; 0x100000
    4a56:	bd30      	popcc	{r4, r5, pc}
    4a58:	f001 4500 	and.w	r5, r1, #2147483648	; 0x80000000
    4a5c:	f045 41fe 	orr.w	r1, r5, #2130706432	; 0x7f000000
    4a60:	f441 0170 	orr.w	r1, r1, #15728640	; 0xf00000
    4a64:	f04f 0000 	mov.w	r0, #0
    4a68:	bd30      	pop	{r4, r5, pc}
    4a6a:	ea7f 5c64 	mvns.w	ip, r4, asr #21
    4a6e:	bf1a      	itte	ne
    4a70:	4619      	movne	r1, r3
    4a72:	4610      	movne	r0, r2
    4a74:	ea7f 5c65 	mvnseq.w	ip, r5, asr #21
    4a78:	bf1c      	itt	ne
    4a7a:	460b      	movne	r3, r1
    4a7c:	4602      	movne	r2, r0
    4a7e:	ea50 3401 	orrs.w	r4, r0, r1, lsl #12
    4a82:	bf06      	itte	eq
    4a84:	ea52 3503 	orrseq.w	r5, r2, r3, lsl #12
    4a88:	ea91 0f03 	teqeq	r1, r3
    4a8c:	f441 2100 	orrne.w	r1, r1, #524288	; 0x80000
    4a90:	bd30      	pop	{r4, r5, pc}
    4a92:	bf00      	nop

00004a94 <__aeabi_ui2d>:
    4a94:	f090 0f00 	teq	r0, #0
    4a98:	bf04      	itt	eq
    4a9a:	2100      	moveq	r1, #0
    4a9c:	4770      	bxeq	lr
    4a9e:	b530      	push	{r4, r5, lr}
    4aa0:	f44f 6480 	mov.w	r4, #1024	; 0x400
    4aa4:	f104 0432 	add.w	r4, r4, #50	; 0x32
    4aa8:	f04f 0500 	mov.w	r5, #0
    4aac:	f04f 0100 	mov.w	r1, #0
    4ab0:	e750      	b.n	4954 <__adddf3+0x138>
    4ab2:	bf00      	nop

00004ab4 <__aeabi_i2d>:
    4ab4:	f090 0f00 	teq	r0, #0
    4ab8:	bf04      	itt	eq
    4aba:	2100      	moveq	r1, #0
    4abc:	4770      	bxeq	lr
    4abe:	b530      	push	{r4, r5, lr}
    4ac0:	f44f 6480 	mov.w	r4, #1024	; 0x400
    4ac4:	f104 0432 	add.w	r4, r4, #50	; 0x32
    4ac8:	f010 4500 	ands.w	r5, r0, #2147483648	; 0x80000000
    4acc:	bf48      	it	mi
    4ace:	4240      	negmi	r0, r0
    4ad0:	f04f 0100 	mov.w	r1, #0
    4ad4:	e73e      	b.n	4954 <__adddf3+0x138>
    4ad6:	bf00      	nop

00004ad8 <__aeabi_f2d>:
    4ad8:	0042      	lsls	r2, r0, #1
    4ada:	ea4f 01e2 	mov.w	r1, r2, asr #3
    4ade:	ea4f 0131 	mov.w	r1, r1, rrx
    4ae2:	ea4f 7002 	mov.w	r0, r2, lsl #28
    4ae6:	bf1f      	itttt	ne
    4ae8:	f012 437f 	andsne.w	r3, r2, #4278190080	; 0xff000000
    4aec:	f093 4f7f 	teqne	r3, #4278190080	; 0xff000000
    4af0:	f081 5160 	eorne.w	r1, r1, #939524096	; 0x38000000
    4af4:	4770      	bxne	lr
    4af6:	f032 427f 	bics.w	r2, r2, #4278190080	; 0xff000000
    4afa:	bf08      	it	eq
    4afc:	4770      	bxeq	lr
    4afe:	f093 4f7f 	teq	r3, #4278190080	; 0xff000000
    4b02:	bf04      	itt	eq
    4b04:	f441 2100 	orreq.w	r1, r1, #524288	; 0x80000
    4b08:	4770      	bxeq	lr
    4b0a:	b530      	push	{r4, r5, lr}
    4b0c:	f44f 7460 	mov.w	r4, #896	; 0x380
    4b10:	f001 4500 	and.w	r5, r1, #2147483648	; 0x80000000
    4b14:	f021 4100 	bic.w	r1, r1, #2147483648	; 0x80000000
    4b18:	e71c      	b.n	4954 <__adddf3+0x138>
    4b1a:	bf00      	nop

00004b1c <__aeabi_ul2d>:
    4b1c:	ea50 0201 	orrs.w	r2, r0, r1
    4b20:	bf08      	it	eq
    4b22:	4770      	bxeq	lr
    4b24:	b530      	push	{r4, r5, lr}
    4b26:	f04f 0500 	mov.w	r5, #0
    4b2a:	e00a      	b.n	4b42 <__aeabi_l2d+0x16>

00004b2c <__aeabi_l2d>:
    4b2c:	ea50 0201 	orrs.w	r2, r0, r1
    4b30:	bf08      	it	eq
    4b32:	4770      	bxeq	lr
    4b34:	b530      	push	{r4, r5, lr}
    4b36:	f011 4500 	ands.w	r5, r1, #2147483648	; 0x80000000
    4b3a:	d502      	bpl.n	4b42 <__aeabi_l2d+0x16>
    4b3c:	4240      	negs	r0, r0
    4b3e:	eb61 0141 	sbc.w	r1, r1, r1, lsl #1
    4b42:	f44f 6480 	mov.w	r4, #1024	; 0x400
    4b46:	f104 0432 	add.w	r4, r4, #50	; 0x32
    4b4a:	ea5f 5c91 	movs.w	ip, r1, lsr #22
    4b4e:	f43f aed8 	beq.w	4902 <__adddf3+0xe6>
    4b52:	f04f 0203 	mov.w	r2, #3
    4b56:	ea5f 0cdc 	movs.w	ip, ip, lsr #3
    4b5a:	bf18      	it	ne
    4b5c:	3203      	addne	r2, #3
    4b5e:	ea5f 0cdc 	movs.w	ip, ip, lsr #3
    4b62:	bf18      	it	ne
    4b64:	3203      	addne	r2, #3
    4b66:	eb02 02dc 	add.w	r2, r2, ip, lsr #3
    4b6a:	f1c2 0320 	rsb	r3, r2, #32
    4b6e:	fa00 fc03 	lsl.w	ip, r0, r3
    4b72:	fa20 f002 	lsr.w	r0, r0, r2
    4b76:	fa01 fe03 	lsl.w	lr, r1, r3
    4b7a:	ea40 000e 	orr.w	r0, r0, lr
    4b7e:	fa21 f102 	lsr.w	r1, r1, r2
    4b82:	4414      	add	r4, r2
    4b84:	e6bd      	b.n	4902 <__adddf3+0xe6>
    4b86:	bf00      	nop

00004b88 <__gedf2>:
    4b88:	f04f 3cff 	mov.w	ip, #4294967295
    4b8c:	e006      	b.n	4b9c <__cmpdf2+0x4>
    4b8e:	bf00      	nop

00004b90 <__ledf2>:
    4b90:	f04f 0c01 	mov.w	ip, #1
    4b94:	e002      	b.n	4b9c <__cmpdf2+0x4>
    4b96:	bf00      	nop

00004b98 <__cmpdf2>:
    4b98:	f04f 0c01 	mov.w	ip, #1
    4b9c:	f84d cd04 	str.w	ip, [sp, #-4]!
    4ba0:	ea4f 0c41 	mov.w	ip, r1, lsl #1
    4ba4:	ea7f 5c6c 	mvns.w	ip, ip, asr #21
    4ba8:	ea4f 0c43 	mov.w	ip, r3, lsl #1
    4bac:	bf18      	it	ne
    4bae:	ea7f 5c6c 	mvnsne.w	ip, ip, asr #21
    4bb2:	d01b      	beq.n	4bec <__cmpdf2+0x54>
    4bb4:	b001      	add	sp, #4
    4bb6:	ea50 0c41 	orrs.w	ip, r0, r1, lsl #1
    4bba:	bf0c      	ite	eq
    4bbc:	ea52 0c43 	orrseq.w	ip, r2, r3, lsl #1
    4bc0:	ea91 0f03 	teqne	r1, r3
    4bc4:	bf02      	ittt	eq
    4bc6:	ea90 0f02 	teqeq	r0, r2
    4bca:	2000      	moveq	r0, #0
    4bcc:	4770      	bxeq	lr
    4bce:	f110 0f00 	cmn.w	r0, #0
    4bd2:	ea91 0f03 	teq	r1, r3
    4bd6:	bf58      	it	pl
    4bd8:	4299      	cmppl	r1, r3
    4bda:	bf08      	it	eq
    4bdc:	4290      	cmpeq	r0, r2
    4bde:	bf2c      	ite	cs
    4be0:	17d8      	asrcs	r0, r3, #31
    4be2:	ea6f 70e3 	mvncc.w	r0, r3, asr #31
    4be6:	f040 0001 	orr.w	r0, r0, #1
    4bea:	4770      	bx	lr
    4bec:	ea4f 0c41 	mov.w	ip, r1, lsl #1
    4bf0:	ea7f 5c6c 	mvns.w	ip, ip, asr #21
    4bf4:	d102      	bne.n	4bfc <__cmpdf2+0x64>
    4bf6:	ea50 3c01 	orrs.w	ip, r0, r1, lsl #12
    4bfa:	d107      	bne.n	4c0c <__cmpdf2+0x74>
    4bfc:	ea4f 0c43 	mov.w	ip, r3, lsl #1
    4c00:	ea7f 5c6c 	mvns.w	ip, ip, asr #21
    4c04:	d1d6      	bne.n	4bb4 <__cmpdf2+0x1c>
    4c06:	ea52 3c03 	orrs.w	ip, r2, r3, lsl #12
    4c0a:	d0d3      	beq.n	4bb4 <__cmpdf2+0x1c>
    4c0c:	f85d 0b04 	ldr.w	r0, [sp], #4
    4c10:	4770      	bx	lr
    4c12:	bf00      	nop

00004c14 <__aeabi_cdrcmple>:
    4c14:	4684      	mov	ip, r0
    4c16:	4610      	mov	r0, r2
    4c18:	4662      	mov	r2, ip
    4c1a:	468c      	mov	ip, r1
    4c1c:	4619      	mov	r1, r3
    4c1e:	4663      	mov	r3, ip
    4c20:	e000      	b.n	4c24 <__aeabi_cdcmpeq>
    4c22:	bf00      	nop

00004c24 <__aeabi_cdcmpeq>:
    4c24:	b501      	push	{r0, lr}
    4c26:	f7ff ffb7 	bl	4b98 <__cmpdf2>
    4c2a:	2800      	cmp	r0, #0
    4c2c:	bf48      	it	mi
    4c2e:	f110 0f00 	cmnmi.w	r0, #0
    4c32:	bd01      	pop	{r0, pc}

00004c34 <__aeabi_dcmpeq>:
    4c34:	f84d ed08 	str.w	lr, [sp, #-8]!
    4c38:	f7ff fff4 	bl	4c24 <__aeabi_cdcmpeq>
    4c3c:	bf0c      	ite	eq
    4c3e:	2001      	moveq	r0, #1
    4c40:	2000      	movne	r0, #0
    4c42:	f85d fb08 	ldr.w	pc, [sp], #8
    4c46:	bf00      	nop

00004c48 <__aeabi_dcmplt>:
    4c48:	f84d ed08 	str.w	lr, [sp, #-8]!
    4c4c:	f7ff ffea 	bl	4c24 <__aeabi_cdcmpeq>
    4c50:	bf34      	ite	cc
    4c52:	2001      	movcc	r0, #1
    4c54:	2000      	movcs	r0, #0
    4c56:	f85d fb08 	ldr.w	pc, [sp], #8
    4c5a:	bf00      	nop

00004c5c <__aeabi_dcmple>:
    4c5c:	f84d ed08 	str.w	lr, [sp, #-8]!
    4c60:	f7ff ffe0 	bl	4c24 <__aeabi_cdcmpeq>
    4c64:	bf94      	ite	ls
    4c66:	2001      	movls	r0, #1
    4c68:	2000      	movhi	r0, #0
    4c6a:	f85d fb08 	ldr.w	pc, [sp], #8
    4c6e:	bf00      	nop

00004c70 <__aeabi_dcmpge>:
    4c70:	f84d ed08 	str.w	lr, [sp, #-8]!
    4c74:	f7ff ffce 	bl	4c14 <__aeabi_cdrcmple>
    4c78:	bf94      	ite	ls
    4c7a:	2001      	movls	r0, #1
    4c7c:	2000      	movhi	r0, #0
    4c7e:	f85d fb08 	ldr.w	pc, [sp], #8
    4c82:	bf00      	nop

00004c84 <__aeabi_dcmpgt>:
    4c84:	f84d ed08 	str.w	lr, [sp, #-8]!
    4c88:	f7ff ffc4 	bl	4c14 <__aeabi_cdrcmple>
    4c8c:	bf34      	ite	cc
    4c8e:	2001      	movcc	r0, #1
    4c90:	2000      	movcs	r0, #0
    4c92:	f85d fb08 	ldr.w	pc, [sp], #8
    4c96:	bf00      	nop

00004c98 <__aeabi_dcmpun>:
    4c98:	ea4f 0c41 	mov.w	ip, r1, lsl #1
    4c9c:	ea7f 5c6c 	mvns.w	ip, ip, asr #21
    4ca0:	d102      	bne.n	4ca8 <__aeabi_dcmpun+0x10>
    4ca2:	ea50 3c01 	orrs.w	ip, r0, r1, lsl #12
    4ca6:	d10a      	bne.n	4cbe <__aeabi_dcmpun+0x26>
    4ca8:	ea4f 0c43 	mov.w	ip, r3, lsl #1
    4cac:	ea7f 5c6c 	mvns.w	ip, ip, asr #21
    4cb0:	d102      	bne.n	4cb8 <__aeabi_dcmpun+0x20>
    4cb2:	ea52 3c03 	orrs.w	ip, r2, r3, lsl #12
    4cb6:	d102      	bne.n	4cbe <__aeabi_dcmpun+0x26>
    4cb8:	f04f 0000 	mov.w	r0, #0
    4cbc:	4770      	bx	lr
    4cbe:	f04f 0001 	mov.w	r0, #1
    4cc2:	4770      	bx	lr

00004cc4 <_malloc_r>:
    4cc4:	e92d 4ff0 	stmdb	sp!, {r4, r5, r6, r7, r8, r9, sl, fp, lr}
    4cc8:	f101 060b 	add.w	r6, r1, #11
    4ccc:	2e16      	cmp	r6, #22
    4cce:	b083      	sub	sp, #12
    4cd0:	4604      	mov	r4, r0
    4cd2:	d824      	bhi.n	4d1e <_malloc_r+0x5a>
    4cd4:	2910      	cmp	r1, #16
    4cd6:	f200 80ba 	bhi.w	4e4e <_malloc_r+0x18a>
    4cda:	f000 faa3 	bl	5224 <__malloc_lock>
    4cde:	2610      	movs	r6, #16
    4ce0:	2218      	movs	r2, #24
    4ce2:	2002      	movs	r0, #2
    4ce4:	4fb5      	ldr	r7, [pc, #724]	; (4fbc <_malloc_r+0x2f8>)
    4ce6:	443a      	add	r2, r7
    4ce8:	f1a2 0108 	sub.w	r1, r2, #8
    4cec:	6853      	ldr	r3, [r2, #4]
    4cee:	428b      	cmp	r3, r1
    4cf0:	f000 80ba 	beq.w	4e68 <_malloc_r+0x1a4>
    4cf4:	685a      	ldr	r2, [r3, #4]
    4cf6:	68d9      	ldr	r1, [r3, #12]
    4cf8:	f022 0203 	bic.w	r2, r2, #3
    4cfc:	441a      	add	r2, r3
    4cfe:	689d      	ldr	r5, [r3, #8]
    4d00:	60e9      	str	r1, [r5, #12]
    4d02:	608d      	str	r5, [r1, #8]
    4d04:	6851      	ldr	r1, [r2, #4]
    4d06:	f041 0101 	orr.w	r1, r1, #1
    4d0a:	4620      	mov	r0, r4
    4d0c:	6051      	str	r1, [r2, #4]
    4d0e:	f103 0508 	add.w	r5, r3, #8
    4d12:	f000 fa8d 	bl	5230 <__malloc_unlock>
    4d16:	4628      	mov	r0, r5
    4d18:	b003      	add	sp, #12
    4d1a:	e8bd 8ff0 	ldmia.w	sp!, {r4, r5, r6, r7, r8, r9, sl, fp, pc}
    4d1e:	f036 0607 	bics.w	r6, r6, #7
    4d22:	f100 8094 	bmi.w	4e4e <_malloc_r+0x18a>
    4d26:	42b1      	cmp	r1, r6
    4d28:	f200 8091 	bhi.w	4e4e <_malloc_r+0x18a>
    4d2c:	f000 fa7a 	bl	5224 <__malloc_lock>
    4d30:	f5b6 7ffc 	cmp.w	r6, #504	; 0x1f8
    4d34:	f0c0 819a 	bcc.w	506c <_malloc_r+0x3a8>
    4d38:	0a73      	lsrs	r3, r6, #9
    4d3a:	f000 808f 	beq.w	4e5c <_malloc_r+0x198>
    4d3e:	2b04      	cmp	r3, #4
    4d40:	f200 816f 	bhi.w	5022 <_malloc_r+0x35e>
    4d44:	09b3      	lsrs	r3, r6, #6
    4d46:	f103 0039 	add.w	r0, r3, #57	; 0x39
    4d4a:	f103 0c38 	add.w	ip, r3, #56	; 0x38
    4d4e:	00c3      	lsls	r3, r0, #3
    4d50:	4f9a      	ldr	r7, [pc, #616]	; (4fbc <_malloc_r+0x2f8>)
    4d52:	443b      	add	r3, r7
    4d54:	f1a3 0508 	sub.w	r5, r3, #8
    4d58:	685b      	ldr	r3, [r3, #4]
    4d5a:	429d      	cmp	r5, r3
    4d5c:	d106      	bne.n	4d6c <_malloc_r+0xa8>
    4d5e:	e00c      	b.n	4d7a <_malloc_r+0xb6>
    4d60:	2900      	cmp	r1, #0
    4d62:	f280 8127 	bge.w	4fb4 <_malloc_r+0x2f0>
    4d66:	68db      	ldr	r3, [r3, #12]
    4d68:	429d      	cmp	r5, r3
    4d6a:	d006      	beq.n	4d7a <_malloc_r+0xb6>
    4d6c:	685a      	ldr	r2, [r3, #4]
    4d6e:	f022 0203 	bic.w	r2, r2, #3
    4d72:	1b91      	subs	r1, r2, r6
    4d74:	290f      	cmp	r1, #15
    4d76:	ddf3      	ble.n	4d60 <_malloc_r+0x9c>
    4d78:	4660      	mov	r0, ip
    4d7a:	693d      	ldr	r5, [r7, #16]
    4d7c:	f8df c250 	ldr.w	ip, [pc, #592]	; 4fd0 <_malloc_r+0x30c>
    4d80:	4565      	cmp	r5, ip
    4d82:	d07c      	beq.n	4e7e <_malloc_r+0x1ba>
    4d84:	686a      	ldr	r2, [r5, #4]
    4d86:	f022 0203 	bic.w	r2, r2, #3
    4d8a:	1b93      	subs	r3, r2, r6
    4d8c:	2b0f      	cmp	r3, #15
    4d8e:	f300 817b 	bgt.w	5088 <_malloc_r+0x3c4>
    4d92:	2b00      	cmp	r3, #0
    4d94:	e9c7 cc04 	strd	ip, ip, [r7, #16]
    4d98:	f280 816c 	bge.w	5074 <_malloc_r+0x3b0>
    4d9c:	f5b2 7f00 	cmp.w	r2, #512	; 0x200
    4da0:	f080 811a 	bcs.w	4fd8 <_malloc_r+0x314>
    4da4:	08d3      	lsrs	r3, r2, #3
    4da6:	6879      	ldr	r1, [r7, #4]
    4da8:	3301      	adds	r3, #1
    4daa:	ea4f 1e52 	mov.w	lr, r2, lsr #5
    4dae:	2201      	movs	r2, #1
    4db0:	fa02 f20e 	lsl.w	r2, r2, lr
    4db4:	430a      	orrs	r2, r1
    4db6:	f857 e033 	ldr.w	lr, [r7, r3, lsl #3]
    4dba:	f8c5 e008 	str.w	lr, [r5, #8]
    4dbe:	eb07 01c3 	add.w	r1, r7, r3, lsl #3
    4dc2:	3908      	subs	r1, #8
    4dc4:	60e9      	str	r1, [r5, #12]
    4dc6:	607a      	str	r2, [r7, #4]
    4dc8:	f847 5033 	str.w	r5, [r7, r3, lsl #3]
    4dcc:	f8ce 500c 	str.w	r5, [lr, #12]
    4dd0:	1083      	asrs	r3, r0, #2
    4dd2:	2101      	movs	r1, #1
    4dd4:	4099      	lsls	r1, r3
    4dd6:	4291      	cmp	r1, r2
    4dd8:	d857      	bhi.n	4e8a <_malloc_r+0x1c6>
    4dda:	4211      	tst	r1, r2
    4ddc:	d106      	bne.n	4dec <_malloc_r+0x128>
    4dde:	f020 0003 	bic.w	r0, r0, #3
    4de2:	0049      	lsls	r1, r1, #1
    4de4:	4211      	tst	r1, r2
    4de6:	f100 0004 	add.w	r0, r0, #4
    4dea:	d0fa      	beq.n	4de2 <_malloc_r+0x11e>
    4dec:	eb07 09c0 	add.w	r9, r7, r0, lsl #3
    4df0:	464d      	mov	r5, r9
    4df2:	4686      	mov	lr, r0
    4df4:	f8d5 800c 	ldr.w	r8, [r5, #12]
    4df8:	4545      	cmp	r5, r8
    4dfa:	d108      	bne.n	4e0e <_malloc_r+0x14a>
    4dfc:	e11d      	b.n	503a <_malloc_r+0x376>
    4dfe:	2b00      	cmp	r3, #0
    4e00:	f280 8124 	bge.w	504c <_malloc_r+0x388>
    4e04:	f8d8 800c 	ldr.w	r8, [r8, #12]
    4e08:	4545      	cmp	r5, r8
    4e0a:	f000 8116 	beq.w	503a <_malloc_r+0x376>
    4e0e:	f8d8 2004 	ldr.w	r2, [r8, #4]
    4e12:	f022 0203 	bic.w	r2, r2, #3
    4e16:	1b93      	subs	r3, r2, r6
    4e18:	2b0f      	cmp	r3, #15
    4e1a:	ddf0      	ble.n	4dfe <_malloc_r+0x13a>
    4e1c:	4620      	mov	r0, r4
    4e1e:	e9d8 5402 	ldrd	r5, r4, [r8, #8]
    4e22:	eb08 0106 	add.w	r1, r8, r6
    4e26:	f046 0601 	orr.w	r6, r6, #1
    4e2a:	f8c8 6004 	str.w	r6, [r8, #4]
    4e2e:	60ec      	str	r4, [r5, #12]
    4e30:	60a5      	str	r5, [r4, #8]
    4e32:	f043 0401 	orr.w	r4, r3, #1
    4e36:	e9c7 1104 	strd	r1, r1, [r7, #16]
    4e3a:	e9c1 cc02 	strd	ip, ip, [r1, #8]
    4e3e:	604c      	str	r4, [r1, #4]
    4e40:	f848 3002 	str.w	r3, [r8, r2]
    4e44:	f000 f9f4 	bl	5230 <__malloc_unlock>
    4e48:	f108 0508 	add.w	r5, r8, #8
    4e4c:	e002      	b.n	4e54 <_malloc_r+0x190>
    4e4e:	230c      	movs	r3, #12
    4e50:	6023      	str	r3, [r4, #0]
    4e52:	2500      	movs	r5, #0
    4e54:	4628      	mov	r0, r5
    4e56:	b003      	add	sp, #12
    4e58:	e8bd 8ff0 	ldmia.w	sp!, {r4, r5, r6, r7, r8, r9, sl, fp, pc}
    4e5c:	f44f 7300 	mov.w	r3, #512	; 0x200
    4e60:	2040      	movs	r0, #64	; 0x40
    4e62:	f04f 0c3f 	mov.w	ip, #63	; 0x3f
    4e66:	e773      	b.n	4d50 <_malloc_r+0x8c>
    4e68:	68d3      	ldr	r3, [r2, #12]
    4e6a:	429a      	cmp	r2, r3
    4e6c:	bf08      	it	eq
    4e6e:	3002      	addeq	r0, #2
    4e70:	f47f af40 	bne.w	4cf4 <_malloc_r+0x30>
    4e74:	693d      	ldr	r5, [r7, #16]
    4e76:	f8df c158 	ldr.w	ip, [pc, #344]	; 4fd0 <_malloc_r+0x30c>
    4e7a:	4565      	cmp	r5, ip
    4e7c:	d182      	bne.n	4d84 <_malloc_r+0xc0>
    4e7e:	687a      	ldr	r2, [r7, #4]
    4e80:	1083      	asrs	r3, r0, #2
    4e82:	2101      	movs	r1, #1
    4e84:	4099      	lsls	r1, r3
    4e86:	4291      	cmp	r1, r2
    4e88:	d9a7      	bls.n	4dda <_malloc_r+0x116>
    4e8a:	68bd      	ldr	r5, [r7, #8]
    4e8c:	686b      	ldr	r3, [r5, #4]
    4e8e:	f023 0903 	bic.w	r9, r3, #3
    4e92:	454e      	cmp	r6, r9
    4e94:	d803      	bhi.n	4e9e <_malloc_r+0x1da>
    4e96:	eba9 0306 	sub.w	r3, r9, r6
    4e9a:	2b0f      	cmp	r3, #15
    4e9c:	dc7a      	bgt.n	4f94 <_malloc_r+0x2d0>
    4e9e:	f8df b134 	ldr.w	fp, [pc, #308]	; 4fd4 <_malloc_r+0x310>
    4ea2:	4b47      	ldr	r3, [pc, #284]	; (4fc0 <_malloc_r+0x2fc>)
    4ea4:	f8db 2000 	ldr.w	r2, [fp]
    4ea8:	681b      	ldr	r3, [r3, #0]
    4eaa:	3201      	adds	r2, #1
    4eac:	4433      	add	r3, r6
    4eae:	eb05 0a09 	add.w	sl, r5, r9
    4eb2:	f000 8133 	beq.w	511c <_malloc_r+0x458>
    4eb6:	f503 5380 	add.w	r3, r3, #4096	; 0x1000
    4eba:	330f      	adds	r3, #15
    4ebc:	f423 687f 	bic.w	r8, r3, #4080	; 0xff0
    4ec0:	f028 080f 	bic.w	r8, r8, #15
    4ec4:	4641      	mov	r1, r8
    4ec6:	4620      	mov	r0, r4
    4ec8:	f000 fe78 	bl	5bbc <_sbrk_r>
    4ecc:	1c41      	adds	r1, r0, #1
    4ece:	4602      	mov	r2, r0
    4ed0:	f000 80f3 	beq.w	50ba <_malloc_r+0x3f6>
    4ed4:	4582      	cmp	sl, r0
    4ed6:	f200 80ee 	bhi.w	50b6 <_malloc_r+0x3f2>
    4eda:	4b3a      	ldr	r3, [pc, #232]	; (4fc4 <_malloc_r+0x300>)
    4edc:	6819      	ldr	r1, [r3, #0]
    4ede:	4441      	add	r1, r8
    4ee0:	6019      	str	r1, [r3, #0]
    4ee2:	4608      	mov	r0, r1
    4ee4:	f000 814e 	beq.w	5184 <_malloc_r+0x4c0>
    4ee8:	f8db 1000 	ldr.w	r1, [fp]
    4eec:	9301      	str	r3, [sp, #4]
    4eee:	3101      	adds	r1, #1
    4ef0:	bf1b      	ittet	ne
    4ef2:	eba2 010a 	subne.w	r1, r2, sl
    4ef6:	1809      	addne	r1, r1, r0
    4ef8:	f8cb 2000 	streq.w	r2, [fp]
    4efc:	6019      	strne	r1, [r3, #0]
    4efe:	f012 0b07 	ands.w	fp, r2, #7
    4f02:	f000 8117 	beq.w	5134 <_malloc_r+0x470>
    4f06:	f1cb 0108 	rsb	r1, fp, #8
    4f0a:	440a      	add	r2, r1
    4f0c:	f5cb 5180 	rsb	r1, fp, #4096	; 0x1000
    4f10:	4490      	add	r8, r2
    4f12:	3108      	adds	r1, #8
    4f14:	eba1 0108 	sub.w	r1, r1, r8
    4f18:	f3c1 0a0b 	ubfx	sl, r1, #0, #12
    4f1c:	4651      	mov	r1, sl
    4f1e:	4620      	mov	r0, r4
    4f20:	9200      	str	r2, [sp, #0]
    4f22:	f000 fe4b 	bl	5bbc <_sbrk_r>
    4f26:	1c42      	adds	r2, r0, #1
    4f28:	e9dd 2300 	ldrd	r2, r3, [sp]
    4f2c:	f000 814f 	beq.w	51ce <_malloc_r+0x50a>
    4f30:	1a80      	subs	r0, r0, r2
    4f32:	eb00 080a 	add.w	r8, r0, sl
    4f36:	6819      	ldr	r1, [r3, #0]
    4f38:	60ba      	str	r2, [r7, #8]
    4f3a:	f048 0001 	orr.w	r0, r8, #1
    4f3e:	4451      	add	r1, sl
    4f40:	42bd      	cmp	r5, r7
    4f42:	6050      	str	r0, [r2, #4]
    4f44:	6019      	str	r1, [r3, #0]
    4f46:	f000 8129 	beq.w	519c <_malloc_r+0x4d8>
    4f4a:	f1b9 0f0f 	cmp.w	r9, #15
    4f4e:	f240 8127 	bls.w	51a0 <_malloc_r+0x4dc>
    4f52:	6868      	ldr	r0, [r5, #4]
    4f54:	f1a9 0c0c 	sub.w	ip, r9, #12
    4f58:	f02c 0c07 	bic.w	ip, ip, #7
    4f5c:	f000 0001 	and.w	r0, r0, #1
    4f60:	ea40 000c 	orr.w	r0, r0, ip
    4f64:	6068      	str	r0, [r5, #4]
    4f66:	f04f 0e05 	mov.w	lr, #5
    4f6a:	eb05 000c 	add.w	r0, r5, ip
    4f6e:	f1bc 0f0f 	cmp.w	ip, #15
    4f72:	e9c0 ee01 	strd	lr, lr, [r0, #4]
    4f76:	f200 8132 	bhi.w	51de <_malloc_r+0x51a>
    4f7a:	6850      	ldr	r0, [r2, #4]
    4f7c:	4615      	mov	r5, r2
    4f7e:	4b12      	ldr	r3, [pc, #72]	; (4fc8 <_malloc_r+0x304>)
    4f80:	681a      	ldr	r2, [r3, #0]
    4f82:	428a      	cmp	r2, r1
    4f84:	bf38      	it	cc
    4f86:	6019      	strcc	r1, [r3, #0]
    4f88:	4b10      	ldr	r3, [pc, #64]	; (4fcc <_malloc_r+0x308>)
    4f8a:	681a      	ldr	r2, [r3, #0]
    4f8c:	428a      	cmp	r2, r1
    4f8e:	bf38      	it	cc
    4f90:	6019      	strcc	r1, [r3, #0]
    4f92:	e094      	b.n	50be <_malloc_r+0x3fa>
    4f94:	19aa      	adds	r2, r5, r6
    4f96:	f043 0301 	orr.w	r3, r3, #1
    4f9a:	f046 0601 	orr.w	r6, r6, #1
    4f9e:	606e      	str	r6, [r5, #4]
    4fa0:	4620      	mov	r0, r4
    4fa2:	60ba      	str	r2, [r7, #8]
    4fa4:	6053      	str	r3, [r2, #4]
    4fa6:	f000 f943 	bl	5230 <__malloc_unlock>
    4faa:	3508      	adds	r5, #8
    4fac:	4628      	mov	r0, r5
    4fae:	b003      	add	sp, #12
    4fb0:	e8bd 8ff0 	ldmia.w	sp!, {r4, r5, r6, r7, r8, r9, sl, fp, pc}
    4fb4:	68d9      	ldr	r1, [r3, #12]
    4fb6:	441a      	add	r2, r3
    4fb8:	e6a1      	b.n	4cfe <_malloc_r+0x3a>
    4fba:	bf00      	nop
    4fbc:	1fff07fc 	.word	0x1fff07fc
    4fc0:	1fff629c 	.word	0x1fff629c
    4fc4:	1fff626c 	.word	0x1fff626c
    4fc8:	1fff6294 	.word	0x1fff6294
    4fcc:	1fff6298 	.word	0x1fff6298
    4fd0:	1fff0804 	.word	0x1fff0804
    4fd4:	1fff0c04 	.word	0x1fff0c04
    4fd8:	f5b2 6f20 	cmp.w	r2, #2560	; 0xa00
    4fdc:	ea4f 2352 	mov.w	r3, r2, lsr #9
    4fe0:	d363      	bcc.n	50aa <_malloc_r+0x3e6>
    4fe2:	2b14      	cmp	r3, #20
    4fe4:	f200 80b7 	bhi.w	5156 <_malloc_r+0x492>
    4fe8:	f103 015c 	add.w	r1, r3, #92	; 0x5c
    4fec:	00c9      	lsls	r1, r1, #3
    4fee:	335b      	adds	r3, #91	; 0x5b
    4ff0:	eb07 0e01 	add.w	lr, r7, r1
    4ff4:	5879      	ldr	r1, [r7, r1]
    4ff6:	f1ae 0e08 	sub.w	lr, lr, #8
    4ffa:	458e      	cmp	lr, r1
    4ffc:	f000 8091 	beq.w	5122 <_malloc_r+0x45e>
    5000:	684b      	ldr	r3, [r1, #4]
    5002:	f023 0303 	bic.w	r3, r3, #3
    5006:	4293      	cmp	r3, r2
    5008:	d902      	bls.n	5010 <_malloc_r+0x34c>
    500a:	6889      	ldr	r1, [r1, #8]
    500c:	458e      	cmp	lr, r1
    500e:	d1f7      	bne.n	5000 <_malloc_r+0x33c>
    5010:	f8d1 e00c 	ldr.w	lr, [r1, #12]
    5014:	687a      	ldr	r2, [r7, #4]
    5016:	e9c5 1e02 	strd	r1, lr, [r5, #8]
    501a:	f8ce 5008 	str.w	r5, [lr, #8]
    501e:	60cd      	str	r5, [r1, #12]
    5020:	e6d6      	b.n	4dd0 <_malloc_r+0x10c>
    5022:	2b14      	cmp	r3, #20
    5024:	d959      	bls.n	50da <_malloc_r+0x416>
    5026:	2b54      	cmp	r3, #84	; 0x54
    5028:	f200 809d 	bhi.w	5166 <_malloc_r+0x4a2>
    502c:	0b33      	lsrs	r3, r6, #12
    502e:	f103 006f 	add.w	r0, r3, #111	; 0x6f
    5032:	f103 0c6e 	add.w	ip, r3, #110	; 0x6e
    5036:	00c3      	lsls	r3, r0, #3
    5038:	e68a      	b.n	4d50 <_malloc_r+0x8c>
    503a:	f10e 0e01 	add.w	lr, lr, #1
    503e:	f01e 0f03 	tst.w	lr, #3
    5042:	f105 0508 	add.w	r5, r5, #8
    5046:	f47f aed5 	bne.w	4df4 <_malloc_r+0x130>
    504a:	e051      	b.n	50f0 <_malloc_r+0x42c>
    504c:	4442      	add	r2, r8
    504e:	4645      	mov	r5, r8
    5050:	6853      	ldr	r3, [r2, #4]
    5052:	f8d8 100c 	ldr.w	r1, [r8, #12]
    5056:	f043 0301 	orr.w	r3, r3, #1
    505a:	6053      	str	r3, [r2, #4]
    505c:	f855 3f08 	ldr.w	r3, [r5, #8]!
    5060:	4620      	mov	r0, r4
    5062:	60d9      	str	r1, [r3, #12]
    5064:	608b      	str	r3, [r1, #8]
    5066:	f000 f8e3 	bl	5230 <__malloc_unlock>
    506a:	e6f3      	b.n	4e54 <_malloc_r+0x190>
    506c:	08f0      	lsrs	r0, r6, #3
    506e:	f106 0208 	add.w	r2, r6, #8
    5072:	e637      	b.n	4ce4 <_malloc_r+0x20>
    5074:	442a      	add	r2, r5
    5076:	4620      	mov	r0, r4
    5078:	6853      	ldr	r3, [r2, #4]
    507a:	f043 0301 	orr.w	r3, r3, #1
    507e:	6053      	str	r3, [r2, #4]
    5080:	3508      	adds	r5, #8
    5082:	f000 f8d5 	bl	5230 <__malloc_unlock>
    5086:	e6e5      	b.n	4e54 <_malloc_r+0x190>
    5088:	19a9      	adds	r1, r5, r6
    508a:	4620      	mov	r0, r4
    508c:	f046 0601 	orr.w	r6, r6, #1
    5090:	f043 0401 	orr.w	r4, r3, #1
    5094:	606e      	str	r6, [r5, #4]
    5096:	e9c7 1104 	strd	r1, r1, [r7, #16]
    509a:	e9c1 cc02 	strd	ip, ip, [r1, #8]
    509e:	604c      	str	r4, [r1, #4]
    50a0:	50ab      	str	r3, [r5, r2]
    50a2:	f000 f8c5 	bl	5230 <__malloc_unlock>
    50a6:	3508      	adds	r5, #8
    50a8:	e6d4      	b.n	4e54 <_malloc_r+0x190>
    50aa:	0993      	lsrs	r3, r2, #6
    50ac:	f103 0139 	add.w	r1, r3, #57	; 0x39
    50b0:	00c9      	lsls	r1, r1, #3
    50b2:	3338      	adds	r3, #56	; 0x38
    50b4:	e79c      	b.n	4ff0 <_malloc_r+0x32c>
    50b6:	42bd      	cmp	r5, r7
    50b8:	d05f      	beq.n	517a <_malloc_r+0x4b6>
    50ba:	68bd      	ldr	r5, [r7, #8]
    50bc:	6868      	ldr	r0, [r5, #4]
    50be:	f020 0803 	bic.w	r8, r0, #3
    50c2:	4546      	cmp	r6, r8
    50c4:	eba8 0306 	sub.w	r3, r8, r6
    50c8:	d802      	bhi.n	50d0 <_malloc_r+0x40c>
    50ca:	2b0f      	cmp	r3, #15
    50cc:	f73f af62 	bgt.w	4f94 <_malloc_r+0x2d0>
    50d0:	4620      	mov	r0, r4
    50d2:	f000 f8ad 	bl	5230 <__malloc_unlock>
    50d6:	2500      	movs	r5, #0
    50d8:	e6bc      	b.n	4e54 <_malloc_r+0x190>
    50da:	f103 005c 	add.w	r0, r3, #92	; 0x5c
    50de:	f103 0c5b 	add.w	ip, r3, #91	; 0x5b
    50e2:	00c3      	lsls	r3, r0, #3
    50e4:	e634      	b.n	4d50 <_malloc_r+0x8c>
    50e6:	f859 3908 	ldr.w	r3, [r9], #-8
    50ea:	454b      	cmp	r3, r9
    50ec:	f040 8096 	bne.w	521c <_malloc_r+0x558>
    50f0:	f010 0f03 	tst.w	r0, #3
    50f4:	f100 30ff 	add.w	r0, r0, #4294967295
    50f8:	d1f5      	bne.n	50e6 <_malloc_r+0x422>
    50fa:	687b      	ldr	r3, [r7, #4]
    50fc:	ea23 0301 	bic.w	r3, r3, r1
    5100:	607b      	str	r3, [r7, #4]
    5102:	0049      	lsls	r1, r1, #1
    5104:	4299      	cmp	r1, r3
    5106:	f63f aec0 	bhi.w	4e8a <_malloc_r+0x1c6>
    510a:	b919      	cbnz	r1, 5114 <_malloc_r+0x450>
    510c:	e6bd      	b.n	4e8a <_malloc_r+0x1c6>
    510e:	0049      	lsls	r1, r1, #1
    5110:	f10e 0e04 	add.w	lr, lr, #4
    5114:	4219      	tst	r1, r3
    5116:	d0fa      	beq.n	510e <_malloc_r+0x44a>
    5118:	4670      	mov	r0, lr
    511a:	e667      	b.n	4dec <_malloc_r+0x128>
    511c:	f103 0810 	add.w	r8, r3, #16
    5120:	e6d0      	b.n	4ec4 <_malloc_r+0x200>
    5122:	109a      	asrs	r2, r3, #2
    5124:	f04f 0801 	mov.w	r8, #1
    5128:	687b      	ldr	r3, [r7, #4]
    512a:	fa08 f202 	lsl.w	r2, r8, r2
    512e:	431a      	orrs	r2, r3
    5130:	607a      	str	r2, [r7, #4]
    5132:	e770      	b.n	5016 <_malloc_r+0x352>
    5134:	eb02 0108 	add.w	r1, r2, r8
    5138:	4249      	negs	r1, r1
    513a:	f3c1 0a0b 	ubfx	sl, r1, #0, #12
    513e:	4651      	mov	r1, sl
    5140:	4620      	mov	r0, r4
    5142:	9200      	str	r2, [sp, #0]
    5144:	f000 fd3a 	bl	5bbc <_sbrk_r>
    5148:	1c43      	adds	r3, r0, #1
    514a:	e9dd 2300 	ldrd	r2, r3, [sp]
    514e:	f47f aeef 	bne.w	4f30 <_malloc_r+0x26c>
    5152:	46da      	mov	sl, fp
    5154:	e6ef      	b.n	4f36 <_malloc_r+0x272>
    5156:	2b54      	cmp	r3, #84	; 0x54
    5158:	d825      	bhi.n	51a6 <_malloc_r+0x4e2>
    515a:	0b13      	lsrs	r3, r2, #12
    515c:	f103 016f 	add.w	r1, r3, #111	; 0x6f
    5160:	00c9      	lsls	r1, r1, #3
    5162:	336e      	adds	r3, #110	; 0x6e
    5164:	e744      	b.n	4ff0 <_malloc_r+0x32c>
    5166:	f5b3 7faa 	cmp.w	r3, #340	; 0x154
    516a:	d825      	bhi.n	51b8 <_malloc_r+0x4f4>
    516c:	0bf3      	lsrs	r3, r6, #15
    516e:	f103 0078 	add.w	r0, r3, #120	; 0x78
    5172:	f103 0c77 	add.w	ip, r3, #119	; 0x77
    5176:	00c3      	lsls	r3, r0, #3
    5178:	e5ea      	b.n	4d50 <_malloc_r+0x8c>
    517a:	4b29      	ldr	r3, [pc, #164]	; (5220 <_malloc_r+0x55c>)
    517c:	6818      	ldr	r0, [r3, #0]
    517e:	4440      	add	r0, r8
    5180:	6018      	str	r0, [r3, #0]
    5182:	e6b1      	b.n	4ee8 <_malloc_r+0x224>
    5184:	f3ca 0c0b 	ubfx	ip, sl, #0, #12
    5188:	f1bc 0f00 	cmp.w	ip, #0
    518c:	f47f aeac 	bne.w	4ee8 <_malloc_r+0x224>
    5190:	68bd      	ldr	r5, [r7, #8]
    5192:	44c8      	add	r8, r9
    5194:	f048 0001 	orr.w	r0, r8, #1
    5198:	6068      	str	r0, [r5, #4]
    519a:	e6f0      	b.n	4f7e <_malloc_r+0x2ba>
    519c:	4615      	mov	r5, r2
    519e:	e6ee      	b.n	4f7e <_malloc_r+0x2ba>
    51a0:	2301      	movs	r3, #1
    51a2:	6053      	str	r3, [r2, #4]
    51a4:	e794      	b.n	50d0 <_malloc_r+0x40c>
    51a6:	f5b3 7faa 	cmp.w	r3, #340	; 0x154
    51aa:	d823      	bhi.n	51f4 <_malloc_r+0x530>
    51ac:	0bd3      	lsrs	r3, r2, #15
    51ae:	f103 0178 	add.w	r1, r3, #120	; 0x78
    51b2:	00c9      	lsls	r1, r1, #3
    51b4:	3377      	adds	r3, #119	; 0x77
    51b6:	e71b      	b.n	4ff0 <_malloc_r+0x32c>
    51b8:	f240 5254 	movw	r2, #1364	; 0x554
    51bc:	4293      	cmp	r3, r2
    51be:	d823      	bhi.n	5208 <_malloc_r+0x544>
    51c0:	0cb3      	lsrs	r3, r6, #18
    51c2:	f103 007d 	add.w	r0, r3, #125	; 0x7d
    51c6:	f103 0c7c 	add.w	ip, r3, #124	; 0x7c
    51ca:	00c3      	lsls	r3, r0, #3
    51cc:	e5c0      	b.n	4d50 <_malloc_r+0x8c>
    51ce:	f1ab 0b08 	sub.w	fp, fp, #8
    51d2:	44d8      	add	r8, fp
    51d4:	eba8 0802 	sub.w	r8, r8, r2
    51d8:	f04f 0a00 	mov.w	sl, #0
    51dc:	e6ab      	b.n	4f36 <_malloc_r+0x272>
    51de:	f105 0108 	add.w	r1, r5, #8
    51e2:	4620      	mov	r0, r4
    51e4:	9300      	str	r3, [sp, #0]
    51e6:	f000 fe19 	bl	5e1c <_free_r>
    51ea:	68bd      	ldr	r5, [r7, #8]
    51ec:	9b00      	ldr	r3, [sp, #0]
    51ee:	6868      	ldr	r0, [r5, #4]
    51f0:	6819      	ldr	r1, [r3, #0]
    51f2:	e6c4      	b.n	4f7e <_malloc_r+0x2ba>
    51f4:	f240 5154 	movw	r1, #1364	; 0x554
    51f8:	428b      	cmp	r3, r1
    51fa:	d80b      	bhi.n	5214 <_malloc_r+0x550>
    51fc:	0c93      	lsrs	r3, r2, #18
    51fe:	f103 017d 	add.w	r1, r3, #125	; 0x7d
    5202:	00c9      	lsls	r1, r1, #3
    5204:	337c      	adds	r3, #124	; 0x7c
    5206:	e6f3      	b.n	4ff0 <_malloc_r+0x32c>
    5208:	f44f 737e 	mov.w	r3, #1016	; 0x3f8
    520c:	207f      	movs	r0, #127	; 0x7f
    520e:	f04f 0c7e 	mov.w	ip, #126	; 0x7e
    5212:	e59d      	b.n	4d50 <_malloc_r+0x8c>
    5214:	f44f 717e 	mov.w	r1, #1016	; 0x3f8
    5218:	237e      	movs	r3, #126	; 0x7e
    521a:	e6e9      	b.n	4ff0 <_malloc_r+0x32c>
    521c:	687b      	ldr	r3, [r7, #4]
    521e:	e770      	b.n	5102 <_malloc_r+0x43e>
    5220:	1fff626c 	.word	0x1fff626c

00005224 <__malloc_lock>:
    5224:	4801      	ldr	r0, [pc, #4]	; (522c <__malloc_lock+0x8>)
    5226:	f000 bd1f 	b.w	5c68 <__retarget_lock_acquire_recursive>
    522a:	bf00      	nop
    522c:	1fff63e4 	.word	0x1fff63e4

00005230 <__malloc_unlock>:
    5230:	4801      	ldr	r0, [pc, #4]	; (5238 <__malloc_unlock+0x8>)
    5232:	f000 bd1b 	b.w	5c6c <__retarget_lock_release_recursive>
    5236:	bf00      	nop
    5238:	1fff63e4 	.word	0x1fff63e4

0000523c <_realloc_r>:
    523c:	e92d 4ff8 	stmdb	sp!, {r3, r4, r5, r6, r7, r8, r9, sl, fp, lr}
    5240:	4617      	mov	r7, r2
    5242:	2900      	cmp	r1, #0
    5244:	f000 8098 	beq.w	5378 <_realloc_r+0x13c>
    5248:	460c      	mov	r4, r1
    524a:	f107 050b 	add.w	r5, r7, #11
    524e:	4680      	mov	r8, r0
    5250:	f7ff ffe8 	bl	5224 <__malloc_lock>
    5254:	2d16      	cmp	r5, #22
    5256:	f854 1c04 	ldr.w	r1, [r4, #-4]
    525a:	d85b      	bhi.n	5314 <_realloc_r+0xd8>
    525c:	2510      	movs	r5, #16
    525e:	462a      	mov	r2, r5
    5260:	42af      	cmp	r7, r5
    5262:	d85c      	bhi.n	531e <_realloc_r+0xe2>
    5264:	f021 0603 	bic.w	r6, r1, #3
    5268:	4296      	cmp	r6, r2
    526a:	f1a4 0908 	sub.w	r9, r4, #8
    526e:	da62      	bge.n	5336 <_realloc_r+0xfa>
    5270:	4bbc      	ldr	r3, [pc, #752]	; (5564 <_realloc_r+0x328>)
    5272:	f8d3 c008 	ldr.w	ip, [r3, #8]
    5276:	eb09 0006 	add.w	r0, r9, r6
    527a:	4584      	cmp	ip, r0
    527c:	f000 8097 	beq.w	53ae <_realloc_r+0x172>
    5280:	f8d0 c004 	ldr.w	ip, [r0, #4]
    5284:	f02c 0301 	bic.w	r3, ip, #1
    5288:	4403      	add	r3, r0
    528a:	685b      	ldr	r3, [r3, #4]
    528c:	07db      	lsls	r3, r3, #31
    528e:	d468      	bmi.n	5362 <_realloc_r+0x126>
    5290:	f02c 0c03 	bic.w	ip, ip, #3
    5294:	eb06 030c 	add.w	r3, r6, ip
    5298:	4293      	cmp	r3, r2
    529a:	da47      	bge.n	532c <_realloc_r+0xf0>
    529c:	07cb      	lsls	r3, r1, #31
    529e:	d410      	bmi.n	52c2 <_realloc_r+0x86>
    52a0:	f854 3c08 	ldr.w	r3, [r4, #-8]
    52a4:	eba9 0a03 	sub.w	sl, r9, r3
    52a8:	f8da 3004 	ldr.w	r3, [sl, #4]
    52ac:	f023 0103 	bic.w	r1, r3, #3
    52b0:	448c      	add	ip, r1
    52b2:	44b4      	add	ip, r6
    52b4:	4594      	cmp	ip, r2
    52b6:	f280 8111 	bge.w	54dc <_realloc_r+0x2a0>
    52ba:	1873      	adds	r3, r6, r1
    52bc:	4293      	cmp	r3, r2
    52be:	f280 80e8 	bge.w	5492 <_realloc_r+0x256>
    52c2:	4639      	mov	r1, r7
    52c4:	4640      	mov	r0, r8
    52c6:	f7ff fcfd 	bl	4cc4 <_malloc_r>
    52ca:	4607      	mov	r7, r0
    52cc:	b1e0      	cbz	r0, 5308 <_realloc_r+0xcc>
    52ce:	f854 3c04 	ldr.w	r3, [r4, #-4]
    52d2:	f023 0301 	bic.w	r3, r3, #1
    52d6:	444b      	add	r3, r9
    52d8:	f1a0 0208 	sub.w	r2, r0, #8
    52dc:	4293      	cmp	r3, r2
    52de:	f000 80d2 	beq.w	5486 <_realloc_r+0x24a>
    52e2:	1f32      	subs	r2, r6, #4
    52e4:	2a24      	cmp	r2, #36	; 0x24
    52e6:	f200 80f5 	bhi.w	54d4 <_realloc_r+0x298>
    52ea:	2a13      	cmp	r2, #19
    52ec:	f200 80ac 	bhi.w	5448 <_realloc_r+0x20c>
    52f0:	4603      	mov	r3, r0
    52f2:	4622      	mov	r2, r4
    52f4:	6811      	ldr	r1, [r2, #0]
    52f6:	6019      	str	r1, [r3, #0]
    52f8:	6851      	ldr	r1, [r2, #4]
    52fa:	6059      	str	r1, [r3, #4]
    52fc:	6892      	ldr	r2, [r2, #8]
    52fe:	609a      	str	r2, [r3, #8]
    5300:	4621      	mov	r1, r4
    5302:	4640      	mov	r0, r8
    5304:	f000 fd8a 	bl	5e1c <_free_r>
    5308:	4640      	mov	r0, r8
    530a:	f7ff ff91 	bl	5230 <__malloc_unlock>
    530e:	4638      	mov	r0, r7
    5310:	e8bd 8ff8 	ldmia.w	sp!, {r3, r4, r5, r6, r7, r8, r9, sl, fp, pc}
    5314:	f025 0507 	bic.w	r5, r5, #7
    5318:	2d00      	cmp	r5, #0
    531a:	462a      	mov	r2, r5
    531c:	daa0      	bge.n	5260 <_realloc_r+0x24>
    531e:	230c      	movs	r3, #12
    5320:	f8c8 3000 	str.w	r3, [r8]
    5324:	2700      	movs	r7, #0
    5326:	4638      	mov	r0, r7
    5328:	e8bd 8ff8 	ldmia.w	sp!, {r3, r4, r5, r6, r7, r8, r9, sl, fp, pc}
    532c:	461e      	mov	r6, r3
    532e:	e9d0 2302 	ldrd	r2, r3, [r0, #8]
    5332:	60d3      	str	r3, [r2, #12]
    5334:	609a      	str	r2, [r3, #8]
    5336:	1b73      	subs	r3, r6, r5
    5338:	2b0f      	cmp	r3, #15
    533a:	d822      	bhi.n	5382 <_realloc_r+0x146>
    533c:	f8d9 3004 	ldr.w	r3, [r9, #4]
    5340:	f003 0301 	and.w	r3, r3, #1
    5344:	4333      	orrs	r3, r6
    5346:	444e      	add	r6, r9
    5348:	f8c9 3004 	str.w	r3, [r9, #4]
    534c:	6873      	ldr	r3, [r6, #4]
    534e:	f043 0301 	orr.w	r3, r3, #1
    5352:	6073      	str	r3, [r6, #4]
    5354:	4640      	mov	r0, r8
    5356:	4627      	mov	r7, r4
    5358:	f7ff ff6a 	bl	5230 <__malloc_unlock>
    535c:	4638      	mov	r0, r7
    535e:	e8bd 8ff8 	ldmia.w	sp!, {r3, r4, r5, r6, r7, r8, r9, sl, fp, pc}
    5362:	07c9      	lsls	r1, r1, #31
    5364:	d4ad      	bmi.n	52c2 <_realloc_r+0x86>
    5366:	f854 3c08 	ldr.w	r3, [r4, #-8]
    536a:	eba9 0a03 	sub.w	sl, r9, r3
    536e:	f8da 1004 	ldr.w	r1, [sl, #4]
    5372:	f021 0103 	bic.w	r1, r1, #3
    5376:	e7a0      	b.n	52ba <_realloc_r+0x7e>
    5378:	e8bd 4ff8 	ldmia.w	sp!, {r3, r4, r5, r6, r7, r8, r9, sl, fp, lr}
    537c:	4611      	mov	r1, r2
    537e:	f7ff bca1 	b.w	4cc4 <_malloc_r>
    5382:	f8d9 2004 	ldr.w	r2, [r9, #4]
    5386:	eb09 0105 	add.w	r1, r9, r5
    538a:	f002 0201 	and.w	r2, r2, #1
    538e:	444e      	add	r6, r9
    5390:	f043 0301 	orr.w	r3, r3, #1
    5394:	432a      	orrs	r2, r5
    5396:	f8c9 2004 	str.w	r2, [r9, #4]
    539a:	604b      	str	r3, [r1, #4]
    539c:	6873      	ldr	r3, [r6, #4]
    539e:	f043 0301 	orr.w	r3, r3, #1
    53a2:	3108      	adds	r1, #8
    53a4:	6073      	str	r3, [r6, #4]
    53a6:	4640      	mov	r0, r8
    53a8:	f000 fd38 	bl	5e1c <_free_r>
    53ac:	e7d2      	b.n	5354 <_realloc_r+0x118>
    53ae:	f8dc 0004 	ldr.w	r0, [ip, #4]
    53b2:	f020 0b03 	bic.w	fp, r0, #3
    53b6:	eb06 0c0b 	add.w	ip, r6, fp
    53ba:	f105 0010 	add.w	r0, r5, #16
    53be:	4584      	cmp	ip, r0
    53c0:	da4d      	bge.n	545e <_realloc_r+0x222>
    53c2:	07c9      	lsls	r1, r1, #31
    53c4:	f53f af7d 	bmi.w	52c2 <_realloc_r+0x86>
    53c8:	f854 1c08 	ldr.w	r1, [r4, #-8]
    53cc:	eba9 0a01 	sub.w	sl, r9, r1
    53d0:	f8da 1004 	ldr.w	r1, [sl, #4]
    53d4:	f021 0103 	bic.w	r1, r1, #3
    53d8:	448b      	add	fp, r1
    53da:	44b3      	add	fp, r6
    53dc:	4558      	cmp	r0, fp
    53de:	f73f af6c 	bgt.w	52ba <_realloc_r+0x7e>
    53e2:	4657      	mov	r7, sl
    53e4:	f8da 100c 	ldr.w	r1, [sl, #12]
    53e8:	f857 0f08 	ldr.w	r0, [r7, #8]!
    53ec:	1f32      	subs	r2, r6, #4
    53ee:	2a24      	cmp	r2, #36	; 0x24
    53f0:	60c1      	str	r1, [r0, #12]
    53f2:	6088      	str	r0, [r1, #8]
    53f4:	f200 80db 	bhi.w	55ae <_realloc_r+0x372>
    53f8:	2a13      	cmp	r2, #19
    53fa:	f240 80d6 	bls.w	55aa <_realloc_r+0x36e>
    53fe:	6821      	ldr	r1, [r4, #0]
    5400:	f8ca 1008 	str.w	r1, [sl, #8]
    5404:	6861      	ldr	r1, [r4, #4]
    5406:	f8ca 100c 	str.w	r1, [sl, #12]
    540a:	2a1b      	cmp	r2, #27
    540c:	f200 80df 	bhi.w	55ce <_realloc_r+0x392>
    5410:	3408      	adds	r4, #8
    5412:	f10a 0210 	add.w	r2, sl, #16
    5416:	6821      	ldr	r1, [r4, #0]
    5418:	6011      	str	r1, [r2, #0]
    541a:	6861      	ldr	r1, [r4, #4]
    541c:	6051      	str	r1, [r2, #4]
    541e:	68a1      	ldr	r1, [r4, #8]
    5420:	6091      	str	r1, [r2, #8]
    5422:	eb0a 0105 	add.w	r1, sl, r5
    5426:	ebab 0205 	sub.w	r2, fp, r5
    542a:	f042 0201 	orr.w	r2, r2, #1
    542e:	6099      	str	r1, [r3, #8]
    5430:	604a      	str	r2, [r1, #4]
    5432:	f8da 3004 	ldr.w	r3, [sl, #4]
    5436:	f003 0301 	and.w	r3, r3, #1
    543a:	432b      	orrs	r3, r5
    543c:	4640      	mov	r0, r8
    543e:	f8ca 3004 	str.w	r3, [sl, #4]
    5442:	f7ff fef5 	bl	5230 <__malloc_unlock>
    5446:	e76e      	b.n	5326 <_realloc_r+0xea>
    5448:	6823      	ldr	r3, [r4, #0]
    544a:	6003      	str	r3, [r0, #0]
    544c:	6863      	ldr	r3, [r4, #4]
    544e:	6043      	str	r3, [r0, #4]
    5450:	2a1b      	cmp	r2, #27
    5452:	d868      	bhi.n	5526 <_realloc_r+0x2ea>
    5454:	f104 0208 	add.w	r2, r4, #8
    5458:	f100 0308 	add.w	r3, r0, #8
    545c:	e74a      	b.n	52f4 <_realloc_r+0xb8>
    545e:	eb09 0205 	add.w	r2, r9, r5
    5462:	609a      	str	r2, [r3, #8]
    5464:	ebac 0305 	sub.w	r3, ip, r5
    5468:	f043 0301 	orr.w	r3, r3, #1
    546c:	6053      	str	r3, [r2, #4]
    546e:	f854 3c04 	ldr.w	r3, [r4, #-4]
    5472:	f003 0301 	and.w	r3, r3, #1
    5476:	432b      	orrs	r3, r5
    5478:	4640      	mov	r0, r8
    547a:	f844 3c04 	str.w	r3, [r4, #-4]
    547e:	f7ff fed7 	bl	5230 <__malloc_unlock>
    5482:	4627      	mov	r7, r4
    5484:	e74f      	b.n	5326 <_realloc_r+0xea>
    5486:	f850 3c04 	ldr.w	r3, [r0, #-4]
    548a:	f023 0303 	bic.w	r3, r3, #3
    548e:	441e      	add	r6, r3
    5490:	e751      	b.n	5336 <_realloc_r+0xfa>
    5492:	4657      	mov	r7, sl
    5494:	f8da 100c 	ldr.w	r1, [sl, #12]
    5498:	f857 0f08 	ldr.w	r0, [r7, #8]!
    549c:	1f32      	subs	r2, r6, #4
    549e:	2a24      	cmp	r2, #36	; 0x24
    54a0:	60c1      	str	r1, [r0, #12]
    54a2:	6088      	str	r0, [r1, #8]
    54a4:	d84c      	bhi.n	5540 <_realloc_r+0x304>
    54a6:	2a13      	cmp	r2, #19
    54a8:	d948      	bls.n	553c <_realloc_r+0x300>
    54aa:	6821      	ldr	r1, [r4, #0]
    54ac:	f8ca 1008 	str.w	r1, [sl, #8]
    54b0:	6861      	ldr	r1, [r4, #4]
    54b2:	f8ca 100c 	str.w	r1, [sl, #12]
    54b6:	2a1b      	cmp	r2, #27
    54b8:	d856      	bhi.n	5568 <_realloc_r+0x32c>
    54ba:	3408      	adds	r4, #8
    54bc:	f10a 0210 	add.w	r2, sl, #16
    54c0:	461e      	mov	r6, r3
    54c2:	6823      	ldr	r3, [r4, #0]
    54c4:	6013      	str	r3, [r2, #0]
    54c6:	6863      	ldr	r3, [r4, #4]
    54c8:	6053      	str	r3, [r2, #4]
    54ca:	68a3      	ldr	r3, [r4, #8]
    54cc:	6093      	str	r3, [r2, #8]
    54ce:	46d1      	mov	r9, sl
    54d0:	463c      	mov	r4, r7
    54d2:	e730      	b.n	5336 <_realloc_r+0xfa>
    54d4:	4621      	mov	r1, r4
    54d6:	f000 fa2d 	bl	5934 <memmove>
    54da:	e711      	b.n	5300 <_realloc_r+0xc4>
    54dc:	e9d0 1302 	ldrd	r1, r3, [r0, #8]
    54e0:	4657      	mov	r7, sl
    54e2:	60cb      	str	r3, [r1, #12]
    54e4:	6099      	str	r1, [r3, #8]
    54e6:	f857 1f08 	ldr.w	r1, [r7, #8]!
    54ea:	f8da 300c 	ldr.w	r3, [sl, #12]
    54ee:	60cb      	str	r3, [r1, #12]
    54f0:	1f32      	subs	r2, r6, #4
    54f2:	2a24      	cmp	r2, #36	; 0x24
    54f4:	6099      	str	r1, [r3, #8]
    54f6:	d82d      	bhi.n	5554 <_realloc_r+0x318>
    54f8:	2a13      	cmp	r2, #19
    54fa:	d929      	bls.n	5550 <_realloc_r+0x314>
    54fc:	6823      	ldr	r3, [r4, #0]
    54fe:	f8ca 3008 	str.w	r3, [sl, #8]
    5502:	6863      	ldr	r3, [r4, #4]
    5504:	f8ca 300c 	str.w	r3, [sl, #12]
    5508:	2a1b      	cmp	r2, #27
    550a:	d842      	bhi.n	5592 <_realloc_r+0x356>
    550c:	3408      	adds	r4, #8
    550e:	f10a 0310 	add.w	r3, sl, #16
    5512:	6822      	ldr	r2, [r4, #0]
    5514:	601a      	str	r2, [r3, #0]
    5516:	6862      	ldr	r2, [r4, #4]
    5518:	605a      	str	r2, [r3, #4]
    551a:	68a2      	ldr	r2, [r4, #8]
    551c:	609a      	str	r2, [r3, #8]
    551e:	4666      	mov	r6, ip
    5520:	46d1      	mov	r9, sl
    5522:	463c      	mov	r4, r7
    5524:	e707      	b.n	5336 <_realloc_r+0xfa>
    5526:	68a3      	ldr	r3, [r4, #8]
    5528:	6083      	str	r3, [r0, #8]
    552a:	68e3      	ldr	r3, [r4, #12]
    552c:	60c3      	str	r3, [r0, #12]
    552e:	2a24      	cmp	r2, #36	; 0x24
    5530:	d026      	beq.n	5580 <_realloc_r+0x344>
    5532:	f104 0210 	add.w	r2, r4, #16
    5536:	f100 0310 	add.w	r3, r0, #16
    553a:	e6db      	b.n	52f4 <_realloc_r+0xb8>
    553c:	463a      	mov	r2, r7
    553e:	e7bf      	b.n	54c0 <_realloc_r+0x284>
    5540:	4621      	mov	r1, r4
    5542:	4638      	mov	r0, r7
    5544:	461e      	mov	r6, r3
    5546:	46d1      	mov	r9, sl
    5548:	f000 f9f4 	bl	5934 <memmove>
    554c:	463c      	mov	r4, r7
    554e:	e6f2      	b.n	5336 <_realloc_r+0xfa>
    5550:	463b      	mov	r3, r7
    5552:	e7de      	b.n	5512 <_realloc_r+0x2d6>
    5554:	4621      	mov	r1, r4
    5556:	4638      	mov	r0, r7
    5558:	4666      	mov	r6, ip
    555a:	46d1      	mov	r9, sl
    555c:	f000 f9ea 	bl	5934 <memmove>
    5560:	463c      	mov	r4, r7
    5562:	e6e8      	b.n	5336 <_realloc_r+0xfa>
    5564:	1fff07fc 	.word	0x1fff07fc
    5568:	68a1      	ldr	r1, [r4, #8]
    556a:	f8ca 1010 	str.w	r1, [sl, #16]
    556e:	68e1      	ldr	r1, [r4, #12]
    5570:	f8ca 1014 	str.w	r1, [sl, #20]
    5574:	2a24      	cmp	r2, #36	; 0x24
    5576:	d020      	beq.n	55ba <_realloc_r+0x37e>
    5578:	3410      	adds	r4, #16
    557a:	f10a 0218 	add.w	r2, sl, #24
    557e:	e79f      	b.n	54c0 <_realloc_r+0x284>
    5580:	6923      	ldr	r3, [r4, #16]
    5582:	6103      	str	r3, [r0, #16]
    5584:	6961      	ldr	r1, [r4, #20]
    5586:	6141      	str	r1, [r0, #20]
    5588:	f104 0218 	add.w	r2, r4, #24
    558c:	f100 0318 	add.w	r3, r0, #24
    5590:	e6b0      	b.n	52f4 <_realloc_r+0xb8>
    5592:	68a3      	ldr	r3, [r4, #8]
    5594:	f8ca 3010 	str.w	r3, [sl, #16]
    5598:	68e3      	ldr	r3, [r4, #12]
    559a:	f8ca 3014 	str.w	r3, [sl, #20]
    559e:	2a24      	cmp	r2, #36	; 0x24
    55a0:	d021      	beq.n	55e6 <_realloc_r+0x3aa>
    55a2:	3410      	adds	r4, #16
    55a4:	f10a 0318 	add.w	r3, sl, #24
    55a8:	e7b3      	b.n	5512 <_realloc_r+0x2d6>
    55aa:	463a      	mov	r2, r7
    55ac:	e733      	b.n	5416 <_realloc_r+0x1da>
    55ae:	4621      	mov	r1, r4
    55b0:	4638      	mov	r0, r7
    55b2:	f000 f9bf 	bl	5934 <memmove>
    55b6:	4b16      	ldr	r3, [pc, #88]	; (5610 <_realloc_r+0x3d4>)
    55b8:	e733      	b.n	5422 <_realloc_r+0x1e6>
    55ba:	6922      	ldr	r2, [r4, #16]
    55bc:	f8ca 2018 	str.w	r2, [sl, #24]
    55c0:	6962      	ldr	r2, [r4, #20]
    55c2:	f8ca 201c 	str.w	r2, [sl, #28]
    55c6:	3418      	adds	r4, #24
    55c8:	f10a 0220 	add.w	r2, sl, #32
    55cc:	e778      	b.n	54c0 <_realloc_r+0x284>
    55ce:	68a1      	ldr	r1, [r4, #8]
    55d0:	f8ca 1010 	str.w	r1, [sl, #16]
    55d4:	68e1      	ldr	r1, [r4, #12]
    55d6:	f8ca 1014 	str.w	r1, [sl, #20]
    55da:	2a24      	cmp	r2, #36	; 0x24
    55dc:	d00d      	beq.n	55fa <_realloc_r+0x3be>
    55de:	3410      	adds	r4, #16
    55e0:	f10a 0218 	add.w	r2, sl, #24
    55e4:	e717      	b.n	5416 <_realloc_r+0x1da>
    55e6:	6923      	ldr	r3, [r4, #16]
    55e8:	f8ca 3018 	str.w	r3, [sl, #24]
    55ec:	6963      	ldr	r3, [r4, #20]
    55ee:	f8ca 301c 	str.w	r3, [sl, #28]
    55f2:	3418      	adds	r4, #24
    55f4:	f10a 0320 	add.w	r3, sl, #32
    55f8:	e78b      	b.n	5512 <_realloc_r+0x2d6>
    55fa:	6922      	ldr	r2, [r4, #16]
    55fc:	f8ca 2018 	str.w	r2, [sl, #24]
    5600:	6962      	ldr	r2, [r4, #20]
    5602:	f8ca 201c 	str.w	r2, [sl, #28]
    5606:	3418      	adds	r4, #24
    5608:	f10a 0220 	add.w	r2, sl, #32
    560c:	e703      	b.n	5416 <_realloc_r+0x1da>
    560e:	bf00      	nop
    5610:	1fff07fc 	.word	0x1fff07fc

00005614 <stdio_exit_handler>:
    5614:	4a02      	ldr	r2, [pc, #8]	; (5620 <stdio_exit_handler+0xc>)
    5616:	4903      	ldr	r1, [pc, #12]	; (5624 <stdio_exit_handler+0x10>)
    5618:	4803      	ldr	r0, [pc, #12]	; (5628 <stdio_exit_handler+0x14>)
    561a:	f000 b8bb 	b.w	5794 <_fwalk_sglue>
    561e:	bf00      	nop
    5620:	1fff0c0c 	.word	0x1fff0c0c
    5624:	000083c9 	.word	0x000083c9
    5628:	1fff0d88 	.word	0x1fff0d88

0000562c <cleanup_stdio>:
    562c:	4b0c      	ldr	r3, [pc, #48]	; (5660 <cleanup_stdio+0x34>)
    562e:	6841      	ldr	r1, [r0, #4]
    5630:	4299      	cmp	r1, r3
    5632:	b510      	push	{r4, lr}
    5634:	4604      	mov	r4, r0
    5636:	d001      	beq.n	563c <cleanup_stdio+0x10>
    5638:	f002 fec6 	bl	83c8 <_fclose_r>
    563c:	68a1      	ldr	r1, [r4, #8]
    563e:	4b09      	ldr	r3, [pc, #36]	; (5664 <cleanup_stdio+0x38>)
    5640:	4299      	cmp	r1, r3
    5642:	d002      	beq.n	564a <cleanup_stdio+0x1e>
    5644:	4620      	mov	r0, r4
    5646:	f002 febf 	bl	83c8 <_fclose_r>
    564a:	68e1      	ldr	r1, [r4, #12]
    564c:	4b06      	ldr	r3, [pc, #24]	; (5668 <cleanup_stdio+0x3c>)
    564e:	4299      	cmp	r1, r3
    5650:	d004      	beq.n	565c <cleanup_stdio+0x30>
    5652:	4620      	mov	r0, r4
    5654:	e8bd 4010 	ldmia.w	sp!, {r4, lr}
    5658:	f002 beb6 	b.w	83c8 <_fclose_r>
    565c:	bd10      	pop	{r4, pc}
    565e:	bf00      	nop
    5660:	1fff62a0 	.word	0x1fff62a0
    5664:	1fff6308 	.word	0x1fff6308
    5668:	1fff6370 	.word	0x1fff6370

0000566c <global_stdio_init.part.0>:
    566c:	e92d 43f8 	stmdb	sp!, {r3, r4, r5, r6, r7, r8, r9, lr}
    5670:	4c2a      	ldr	r4, [pc, #168]	; (571c <global_stdio_init.part.0+0xb0>)
    5672:	4b2b      	ldr	r3, [pc, #172]	; (5720 <global_stdio_init.part.0+0xb4>)
    5674:	482b      	ldr	r0, [pc, #172]	; (5724 <global_stdio_init.part.0+0xb8>)
    5676:	f8df 90c0 	ldr.w	r9, [pc, #192]	; 5738 <global_stdio_init.part.0+0xcc>
    567a:	f8df 80c0 	ldr.w	r8, [pc, #192]	; 573c <global_stdio_init.part.0+0xd0>
    567e:	4f2a      	ldr	r7, [pc, #168]	; (5728 <global_stdio_init.part.0+0xbc>)
    5680:	6018      	str	r0, [r3, #0]
    5682:	2500      	movs	r5, #0
    5684:	2304      	movs	r3, #4
    5686:	2208      	movs	r2, #8
    5688:	4629      	mov	r1, r5
    568a:	f104 005c 	add.w	r0, r4, #92	; 0x5c
    568e:	4e27      	ldr	r6, [pc, #156]	; (572c <global_stdio_init.part.0+0xc0>)
    5690:	6665      	str	r5, [r4, #100]	; 0x64
    5692:	e9c4 5302 	strd	r5, r3, [r4, #8]
    5696:	e9c4 5500 	strd	r5, r5, [r4]
    569a:	e9c4 5504 	strd	r5, r5, [r4, #16]
    569e:	61a5      	str	r5, [r4, #24]
    56a0:	f000 f9c4 	bl	5a2c <memset>
    56a4:	4b22      	ldr	r3, [pc, #136]	; (5730 <global_stdio_init.part.0+0xc4>)
    56a6:	6763      	str	r3, [r4, #116]	; 0x74
    56a8:	2208      	movs	r2, #8
    56aa:	4629      	mov	r1, r5
    56ac:	f104 00c4 	add.w	r0, r4, #196	; 0xc4
    56b0:	e9c4 4907 	strd	r4, r9, [r4, #28]
    56b4:	e9c4 8709 	strd	r8, r7, [r4, #36]	; 0x24
    56b8:	e9c4 551a 	strd	r5, r5, [r4, #104]	; 0x68
    56bc:	e9c4 551e 	strd	r5, r5, [r4, #120]	; 0x78
    56c0:	f8c4 50cc 	str.w	r5, [r4, #204]	; 0xcc
    56c4:	6725      	str	r5, [r4, #112]	; 0x70
    56c6:	f8c4 5080 	str.w	r5, [r4, #128]	; 0x80
    56ca:	62e6      	str	r6, [r4, #44]	; 0x2c
    56cc:	f000 f9ae 	bl	5a2c <memset>
    56d0:	4b18      	ldr	r3, [pc, #96]	; (5734 <global_stdio_init.part.0+0xc8>)
    56d2:	f8c4 30dc 	str.w	r3, [r4, #220]	; 0xdc
    56d6:	4629      	mov	r1, r5
    56d8:	f104 0368 	add.w	r3, r4, #104	; 0x68
    56dc:	2208      	movs	r2, #8
    56de:	f504 7096 	add.w	r0, r4, #300	; 0x12c
    56e2:	f8c4 3084 	str.w	r3, [r4, #132]	; 0x84
    56e6:	e9c4 9822 	strd	r9, r8, [r4, #136]	; 0x88
    56ea:	e9c4 7624 	strd	r7, r6, [r4, #144]	; 0x90
    56ee:	e9c4 5534 	strd	r5, r5, [r4, #208]	; 0xd0
    56f2:	e9c4 5538 	strd	r5, r5, [r4, #224]	; 0xe0
    56f6:	f8c4 5134 	str.w	r5, [r4, #308]	; 0x134
    56fa:	f8c4 50d8 	str.w	r5, [r4, #216]	; 0xd8
    56fe:	f8c4 50e8 	str.w	r5, [r4, #232]	; 0xe8
    5702:	f000 f993 	bl	5a2c <memset>
    5706:	f104 03d0 	add.w	r3, r4, #208	; 0xd0
    570a:	e9c4 983c 	strd	r9, r8, [r4, #240]	; 0xf0
    570e:	e9c4 763e 	strd	r7, r6, [r4, #248]	; 0xf8
    5712:	f8c4 30ec 	str.w	r3, [r4, #236]	; 0xec
    5716:	e8bd 83f8 	ldmia.w	sp!, {r3, r4, r5, r6, r7, r8, r9, pc}
    571a:	bf00      	nop
    571c:	1fff62a0 	.word	0x1fff62a0
    5720:	1fff63d8 	.word	0x1fff63d8
    5724:	00005615 	.word	0x00005615
    5728:	00005841 	.word	0x00005841
    572c:	00005861 	.word	0x00005861
    5730:	00010009 	.word	0x00010009
    5734:	00020012 	.word	0x00020012
    5738:	000057dd 	.word	0x000057dd
    573c:	00005801 	.word	0x00005801

00005740 <__sinit>:
    5740:	b510      	push	{r4, lr}
    5742:	4604      	mov	r4, r0
    5744:	480a      	ldr	r0, [pc, #40]	; (5770 <__sinit+0x30>)
    5746:	f000 fa8f 	bl	5c68 <__retarget_lock_acquire_recursive>
    574a:	6b63      	ldr	r3, [r4, #52]	; 0x34
    574c:	b923      	cbnz	r3, 5758 <__sinit+0x18>
    574e:	4b09      	ldr	r3, [pc, #36]	; (5774 <__sinit+0x34>)
    5750:	4a09      	ldr	r2, [pc, #36]	; (5778 <__sinit+0x38>)
    5752:	681b      	ldr	r3, [r3, #0]
    5754:	6362      	str	r2, [r4, #52]	; 0x34
    5756:	b123      	cbz	r3, 5762 <__sinit+0x22>
    5758:	e8bd 4010 	ldmia.w	sp!, {r4, lr}
    575c:	4804      	ldr	r0, [pc, #16]	; (5770 <__sinit+0x30>)
    575e:	f000 ba85 	b.w	5c6c <__retarget_lock_release_recursive>
    5762:	f7ff ff83 	bl	566c <global_stdio_init.part.0>
    5766:	e8bd 4010 	ldmia.w	sp!, {r4, lr}
    576a:	4801      	ldr	r0, [pc, #4]	; (5770 <__sinit+0x30>)
    576c:	f000 ba7e 	b.w	5c6c <__retarget_lock_release_recursive>
    5770:	1fff63e8 	.word	0x1fff63e8
    5774:	1fff63d8 	.word	0x1fff63d8
    5778:	0000562d 	.word	0x0000562d

0000577c <__sfp_lock_acquire>:
    577c:	4801      	ldr	r0, [pc, #4]	; (5784 <__sfp_lock_acquire+0x8>)
    577e:	f000 ba73 	b.w	5c68 <__retarget_lock_acquire_recursive>
    5782:	bf00      	nop
    5784:	1fff63e8 	.word	0x1fff63e8

00005788 <__sfp_lock_release>:
    5788:	4801      	ldr	r0, [pc, #4]	; (5790 <__sfp_lock_release+0x8>)
    578a:	f000 ba6f 	b.w	5c6c <__retarget_lock_release_recursive>
    578e:	bf00      	nop
    5790:	1fff63e8 	.word	0x1fff63e8

00005794 <_fwalk_sglue>:
    5794:	e92d 43f8 	stmdb	sp!, {r3, r4, r5, r6, r7, r8, r9, lr}
    5798:	4680      	mov	r8, r0
    579a:	460f      	mov	r7, r1
    579c:	4616      	mov	r6, r2
    579e:	f04f 0900 	mov.w	r9, #0
    57a2:	e9d6 5401 	ldrd	r5, r4, [r6, #4]
    57a6:	3d01      	subs	r5, #1
    57a8:	d411      	bmi.n	57ce <_fwalk_sglue+0x3a>
    57aa:	89a3      	ldrh	r3, [r4, #12]
    57ac:	2b01      	cmp	r3, #1
    57ae:	f105 35ff 	add.w	r5, r5, #4294967295
    57b2:	d908      	bls.n	57c6 <_fwalk_sglue+0x32>
    57b4:	f9b4 300e 	ldrsh.w	r3, [r4, #14]
    57b8:	3301      	adds	r3, #1
    57ba:	4621      	mov	r1, r4
    57bc:	d003      	beq.n	57c6 <_fwalk_sglue+0x32>
    57be:	4640      	mov	r0, r8
    57c0:	47b8      	blx	r7
    57c2:	ea49 0900 	orr.w	r9, r9, r0
    57c6:	1c6b      	adds	r3, r5, #1
    57c8:	f104 0468 	add.w	r4, r4, #104	; 0x68
    57cc:	d1ed      	bne.n	57aa <_fwalk_sglue+0x16>
    57ce:	6836      	ldr	r6, [r6, #0]
    57d0:	2e00      	cmp	r6, #0
    57d2:	d1e6      	bne.n	57a2 <_fwalk_sglue+0xe>
    57d4:	4648      	mov	r0, r9
    57d6:	e8bd 83f8 	ldmia.w	sp!, {r3, r4, r5, r6, r7, r8, r9, pc}
    57da:	bf00      	nop

000057dc <__sread>:
    57dc:	b510      	push	{r4, lr}
    57de:	460c      	mov	r4, r1
    57e0:	f9b1 100e 	ldrsh.w	r1, [r1, #14]
    57e4:	f000 f9d4 	bl	5b90 <_read_r>
    57e8:	2800      	cmp	r0, #0
    57ea:	db03      	blt.n	57f4 <__sread+0x18>
    57ec:	6d23      	ldr	r3, [r4, #80]	; 0x50
    57ee:	4403      	add	r3, r0
    57f0:	6523      	str	r3, [r4, #80]	; 0x50
    57f2:	bd10      	pop	{r4, pc}
    57f4:	89a3      	ldrh	r3, [r4, #12]
    57f6:	f423 5380 	bic.w	r3, r3, #4096	; 0x1000
    57fa:	81a3      	strh	r3, [r4, #12]
    57fc:	bd10      	pop	{r4, pc}
    57fe:	bf00      	nop

00005800 <__swrite>:
    5800:	e92d 41f0 	stmdb	sp!, {r4, r5, r6, r7, r8, lr}
    5804:	460c      	mov	r4, r1
    5806:	f9b1 100c 	ldrsh.w	r1, [r1, #12]
    580a:	461f      	mov	r7, r3
    580c:	05cb      	lsls	r3, r1, #23
    580e:	4605      	mov	r5, r0
    5810:	4616      	mov	r6, r2
    5812:	d40b      	bmi.n	582c <__swrite+0x2c>
    5814:	f421 5180 	bic.w	r1, r1, #4096	; 0x1000
    5818:	81a1      	strh	r1, [r4, #12]
    581a:	463b      	mov	r3, r7
    581c:	f9b4 100e 	ldrsh.w	r1, [r4, #14]
    5820:	4632      	mov	r2, r6
    5822:	4628      	mov	r0, r5
    5824:	e8bd 41f0 	ldmia.w	sp!, {r4, r5, r6, r7, r8, lr}
    5828:	f000 b9da 	b.w	5be0 <_write_r>
    582c:	f9b4 100e 	ldrsh.w	r1, [r4, #14]
    5830:	2302      	movs	r3, #2
    5832:	2200      	movs	r2, #0
    5834:	f000 f996 	bl	5b64 <_lseek_r>
    5838:	f9b4 100c 	ldrsh.w	r1, [r4, #12]
    583c:	e7ea      	b.n	5814 <__swrite+0x14>
    583e:	bf00      	nop

00005840 <__sseek>:
    5840:	b510      	push	{r4, lr}
    5842:	460c      	mov	r4, r1
    5844:	f9b1 100e 	ldrsh.w	r1, [r1, #14]
    5848:	f000 f98c 	bl	5b64 <_lseek_r>
    584c:	89a3      	ldrh	r3, [r4, #12]
    584e:	1c42      	adds	r2, r0, #1
    5850:	bf0e      	itee	eq
    5852:	f423 5380 	biceq.w	r3, r3, #4096	; 0x1000
    5856:	f443 5380 	orrne.w	r3, r3, #4096	; 0x1000
    585a:	6520      	strne	r0, [r4, #80]	; 0x50
    585c:	81a3      	strh	r3, [r4, #12]
    585e:	bd10      	pop	{r4, pc}

00005860 <__sclose>:
    5860:	f9b1 100e 	ldrsh.w	r1, [r1, #14]
    5864:	f000 b96c 	b.w	5b40 <_close_r>

00005868 <_vdprintf_r>:
    5868:	b5f0      	push	{r4, r5, r6, r7, lr}
    586a:	f5ad 7d05 	sub.w	sp, sp, #532	; 0x214
    586e:	af04      	add	r7, sp, #16
    5870:	9300      	str	r3, [sp, #0]
    5872:	4613      	mov	r3, r2
    5874:	f44f 7200 	mov.w	r2, #512	; 0x200
    5878:	460e      	mov	r6, r1
    587a:	9203      	str	r2, [sp, #12]
    587c:	4639      	mov	r1, r7
    587e:	aa03      	add	r2, sp, #12
    5880:	4605      	mov	r5, r0
    5882:	f000 f825 	bl	58d0 <_vasnprintf_r>
    5886:	b188      	cbz	r0, 58ac <_vdprintf_r+0x44>
    5888:	4604      	mov	r4, r0
    588a:	4602      	mov	r2, r0
    588c:	9b03      	ldr	r3, [sp, #12]
    588e:	4631      	mov	r1, r6
    5890:	4628      	mov	r0, r5
    5892:	f000 f9a5 	bl	5be0 <_write_r>
    5896:	42bc      	cmp	r4, r7
    5898:	9003      	str	r0, [sp, #12]
    589a:	d004      	beq.n	58a6 <_vdprintf_r+0x3e>
    589c:	4628      	mov	r0, r5
    589e:	4621      	mov	r1, r4
    58a0:	f000 fabc 	bl	5e1c <_free_r>
    58a4:	9803      	ldr	r0, [sp, #12]
    58a6:	f50d 7d05 	add.w	sp, sp, #532	; 0x214
    58aa:	bdf0      	pop	{r4, r5, r6, r7, pc}
    58ac:	f04f 30ff 	mov.w	r0, #4294967295
    58b0:	e7f9      	b.n	58a6 <_vdprintf_r+0x3e>
    58b2:	bf00      	nop

000058b4 <vdprintf>:
    58b4:	b410      	push	{r4}
    58b6:	4c05      	ldr	r4, [pc, #20]	; (58cc <vdprintf+0x18>)
    58b8:	4684      	mov	ip, r0
    58ba:	4613      	mov	r3, r2
    58bc:	6820      	ldr	r0, [r4, #0]
    58be:	f85d 4b04 	ldr.w	r4, [sp], #4
    58c2:	460a      	mov	r2, r1
    58c4:	4661      	mov	r1, ip
    58c6:	f7ff bfcf 	b.w	5868 <_vdprintf_r>
    58ca:	bf00      	nop
    58cc:	1fff0ea8 	.word	0x1fff0ea8

000058d0 <_vasnprintf_r>:
    58d0:	b530      	push	{r4, r5, lr}
    58d2:	6814      	ldr	r4, [r2, #0]
    58d4:	4615      	mov	r5, r2
    58d6:	b09b      	sub	sp, #108	; 0x6c
    58d8:	461a      	mov	r2, r3
    58da:	b109      	cbz	r1, 58e0 <_vasnprintf_r+0x10>
    58dc:	2c00      	cmp	r4, #0
    58de:	d119      	bne.n	5914 <_vasnprintf_r+0x44>
    58e0:	2100      	movs	r1, #0
    58e2:	f44f 7322 	mov.w	r3, #648	; 0x288
    58e6:	f8ad 300c 	strh.w	r3, [sp, #12]
    58ea:	9100      	str	r1, [sp, #0]
    58ec:	9104      	str	r1, [sp, #16]
    58ee:	f64f 73ff 	movw	r3, #65535	; 0xffff
    58f2:	9102      	str	r1, [sp, #8]
    58f4:	9105      	str	r1, [sp, #20]
    58f6:	f8ad 300e 	strh.w	r3, [sp, #14]
    58fa:	4669      	mov	r1, sp
    58fc:	9b1e      	ldr	r3, [sp, #120]	; 0x78
    58fe:	f000 ff73 	bl	67e8 <_svfprintf_r>
    5902:	2800      	cmp	r0, #0
    5904:	db13      	blt.n	592e <_vasnprintf_r+0x5e>
    5906:	9b00      	ldr	r3, [sp, #0]
    5908:	6028      	str	r0, [r5, #0]
    590a:	2200      	movs	r2, #0
    590c:	701a      	strb	r2, [r3, #0]
    590e:	9804      	ldr	r0, [sp, #16]
    5910:	b01b      	add	sp, #108	; 0x6c
    5912:	bd30      	pop	{r4, r5, pc}
    5914:	f44f 63c1 	mov.w	r3, #1544	; 0x608
    5918:	9100      	str	r1, [sp, #0]
    591a:	9104      	str	r1, [sp, #16]
    591c:	f8ad 300c 	strh.w	r3, [sp, #12]
    5920:	4621      	mov	r1, r4
    5922:	dae4      	bge.n	58ee <_vasnprintf_r+0x1e>
    5924:	238b      	movs	r3, #139	; 0x8b
    5926:	6003      	str	r3, [r0, #0]
    5928:	2000      	movs	r0, #0
    592a:	b01b      	add	sp, #108	; 0x6c
    592c:	bd30      	pop	{r4, r5, pc}
    592e:	2000      	movs	r0, #0
    5930:	e7ee      	b.n	5910 <_vasnprintf_r+0x40>
    5932:	bf00      	nop

00005934 <memmove>:
    5934:	4288      	cmp	r0, r1
    5936:	d90d      	bls.n	5954 <memmove+0x20>
    5938:	188b      	adds	r3, r1, r2
    593a:	4283      	cmp	r3, r0
    593c:	d90a      	bls.n	5954 <memmove+0x20>
    593e:	eb00 0c02 	add.w	ip, r0, r2
    5942:	b1ba      	cbz	r2, 5974 <memmove+0x40>
    5944:	4662      	mov	r2, ip
    5946:	f813 cd01 	ldrb.w	ip, [r3, #-1]!
    594a:	f802 cd01 	strb.w	ip, [r2, #-1]!
    594e:	4299      	cmp	r1, r3
    5950:	d1f9      	bne.n	5946 <memmove+0x12>
    5952:	4770      	bx	lr
    5954:	2a0f      	cmp	r2, #15
    5956:	d80e      	bhi.n	5976 <memmove+0x42>
    5958:	4603      	mov	r3, r0
    595a:	f102 3cff 	add.w	ip, r2, #4294967295
    595e:	b14a      	cbz	r2, 5974 <memmove+0x40>
    5960:	f10c 0c01 	add.w	ip, ip, #1
    5964:	3b01      	subs	r3, #1
    5966:	448c      	add	ip, r1
    5968:	f811 2b01 	ldrb.w	r2, [r1], #1
    596c:	f803 2f01 	strb.w	r2, [r3, #1]!
    5970:	4561      	cmp	r1, ip
    5972:	d1f9      	bne.n	5968 <memmove+0x34>
    5974:	4770      	bx	lr
    5976:	ea40 0301 	orr.w	r3, r0, r1
    597a:	079b      	lsls	r3, r3, #30
    597c:	d150      	bne.n	5a20 <memmove+0xec>
    597e:	f1a2 0310 	sub.w	r3, r2, #16
    5982:	b570      	push	{r4, r5, r6, lr}
    5984:	f101 0c20 	add.w	ip, r1, #32
    5988:	f023 050f 	bic.w	r5, r3, #15
    598c:	f101 0e10 	add.w	lr, r1, #16
    5990:	f100 0410 	add.w	r4, r0, #16
    5994:	44ac      	add	ip, r5
    5996:	091b      	lsrs	r3, r3, #4
    5998:	f85e 5c10 	ldr.w	r5, [lr, #-16]
    599c:	f844 5c10 	str.w	r5, [r4, #-16]
    59a0:	f85e 5c0c 	ldr.w	r5, [lr, #-12]
    59a4:	f844 5c0c 	str.w	r5, [r4, #-12]
    59a8:	f85e 5c08 	ldr.w	r5, [lr, #-8]
    59ac:	f844 5c08 	str.w	r5, [r4, #-8]
    59b0:	f85e 5c04 	ldr.w	r5, [lr, #-4]
    59b4:	f844 5c04 	str.w	r5, [r4, #-4]
    59b8:	f10e 0e10 	add.w	lr, lr, #16
    59bc:	45e6      	cmp	lr, ip
    59be:	f104 0410 	add.w	r4, r4, #16
    59c2:	d1e9      	bne.n	5998 <memmove+0x64>
    59c4:	3301      	adds	r3, #1
    59c6:	f012 0f0c 	tst.w	r2, #12
    59ca:	eb01 1103 	add.w	r1, r1, r3, lsl #4
    59ce:	f002 040f 	and.w	r4, r2, #15
    59d2:	eb00 1303 	add.w	r3, r0, r3, lsl #4
    59d6:	d027      	beq.n	5a28 <memmove+0xf4>
    59d8:	3c04      	subs	r4, #4
    59da:	f024 0603 	bic.w	r6, r4, #3
    59de:	ea4f 0c94 	mov.w	ip, r4, lsr #2
    59e2:	441e      	add	r6, r3
    59e4:	1f1c      	subs	r4, r3, #4
    59e6:	468e      	mov	lr, r1
    59e8:	f85e 5b04 	ldr.w	r5, [lr], #4
    59ec:	f844 5f04 	str.w	r5, [r4, #4]!
    59f0:	42b4      	cmp	r4, r6
    59f2:	d1f9      	bne.n	59e8 <memmove+0xb4>
    59f4:	f10c 0401 	add.w	r4, ip, #1
    59f8:	f002 0203 	and.w	r2, r2, #3
    59fc:	eb03 0384 	add.w	r3, r3, r4, lsl #2
    5a00:	eb01 0184 	add.w	r1, r1, r4, lsl #2
    5a04:	f102 3cff 	add.w	ip, r2, #4294967295
    5a08:	b14a      	cbz	r2, 5a1e <memmove+0xea>
    5a0a:	f10c 0c01 	add.w	ip, ip, #1
    5a0e:	3b01      	subs	r3, #1
    5a10:	448c      	add	ip, r1
    5a12:	f811 2b01 	ldrb.w	r2, [r1], #1
    5a16:	f803 2f01 	strb.w	r2, [r3, #1]!
    5a1a:	4561      	cmp	r1, ip
    5a1c:	d1f9      	bne.n	5a12 <memmove+0xde>
    5a1e:	bd70      	pop	{r4, r5, r6, pc}
    5a20:	f102 3cff 	add.w	ip, r2, #4294967295
    5a24:	4603      	mov	r3, r0
    5a26:	e79b      	b.n	5960 <memmove+0x2c>
    5a28:	4622      	mov	r2, r4
    5a2a:	e7eb      	b.n	5a04 <memmove+0xd0>

00005a2c <memset>:
    5a2c:	0783      	lsls	r3, r0, #30
    5a2e:	b530      	push	{r4, r5, lr}
    5a30:	d048      	beq.n	5ac4 <memset+0x98>
    5a32:	1e54      	subs	r4, r2, #1
    5a34:	2a00      	cmp	r2, #0
    5a36:	d03f      	beq.n	5ab8 <memset+0x8c>
    5a38:	b2ca      	uxtb	r2, r1
    5a3a:	4603      	mov	r3, r0
    5a3c:	e001      	b.n	5a42 <memset+0x16>
    5a3e:	3c01      	subs	r4, #1
    5a40:	d33a      	bcc.n	5ab8 <memset+0x8c>
    5a42:	f803 2b01 	strb.w	r2, [r3], #1
    5a46:	079d      	lsls	r5, r3, #30
    5a48:	d1f9      	bne.n	5a3e <memset+0x12>
    5a4a:	2c03      	cmp	r4, #3
    5a4c:	d92d      	bls.n	5aaa <memset+0x7e>
    5a4e:	b2cd      	uxtb	r5, r1
    5a50:	ea45 2505 	orr.w	r5, r5, r5, lsl #8
    5a54:	2c0f      	cmp	r4, #15
    5a56:	ea45 4505 	orr.w	r5, r5, r5, lsl #16
    5a5a:	d936      	bls.n	5aca <memset+0x9e>
    5a5c:	f1a4 0210 	sub.w	r2, r4, #16
    5a60:	f022 0c0f 	bic.w	ip, r2, #15
    5a64:	f103 0e20 	add.w	lr, r3, #32
    5a68:	44e6      	add	lr, ip
    5a6a:	ea4f 1c12 	mov.w	ip, r2, lsr #4
    5a6e:	f103 0210 	add.w	r2, r3, #16
    5a72:	e942 5504 	strd	r5, r5, [r2, #-16]
    5a76:	e942 5502 	strd	r5, r5, [r2, #-8]
    5a7a:	3210      	adds	r2, #16
    5a7c:	4572      	cmp	r2, lr
    5a7e:	d1f8      	bne.n	5a72 <memset+0x46>
    5a80:	f10c 0201 	add.w	r2, ip, #1
    5a84:	f014 0f0c 	tst.w	r4, #12
    5a88:	eb03 1202 	add.w	r2, r3, r2, lsl #4
    5a8c:	f004 0c0f 	and.w	ip, r4, #15
    5a90:	d013      	beq.n	5aba <memset+0x8e>
    5a92:	f1ac 0304 	sub.w	r3, ip, #4
    5a96:	f023 0303 	bic.w	r3, r3, #3
    5a9a:	3304      	adds	r3, #4
    5a9c:	4413      	add	r3, r2
    5a9e:	f842 5b04 	str.w	r5, [r2], #4
    5aa2:	4293      	cmp	r3, r2
    5aa4:	d1fb      	bne.n	5a9e <memset+0x72>
    5aa6:	f00c 0403 	and.w	r4, ip, #3
    5aaa:	b12c      	cbz	r4, 5ab8 <memset+0x8c>
    5aac:	b2c9      	uxtb	r1, r1
    5aae:	441c      	add	r4, r3
    5ab0:	f803 1b01 	strb.w	r1, [r3], #1
    5ab4:	429c      	cmp	r4, r3
    5ab6:	d1fb      	bne.n	5ab0 <memset+0x84>
    5ab8:	bd30      	pop	{r4, r5, pc}
    5aba:	4664      	mov	r4, ip
    5abc:	4613      	mov	r3, r2
    5abe:	2c00      	cmp	r4, #0
    5ac0:	d1f4      	bne.n	5aac <memset+0x80>
    5ac2:	e7f9      	b.n	5ab8 <memset+0x8c>
    5ac4:	4603      	mov	r3, r0
    5ac6:	4614      	mov	r4, r2
    5ac8:	e7bf      	b.n	5a4a <memset+0x1e>
    5aca:	461a      	mov	r2, r3
    5acc:	46a4      	mov	ip, r4
    5ace:	e7e0      	b.n	5a92 <memset+0x66>

00005ad0 <strncpy>:
    5ad0:	ea40 0301 	orr.w	r3, r0, r1
    5ad4:	079b      	lsls	r3, r3, #30
    5ad6:	b530      	push	{r4, r5, lr}
    5ad8:	d101      	bne.n	5ade <strncpy+0xe>
    5ada:	2a03      	cmp	r2, #3
    5adc:	d80f      	bhi.n	5afe <strncpy+0x2e>
    5ade:	4684      	mov	ip, r0
    5ae0:	f101 3eff 	add.w	lr, r1, #4294967295
    5ae4:	e007      	b.n	5af6 <strncpy+0x26>
    5ae6:	f81e 1f01 	ldrb.w	r1, [lr, #1]!
    5aea:	f803 1b01 	strb.w	r1, [r3], #1
    5aee:	1e54      	subs	r4, r2, #1
    5af0:	b1c1      	cbz	r1, 5b24 <strncpy+0x54>
    5af2:	469c      	mov	ip, r3
    5af4:	4622      	mov	r2, r4
    5af6:	4663      	mov	r3, ip
    5af8:	2a00      	cmp	r2, #0
    5afa:	d1f4      	bne.n	5ae6 <strncpy+0x16>
    5afc:	bd30      	pop	{r4, r5, pc}
    5afe:	460b      	mov	r3, r1
    5b00:	4684      	mov	ip, r0
    5b02:	4619      	mov	r1, r3
    5b04:	f853 5b04 	ldr.w	r5, [r3], #4
    5b08:	f1a5 3401 	sub.w	r4, r5, #16843009	; 0x1010101
    5b0c:	ea24 0405 	bic.w	r4, r4, r5
    5b10:	f014 3f80 	tst.w	r4, #2155905152	; 0x80808080
    5b14:	d1e4      	bne.n	5ae0 <strncpy+0x10>
    5b16:	3a04      	subs	r2, #4
    5b18:	2a03      	cmp	r2, #3
    5b1a:	f84c 5b04 	str.w	r5, [ip], #4
    5b1e:	4619      	mov	r1, r3
    5b20:	d8ef      	bhi.n	5b02 <strncpy+0x32>
    5b22:	e7dd      	b.n	5ae0 <strncpy+0x10>
    5b24:	4494      	add	ip, r2
    5b26:	2c00      	cmp	r4, #0
    5b28:	d0e8      	beq.n	5afc <strncpy+0x2c>
    5b2a:	f803 1b01 	strb.w	r1, [r3], #1
    5b2e:	4563      	cmp	r3, ip
    5b30:	d1fb      	bne.n	5b2a <strncpy+0x5a>
    5b32:	bd30      	pop	{r4, r5, pc}

00005b34 <__locale_mb_cur_max>:
    5b34:	4b01      	ldr	r3, [pc, #4]	; (5b3c <__locale_mb_cur_max+0x8>)
    5b36:	f893 0128 	ldrb.w	r0, [r3, #296]	; 0x128
    5b3a:	4770      	bx	lr
    5b3c:	1fff0c18 	.word	0x1fff0c18

00005b40 <_close_r>:
    5b40:	b538      	push	{r3, r4, r5, lr}
    5b42:	4d07      	ldr	r5, [pc, #28]	; (5b60 <_close_r+0x20>)
    5b44:	2200      	movs	r2, #0
    5b46:	4604      	mov	r4, r0
    5b48:	4608      	mov	r0, r1
    5b4a:	602a      	str	r2, [r5, #0]
    5b4c:	f7fd fcf2 	bl	3534 <_close>
    5b50:	1c43      	adds	r3, r0, #1
    5b52:	d000      	beq.n	5b56 <_close_r+0x16>
    5b54:	bd38      	pop	{r3, r4, r5, pc}
    5b56:	682b      	ldr	r3, [r5, #0]
    5b58:	2b00      	cmp	r3, #0
    5b5a:	d0fb      	beq.n	5b54 <_close_r+0x14>
    5b5c:	6023      	str	r3, [r4, #0]
    5b5e:	bd38      	pop	{r3, r4, r5, pc}
    5b60:	1fff63dc 	.word	0x1fff63dc

00005b64 <_lseek_r>:
    5b64:	b538      	push	{r3, r4, r5, lr}
    5b66:	460c      	mov	r4, r1
    5b68:	4d08      	ldr	r5, [pc, #32]	; (5b8c <_lseek_r+0x28>)
    5b6a:	4684      	mov	ip, r0
    5b6c:	4611      	mov	r1, r2
    5b6e:	4620      	mov	r0, r4
    5b70:	461a      	mov	r2, r3
    5b72:	2300      	movs	r3, #0
    5b74:	602b      	str	r3, [r5, #0]
    5b76:	4664      	mov	r4, ip
    5b78:	f7fd fce8 	bl	354c <_lseek>
    5b7c:	1c43      	adds	r3, r0, #1
    5b7e:	d000      	beq.n	5b82 <_lseek_r+0x1e>
    5b80:	bd38      	pop	{r3, r4, r5, pc}
    5b82:	682b      	ldr	r3, [r5, #0]
    5b84:	2b00      	cmp	r3, #0
    5b86:	d0fb      	beq.n	5b80 <_lseek_r+0x1c>
    5b88:	6023      	str	r3, [r4, #0]
    5b8a:	bd38      	pop	{r3, r4, r5, pc}
    5b8c:	1fff63dc 	.word	0x1fff63dc

00005b90 <_read_r>:
    5b90:	b538      	push	{r3, r4, r5, lr}
    5b92:	460c      	mov	r4, r1
    5b94:	4d08      	ldr	r5, [pc, #32]	; (5bb8 <_read_r+0x28>)
    5b96:	4684      	mov	ip, r0
    5b98:	4611      	mov	r1, r2
    5b9a:	4620      	mov	r0, r4
    5b9c:	461a      	mov	r2, r3
    5b9e:	2300      	movs	r3, #0
    5ba0:	602b      	str	r3, [r5, #0]
    5ba2:	4664      	mov	r4, ip
    5ba4:	f7fd fcc4 	bl	3530 <_read>
    5ba8:	1c43      	adds	r3, r0, #1
    5baa:	d000      	beq.n	5bae <_read_r+0x1e>
    5bac:	bd38      	pop	{r3, r4, r5, pc}
    5bae:	682b      	ldr	r3, [r5, #0]
    5bb0:	2b00      	cmp	r3, #0
    5bb2:	d0fb      	beq.n	5bac <_read_r+0x1c>
    5bb4:	6023      	str	r3, [r4, #0]
    5bb6:	bd38      	pop	{r3, r4, r5, pc}
    5bb8:	1fff63dc 	.word	0x1fff63dc

00005bbc <_sbrk_r>:
    5bbc:	b538      	push	{r3, r4, r5, lr}
    5bbe:	4d07      	ldr	r5, [pc, #28]	; (5bdc <_sbrk_r+0x20>)
    5bc0:	2200      	movs	r2, #0
    5bc2:	4604      	mov	r4, r0
    5bc4:	4608      	mov	r0, r1
    5bc6:	602a      	str	r2, [r5, #0]
    5bc8:	f7fd fc98 	bl	34fc <_sbrk>
    5bcc:	1c43      	adds	r3, r0, #1
    5bce:	d000      	beq.n	5bd2 <_sbrk_r+0x16>
    5bd0:	bd38      	pop	{r3, r4, r5, pc}
    5bd2:	682b      	ldr	r3, [r5, #0]
    5bd4:	2b00      	cmp	r3, #0
    5bd6:	d0fb      	beq.n	5bd0 <_sbrk_r+0x14>
    5bd8:	6023      	str	r3, [r4, #0]
    5bda:	bd38      	pop	{r3, r4, r5, pc}
    5bdc:	1fff63dc 	.word	0x1fff63dc

00005be0 <_write_r>:
    5be0:	b538      	push	{r3, r4, r5, lr}
    5be2:	460c      	mov	r4, r1
    5be4:	4d08      	ldr	r5, [pc, #32]	; (5c08 <_write_r+0x28>)
    5be6:	4684      	mov	ip, r0
    5be8:	4611      	mov	r1, r2
    5bea:	4620      	mov	r0, r4
    5bec:	461a      	mov	r2, r3
    5bee:	2300      	movs	r3, #0
    5bf0:	602b      	str	r3, [r5, #0]
    5bf2:	4664      	mov	r4, ip
    5bf4:	f7fd fb60 	bl	32b8 <_write>
    5bf8:	1c43      	adds	r3, r0, #1
    5bfa:	d000      	beq.n	5bfe <_write_r+0x1e>
    5bfc:	bd38      	pop	{r3, r4, r5, pc}
    5bfe:	682b      	ldr	r3, [r5, #0]
    5c00:	2b00      	cmp	r3, #0
    5c02:	d0fb      	beq.n	5bfc <_write_r+0x1c>
    5c04:	6023      	str	r3, [r4, #0]
    5c06:	bd38      	pop	{r3, r4, r5, pc}
    5c08:	1fff63dc 	.word	0x1fff63dc

00005c0c <__errno>:
    5c0c:	4b01      	ldr	r3, [pc, #4]	; (5c14 <__errno+0x8>)
    5c0e:	6818      	ldr	r0, [r3, #0]
    5c10:	4770      	bx	lr
    5c12:	bf00      	nop
    5c14:	1fff0ea8 	.word	0x1fff0ea8

00005c18 <__libc_init_array>:
    5c18:	b570      	push	{r4, r5, r6, lr}
    5c1a:	4e0d      	ldr	r6, [pc, #52]	; (5c50 <__libc_init_array+0x38>)
    5c1c:	4d0d      	ldr	r5, [pc, #52]	; (5c54 <__libc_init_array+0x3c>)
    5c1e:	1b76      	subs	r6, r6, r5
    5c20:	10b6      	asrs	r6, r6, #2
    5c22:	d006      	beq.n	5c32 <__libc_init_array+0x1a>
    5c24:	2400      	movs	r4, #0
    5c26:	f855 3b04 	ldr.w	r3, [r5], #4
    5c2a:	3401      	adds	r4, #1
    5c2c:	4798      	blx	r3
    5c2e:	42a6      	cmp	r6, r4
    5c30:	d1f9      	bne.n	5c26 <__libc_init_array+0xe>
    5c32:	4e09      	ldr	r6, [pc, #36]	; (5c58 <__libc_init_array+0x40>)
    5c34:	4d09      	ldr	r5, [pc, #36]	; (5c5c <__libc_init_array+0x44>)
    5c36:	1b76      	subs	r6, r6, r5
    5c38:	f006 f97c 	bl	bf34 <_init>
    5c3c:	10b6      	asrs	r6, r6, #2
    5c3e:	d006      	beq.n	5c4e <__libc_init_array+0x36>
    5c40:	2400      	movs	r4, #0
    5c42:	f855 3b04 	ldr.w	r3, [r5], #4
    5c46:	3401      	adds	r4, #1
    5c48:	4798      	blx	r3
    5c4a:	42a6      	cmp	r6, r4
    5c4c:	d1f9      	bne.n	5c42 <__libc_init_array+0x2a>
    5c4e:	bd70      	pop	{r4, r5, r6, pc}
    5c50:	0000bf40 	.word	0x0000bf40
    5c54:	0000bf40 	.word	0x0000bf40
    5c58:	0000bf4c 	.word	0x0000bf4c
    5c5c:	0000bf40 	.word	0x0000bf40

00005c60 <__retarget_lock_init_recursive>:
    5c60:	4770      	bx	lr
    5c62:	bf00      	nop

00005c64 <__retarget_lock_close_recursive>:
    5c64:	4770      	bx	lr
    5c66:	bf00      	nop

00005c68 <__retarget_lock_acquire_recursive>:
    5c68:	4770      	bx	lr
    5c6a:	bf00      	nop

00005c6c <__retarget_lock_release_recursive>:
    5c6c:	4770      	bx	lr
    5c6e:	bf00      	nop
    5c70:	ffff ffff 			; <UNDEFINED> instruction: 0xffffffff
    5c74:	ffff ffff 			; <UNDEFINED> instruction: 0xffffffff
    5c78:	ffff ffff 			; <UNDEFINED> instruction: 0xffffffff
    5c7c:	ffff ffff 			; <UNDEFINED> instruction: 0xffffffff

00005c80 <strlen>:
    5c80:	f890 f000 	pld	[r0]
    5c84:	e96d 4502 	strd	r4, r5, [sp, #-8]!
    5c88:	f020 0107 	bic.w	r1, r0, #7
    5c8c:	f06f 0c00 	mvn.w	ip, #0
    5c90:	f010 0407 	ands.w	r4, r0, #7
    5c94:	f891 f020 	pld	[r1, #32]
    5c98:	f040 8049 	bne.w	5d2e <strlen+0xae>
    5c9c:	f04f 0400 	mov.w	r4, #0
    5ca0:	f06f 0007 	mvn.w	r0, #7
    5ca4:	e9d1 2300 	ldrd	r2, r3, [r1]
    5ca8:	f891 f040 	pld	[r1, #64]	; 0x40
    5cac:	f100 0008 	add.w	r0, r0, #8
    5cb0:	fa82 f24c 	uadd8	r2, r2, ip
    5cb4:	faa4 f28c 	sel	r2, r4, ip
    5cb8:	fa83 f34c 	uadd8	r3, r3, ip
    5cbc:	faa2 f38c 	sel	r3, r2, ip
    5cc0:	bb4b      	cbnz	r3, 5d16 <strlen+0x96>
    5cc2:	e9d1 2302 	ldrd	r2, r3, [r1, #8]
    5cc6:	fa82 f24c 	uadd8	r2, r2, ip
    5cca:	f100 0008 	add.w	r0, r0, #8
    5cce:	faa4 f28c 	sel	r2, r4, ip
    5cd2:	fa83 f34c 	uadd8	r3, r3, ip
    5cd6:	faa2 f38c 	sel	r3, r2, ip
    5cda:	b9e3      	cbnz	r3, 5d16 <strlen+0x96>
    5cdc:	e9d1 2304 	ldrd	r2, r3, [r1, #16]
    5ce0:	fa82 f24c 	uadd8	r2, r2, ip
    5ce4:	f100 0008 	add.w	r0, r0, #8
    5ce8:	faa4 f28c 	sel	r2, r4, ip
    5cec:	fa83 f34c 	uadd8	r3, r3, ip
    5cf0:	faa2 f38c 	sel	r3, r2, ip
    5cf4:	b97b      	cbnz	r3, 5d16 <strlen+0x96>
    5cf6:	e9d1 2306 	ldrd	r2, r3, [r1, #24]
    5cfa:	f101 0120 	add.w	r1, r1, #32
    5cfe:	fa82 f24c 	uadd8	r2, r2, ip
    5d02:	f100 0008 	add.w	r0, r0, #8
    5d06:	faa4 f28c 	sel	r2, r4, ip
    5d0a:	fa83 f34c 	uadd8	r3, r3, ip
    5d0e:	faa2 f38c 	sel	r3, r2, ip
    5d12:	2b00      	cmp	r3, #0
    5d14:	d0c6      	beq.n	5ca4 <strlen+0x24>
    5d16:	2a00      	cmp	r2, #0
    5d18:	bf04      	itt	eq
    5d1a:	3004      	addeq	r0, #4
    5d1c:	461a      	moveq	r2, r3
    5d1e:	ba12      	rev	r2, r2
    5d20:	fab2 f282 	clz	r2, r2
    5d24:	e8fd 4502 	ldrd	r4, r5, [sp], #8
    5d28:	eb00 00d2 	add.w	r0, r0, r2, lsr #3
    5d2c:	4770      	bx	lr
    5d2e:	e9d1 2300 	ldrd	r2, r3, [r1]
    5d32:	f004 0503 	and.w	r5, r4, #3
    5d36:	f1c4 0000 	rsb	r0, r4, #0
    5d3a:	ea4f 05c5 	mov.w	r5, r5, lsl #3
    5d3e:	f014 0f04 	tst.w	r4, #4
    5d42:	f891 f040 	pld	[r1, #64]	; 0x40
    5d46:	fa0c f505 	lsl.w	r5, ip, r5
    5d4a:	ea62 0205 	orn	r2, r2, r5
    5d4e:	bf1c      	itt	ne
    5d50:	ea63 0305 	ornne	r3, r3, r5
    5d54:	4662      	movne	r2, ip
    5d56:	f04f 0400 	mov.w	r4, #0
    5d5a:	e7a9      	b.n	5cb0 <strlen+0x30>

00005d5c <register_fini>:
    5d5c:	4b02      	ldr	r3, [pc, #8]	; (5d68 <register_fini+0xc>)
    5d5e:	b113      	cbz	r3, 5d66 <register_fini+0xa>
    5d60:	4802      	ldr	r0, [pc, #8]	; (5d6c <register_fini+0x10>)
    5d62:	f000 b805 	b.w	5d70 <atexit>
    5d66:	4770      	bx	lr
    5d68:	00000000 	.word	0x00000000
    5d6c:	0000861d 	.word	0x0000861d

00005d70 <atexit>:
    5d70:	2300      	movs	r3, #0
    5d72:	4601      	mov	r1, r0
    5d74:	461a      	mov	r2, r3
    5d76:	4618      	mov	r0, r3
    5d78:	f002 bcf0 	b.w	875c <__register_exitproc>

00005d7c <_malloc_trim_r>:
    5d7c:	b5f8      	push	{r3, r4, r5, r6, r7, lr}
    5d7e:	4f24      	ldr	r7, [pc, #144]	; (5e10 <_malloc_trim_r+0x94>)
    5d80:	460c      	mov	r4, r1
    5d82:	4606      	mov	r6, r0
    5d84:	f7ff fa4e 	bl	5224 <__malloc_lock>
    5d88:	68bb      	ldr	r3, [r7, #8]
    5d8a:	685d      	ldr	r5, [r3, #4]
    5d8c:	f5c4 617e 	rsb	r1, r4, #4064	; 0xfe0
    5d90:	310f      	adds	r1, #15
    5d92:	f025 0503 	bic.w	r5, r5, #3
    5d96:	194b      	adds	r3, r1, r5
    5d98:	f423 637f 	bic.w	r3, r3, #4080	; 0xff0
    5d9c:	f023 030f 	bic.w	r3, r3, #15
    5da0:	f5a3 5480 	sub.w	r4, r3, #4096	; 0x1000
    5da4:	f5b4 5f80 	cmp.w	r4, #4096	; 0x1000
    5da8:	db07      	blt.n	5dba <_malloc_trim_r+0x3e>
    5daa:	2100      	movs	r1, #0
    5dac:	4630      	mov	r0, r6
    5dae:	f7ff ff05 	bl	5bbc <_sbrk_r>
    5db2:	68bb      	ldr	r3, [r7, #8]
    5db4:	442b      	add	r3, r5
    5db6:	4298      	cmp	r0, r3
    5db8:	d004      	beq.n	5dc4 <_malloc_trim_r+0x48>
    5dba:	4630      	mov	r0, r6
    5dbc:	f7ff fa38 	bl	5230 <__malloc_unlock>
    5dc0:	2000      	movs	r0, #0
    5dc2:	bdf8      	pop	{r3, r4, r5, r6, r7, pc}
    5dc4:	4261      	negs	r1, r4
    5dc6:	4630      	mov	r0, r6
    5dc8:	f7ff fef8 	bl	5bbc <_sbrk_r>
    5dcc:	3001      	adds	r0, #1
    5dce:	d00d      	beq.n	5dec <_malloc_trim_r+0x70>
    5dd0:	4a10      	ldr	r2, [pc, #64]	; (5e14 <_malloc_trim_r+0x98>)
    5dd2:	68bb      	ldr	r3, [r7, #8]
    5dd4:	1b2d      	subs	r5, r5, r4
    5dd6:	f045 0501 	orr.w	r5, r5, #1
    5dda:	605d      	str	r5, [r3, #4]
    5ddc:	6813      	ldr	r3, [r2, #0]
    5dde:	4630      	mov	r0, r6
    5de0:	1b1b      	subs	r3, r3, r4
    5de2:	6013      	str	r3, [r2, #0]
    5de4:	f7ff fa24 	bl	5230 <__malloc_unlock>
    5de8:	2001      	movs	r0, #1
    5dea:	bdf8      	pop	{r3, r4, r5, r6, r7, pc}
    5dec:	2100      	movs	r1, #0
    5dee:	4630      	mov	r0, r6
    5df0:	f7ff fee4 	bl	5bbc <_sbrk_r>
    5df4:	68ba      	ldr	r2, [r7, #8]
    5df6:	1a83      	subs	r3, r0, r2
    5df8:	2b0f      	cmp	r3, #15
    5dfa:	ddde      	ble.n	5dba <_malloc_trim_r+0x3e>
    5dfc:	f043 0301 	orr.w	r3, r3, #1
    5e00:	6053      	str	r3, [r2, #4]
    5e02:	4b05      	ldr	r3, [pc, #20]	; (5e18 <_malloc_trim_r+0x9c>)
    5e04:	4903      	ldr	r1, [pc, #12]	; (5e14 <_malloc_trim_r+0x98>)
    5e06:	681b      	ldr	r3, [r3, #0]
    5e08:	1ac0      	subs	r0, r0, r3
    5e0a:	6008      	str	r0, [r1, #0]
    5e0c:	e7d5      	b.n	5dba <_malloc_trim_r+0x3e>
    5e0e:	bf00      	nop
    5e10:	1fff07fc 	.word	0x1fff07fc
    5e14:	1fff626c 	.word	0x1fff626c
    5e18:	1fff0c04 	.word	0x1fff0c04

00005e1c <_free_r>:
    5e1c:	2900      	cmp	r1, #0
    5e1e:	d061      	beq.n	5ee4 <_free_r+0xc8>
    5e20:	b5f8      	push	{r3, r4, r5, r6, r7, lr}
    5e22:	460c      	mov	r4, r1
    5e24:	4606      	mov	r6, r0
    5e26:	f7ff f9fd 	bl	5224 <__malloc_lock>
    5e2a:	f854 2c04 	ldr.w	r2, [r4, #-4]
    5e2e:	4f7b      	ldr	r7, [pc, #492]	; (601c <_free_r+0x200>)
    5e30:	f1a4 0508 	sub.w	r5, r4, #8
    5e34:	f022 0101 	bic.w	r1, r2, #1
    5e38:	eb05 0c01 	add.w	ip, r5, r1
    5e3c:	68b8      	ldr	r0, [r7, #8]
    5e3e:	f8dc 3004 	ldr.w	r3, [ip, #4]
    5e42:	4560      	cmp	r0, ip
    5e44:	f023 0303 	bic.w	r3, r3, #3
    5e48:	f000 808b 	beq.w	5f62 <_free_r+0x146>
    5e4c:	07d2      	lsls	r2, r2, #31
    5e4e:	f8cc 3004 	str.w	r3, [ip, #4]
    5e52:	d432      	bmi.n	5eba <_free_r+0x9e>
    5e54:	f854 2c08 	ldr.w	r2, [r4, #-8]
    5e58:	1aad      	subs	r5, r5, r2
    5e5a:	4411      	add	r1, r2
    5e5c:	68aa      	ldr	r2, [r5, #8]
    5e5e:	f107 0008 	add.w	r0, r7, #8
    5e62:	4282      	cmp	r2, r0
    5e64:	d06a      	beq.n	5f3c <_free_r+0x120>
    5e66:	eb0c 0403 	add.w	r4, ip, r3
    5e6a:	f8d4 e004 	ldr.w	lr, [r4, #4]
    5e6e:	68ec      	ldr	r4, [r5, #12]
    5e70:	60d4      	str	r4, [r2, #12]
    5e72:	f01e 0f01 	tst.w	lr, #1
    5e76:	60a2      	str	r2, [r4, #8]
    5e78:	f000 8097 	beq.w	5faa <_free_r+0x18e>
    5e7c:	f041 0301 	orr.w	r3, r1, #1
    5e80:	606b      	str	r3, [r5, #4]
    5e82:	f8cc 1000 	str.w	r1, [ip]
    5e86:	f5b1 7f00 	cmp.w	r1, #512	; 0x200
    5e8a:	d235      	bcs.n	5ef8 <_free_r+0xdc>
    5e8c:	6878      	ldr	r0, [r7, #4]
    5e8e:	08cb      	lsrs	r3, r1, #3
    5e90:	2201      	movs	r2, #1
    5e92:	0949      	lsrs	r1, r1, #5
    5e94:	3301      	adds	r3, #1
    5e96:	408a      	lsls	r2, r1
    5e98:	4302      	orrs	r2, r0
    5e9a:	f857 1033 	ldr.w	r1, [r7, r3, lsl #3]
    5e9e:	607a      	str	r2, [r7, #4]
    5ea0:	eb07 02c3 	add.w	r2, r7, r3, lsl #3
    5ea4:	3a08      	subs	r2, #8
    5ea6:	e9c5 1202 	strd	r1, r2, [r5, #8]
    5eaa:	f847 5033 	str.w	r5, [r7, r3, lsl #3]
    5eae:	60cd      	str	r5, [r1, #12]
    5eb0:	4630      	mov	r0, r6
    5eb2:	e8bd 40f8 	ldmia.w	sp!, {r3, r4, r5, r6, r7, lr}
    5eb6:	f7ff b9bb 	b.w	5230 <__malloc_unlock>
    5eba:	eb0c 0203 	add.w	r2, ip, r3
    5ebe:	6852      	ldr	r2, [r2, #4]
    5ec0:	07d0      	lsls	r0, r2, #31
    5ec2:	d410      	bmi.n	5ee6 <_free_r+0xca>
    5ec4:	4419      	add	r1, r3
    5ec6:	f107 0008 	add.w	r0, r7, #8
    5eca:	f8dc 3008 	ldr.w	r3, [ip, #8]
    5ece:	4283      	cmp	r3, r0
    5ed0:	d073      	beq.n	5fba <_free_r+0x19e>
    5ed2:	f8dc 200c 	ldr.w	r2, [ip, #12]
    5ed6:	60da      	str	r2, [r3, #12]
    5ed8:	6093      	str	r3, [r2, #8]
    5eda:	f041 0301 	orr.w	r3, r1, #1
    5ede:	606b      	str	r3, [r5, #4]
    5ee0:	5069      	str	r1, [r5, r1]
    5ee2:	e7d0      	b.n	5e86 <_free_r+0x6a>
    5ee4:	4770      	bx	lr
    5ee6:	f041 0301 	orr.w	r3, r1, #1
    5eea:	f5b1 7f00 	cmp.w	r1, #512	; 0x200
    5eee:	f844 3c04 	str.w	r3, [r4, #-4]
    5ef2:	f8cc 1000 	str.w	r1, [ip]
    5ef6:	d3c9      	bcc.n	5e8c <_free_r+0x70>
    5ef8:	f5b1 6f20 	cmp.w	r1, #2560	; 0xa00
    5efc:	ea4f 2351 	mov.w	r3, r1, lsr #9
    5f00:	d248      	bcs.n	5f94 <_free_r+0x178>
    5f02:	098b      	lsrs	r3, r1, #6
    5f04:	f103 0039 	add.w	r0, r3, #57	; 0x39
    5f08:	f103 0238 	add.w	r2, r3, #56	; 0x38
    5f0c:	00c3      	lsls	r3, r0, #3
    5f0e:	18f8      	adds	r0, r7, r3
    5f10:	58fb      	ldr	r3, [r7, r3]
    5f12:	3808      	subs	r0, #8
    5f14:	4298      	cmp	r0, r3
    5f16:	d059      	beq.n	5fcc <_free_r+0x1b0>
    5f18:	685a      	ldr	r2, [r3, #4]
    5f1a:	f022 0203 	bic.w	r2, r2, #3
    5f1e:	428a      	cmp	r2, r1
    5f20:	d902      	bls.n	5f28 <_free_r+0x10c>
    5f22:	689b      	ldr	r3, [r3, #8]
    5f24:	4298      	cmp	r0, r3
    5f26:	d1f7      	bne.n	5f18 <_free_r+0xfc>
    5f28:	68d8      	ldr	r0, [r3, #12]
    5f2a:	e9c5 3002 	strd	r3, r0, [r5, #8]
    5f2e:	6085      	str	r5, [r0, #8]
    5f30:	60dd      	str	r5, [r3, #12]
    5f32:	4630      	mov	r0, r6
    5f34:	e8bd 40f8 	ldmia.w	sp!, {r3, r4, r5, r6, r7, lr}
    5f38:	f7ff b97a 	b.w	5230 <__malloc_unlock>
    5f3c:	eb0c 0203 	add.w	r2, ip, r3
    5f40:	6852      	ldr	r2, [r2, #4]
    5f42:	07d2      	lsls	r2, r2, #31
    5f44:	d463      	bmi.n	600e <_free_r+0x1f2>
    5f46:	440b      	add	r3, r1
    5f48:	e9dc 1202 	ldrd	r1, r2, [ip, #8]
    5f4c:	60ca      	str	r2, [r1, #12]
    5f4e:	6091      	str	r1, [r2, #8]
    5f50:	f043 0201 	orr.w	r2, r3, #1
    5f54:	606a      	str	r2, [r5, #4]
    5f56:	4630      	mov	r0, r6
    5f58:	50eb      	str	r3, [r5, r3]
    5f5a:	e8bd 40f8 	ldmia.w	sp!, {r3, r4, r5, r6, r7, lr}
    5f5e:	f7ff b967 	b.w	5230 <__malloc_unlock>
    5f62:	440b      	add	r3, r1
    5f64:	07d1      	lsls	r1, r2, #31
    5f66:	d407      	bmi.n	5f78 <_free_r+0x15c>
    5f68:	f854 2c08 	ldr.w	r2, [r4, #-8]
    5f6c:	1aad      	subs	r5, r5, r2
    5f6e:	4413      	add	r3, r2
    5f70:	e9d5 1202 	ldrd	r1, r2, [r5, #8]
    5f74:	60ca      	str	r2, [r1, #12]
    5f76:	6091      	str	r1, [r2, #8]
    5f78:	f043 0201 	orr.w	r2, r3, #1
    5f7c:	606a      	str	r2, [r5, #4]
    5f7e:	4a28      	ldr	r2, [pc, #160]	; (6020 <_free_r+0x204>)
    5f80:	60bd      	str	r5, [r7, #8]
    5f82:	6812      	ldr	r2, [r2, #0]
    5f84:	429a      	cmp	r2, r3
    5f86:	d893      	bhi.n	5eb0 <_free_r+0x94>
    5f88:	4b26      	ldr	r3, [pc, #152]	; (6024 <_free_r+0x208>)
    5f8a:	4630      	mov	r0, r6
    5f8c:	6819      	ldr	r1, [r3, #0]
    5f8e:	f7ff fef5 	bl	5d7c <_malloc_trim_r>
    5f92:	e78d      	b.n	5eb0 <_free_r+0x94>
    5f94:	2b14      	cmp	r3, #20
    5f96:	d90a      	bls.n	5fae <_free_r+0x192>
    5f98:	2b54      	cmp	r3, #84	; 0x54
    5f9a:	d81f      	bhi.n	5fdc <_free_r+0x1c0>
    5f9c:	0b0b      	lsrs	r3, r1, #12
    5f9e:	f103 006f 	add.w	r0, r3, #111	; 0x6f
    5fa2:	f103 026e 	add.w	r2, r3, #110	; 0x6e
    5fa6:	00c3      	lsls	r3, r0, #3
    5fa8:	e7b1      	b.n	5f0e <_free_r+0xf2>
    5faa:	4419      	add	r1, r3
    5fac:	e78d      	b.n	5eca <_free_r+0xae>
    5fae:	f103 005c 	add.w	r0, r3, #92	; 0x5c
    5fb2:	f103 025b 	add.w	r2, r3, #91	; 0x5b
    5fb6:	00c3      	lsls	r3, r0, #3
    5fb8:	e7a9      	b.n	5f0e <_free_r+0xf2>
    5fba:	f041 0301 	orr.w	r3, r1, #1
    5fbe:	e9c7 5504 	strd	r5, r5, [r7, #16]
    5fc2:	e9c5 0002 	strd	r0, r0, [r5, #8]
    5fc6:	606b      	str	r3, [r5, #4]
    5fc8:	5069      	str	r1, [r5, r1]
    5fca:	e771      	b.n	5eb0 <_free_r+0x94>
    5fcc:	6879      	ldr	r1, [r7, #4]
    5fce:	1092      	asrs	r2, r2, #2
    5fd0:	2401      	movs	r4, #1
    5fd2:	fa04 f202 	lsl.w	r2, r4, r2
    5fd6:	430a      	orrs	r2, r1
    5fd8:	607a      	str	r2, [r7, #4]
    5fda:	e7a6      	b.n	5f2a <_free_r+0x10e>
    5fdc:	f5b3 7faa 	cmp.w	r3, #340	; 0x154
    5fe0:	d806      	bhi.n	5ff0 <_free_r+0x1d4>
    5fe2:	0bcb      	lsrs	r3, r1, #15
    5fe4:	f103 0078 	add.w	r0, r3, #120	; 0x78
    5fe8:	f103 0277 	add.w	r2, r3, #119	; 0x77
    5fec:	00c3      	lsls	r3, r0, #3
    5fee:	e78e      	b.n	5f0e <_free_r+0xf2>
    5ff0:	f240 5254 	movw	r2, #1364	; 0x554
    5ff4:	4293      	cmp	r3, r2
    5ff6:	d806      	bhi.n	6006 <_free_r+0x1ea>
    5ff8:	0c8b      	lsrs	r3, r1, #18
    5ffa:	f103 007d 	add.w	r0, r3, #125	; 0x7d
    5ffe:	f103 027c 	add.w	r2, r3, #124	; 0x7c
    6002:	00c3      	lsls	r3, r0, #3
    6004:	e783      	b.n	5f0e <_free_r+0xf2>
    6006:	f44f 737e 	mov.w	r3, #1016	; 0x3f8
    600a:	227e      	movs	r2, #126	; 0x7e
    600c:	e77f      	b.n	5f0e <_free_r+0xf2>
    600e:	f041 0301 	orr.w	r3, r1, #1
    6012:	606b      	str	r3, [r5, #4]
    6014:	f8cc 1000 	str.w	r1, [ip]
    6018:	e74a      	b.n	5eb0 <_free_r+0x94>
    601a:	bf00      	nop
    601c:	1fff07fc 	.word	0x1fff07fc
    6020:	1fff0c08 	.word	0x1fff0c08
    6024:	1fff629c 	.word	0x1fff629c

00006028 <__ascii_mbtowc>:
    6028:	b082      	sub	sp, #8
    602a:	b149      	cbz	r1, 6040 <__ascii_mbtowc+0x18>
    602c:	b15a      	cbz	r2, 6046 <__ascii_mbtowc+0x1e>
    602e:	b16b      	cbz	r3, 604c <__ascii_mbtowc+0x24>
    6030:	7813      	ldrb	r3, [r2, #0]
    6032:	600b      	str	r3, [r1, #0]
    6034:	7812      	ldrb	r2, [r2, #0]
    6036:	1e10      	subs	r0, r2, #0
    6038:	bf18      	it	ne
    603a:	2001      	movne	r0, #1
    603c:	b002      	add	sp, #8
    603e:	4770      	bx	lr
    6040:	a901      	add	r1, sp, #4
    6042:	2a00      	cmp	r2, #0
    6044:	d1f3      	bne.n	602e <__ascii_mbtowc+0x6>
    6046:	4610      	mov	r0, r2
    6048:	b002      	add	sp, #8
    604a:	4770      	bx	lr
    604c:	f06f 0001 	mvn.w	r0, #1
    6050:	e7f4      	b.n	603c <__ascii_mbtowc+0x14>
    6052:	bf00      	nop

00006054 <_Balloc>:
    6054:	6c43      	ldr	r3, [r0, #68]	; 0x44
    6056:	b570      	push	{r4, r5, r6, lr}
    6058:	4605      	mov	r5, r0
    605a:	460c      	mov	r4, r1
    605c:	b14b      	cbz	r3, 6072 <_Balloc+0x1e>
    605e:	f853 0024 	ldr.w	r0, [r3, r4, lsl #2]
    6062:	b180      	cbz	r0, 6086 <_Balloc+0x32>
    6064:	6802      	ldr	r2, [r0, #0]
    6066:	f843 2024 	str.w	r2, [r3, r4, lsl #2]
    606a:	2300      	movs	r3, #0
    606c:	e9c0 3303 	strd	r3, r3, [r0, #12]
    6070:	bd70      	pop	{r4, r5, r6, pc}
    6072:	2221      	movs	r2, #33	; 0x21
    6074:	2104      	movs	r1, #4
    6076:	f002 fbd5 	bl	8824 <_calloc_r>
    607a:	4603      	mov	r3, r0
    607c:	6468      	str	r0, [r5, #68]	; 0x44
    607e:	2800      	cmp	r0, #0
    6080:	d1ed      	bne.n	605e <_Balloc+0xa>
    6082:	2000      	movs	r0, #0
    6084:	bd70      	pop	{r4, r5, r6, pc}
    6086:	2101      	movs	r1, #1
    6088:	fa01 f604 	lsl.w	r6, r1, r4
    608c:	1d72      	adds	r2, r6, #5
    608e:	0092      	lsls	r2, r2, #2
    6090:	4628      	mov	r0, r5
    6092:	f002 fbc7 	bl	8824 <_calloc_r>
    6096:	2800      	cmp	r0, #0
    6098:	d0f3      	beq.n	6082 <_Balloc+0x2e>
    609a:	e9c0 4601 	strd	r4, r6, [r0, #4]
    609e:	e7e4      	b.n	606a <_Balloc+0x16>

000060a0 <_Bfree>:
    60a0:	b131      	cbz	r1, 60b0 <_Bfree+0x10>
    60a2:	6c43      	ldr	r3, [r0, #68]	; 0x44
    60a4:	684a      	ldr	r2, [r1, #4]
    60a6:	f853 0022 	ldr.w	r0, [r3, r2, lsl #2]
    60aa:	6008      	str	r0, [r1, #0]
    60ac:	f843 1022 	str.w	r1, [r3, r2, lsl #2]
    60b0:	4770      	bx	lr
    60b2:	bf00      	nop

000060b4 <__multadd>:
    60b4:	e92d 41f0 	stmdb	sp!, {r4, r5, r6, r7, r8, lr}
    60b8:	690e      	ldr	r6, [r1, #16]
    60ba:	4680      	mov	r8, r0
    60bc:	460f      	mov	r7, r1
    60be:	461d      	mov	r5, r3
    60c0:	f101 0e14 	add.w	lr, r1, #20
    60c4:	2000      	movs	r0, #0
    60c6:	f8de 1000 	ldr.w	r1, [lr]
    60ca:	b28c      	uxth	r4, r1
    60cc:	fb02 5304 	mla	r3, r2, r4, r5
    60d0:	0c09      	lsrs	r1, r1, #16
    60d2:	ea4f 4c13 	mov.w	ip, r3, lsr #16
    60d6:	fb02 cc01 	mla	ip, r2, r1, ip
    60da:	3001      	adds	r0, #1
    60dc:	b29c      	uxth	r4, r3
    60de:	eb04 440c 	add.w	r4, r4, ip, lsl #16
    60e2:	4286      	cmp	r6, r0
    60e4:	f84e 4b04 	str.w	r4, [lr], #4
    60e8:	ea4f 451c 	mov.w	r5, ip, lsr #16
    60ec:	dceb      	bgt.n	60c6 <__multadd+0x12>
    60ee:	b13d      	cbz	r5, 6100 <__multadd+0x4c>
    60f0:	68bb      	ldr	r3, [r7, #8]
    60f2:	42b3      	cmp	r3, r6
    60f4:	dd07      	ble.n	6106 <__multadd+0x52>
    60f6:	eb07 0386 	add.w	r3, r7, r6, lsl #2
    60fa:	3601      	adds	r6, #1
    60fc:	615d      	str	r5, [r3, #20]
    60fe:	613e      	str	r6, [r7, #16]
    6100:	4638      	mov	r0, r7
    6102:	e8bd 81f0 	ldmia.w	sp!, {r4, r5, r6, r7, r8, pc}
    6106:	6879      	ldr	r1, [r7, #4]
    6108:	4640      	mov	r0, r8
    610a:	3101      	adds	r1, #1
    610c:	f7ff ffa2 	bl	6054 <_Balloc>
    6110:	4604      	mov	r4, r0
    6112:	b1b0      	cbz	r0, 6142 <__multadd+0x8e>
    6114:	693a      	ldr	r2, [r7, #16]
    6116:	3202      	adds	r2, #2
    6118:	f107 010c 	add.w	r1, r7, #12
    611c:	0092      	lsls	r2, r2, #2
    611e:	300c      	adds	r0, #12
    6120:	f7fd f8ea 	bl	32f8 <memcpy>
    6124:	f8d8 3044 	ldr.w	r3, [r8, #68]	; 0x44
    6128:	687a      	ldr	r2, [r7, #4]
    612a:	f853 1022 	ldr.w	r1, [r3, r2, lsl #2]
    612e:	6039      	str	r1, [r7, #0]
    6130:	f843 7022 	str.w	r7, [r3, r2, lsl #2]
    6134:	4627      	mov	r7, r4
    6136:	eb07 0386 	add.w	r3, r7, r6, lsl #2
    613a:	3601      	adds	r6, #1
    613c:	615d      	str	r5, [r3, #20]
    613e:	613e      	str	r6, [r7, #16]
    6140:	e7de      	b.n	6100 <__multadd+0x4c>
    6142:	4b03      	ldr	r3, [pc, #12]	; (6150 <__multadd+0x9c>)
    6144:	4803      	ldr	r0, [pc, #12]	; (6154 <__multadd+0xa0>)
    6146:	4622      	mov	r2, r4
    6148:	21ba      	movs	r1, #186	; 0xba
    614a:	f002 fb4b 	bl	87e4 <__assert_func>
    614e:	bf00      	nop
    6150:	0000bc94 	.word	0x0000bc94
    6154:	0000bca8 	.word	0x0000bca8

00006158 <__hi0bits>:
    6158:	0c03      	lsrs	r3, r0, #16
    615a:	041b      	lsls	r3, r3, #16
    615c:	b9d3      	cbnz	r3, 6194 <__hi0bits+0x3c>
    615e:	0400      	lsls	r0, r0, #16
    6160:	2310      	movs	r3, #16
    6162:	f010 4f7f 	tst.w	r0, #4278190080	; 0xff000000
    6166:	bf04      	itt	eq
    6168:	0200      	lsleq	r0, r0, #8
    616a:	3308      	addeq	r3, #8
    616c:	f010 4f70 	tst.w	r0, #4026531840	; 0xf0000000
    6170:	bf04      	itt	eq
    6172:	0100      	lsleq	r0, r0, #4
    6174:	3304      	addeq	r3, #4
    6176:	f010 4f40 	tst.w	r0, #3221225472	; 0xc0000000
    617a:	bf04      	itt	eq
    617c:	0080      	lsleq	r0, r0, #2
    617e:	3302      	addeq	r3, #2
    6180:	2800      	cmp	r0, #0
    6182:	db05      	blt.n	6190 <__hi0bits+0x38>
    6184:	f010 4f80 	tst.w	r0, #1073741824	; 0x40000000
    6188:	f103 0301 	add.w	r3, r3, #1
    618c:	bf08      	it	eq
    618e:	2320      	moveq	r3, #32
    6190:	4618      	mov	r0, r3
    6192:	4770      	bx	lr
    6194:	2300      	movs	r3, #0
    6196:	e7e4      	b.n	6162 <__hi0bits+0xa>

00006198 <__lo0bits>:
    6198:	6803      	ldr	r3, [r0, #0]
    619a:	f013 0207 	ands.w	r2, r3, #7
    619e:	d008      	beq.n	61b2 <__lo0bits+0x1a>
    61a0:	07d9      	lsls	r1, r3, #31
    61a2:	d41f      	bmi.n	61e4 <__lo0bits+0x4c>
    61a4:	079a      	lsls	r2, r3, #30
    61a6:	d522      	bpl.n	61ee <__lo0bits+0x56>
    61a8:	085b      	lsrs	r3, r3, #1
    61aa:	6003      	str	r3, [r0, #0]
    61ac:	2201      	movs	r2, #1
    61ae:	4610      	mov	r0, r2
    61b0:	4770      	bx	lr
    61b2:	b299      	uxth	r1, r3
    61b4:	b909      	cbnz	r1, 61ba <__lo0bits+0x22>
    61b6:	0c1b      	lsrs	r3, r3, #16
    61b8:	2210      	movs	r2, #16
    61ba:	b2d9      	uxtb	r1, r3
    61bc:	b909      	cbnz	r1, 61c2 <__lo0bits+0x2a>
    61be:	3208      	adds	r2, #8
    61c0:	0a1b      	lsrs	r3, r3, #8
    61c2:	0719      	lsls	r1, r3, #28
    61c4:	bf04      	itt	eq
    61c6:	091b      	lsreq	r3, r3, #4
    61c8:	3204      	addeq	r2, #4
    61ca:	0799      	lsls	r1, r3, #30
    61cc:	bf04      	itt	eq
    61ce:	089b      	lsreq	r3, r3, #2
    61d0:	3202      	addeq	r2, #2
    61d2:	07d9      	lsls	r1, r3, #31
    61d4:	d403      	bmi.n	61de <__lo0bits+0x46>
    61d6:	085b      	lsrs	r3, r3, #1
    61d8:	f102 0201 	add.w	r2, r2, #1
    61dc:	d005      	beq.n	61ea <__lo0bits+0x52>
    61de:	6003      	str	r3, [r0, #0]
    61e0:	4610      	mov	r0, r2
    61e2:	4770      	bx	lr
    61e4:	2200      	movs	r2, #0
    61e6:	4610      	mov	r0, r2
    61e8:	4770      	bx	lr
    61ea:	2220      	movs	r2, #32
    61ec:	e7df      	b.n	61ae <__lo0bits+0x16>
    61ee:	089b      	lsrs	r3, r3, #2
    61f0:	2202      	movs	r2, #2
    61f2:	6003      	str	r3, [r0, #0]
    61f4:	4610      	mov	r0, r2
    61f6:	4770      	bx	lr

000061f8 <__i2b>:
    61f8:	b538      	push	{r3, r4, r5, lr}
    61fa:	6c43      	ldr	r3, [r0, #68]	; 0x44
    61fc:	4604      	mov	r4, r0
    61fe:	460d      	mov	r5, r1
    6200:	b14b      	cbz	r3, 6216 <__i2b+0x1e>
    6202:	6858      	ldr	r0, [r3, #4]
    6204:	b1b0      	cbz	r0, 6234 <__i2b+0x3c>
    6206:	6802      	ldr	r2, [r0, #0]
    6208:	605a      	str	r2, [r3, #4]
    620a:	2200      	movs	r2, #0
    620c:	2301      	movs	r3, #1
    620e:	e9c0 3504 	strd	r3, r5, [r0, #16]
    6212:	60c2      	str	r2, [r0, #12]
    6214:	bd38      	pop	{r3, r4, r5, pc}
    6216:	2221      	movs	r2, #33	; 0x21
    6218:	2104      	movs	r1, #4
    621a:	f002 fb03 	bl	8824 <_calloc_r>
    621e:	4603      	mov	r3, r0
    6220:	6460      	str	r0, [r4, #68]	; 0x44
    6222:	2800      	cmp	r0, #0
    6224:	d1ed      	bne.n	6202 <__i2b+0xa>
    6226:	4b09      	ldr	r3, [pc, #36]	; (624c <__i2b+0x54>)
    6228:	4809      	ldr	r0, [pc, #36]	; (6250 <__i2b+0x58>)
    622a:	2200      	movs	r2, #0
    622c:	f240 1145 	movw	r1, #325	; 0x145
    6230:	f002 fad8 	bl	87e4 <__assert_func>
    6234:	221c      	movs	r2, #28
    6236:	2101      	movs	r1, #1
    6238:	4620      	mov	r0, r4
    623a:	f002 faf3 	bl	8824 <_calloc_r>
    623e:	2800      	cmp	r0, #0
    6240:	d0f1      	beq.n	6226 <__i2b+0x2e>
    6242:	2201      	movs	r2, #1
    6244:	2302      	movs	r3, #2
    6246:	e9c0 2301 	strd	r2, r3, [r0, #4]
    624a:	e7de      	b.n	620a <__i2b+0x12>
    624c:	0000bc94 	.word	0x0000bc94
    6250:	0000bca8 	.word	0x0000bca8

00006254 <__multiply>:
    6254:	e92d 4ff0 	stmdb	sp!, {r4, r5, r6, r7, r8, r9, sl, fp, lr}
    6258:	690e      	ldr	r6, [r1, #16]
    625a:	6915      	ldr	r5, [r2, #16]
    625c:	42ae      	cmp	r6, r5
    625e:	b085      	sub	sp, #20
    6260:	4688      	mov	r8, r1
    6262:	4614      	mov	r4, r2
    6264:	db05      	blt.n	6272 <__multiply+0x1e>
    6266:	462a      	mov	r2, r5
    6268:	4623      	mov	r3, r4
    626a:	4635      	mov	r5, r6
    626c:	460c      	mov	r4, r1
    626e:	4616      	mov	r6, r2
    6270:	4698      	mov	r8, r3
    6272:	68a3      	ldr	r3, [r4, #8]
    6274:	6861      	ldr	r1, [r4, #4]
    6276:	19af      	adds	r7, r5, r6
    6278:	42bb      	cmp	r3, r7
    627a:	bfb8      	it	lt
    627c:	3101      	addlt	r1, #1
    627e:	f7ff fee9 	bl	6054 <_Balloc>
    6282:	9001      	str	r0, [sp, #4]
    6284:	2800      	cmp	r0, #0
    6286:	f000 8087 	beq.w	6398 <__multiply+0x144>
    628a:	9b01      	ldr	r3, [sp, #4]
    628c:	f103 0914 	add.w	r9, r3, #20
    6290:	eb09 0a87 	add.w	sl, r9, r7, lsl #2
    6294:	45d1      	cmp	r9, sl
    6296:	d205      	bcs.n	62a4 <__multiply+0x50>
    6298:	464b      	mov	r3, r9
    629a:	2200      	movs	r2, #0
    629c:	f843 2b04 	str.w	r2, [r3], #4
    62a0:	459a      	cmp	sl, r3
    62a2:	d8fb      	bhi.n	629c <__multiply+0x48>
    62a4:	f108 0814 	add.w	r8, r8, #20
    62a8:	eb08 0b86 	add.w	fp, r8, r6, lsl #2
    62ac:	f104 0314 	add.w	r3, r4, #20
    62b0:	45d8      	cmp	r8, fp
    62b2:	461a      	mov	r2, r3
    62b4:	eb03 0585 	add.w	r5, r3, r5, lsl #2
    62b8:	d25f      	bcs.n	637a <__multiply+0x126>
    62ba:	1b2b      	subs	r3, r5, r4
    62bc:	3b15      	subs	r3, #21
    62be:	f023 0303 	bic.w	r3, r3, #3
    62c2:	3304      	adds	r3, #4
    62c4:	3415      	adds	r4, #21
    62c6:	42a5      	cmp	r5, r4
    62c8:	bf38      	it	cc
    62ca:	2304      	movcc	r3, #4
    62cc:	e9cd a702 	strd	sl, r7, [sp, #8]
    62d0:	46ac      	mov	ip, r5
    62d2:	461f      	mov	r7, r3
    62d4:	4692      	mov	sl, r2
    62d6:	e005      	b.n	62e4 <__multiply+0x90>
    62d8:	0c09      	lsrs	r1, r1, #16
    62da:	d129      	bne.n	6330 <__multiply+0xdc>
    62dc:	45c3      	cmp	fp, r8
    62de:	f109 0904 	add.w	r9, r9, #4
    62e2:	d948      	bls.n	6376 <__multiply+0x122>
    62e4:	f858 1b04 	ldr.w	r1, [r8], #4
    62e8:	b28d      	uxth	r5, r1
    62ea:	2d00      	cmp	r5, #0
    62ec:	d0f4      	beq.n	62d8 <__multiply+0x84>
    62ee:	4656      	mov	r6, sl
    62f0:	464c      	mov	r4, r9
    62f2:	2300      	movs	r3, #0
    62f4:	f856 1b04 	ldr.w	r1, [r6], #4
    62f8:	6822      	ldr	r2, [r4, #0]
    62fa:	fa1f fe81 	uxth.w	lr, r1
    62fe:	b290      	uxth	r0, r2
    6300:	0c09      	lsrs	r1, r1, #16
    6302:	fb05 000e 	mla	r0, r5, lr, r0
    6306:	0c12      	lsrs	r2, r2, #16
    6308:	4403      	add	r3, r0
    630a:	fb05 2201 	mla	r2, r5, r1, r2
    630e:	eb02 4213 	add.w	r2, r2, r3, lsr #16
    6312:	b29b      	uxth	r3, r3
    6314:	ea43 4302 	orr.w	r3, r3, r2, lsl #16
    6318:	45b4      	cmp	ip, r6
    631a:	f844 3b04 	str.w	r3, [r4], #4
    631e:	ea4f 4312 	mov.w	r3, r2, lsr #16
    6322:	d8e7      	bhi.n	62f4 <__multiply+0xa0>
    6324:	f849 3007 	str.w	r3, [r9, r7]
    6328:	f858 1c04 	ldr.w	r1, [r8, #-4]
    632c:	0c09      	lsrs	r1, r1, #16
    632e:	d0d5      	beq.n	62dc <__multiply+0x88>
    6330:	f8d9 3000 	ldr.w	r3, [r9]
    6334:	4650      	mov	r0, sl
    6336:	461a      	mov	r2, r3
    6338:	464c      	mov	r4, r9
    633a:	2600      	movs	r6, #0
    633c:	8805      	ldrh	r5, [r0, #0]
    633e:	0c12      	lsrs	r2, r2, #16
    6340:	fb01 2205 	mla	r2, r1, r5, r2
    6344:	4416      	add	r6, r2
    6346:	b29b      	uxth	r3, r3
    6348:	ea43 4306 	orr.w	r3, r3, r6, lsl #16
    634c:	f844 3b04 	str.w	r3, [r4], #4
    6350:	f850 5b04 	ldr.w	r5, [r0], #4
    6354:	6822      	ldr	r2, [r4, #0]
    6356:	0c2d      	lsrs	r5, r5, #16
    6358:	b293      	uxth	r3, r2
    635a:	fb01 3305 	mla	r3, r1, r5, r3
    635e:	eb03 4316 	add.w	r3, r3, r6, lsr #16
    6362:	4584      	cmp	ip, r0
    6364:	ea4f 4613 	mov.w	r6, r3, lsr #16
    6368:	d8e8      	bhi.n	633c <__multiply+0xe8>
    636a:	45c3      	cmp	fp, r8
    636c:	f849 3007 	str.w	r3, [r9, r7]
    6370:	f109 0904 	add.w	r9, r9, #4
    6374:	d8b6      	bhi.n	62e4 <__multiply+0x90>
    6376:	e9dd a702 	ldrd	sl, r7, [sp, #8]
    637a:	2f00      	cmp	r7, #0
    637c:	dc02      	bgt.n	6384 <__multiply+0x130>
    637e:	e005      	b.n	638c <__multiply+0x138>
    6380:	3f01      	subs	r7, #1
    6382:	d003      	beq.n	638c <__multiply+0x138>
    6384:	f85a 3d04 	ldr.w	r3, [sl, #-4]!
    6388:	2b00      	cmp	r3, #0
    638a:	d0f9      	beq.n	6380 <__multiply+0x12c>
    638c:	9b01      	ldr	r3, [sp, #4]
    638e:	4618      	mov	r0, r3
    6390:	611f      	str	r7, [r3, #16]
    6392:	b005      	add	sp, #20
    6394:	e8bd 8ff0 	ldmia.w	sp!, {r4, r5, r6, r7, r8, r9, sl, fp, pc}
    6398:	4b03      	ldr	r3, [pc, #12]	; (63a8 <__multiply+0x154>)
    639a:	4804      	ldr	r0, [pc, #16]	; (63ac <__multiply+0x158>)
    639c:	9a01      	ldr	r2, [sp, #4]
    639e:	f44f 71b1 	mov.w	r1, #354	; 0x162
    63a2:	f002 fa1f 	bl	87e4 <__assert_func>
    63a6:	bf00      	nop
    63a8:	0000bc94 	.word	0x0000bc94
    63ac:	0000bca8 	.word	0x0000bca8

000063b0 <__pow5mult>:
    63b0:	f012 0303 	ands.w	r3, r2, #3
    63b4:	e92d 41f0 	stmdb	sp!, {r4, r5, r6, r7, r8, lr}
    63b8:	4614      	mov	r4, r2
    63ba:	4606      	mov	r6, r0
    63bc:	d132      	bne.n	6424 <__pow5mult+0x74>
    63be:	460d      	mov	r5, r1
    63c0:	10a4      	asrs	r4, r4, #2
    63c2:	d020      	beq.n	6406 <__pow5mult+0x56>
    63c4:	f8d6 8040 	ldr.w	r8, [r6, #64]	; 0x40
    63c8:	f1b8 0f00 	cmp.w	r8, #0
    63cc:	d033      	beq.n	6436 <__pow5mult+0x86>
    63ce:	07e3      	lsls	r3, r4, #31
    63d0:	f04f 0700 	mov.w	r7, #0
    63d4:	d407      	bmi.n	63e6 <__pow5mult+0x36>
    63d6:	1064      	asrs	r4, r4, #1
    63d8:	d015      	beq.n	6406 <__pow5mult+0x56>
    63da:	f8d8 0000 	ldr.w	r0, [r8]
    63de:	b1a8      	cbz	r0, 640c <__pow5mult+0x5c>
    63e0:	4680      	mov	r8, r0
    63e2:	07e3      	lsls	r3, r4, #31
    63e4:	d5f7      	bpl.n	63d6 <__pow5mult+0x26>
    63e6:	4642      	mov	r2, r8
    63e8:	4629      	mov	r1, r5
    63ea:	4630      	mov	r0, r6
    63ec:	f7ff ff32 	bl	6254 <__multiply>
    63f0:	b1b5      	cbz	r5, 6420 <__pow5mult+0x70>
    63f2:	6869      	ldr	r1, [r5, #4]
    63f4:	6c73      	ldr	r3, [r6, #68]	; 0x44
    63f6:	1064      	asrs	r4, r4, #1
    63f8:	f853 2021 	ldr.w	r2, [r3, r1, lsl #2]
    63fc:	602a      	str	r2, [r5, #0]
    63fe:	f843 5021 	str.w	r5, [r3, r1, lsl #2]
    6402:	4605      	mov	r5, r0
    6404:	d1e9      	bne.n	63da <__pow5mult+0x2a>
    6406:	4628      	mov	r0, r5
    6408:	e8bd 81f0 	ldmia.w	sp!, {r4, r5, r6, r7, r8, pc}
    640c:	4642      	mov	r2, r8
    640e:	4641      	mov	r1, r8
    6410:	4630      	mov	r0, r6
    6412:	f7ff ff1f 	bl	6254 <__multiply>
    6416:	f8c8 0000 	str.w	r0, [r8]
    641a:	6007      	str	r7, [r0, #0]
    641c:	4680      	mov	r8, r0
    641e:	e7e0      	b.n	63e2 <__pow5mult+0x32>
    6420:	4605      	mov	r5, r0
    6422:	e7d8      	b.n	63d6 <__pow5mult+0x26>
    6424:	3b01      	subs	r3, #1
    6426:	4a0f      	ldr	r2, [pc, #60]	; (6464 <__pow5mult+0xb4>)
    6428:	f852 2023 	ldr.w	r2, [r2, r3, lsl #2]
    642c:	2300      	movs	r3, #0
    642e:	f7ff fe41 	bl	60b4 <__multadd>
    6432:	4605      	mov	r5, r0
    6434:	e7c4      	b.n	63c0 <__pow5mult+0x10>
    6436:	2101      	movs	r1, #1
    6438:	4630      	mov	r0, r6
    643a:	f7ff fe0b 	bl	6054 <_Balloc>
    643e:	4680      	mov	r8, r0
    6440:	b140      	cbz	r0, 6454 <__pow5mult+0xa4>
    6442:	2301      	movs	r3, #1
    6444:	f240 2271 	movw	r2, #625	; 0x271
    6448:	e9c0 3204 	strd	r3, r2, [r0, #16]
    644c:	2300      	movs	r3, #0
    644e:	6430      	str	r0, [r6, #64]	; 0x40
    6450:	6003      	str	r3, [r0, #0]
    6452:	e7bc      	b.n	63ce <__pow5mult+0x1e>
    6454:	4b04      	ldr	r3, [pc, #16]	; (6468 <__pow5mult+0xb8>)
    6456:	4805      	ldr	r0, [pc, #20]	; (646c <__pow5mult+0xbc>)
    6458:	4642      	mov	r2, r8
    645a:	f240 1145 	movw	r1, #325	; 0x145
    645e:	f002 f9c1 	bl	87e4 <__assert_func>
    6462:	bf00      	nop
    6464:	0000bdf8 	.word	0x0000bdf8
    6468:	0000bc94 	.word	0x0000bc94
    646c:	0000bca8 	.word	0x0000bca8

00006470 <__lshift>:
    6470:	e92d 47f0 	stmdb	sp!, {r4, r5, r6, r7, r8, r9, sl, lr}
    6474:	460d      	mov	r5, r1
    6476:	4614      	mov	r4, r2
    6478:	692f      	ldr	r7, [r5, #16]
    647a:	68ab      	ldr	r3, [r5, #8]
    647c:	6849      	ldr	r1, [r1, #4]
    647e:	eb07 1762 	add.w	r7, r7, r2, asr #5
    6482:	1c7e      	adds	r6, r7, #1
    6484:	429e      	cmp	r6, r3
    6486:	4680      	mov	r8, r0
    6488:	ea4f 1962 	mov.w	r9, r2, asr #5
    648c:	dd04      	ble.n	6498 <__lshift+0x28>
    648e:	005b      	lsls	r3, r3, #1
    6490:	429e      	cmp	r6, r3
    6492:	f101 0101 	add.w	r1, r1, #1
    6496:	dcfa      	bgt.n	648e <__lshift+0x1e>
    6498:	4640      	mov	r0, r8
    649a:	f7ff fddb 	bl	6054 <_Balloc>
    649e:	4684      	mov	ip, r0
    64a0:	2800      	cmp	r0, #0
    64a2:	d052      	beq.n	654a <__lshift+0xda>
    64a4:	f1b9 0f00 	cmp.w	r9, #0
    64a8:	f100 0214 	add.w	r2, r0, #20
    64ac:	dd0e      	ble.n	64cc <__lshift+0x5c>
    64ae:	f109 0105 	add.w	r1, r9, #5
    64b2:	ea4f 0e81 	mov.w	lr, r1, lsl #2
    64b6:	4613      	mov	r3, r2
    64b8:	eb00 0181 	add.w	r1, r0, r1, lsl #2
    64bc:	2000      	movs	r0, #0
    64be:	f843 0b04 	str.w	r0, [r3], #4
    64c2:	428b      	cmp	r3, r1
    64c4:	d1fb      	bne.n	64be <__lshift+0x4e>
    64c6:	f1ae 0314 	sub.w	r3, lr, #20
    64ca:	441a      	add	r2, r3
    64cc:	6929      	ldr	r1, [r5, #16]
    64ce:	f105 0314 	add.w	r3, r5, #20
    64d2:	f014 0e1f 	ands.w	lr, r4, #31
    64d6:	eb03 0181 	add.w	r1, r3, r1, lsl #2
    64da:	d02e      	beq.n	653a <__lshift+0xca>
    64dc:	f1ce 0920 	rsb	r9, lr, #32
    64e0:	4610      	mov	r0, r2
    64e2:	f04f 0a00 	mov.w	sl, #0
    64e6:	681c      	ldr	r4, [r3, #0]
    64e8:	fa04 f40e 	lsl.w	r4, r4, lr
    64ec:	ea44 040a 	orr.w	r4, r4, sl
    64f0:	f840 4b04 	str.w	r4, [r0], #4
    64f4:	f853 4b04 	ldr.w	r4, [r3], #4
    64f8:	4299      	cmp	r1, r3
    64fa:	fa24 fa09 	lsr.w	sl, r4, r9
    64fe:	d8f2      	bhi.n	64e6 <__lshift+0x76>
    6500:	1b4b      	subs	r3, r1, r5
    6502:	3b15      	subs	r3, #21
    6504:	f023 0303 	bic.w	r3, r3, #3
    6508:	3304      	adds	r3, #4
    650a:	f105 0015 	add.w	r0, r5, #21
    650e:	4281      	cmp	r1, r0
    6510:	bf38      	it	cc
    6512:	2304      	movcc	r3, #4
    6514:	f1ba 0f00 	cmp.w	sl, #0
    6518:	bf18      	it	ne
    651a:	4637      	movne	r7, r6
    651c:	f842 a003 	str.w	sl, [r2, r3]
    6520:	f8d8 3044 	ldr.w	r3, [r8, #68]	; 0x44
    6524:	686a      	ldr	r2, [r5, #4]
    6526:	f8cc 7010 	str.w	r7, [ip, #16]
    652a:	f853 1022 	ldr.w	r1, [r3, r2, lsl #2]
    652e:	6029      	str	r1, [r5, #0]
    6530:	4660      	mov	r0, ip
    6532:	f843 5022 	str.w	r5, [r3, r2, lsl #2]
    6536:	e8bd 87f0 	ldmia.w	sp!, {r4, r5, r6, r7, r8, r9, sl, pc}
    653a:	3a04      	subs	r2, #4
    653c:	f853 0b04 	ldr.w	r0, [r3], #4
    6540:	f842 0f04 	str.w	r0, [r2, #4]!
    6544:	4299      	cmp	r1, r3
    6546:	d8f9      	bhi.n	653c <__lshift+0xcc>
    6548:	e7ea      	b.n	6520 <__lshift+0xb0>
    654a:	4b03      	ldr	r3, [pc, #12]	; (6558 <__lshift+0xe8>)
    654c:	4803      	ldr	r0, [pc, #12]	; (655c <__lshift+0xec>)
    654e:	4662      	mov	r2, ip
    6550:	f44f 71ef 	mov.w	r1, #478	; 0x1de
    6554:	f002 f946 	bl	87e4 <__assert_func>
    6558:	0000bc94 	.word	0x0000bc94
    655c:	0000bca8 	.word	0x0000bca8

00006560 <__mcmp>:
    6560:	690b      	ldr	r3, [r1, #16]
    6562:	4684      	mov	ip, r0
    6564:	6900      	ldr	r0, [r0, #16]
    6566:	1ac0      	subs	r0, r0, r3
    6568:	d116      	bne.n	6598 <__mcmp+0x38>
    656a:	f10c 0c14 	add.w	ip, ip, #20
    656e:	3114      	adds	r1, #20
    6570:	eb0c 0283 	add.w	r2, ip, r3, lsl #2
    6574:	b410      	push	{r4}
    6576:	eb01 0383 	add.w	r3, r1, r3, lsl #2
    657a:	e001      	b.n	6580 <__mcmp+0x20>
    657c:	4594      	cmp	ip, r2
    657e:	d208      	bcs.n	6592 <__mcmp+0x32>
    6580:	f852 4d04 	ldr.w	r4, [r2, #-4]!
    6584:	f853 1d04 	ldr.w	r1, [r3, #-4]!
    6588:	428c      	cmp	r4, r1
    658a:	d0f7      	beq.n	657c <__mcmp+0x1c>
    658c:	d205      	bcs.n	659a <__mcmp+0x3a>
    658e:	f04f 30ff 	mov.w	r0, #4294967295
    6592:	f85d 4b04 	ldr.w	r4, [sp], #4
    6596:	4770      	bx	lr
    6598:	4770      	bx	lr
    659a:	2001      	movs	r0, #1
    659c:	f85d 4b04 	ldr.w	r4, [sp], #4
    65a0:	4770      	bx	lr
    65a2:	bf00      	nop

000065a4 <__mdiff>:
    65a4:	e92d 4ff8 	stmdb	sp!, {r3, r4, r5, r6, r7, r8, r9, sl, fp, lr}
    65a8:	690f      	ldr	r7, [r1, #16]
    65aa:	6913      	ldr	r3, [r2, #16]
    65ac:	1aff      	subs	r7, r7, r3
    65ae:	2f00      	cmp	r7, #0
    65b0:	460e      	mov	r6, r1
    65b2:	4690      	mov	r8, r2
    65b4:	d17f      	bne.n	66b6 <__mdiff+0x112>
    65b6:	f101 0514 	add.w	r5, r1, #20
    65ba:	3214      	adds	r2, #20
    65bc:	eb02 0283 	add.w	r2, r2, r3, lsl #2
    65c0:	eb05 0383 	add.w	r3, r5, r3, lsl #2
    65c4:	e001      	b.n	65ca <__mdiff+0x26>
    65c6:	429d      	cmp	r5, r3
    65c8:	d278      	bcs.n	66bc <__mdiff+0x118>
    65ca:	f853 1d04 	ldr.w	r1, [r3, #-4]!
    65ce:	f852 4d04 	ldr.w	r4, [r2, #-4]!
    65d2:	42a1      	cmp	r1, r4
    65d4:	d0f7      	beq.n	65c6 <__mdiff+0x22>
    65d6:	d369      	bcc.n	66ac <__mdiff+0x108>
    65d8:	6871      	ldr	r1, [r6, #4]
    65da:	f7ff fd3b 	bl	6054 <_Balloc>
    65de:	4681      	mov	r9, r0
    65e0:	2800      	cmp	r0, #0
    65e2:	d077      	beq.n	66d4 <__mdiff+0x130>
    65e4:	6935      	ldr	r5, [r6, #16]
    65e6:	f8d8 2010 	ldr.w	r2, [r8, #16]
    65ea:	60c7      	str	r7, [r0, #12]
    65ec:	f108 0e14 	add.w	lr, r8, #20
    65f0:	f106 0014 	add.w	r0, r6, #20
    65f4:	f109 0a14 	add.w	sl, r9, #20
    65f8:	f106 0110 	add.w	r1, r6, #16
    65fc:	eb0e 0282 	add.w	r2, lr, r2, lsl #2
    6600:	eb00 0785 	add.w	r7, r0, r5, lsl #2
    6604:	4656      	mov	r6, sl
    6606:	f04f 0c00 	mov.w	ip, #0
    660a:	f85e 4b04 	ldr.w	r4, [lr], #4
    660e:	f851 bf04 	ldr.w	fp, [r1, #4]!
    6612:	b2a3      	uxth	r3, r4
    6614:	fa1c fc8b 	uxtah	ip, ip, fp
    6618:	ebac 0303 	sub.w	r3, ip, r3
    661c:	ea4f 4c14 	mov.w	ip, r4, lsr #16
    6620:	ebcc 4c1b 	rsb	ip, ip, fp, lsr #16
    6624:	eb0c 4c23 	add.w	ip, ip, r3, asr #16
    6628:	b29b      	uxth	r3, r3
    662a:	ea43 430c 	orr.w	r3, r3, ip, lsl #16
    662e:	4572      	cmp	r2, lr
    6630:	f846 3b04 	str.w	r3, [r6], #4
    6634:	ea4f 4c2c 	mov.w	ip, ip, asr #16
    6638:	d8e7      	bhi.n	660a <__mdiff+0x66>
    663a:	eba2 0108 	sub.w	r1, r2, r8
    663e:	3915      	subs	r1, #21
    6640:	f108 0815 	add.w	r8, r8, #21
    6644:	4542      	cmp	r2, r8
    6646:	f021 0403 	bic.w	r4, r1, #3
    664a:	f104 0404 	add.w	r4, r4, #4
    664e:	bf38      	it	cc
    6650:	2404      	movcc	r4, #4
    6652:	4420      	add	r0, r4
    6654:	f021 0203 	bic.w	r2, r1, #3
    6658:	bf38      	it	cc
    665a:	2200      	movcc	r2, #0
    665c:	4287      	cmp	r7, r0
    665e:	4452      	add	r2, sl
    6660:	4454      	add	r4, sl
    6662:	d918      	bls.n	6696 <__mdiff+0xf2>
    6664:	4626      	mov	r6, r4
    6666:	4601      	mov	r1, r0
    6668:	f851 3b04 	ldr.w	r3, [r1], #4
    666c:	fa1c fc83 	uxtah	ip, ip, r3
    6670:	ea4f 422c 	mov.w	r2, ip, asr #16
    6674:	eb02 4213 	add.w	r2, r2, r3, lsr #16
    6678:	fa1f fc8c 	uxth.w	ip, ip
    667c:	ea4c 4302 	orr.w	r3, ip, r2, lsl #16
    6680:	428f      	cmp	r7, r1
    6682:	f846 3b04 	str.w	r3, [r6], #4
    6686:	ea4f 4c22 	mov.w	ip, r2, asr #16
    668a:	d8ed      	bhi.n	6668 <__mdiff+0xc4>
    668c:	3f01      	subs	r7, #1
    668e:	1a3f      	subs	r7, r7, r0
    6690:	f027 0703 	bic.w	r7, r7, #3
    6694:	19e2      	adds	r2, r4, r7
    6696:	b923      	cbnz	r3, 66a2 <__mdiff+0xfe>
    6698:	f852 3d04 	ldr.w	r3, [r2, #-4]!
    669c:	3d01      	subs	r5, #1
    669e:	2b00      	cmp	r3, #0
    66a0:	d0fa      	beq.n	6698 <__mdiff+0xf4>
    66a2:	f8c9 5010 	str.w	r5, [r9, #16]
    66a6:	4648      	mov	r0, r9
    66a8:	e8bd 8ff8 	ldmia.w	sp!, {r3, r4, r5, r6, r7, r8, r9, sl, fp, pc}
    66ac:	4633      	mov	r3, r6
    66ae:	2701      	movs	r7, #1
    66b0:	4646      	mov	r6, r8
    66b2:	4698      	mov	r8, r3
    66b4:	e790      	b.n	65d8 <__mdiff+0x34>
    66b6:	dbf9      	blt.n	66ac <__mdiff+0x108>
    66b8:	2700      	movs	r7, #0
    66ba:	e78d      	b.n	65d8 <__mdiff+0x34>
    66bc:	2100      	movs	r1, #0
    66be:	f7ff fcc9 	bl	6054 <_Balloc>
    66c2:	4681      	mov	r9, r0
    66c4:	b168      	cbz	r0, 66e2 <__mdiff+0x13e>
    66c6:	2201      	movs	r2, #1
    66c8:	2300      	movs	r3, #0
    66ca:	e9c9 2304 	strd	r2, r3, [r9, #16]
    66ce:	4648      	mov	r0, r9
    66d0:	e8bd 8ff8 	ldmia.w	sp!, {r3, r4, r5, r6, r7, r8, r9, sl, fp, pc}
    66d4:	4b06      	ldr	r3, [pc, #24]	; (66f0 <__mdiff+0x14c>)
    66d6:	4807      	ldr	r0, [pc, #28]	; (66f4 <__mdiff+0x150>)
    66d8:	464a      	mov	r2, r9
    66da:	f240 2145 	movw	r1, #581	; 0x245
    66de:	f002 f881 	bl	87e4 <__assert_func>
    66e2:	4b03      	ldr	r3, [pc, #12]	; (66f0 <__mdiff+0x14c>)
    66e4:	4803      	ldr	r0, [pc, #12]	; (66f4 <__mdiff+0x150>)
    66e6:	464a      	mov	r2, r9
    66e8:	f240 2137 	movw	r1, #567	; 0x237
    66ec:	f002 f87a 	bl	87e4 <__assert_func>
    66f0:	0000bc94 	.word	0x0000bc94
    66f4:	0000bca8 	.word	0x0000bca8

000066f8 <__d2b>:
    66f8:	e92d 43f0 	stmdb	sp!, {r4, r5, r6, r7, r8, r9, lr}
    66fc:	4688      	mov	r8, r1
    66fe:	b083      	sub	sp, #12
    6700:	2101      	movs	r1, #1
    6702:	ec57 6b10 	vmov	r6, r7, d0
    6706:	4615      	mov	r5, r2
    6708:	f7ff fca4 	bl	6054 <_Balloc>
    670c:	4604      	mov	r4, r0
    670e:	2800      	cmp	r0, #0
    6710:	d051      	beq.n	67b6 <__d2b+0xbe>
    6712:	f3c7 590a 	ubfx	r9, r7, #20, #11
    6716:	f3c7 0313 	ubfx	r3, r7, #0, #20
    671a:	f1b9 0f00 	cmp.w	r9, #0
    671e:	d001      	beq.n	6724 <__d2b+0x2c>
    6720:	f443 1380 	orr.w	r3, r3, #1048576	; 0x100000
    6724:	2e00      	cmp	r6, #0
    6726:	9301      	str	r3, [sp, #4]
    6728:	d118      	bne.n	675c <__d2b+0x64>
    672a:	a801      	add	r0, sp, #4
    672c:	f7ff fd34 	bl	6198 <__lo0bits>
    6730:	9a01      	ldr	r2, [sp, #4]
    6732:	6162      	str	r2, [r4, #20]
    6734:	2201      	movs	r2, #1
    6736:	f100 0320 	add.w	r3, r0, #32
    673a:	6122      	str	r2, [r4, #16]
    673c:	f1b9 0f00 	cmp.w	r9, #0
    6740:	d025      	beq.n	678e <__d2b+0x96>
    6742:	f2a9 4933 	subw	r9, r9, #1075	; 0x433
    6746:	eb09 0203 	add.w	r2, r9, r3
    674a:	4620      	mov	r0, r4
    674c:	f1c3 0335 	rsb	r3, r3, #53	; 0x35
    6750:	f8c8 2000 	str.w	r2, [r8]
    6754:	602b      	str	r3, [r5, #0]
    6756:	b003      	add	sp, #12
    6758:	e8bd 83f0 	ldmia.w	sp!, {r4, r5, r6, r7, r8, r9, pc}
    675c:	4668      	mov	r0, sp
    675e:	9600      	str	r6, [sp, #0]
    6760:	f7ff fd1a 	bl	6198 <__lo0bits>
    6764:	4603      	mov	r3, r0
    6766:	b310      	cbz	r0, 67ae <__d2b+0xb6>
    6768:	e9dd 0200 	ldrd	r0, r2, [sp]
    676c:	f1c3 0120 	rsb	r1, r3, #32
    6770:	fa02 f101 	lsl.w	r1, r2, r1
    6774:	4301      	orrs	r1, r0
    6776:	40da      	lsrs	r2, r3
    6778:	6161      	str	r1, [r4, #20]
    677a:	9201      	str	r2, [sp, #4]
    677c:	2a00      	cmp	r2, #0
    677e:	61a2      	str	r2, [r4, #24]
    6780:	bf14      	ite	ne
    6782:	2202      	movne	r2, #2
    6784:	2201      	moveq	r2, #1
    6786:	6122      	str	r2, [r4, #16]
    6788:	f1b9 0f00 	cmp.w	r9, #0
    678c:	d1d9      	bne.n	6742 <__d2b+0x4a>
    678e:	f2a3 4332 	subw	r3, r3, #1074	; 0x432
    6792:	f8c8 3000 	str.w	r3, [r8]
    6796:	eb04 0382 	add.w	r3, r4, r2, lsl #2
    679a:	6918      	ldr	r0, [r3, #16]
    679c:	f7ff fcdc 	bl	6158 <__hi0bits>
    67a0:	ebc0 1342 	rsb	r3, r0, r2, lsl #5
    67a4:	4620      	mov	r0, r4
    67a6:	602b      	str	r3, [r5, #0]
    67a8:	b003      	add	sp, #12
    67aa:	e8bd 83f0 	ldmia.w	sp!, {r4, r5, r6, r7, r8, r9, pc}
    67ae:	9a00      	ldr	r2, [sp, #0]
    67b0:	6162      	str	r2, [r4, #20]
    67b2:	9a01      	ldr	r2, [sp, #4]
    67b4:	e7e2      	b.n	677c <__d2b+0x84>
    67b6:	4b03      	ldr	r3, [pc, #12]	; (67c4 <__d2b+0xcc>)
    67b8:	4803      	ldr	r0, [pc, #12]	; (67c8 <__d2b+0xd0>)
    67ba:	4622      	mov	r2, r4
    67bc:	f240 310f 	movw	r1, #783	; 0x30f
    67c0:	f002 f810 	bl	87e4 <__assert_func>
    67c4:	0000bc94 	.word	0x0000bc94
    67c8:	0000bca8 	.word	0x0000bca8

000067cc <__ascii_wctomb>:
    67cc:	b149      	cbz	r1, 67e2 <__ascii_wctomb+0x16>
    67ce:	2aff      	cmp	r2, #255	; 0xff
    67d0:	d802      	bhi.n	67d8 <__ascii_wctomb+0xc>
    67d2:	700a      	strb	r2, [r1, #0]
    67d4:	2001      	movs	r0, #1
    67d6:	4770      	bx	lr
    67d8:	238a      	movs	r3, #138	; 0x8a
    67da:	6003      	str	r3, [r0, #0]
    67dc:	f04f 30ff 	mov.w	r0, #4294967295
    67e0:	4770      	bx	lr
    67e2:	4608      	mov	r0, r1
    67e4:	4770      	bx	lr
    67e6:	bf00      	nop

000067e8 <_svfprintf_r>:
    67e8:	e92d 4ff0 	stmdb	sp!, {r4, r5, r6, r7, r8, r9, sl, fp, lr}
    67ec:	ed2d 8b06 	vpush	{d8-d10}
    67f0:	b0d3      	sub	sp, #332	; 0x14c
    67f2:	460c      	mov	r4, r1
    67f4:	ee0a 1a10 	vmov	s20, r1
    67f8:	4690      	mov	r8, r2
    67fa:	9308      	str	r3, [sp, #32]
    67fc:	4682      	mov	sl, r0
    67fe:	f001 ff09 	bl	8614 <_localeconv_r>
    6802:	6803      	ldr	r3, [r0, #0]
    6804:	9313      	str	r3, [sp, #76]	; 0x4c
    6806:	4618      	mov	r0, r3
    6808:	f7ff fa3a 	bl	5c80 <strlen>
    680c:	2208      	movs	r2, #8
    680e:	9011      	str	r0, [sp, #68]	; 0x44
    6810:	2100      	movs	r1, #0
    6812:	a822      	add	r0, sp, #136	; 0x88
    6814:	f7ff f90a 	bl	5a2c <memset>
    6818:	89a3      	ldrh	r3, [r4, #12]
    681a:	061f      	lsls	r7, r3, #24
    681c:	d503      	bpl.n	6826 <_svfprintf_r+0x3e>
    681e:	6923      	ldr	r3, [r4, #16]
    6820:	2b00      	cmp	r3, #0
    6822:	f000 8752 	beq.w	76ca <_svfprintf_r+0xee2>
    6826:	ed9f 7b84 	vldr	d7, [pc, #528]	; 6a38 <_svfprintf_r+0x250>
    682a:	2300      	movs	r3, #0
    682c:	e9cd 3327 	strd	r3, r3, [sp, #156]	; 0x9c
    6830:	e9cd 3314 	strd	r3, r3, [sp, #80]	; 0x50
    6834:	e9cd 3316 	strd	r3, r3, [sp, #88]	; 0x58
    6838:	ed8d 7b0e 	vstr	d7, [sp, #56]	; 0x38
    683c:	aa29      	add	r2, sp, #164	; 0xa4
    683e:	930d      	str	r3, [sp, #52]	; 0x34
    6840:	9226      	str	r2, [sp, #152]	; 0x98
    6842:	4691      	mov	r9, r2
    6844:	9312      	str	r3, [sp, #72]	; 0x48
    6846:	9304      	str	r3, [sp, #16]
    6848:	4644      	mov	r4, r8
    684a:	46a0      	mov	r8, r4
    684c:	4b7c      	ldr	r3, [pc, #496]	; (6a40 <_svfprintf_r+0x258>)
    684e:	f8d3 50e4 	ldr.w	r5, [r3, #228]	; 0xe4
    6852:	f7ff f96f 	bl	5b34 <__locale_mb_cur_max>
    6856:	4603      	mov	r3, r0
    6858:	a822      	add	r0, sp, #136	; 0x88
    685a:	9000      	str	r0, [sp, #0]
    685c:	4642      	mov	r2, r8
    685e:	a91e      	add	r1, sp, #120	; 0x78
    6860:	4650      	mov	r0, sl
    6862:	47a8      	blx	r5
    6864:	2800      	cmp	r0, #0
    6866:	f000 80b0 	beq.w	69ca <_svfprintf_r+0x1e2>
    686a:	f2c0 80a6 	blt.w	69ba <_svfprintf_r+0x1d2>
    686e:	9a1e      	ldr	r2, [sp, #120]	; 0x78
    6870:	2a25      	cmp	r2, #37	; 0x25
    6872:	4603      	mov	r3, r0
    6874:	d001      	beq.n	687a <_svfprintf_r+0x92>
    6876:	4498      	add	r8, r3
    6878:	e7e8      	b.n	684c <_svfprintf_r+0x64>
    687a:	ebb8 0704 	subs.w	r7, r8, r4
    687e:	4606      	mov	r6, r0
    6880:	f040 80a7 	bne.w	69d2 <_svfprintf_r+0x1ea>
    6884:	2300      	movs	r3, #0
    6886:	f04f 32ff 	mov.w	r2, #4294967295
    688a:	f88d 306f 	strb.w	r3, [sp, #111]	; 0x6f
    688e:	469b      	mov	fp, r3
    6890:	9306      	str	r3, [sp, #24]
    6892:	f108 0801 	add.w	r8, r8, #1
    6896:	f898 3000 	ldrb.w	r3, [r8]
    689a:	9203      	str	r2, [sp, #12]
    689c:	252b      	movs	r5, #43	; 0x2b
    689e:	2620      	movs	r6, #32
    68a0:	f108 0801 	add.w	r8, r8, #1
    68a4:	f1a3 0220 	sub.w	r2, r3, #32
    68a8:	2a5a      	cmp	r2, #90	; 0x5a
    68aa:	f200 80cb 	bhi.w	6a44 <_svfprintf_r+0x25c>
    68ae:	e8df f012 	tbh	[pc, r2, lsl #1]
    68b2:	02f3      	.short	0x02f3
    68b4:	00c900c9 	.word	0x00c900c9
    68b8:	00c902ee 	.word	0x00c902ee
    68bc:	00c900c9 	.word	0x00c900c9
    68c0:	00c9006a 	.word	0x00c9006a
    68c4:	021400c9 	.word	0x021400c9
    68c8:	00c90290 	.word	0x00c90290
    68cc:	02d4021f 	.word	0x02d4021f
    68d0:	02cf00c9 	.word	0x02cf00c9
    68d4:	005b005b 	.word	0x005b005b
    68d8:	005b005b 	.word	0x005b005b
    68dc:	005b005b 	.word	0x005b005b
    68e0:	005b005b 	.word	0x005b005b
    68e4:	00c9005b 	.word	0x00c9005b
    68e8:	00c900c9 	.word	0x00c900c9
    68ec:	00c900c9 	.word	0x00c900c9
    68f0:	00c900c9 	.word	0x00c900c9
    68f4:	00c9014c 	.word	0x00c9014c
    68f8:	02290195 	.word	0x02290195
    68fc:	014c014c 	.word	0x014c014c
    6900:	00c9014c 	.word	0x00c9014c
    6904:	00c900c9 	.word	0x00c900c9
    6908:	022400c9 	.word	0x022400c9
    690c:	00c900c9 	.word	0x00c900c9
    6910:	00c902a2 	.word	0x00c902a2
    6914:	00c900c9 	.word	0x00c900c9
    6918:	00c901bd 	.word	0x00c901bd
    691c:	00c902b5 	.word	0x00c902b5
    6920:	06ef00c9 	.word	0x06ef00c9
    6924:	00c900c9 	.word	0x00c900c9
    6928:	00c900c9 	.word	0x00c900c9
    692c:	00c900c9 	.word	0x00c900c9
    6930:	00c900c9 	.word	0x00c900c9
    6934:	00c9014c 	.word	0x00c9014c
    6938:	01ee0195 	.word	0x01ee0195
    693c:	014c014c 	.word	0x014c014c
    6940:	0283014c 	.word	0x0283014c
    6944:	007f01ee 	.word	0x007f01ee
    6948:	029500c9 	.word	0x029500c9
    694c:	026b00c9 	.word	0x026b00c9
    6950:	023e06ec 	.word	0x023e06ec
    6954:	00c9007f 	.word	0x00c9007f
    6958:	007c01bd 	.word	0x007c01bd
    695c:	00c906c6 	.word	0x00c906c6
    6960:	06ca00c9 	.word	0x06ca00c9
    6964:	007c00c9 	.word	0x007c00c9
    6968:	f1a3 0230 	sub.w	r2, r3, #48	; 0x30
    696c:	2100      	movs	r1, #0
    696e:	f818 3b01 	ldrb.w	r3, [r8], #1
    6972:	eb01 0181 	add.w	r1, r1, r1, lsl #2
    6976:	eb02 0141 	add.w	r1, r2, r1, lsl #1
    697a:	f1a3 0230 	sub.w	r2, r3, #48	; 0x30
    697e:	2a09      	cmp	r2, #9
    6980:	d9f5      	bls.n	696e <_svfprintf_r+0x186>
    6982:	9106      	str	r1, [sp, #24]
    6984:	e78e      	b.n	68a4 <_svfprintf_r+0xbc>
    6986:	4650      	mov	r0, sl
    6988:	f001 fe44 	bl	8614 <_localeconv_r>
    698c:	6843      	ldr	r3, [r0, #4]
    698e:	9316      	str	r3, [sp, #88]	; 0x58
    6990:	4618      	mov	r0, r3
    6992:	f7ff f975 	bl	5c80 <strlen>
    6996:	9017      	str	r0, [sp, #92]	; 0x5c
    6998:	4607      	mov	r7, r0
    699a:	4650      	mov	r0, sl
    699c:	f001 fe3a 	bl	8614 <_localeconv_r>
    69a0:	6883      	ldr	r3, [r0, #8]
    69a2:	9314      	str	r3, [sp, #80]	; 0x50
    69a4:	2f00      	cmp	r7, #0
    69a6:	f040 85d0 	bne.w	754a <_svfprintf_r+0xd62>
    69aa:	f898 3000 	ldrb.w	r3, [r8]
    69ae:	e777      	b.n	68a0 <_svfprintf_r+0xb8>
    69b0:	f898 3000 	ldrb.w	r3, [r8]
    69b4:	f04b 0b20 	orr.w	fp, fp, #32
    69b8:	e772      	b.n	68a0 <_svfprintf_r+0xb8>
    69ba:	2208      	movs	r2, #8
    69bc:	2100      	movs	r1, #0
    69be:	a822      	add	r0, sp, #136	; 0x88
    69c0:	f7ff f834 	bl	5a2c <memset>
    69c4:	2301      	movs	r3, #1
    69c6:	4498      	add	r8, r3
    69c8:	e740      	b.n	684c <_svfprintf_r+0x64>
    69ca:	ebb8 0704 	subs.w	r7, r8, r4
    69ce:	4606      	mov	r6, r0
    69d0:	d011      	beq.n	69f6 <_svfprintf_r+0x20e>
    69d2:	9b28      	ldr	r3, [sp, #160]	; 0xa0
    69d4:	443b      	add	r3, r7
    69d6:	9328      	str	r3, [sp, #160]	; 0xa0
    69d8:	9b27      	ldr	r3, [sp, #156]	; 0x9c
    69da:	3301      	adds	r3, #1
    69dc:	2b07      	cmp	r3, #7
    69de:	e9c9 4700 	strd	r4, r7, [r9]
    69e2:	9327      	str	r3, [sp, #156]	; 0x9c
    69e4:	dc1c      	bgt.n	6a20 <_svfprintf_r+0x238>
    69e6:	f109 0908 	add.w	r9, r9, #8
    69ea:	9b04      	ldr	r3, [sp, #16]
    69ec:	443b      	add	r3, r7
    69ee:	9304      	str	r3, [sp, #16]
    69f0:	2e00      	cmp	r6, #0
    69f2:	f47f af47 	bne.w	6884 <_svfprintf_r+0x9c>
    69f6:	9b28      	ldr	r3, [sp, #160]	; 0xa0
    69f8:	2b00      	cmp	r3, #0
    69fa:	f041 8219 	bne.w	7e30 <_svfprintf_r+0x1648>
    69fe:	ee1a 3a10 	vmov	r3, s20
    6a02:	f9b3 300c 	ldrsh.w	r3, [r3, #12]
    6a06:	f013 0f40 	tst.w	r3, #64	; 0x40
    6a0a:	9b04      	ldr	r3, [sp, #16]
    6a0c:	bf18      	it	ne
    6a0e:	f04f 33ff 	movne.w	r3, #4294967295
    6a12:	9304      	str	r3, [sp, #16]
    6a14:	9804      	ldr	r0, [sp, #16]
    6a16:	b053      	add	sp, #332	; 0x14c
    6a18:	ecbd 8b06 	vpop	{d8-d10}
    6a1c:	e8bd 8ff0 	ldmia.w	sp!, {r4, r5, r6, r7, r8, r9, sl, fp, pc}
    6a20:	ee1a 1a10 	vmov	r1, s20
    6a24:	aa26      	add	r2, sp, #152	; 0x98
    6a26:	4650      	mov	r0, sl
    6a28:	f002 ffb2 	bl	9990 <__ssprint_r>
    6a2c:	2800      	cmp	r0, #0
    6a2e:	d1e6      	bne.n	69fe <_svfprintf_r+0x216>
    6a30:	f10d 09a4 	add.w	r9, sp, #164	; 0xa4
    6a34:	e7d9      	b.n	69ea <_svfprintf_r+0x202>
    6a36:	bf00      	nop
	...
    6a40:	1fff0c18 	.word	0x1fff0c18
    6a44:	930a      	str	r3, [sp, #40]	; 0x28
    6a46:	2b00      	cmp	r3, #0
    6a48:	d0d5      	beq.n	69f6 <_svfprintf_r+0x20e>
    6a4a:	2200      	movs	r2, #0
    6a4c:	f88d 30e4 	strb.w	r3, [sp, #228]	; 0xe4
    6a50:	2301      	movs	r3, #1
    6a52:	f88d 206f 	strb.w	r2, [sp, #111]	; 0x6f
    6a56:	9302      	str	r3, [sp, #8]
    6a58:	9207      	str	r2, [sp, #28]
    6a5a:	9305      	str	r3, [sp, #20]
    6a5c:	9203      	str	r2, [sp, #12]
    6a5e:	920c      	str	r2, [sp, #48]	; 0x30
    6a60:	9210      	str	r2, [sp, #64]	; 0x40
    6a62:	920b      	str	r2, [sp, #44]	; 0x2c
    6a64:	ac39      	add	r4, sp, #228	; 0xe4
    6a66:	f01b 0302 	ands.w	r3, fp, #2
    6a6a:	d002      	beq.n	6a72 <_svfprintf_r+0x28a>
    6a6c:	9902      	ldr	r1, [sp, #8]
    6a6e:	3102      	adds	r1, #2
    6a70:	9102      	str	r1, [sp, #8]
    6a72:	f01b 0184 	ands.w	r1, fp, #132	; 0x84
    6a76:	9109      	str	r1, [sp, #36]	; 0x24
    6a78:	d105      	bne.n	6a86 <_svfprintf_r+0x29e>
    6a7a:	9906      	ldr	r1, [sp, #24]
    6a7c:	9802      	ldr	r0, [sp, #8]
    6a7e:	1a0f      	subs	r7, r1, r0
    6a80:	2f00      	cmp	r7, #0
    6a82:	f300 8387 	bgt.w	7194 <_svfprintf_r+0x9ac>
    6a86:	9e28      	ldr	r6, [sp, #160]	; 0xa0
    6a88:	b182      	cbz	r2, 6aac <_svfprintf_r+0x2c4>
    6a8a:	2201      	movs	r2, #1
    6a8c:	f8c9 2004 	str.w	r2, [r9, #4]
    6a90:	9a27      	ldr	r2, [sp, #156]	; 0x9c
    6a92:	3201      	adds	r2, #1
    6a94:	3601      	adds	r6, #1
    6a96:	f10d 016f 	add.w	r1, sp, #111	; 0x6f
    6a9a:	2a07      	cmp	r2, #7
    6a9c:	9628      	str	r6, [sp, #160]	; 0xa0
    6a9e:	9227      	str	r2, [sp, #156]	; 0x9c
    6aa0:	f8c9 1000 	str.w	r1, [r9]
    6aa4:	f300 83bf 	bgt.w	7226 <_svfprintf_r+0xa3e>
    6aa8:	f109 0908 	add.w	r9, r9, #8
    6aac:	b183      	cbz	r3, 6ad0 <_svfprintf_r+0x2e8>
    6aae:	9b27      	ldr	r3, [sp, #156]	; 0x9c
    6ab0:	aa1c      	add	r2, sp, #112	; 0x70
    6ab2:	3301      	adds	r3, #1
    6ab4:	3602      	adds	r6, #2
    6ab6:	f8c9 2000 	str.w	r2, [r9]
    6aba:	2b07      	cmp	r3, #7
    6abc:	f04f 0202 	mov.w	r2, #2
    6ac0:	9628      	str	r6, [sp, #160]	; 0xa0
    6ac2:	9327      	str	r3, [sp, #156]	; 0x9c
    6ac4:	f8c9 2004 	str.w	r2, [r9, #4]
    6ac8:	f300 83c2 	bgt.w	7250 <_svfprintf_r+0xa68>
    6acc:	f109 0908 	add.w	r9, r9, #8
    6ad0:	9b09      	ldr	r3, [sp, #36]	; 0x24
    6ad2:	2b80      	cmp	r3, #128	; 0x80
    6ad4:	f000 8286 	beq.w	6fe4 <_svfprintf_r+0x7fc>
    6ad8:	9b03      	ldr	r3, [sp, #12]
    6ada:	9a05      	ldr	r2, [sp, #20]
    6adc:	1a9f      	subs	r7, r3, r2
    6ade:	2f00      	cmp	r7, #0
    6ae0:	f300 82c0 	bgt.w	7064 <_svfprintf_r+0x87c>
    6ae4:	f41b 7f80 	tst.w	fp, #256	; 0x100
    6ae8:	f040 8222 	bne.w	6f30 <_svfprintf_r+0x748>
    6aec:	9b05      	ldr	r3, [sp, #20]
    6aee:	f8c9 3004 	str.w	r3, [r9, #4]
    6af2:	441e      	add	r6, r3
    6af4:	9b27      	ldr	r3, [sp, #156]	; 0x9c
    6af6:	f8c9 4000 	str.w	r4, [r9]
    6afa:	3301      	adds	r3, #1
    6afc:	2b07      	cmp	r3, #7
    6afe:	9628      	str	r6, [sp, #160]	; 0xa0
    6b00:	9327      	str	r3, [sp, #156]	; 0x9c
    6b02:	f300 833b 	bgt.w	717c <_svfprintf_r+0x994>
    6b06:	f109 0908 	add.w	r9, r9, #8
    6b0a:	f01b 0f04 	tst.w	fp, #4
    6b0e:	d005      	beq.n	6b1c <_svfprintf_r+0x334>
    6b10:	9b06      	ldr	r3, [sp, #24]
    6b12:	9a02      	ldr	r2, [sp, #8]
    6b14:	1a9c      	subs	r4, r3, r2
    6b16:	2c00      	cmp	r4, #0
    6b18:	f300 83a7 	bgt.w	726a <_svfprintf_r+0xa82>
    6b1c:	9b04      	ldr	r3, [sp, #16]
    6b1e:	9a06      	ldr	r2, [sp, #24]
    6b20:	9902      	ldr	r1, [sp, #8]
    6b22:	428a      	cmp	r2, r1
    6b24:	bfac      	ite	ge
    6b26:	189b      	addge	r3, r3, r2
    6b28:	185b      	addlt	r3, r3, r1
    6b2a:	9304      	str	r3, [sp, #16]
    6b2c:	2e00      	cmp	r6, #0
    6b2e:	f040 82cd 	bne.w	70cc <_svfprintf_r+0x8e4>
    6b32:	2300      	movs	r3, #0
    6b34:	9327      	str	r3, [sp, #156]	; 0x9c
    6b36:	9b07      	ldr	r3, [sp, #28]
    6b38:	b11b      	cbz	r3, 6b42 <_svfprintf_r+0x35a>
    6b3a:	9907      	ldr	r1, [sp, #28]
    6b3c:	4650      	mov	r0, sl
    6b3e:	f7ff f96d 	bl	5e1c <_free_r>
    6b42:	f10d 09a4 	add.w	r9, sp, #164	; 0xa4
    6b46:	4644      	mov	r4, r8
    6b48:	e67f      	b.n	684a <_svfprintf_r+0x62>
    6b4a:	930a      	str	r3, [sp, #40]	; 0x28
    6b4c:	9b08      	ldr	r3, [sp, #32]
    6b4e:	3307      	adds	r3, #7
    6b50:	f023 0307 	bic.w	r3, r3, #7
    6b54:	ecb3 7b02 	vldmia	r3!, {d7}
    6b58:	ed8d 7b0e 	vstr	d7, [sp, #56]	; 0x38
    6b5c:	e9dd 560e 	ldrd	r5, r6, [sp, #56]	; 0x38
    6b60:	9308      	str	r3, [sp, #32]
    6b62:	f026 4300 	bic.w	r3, r6, #2147483648	; 0x80000000
    6b66:	ee09 3a90 	vmov	s19, r3
    6b6a:	ee09 5a10 	vmov	s18, r5
    6b6e:	4bb4      	ldr	r3, [pc, #720]	; (6e40 <_svfprintf_r+0x658>)
    6b70:	ec51 0b19 	vmov	r0, r1, d9
    6b74:	f04f 32ff 	mov.w	r2, #4294967295
    6b78:	f7fe f88e 	bl	4c98 <__aeabi_dcmpun>
    6b7c:	2800      	cmp	r0, #0
    6b7e:	f040 8502 	bne.w	7586 <_svfprintf_r+0xd9e>
    6b82:	4baf      	ldr	r3, [pc, #700]	; (6e40 <_svfprintf_r+0x658>)
    6b84:	ec51 0b19 	vmov	r0, r1, d9
    6b88:	f04f 32ff 	mov.w	r2, #4294967295
    6b8c:	f7fe f866 	bl	4c5c <__aeabi_dcmple>
    6b90:	2800      	cmp	r0, #0
    6b92:	f040 84f8 	bne.w	7586 <_svfprintf_r+0xd9e>
    6b96:	2200      	movs	r2, #0
    6b98:	2300      	movs	r3, #0
    6b9a:	4628      	mov	r0, r5
    6b9c:	4631      	mov	r1, r6
    6b9e:	f7fe f853 	bl	4c48 <__aeabi_dcmplt>
    6ba2:	2800      	cmp	r0, #0
    6ba4:	f041 805c 	bne.w	7c60 <_svfprintf_r+0x1478>
    6ba8:	f89d 206f 	ldrb.w	r2, [sp, #111]	; 0x6f
    6bac:	4ca5      	ldr	r4, [pc, #660]	; (6e44 <_svfprintf_r+0x65c>)
    6bae:	4ba6      	ldr	r3, [pc, #664]	; (6e48 <_svfprintf_r+0x660>)
    6bb0:	f02b 0b80 	bic.w	fp, fp, #128	; 0x80
    6bb4:	990a      	ldr	r1, [sp, #40]	; 0x28
    6bb6:	2947      	cmp	r1, #71	; 0x47
    6bb8:	bfc8      	it	gt
    6bba:	461c      	movgt	r4, r3
    6bbc:	2300      	movs	r3, #0
    6bbe:	2103      	movs	r1, #3
    6bc0:	9307      	str	r3, [sp, #28]
    6bc2:	9102      	str	r1, [sp, #8]
    6bc4:	9105      	str	r1, [sp, #20]
    6bc6:	9303      	str	r3, [sp, #12]
    6bc8:	930c      	str	r3, [sp, #48]	; 0x30
    6bca:	9310      	str	r3, [sp, #64]	; 0x40
    6bcc:	930b      	str	r3, [sp, #44]	; 0x2c
    6bce:	2a00      	cmp	r2, #0
    6bd0:	f43f af49 	beq.w	6a66 <_svfprintf_r+0x27e>
    6bd4:	9b02      	ldr	r3, [sp, #8]
    6bd6:	3301      	adds	r3, #1
    6bd8:	9302      	str	r3, [sp, #8]
    6bda:	e744      	b.n	6a66 <_svfprintf_r+0x27e>
    6bdc:	2b43      	cmp	r3, #67	; 0x43
    6bde:	930a      	str	r3, [sp, #40]	; 0x28
    6be0:	d003      	beq.n	6bea <_svfprintf_r+0x402>
    6be2:	f01b 0f10 	tst.w	fp, #16
    6be6:	f000 8557 	beq.w	7698 <_svfprintf_r+0xeb0>
    6bea:	9e08      	ldr	r6, [sp, #32]
    6bec:	2208      	movs	r2, #8
    6bee:	2100      	movs	r1, #0
    6bf0:	a824      	add	r0, sp, #144	; 0x90
    6bf2:	ac39      	add	r4, sp, #228	; 0xe4
    6bf4:	f7fe ff1a 	bl	5a2c <memset>
    6bf8:	ab24      	add	r3, sp, #144	; 0x90
    6bfa:	f856 2b04 	ldr.w	r2, [r6], #4
    6bfe:	4621      	mov	r1, r4
    6c00:	4650      	mov	r0, sl
    6c02:	f002 fe7f 	bl	9904 <_wcrtomb_r>
    6c06:	4603      	mov	r3, r0
    6c08:	3301      	adds	r3, #1
    6c0a:	9005      	str	r0, [sp, #20]
    6c0c:	f001 8323 	beq.w	8256 <_svfprintf_r+0x1a6e>
    6c10:	9b05      	ldr	r3, [sp, #20]
    6c12:	9608      	str	r6, [sp, #32]
    6c14:	ea23 73e3 	bic.w	r3, r3, r3, asr #31
    6c18:	9302      	str	r3, [sp, #8]
    6c1a:	2200      	movs	r2, #0
    6c1c:	f88d 206f 	strb.w	r2, [sp, #111]	; 0x6f
    6c20:	9207      	str	r2, [sp, #28]
    6c22:	9203      	str	r2, [sp, #12]
    6c24:	920c      	str	r2, [sp, #48]	; 0x30
    6c26:	9210      	str	r2, [sp, #64]	; 0x40
    6c28:	920b      	str	r2, [sp, #44]	; 0x2c
    6c2a:	e71c      	b.n	6a66 <_svfprintf_r+0x27e>
    6c2c:	9f08      	ldr	r7, [sp, #32]
    6c2e:	930a      	str	r3, [sp, #40]	; 0x28
    6c30:	f857 4b04 	ldr.w	r4, [r7], #4
    6c34:	2300      	movs	r3, #0
    6c36:	f88d 306f 	strb.w	r3, [sp, #111]	; 0x6f
    6c3a:	2c00      	cmp	r4, #0
    6c3c:	f000 8552 	beq.w	76e4 <_svfprintf_r+0xefc>
    6c40:	9b0a      	ldr	r3, [sp, #40]	; 0x28
    6c42:	2b53      	cmp	r3, #83	; 0x53
    6c44:	f000 86de 	beq.w	7a04 <_svfprintf_r+0x121c>
    6c48:	f01b 0310 	ands.w	r3, fp, #16
    6c4c:	930b      	str	r3, [sp, #44]	; 0x2c
    6c4e:	f040 86d9 	bne.w	7a04 <_svfprintf_r+0x121c>
    6c52:	9b03      	ldr	r3, [sp, #12]
    6c54:	1c5d      	adds	r5, r3, #1
    6c56:	f001 80e3 	beq.w	7e20 <_svfprintf_r+0x1638>
    6c5a:	990b      	ldr	r1, [sp, #44]	; 0x2c
    6c5c:	461a      	mov	r2, r3
    6c5e:	4620      	mov	r0, r4
    6c60:	f001 fcf6 	bl	8650 <memchr>
    6c64:	9007      	str	r0, [sp, #28]
    6c66:	2800      	cmp	r0, #0
    6c68:	f001 833b 	beq.w	82e2 <_svfprintf_r+0x1afa>
    6c6c:	9b07      	ldr	r3, [sp, #28]
    6c6e:	9708      	str	r7, [sp, #32]
    6c70:	1b19      	subs	r1, r3, r4
    6c72:	9105      	str	r1, [sp, #20]
    6c74:	9b0b      	ldr	r3, [sp, #44]	; 0x2c
    6c76:	9303      	str	r3, [sp, #12]
    6c78:	ea21 71e1 	bic.w	r1, r1, r1, asr #31
    6c7c:	930c      	str	r3, [sp, #48]	; 0x30
    6c7e:	9310      	str	r3, [sp, #64]	; 0x40
    6c80:	9307      	str	r3, [sp, #28]
    6c82:	2373      	movs	r3, #115	; 0x73
    6c84:	f89d 206f 	ldrb.w	r2, [sp, #111]	; 0x6f
    6c88:	9102      	str	r1, [sp, #8]
    6c8a:	930a      	str	r3, [sp, #40]	; 0x28
    6c8c:	e79f      	b.n	6bce <_svfprintf_r+0x3e6>
    6c8e:	f01b 0f20 	tst.w	fp, #32
    6c92:	930a      	str	r3, [sp, #40]	; 0x28
    6c94:	9b08      	ldr	r3, [sp, #32]
    6c96:	d03c      	beq.n	6d12 <_svfprintf_r+0x52a>
    6c98:	3307      	adds	r3, #7
    6c9a:	f023 0307 	bic.w	r3, r3, #7
    6c9e:	461a      	mov	r2, r3
    6ca0:	4611      	mov	r1, r2
    6ca2:	685b      	ldr	r3, [r3, #4]
    6ca4:	f851 2b08 	ldr.w	r2, [r1], #8
    6ca8:	9108      	str	r1, [sp, #32]
    6caa:	4619      	mov	r1, r3
    6cac:	2b00      	cmp	r3, #0
    6cae:	f2c0 8407 	blt.w	74c0 <_svfprintf_r+0xcd8>
    6cb2:	9b03      	ldr	r3, [sp, #12]
    6cb4:	3301      	adds	r3, #1
    6cb6:	f000 82a7 	beq.w	7208 <_svfprintf_r+0xa20>
    6cba:	ea52 0301 	orrs.w	r3, r2, r1
    6cbe:	f02b 0580 	bic.w	r5, fp, #128	; 0x80
    6cc2:	f040 82a2 	bne.w	720a <_svfprintf_r+0xa22>
    6cc6:	9b03      	ldr	r3, [sp, #12]
    6cc8:	2b00      	cmp	r3, #0
    6cca:	f040 82a3 	bne.w	7214 <_svfprintf_r+0xa2c>
    6cce:	46ab      	mov	fp, r5
    6cd0:	2300      	movs	r3, #0
    6cd2:	9303      	str	r3, [sp, #12]
    6cd4:	9305      	str	r3, [sp, #20]
    6cd6:	ac52      	add	r4, sp, #328	; 0x148
    6cd8:	e100      	b.n	6edc <_svfprintf_r+0x6f4>
    6cda:	9b08      	ldr	r3, [sp, #32]
    6cdc:	f853 2b04 	ldr.w	r2, [r3], #4
    6ce0:	9206      	str	r2, [sp, #24]
    6ce2:	2a00      	cmp	r2, #0
    6ce4:	f280 8414 	bge.w	7510 <_svfprintf_r+0xd28>
    6ce8:	9a06      	ldr	r2, [sp, #24]
    6cea:	9308      	str	r3, [sp, #32]
    6cec:	4252      	negs	r2, r2
    6cee:	9206      	str	r2, [sp, #24]
    6cf0:	f898 3000 	ldrb.w	r3, [r8]
    6cf4:	f04b 0b04 	orr.w	fp, fp, #4
    6cf8:	e5d2      	b.n	68a0 <_svfprintf_r+0xb8>
    6cfa:	f898 3000 	ldrb.w	r3, [r8]
    6cfe:	f04b 0b08 	orr.w	fp, fp, #8
    6d02:	e5cd      	b.n	68a0 <_svfprintf_r+0xb8>
    6d04:	f04b 0b10 	orr.w	fp, fp, #16
    6d08:	f01b 0f20 	tst.w	fp, #32
    6d0c:	930a      	str	r3, [sp, #40]	; 0x28
    6d0e:	9b08      	ldr	r3, [sp, #32]
    6d10:	d1c2      	bne.n	6c98 <_svfprintf_r+0x4b0>
    6d12:	f01b 0f10 	tst.w	fp, #16
    6d16:	f040 8406 	bne.w	7526 <_svfprintf_r+0xd3e>
    6d1a:	f01b 0f40 	tst.w	fp, #64	; 0x40
    6d1e:	f000 83fe 	beq.w	751e <_svfprintf_r+0xd36>
    6d22:	f933 2b04 	ldrsh.w	r2, [r3], #4
    6d26:	9308      	str	r3, [sp, #32]
    6d28:	17d1      	asrs	r1, r2, #31
    6d2a:	460b      	mov	r3, r1
    6d2c:	e7be      	b.n	6cac <_svfprintf_r+0x4c4>
    6d2e:	9b08      	ldr	r3, [sp, #32]
    6d30:	f853 2b04 	ldr.w	r2, [r3], #4
    6d34:	9308      	str	r3, [sp, #32]
    6d36:	f647 0330 	movw	r3, #30768	; 0x7830
    6d3a:	f8ad 3070 	strh.w	r3, [sp, #112]	; 0x70
    6d3e:	2078      	movs	r0, #120	; 0x78
    6d40:	4b42      	ldr	r3, [pc, #264]	; (6e4c <_svfprintf_r+0x664>)
    6d42:	9312      	str	r3, [sp, #72]	; 0x48
    6d44:	f04b 0502 	orr.w	r5, fp, #2
    6d48:	2100      	movs	r1, #0
    6d4a:	2302      	movs	r3, #2
    6d4c:	900a      	str	r0, [sp, #40]	; 0x28
    6d4e:	2000      	movs	r0, #0
    6d50:	9c03      	ldr	r4, [sp, #12]
    6d52:	f88d 006f 	strb.w	r0, [sp, #111]	; 0x6f
    6d56:	1c60      	adds	r0, r4, #1
    6d58:	f000 80a9 	beq.w	6eae <_svfprintf_r+0x6c6>
    6d5c:	ea52 0001 	orrs.w	r0, r2, r1
    6d60:	f025 0b80 	bic.w	fp, r5, #128	; 0x80
    6d64:	f040 80a2 	bne.w	6eac <_svfprintf_r+0x6c4>
    6d68:	2c00      	cmp	r4, #0
    6d6a:	f040 86a1 	bne.w	7ab0 <_svfprintf_r+0x12c8>
    6d6e:	2b00      	cmp	r3, #0
    6d70:	d1ae      	bne.n	6cd0 <_svfprintf_r+0x4e8>
    6d72:	f015 0301 	ands.w	r3, r5, #1
    6d76:	9305      	str	r3, [sp, #20]
    6d78:	f000 83cf 	beq.w	751a <_svfprintf_r+0xd32>
    6d7c:	2330      	movs	r3, #48	; 0x30
    6d7e:	f88d 3147 	strb.w	r3, [sp, #327]	; 0x147
    6d82:	f20d 1447 	addw	r4, sp, #327	; 0x147
    6d86:	e0a9      	b.n	6edc <_svfprintf_r+0x6f4>
    6d88:	f01b 0f20 	tst.w	fp, #32
    6d8c:	f040 83f0 	bne.w	7570 <_svfprintf_r+0xd88>
    6d90:	f01b 0f10 	tst.w	fp, #16
    6d94:	f040 8692 	bne.w	7abc <_svfprintf_r+0x12d4>
    6d98:	f01b 0f40 	tst.w	fp, #64	; 0x40
    6d9c:	f040 8797 	bne.w	7cce <_svfprintf_r+0x14e6>
    6da0:	f41b 7f00 	tst.w	fp, #512	; 0x200
    6da4:	f000 868a 	beq.w	7abc <_svfprintf_r+0x12d4>
    6da8:	9b08      	ldr	r3, [sp, #32]
    6daa:	9904      	ldr	r1, [sp, #16]
    6dac:	f853 2b04 	ldr.w	r2, [r3], #4
    6db0:	9308      	str	r3, [sp, #32]
    6db2:	7011      	strb	r1, [r2, #0]
    6db4:	4644      	mov	r4, r8
    6db6:	e548      	b.n	684a <_svfprintf_r+0x62>
    6db8:	f898 3000 	ldrb.w	r3, [r8]
    6dbc:	2b68      	cmp	r3, #104	; 0x68
    6dbe:	bf03      	ittte	eq
    6dc0:	f898 3001 	ldrbeq.w	r3, [r8, #1]
    6dc4:	f44b 7b00 	orreq.w	fp, fp, #512	; 0x200
    6dc8:	f108 0801 	addeq.w	r8, r8, #1
    6dcc:	f04b 0b40 	orrne.w	fp, fp, #64	; 0x40
    6dd0:	e566      	b.n	68a0 <_svfprintf_r+0xb8>
    6dd2:	f898 3000 	ldrb.w	r3, [r8]
    6dd6:	f88d 506f 	strb.w	r5, [sp, #111]	; 0x6f
    6dda:	e561      	b.n	68a0 <_svfprintf_r+0xb8>
    6ddc:	f898 3000 	ldrb.w	r3, [r8]
    6de0:	2b6c      	cmp	r3, #108	; 0x6c
    6de2:	bf03      	ittte	eq
    6de4:	f898 3001 	ldrbeq.w	r3, [r8, #1]
    6de8:	f04b 0b20 	orreq.w	fp, fp, #32
    6dec:	f108 0801 	addeq.w	r8, r8, #1
    6df0:	f04b 0b10 	orrne.w	fp, fp, #16
    6df4:	e554      	b.n	68a0 <_svfprintf_r+0xb8>
    6df6:	930a      	str	r3, [sp, #40]	; 0x28
    6df8:	f04b 0b10 	orr.w	fp, fp, #16
    6dfc:	f01b 0120 	ands.w	r1, fp, #32
    6e00:	f000 8350 	beq.w	74a4 <_svfprintf_r+0xcbc>
    6e04:	9b08      	ldr	r3, [sp, #32]
    6e06:	3307      	adds	r3, #7
    6e08:	f023 0307 	bic.w	r3, r3, #7
    6e0c:	6859      	ldr	r1, [r3, #4]
    6e0e:	f853 2b08 	ldr.w	r2, [r3], #8
    6e12:	9308      	str	r3, [sp, #32]
    6e14:	f42b 6580 	bic.w	r5, fp, #1024	; 0x400
    6e18:	2300      	movs	r3, #0
    6e1a:	e798      	b.n	6d4e <_svfprintf_r+0x566>
    6e1c:	930a      	str	r3, [sp, #40]	; 0x28
    6e1e:	f04b 0510 	orr.w	r5, fp, #16
    6e22:	f015 0120 	ands.w	r1, r5, #32
    6e26:	f000 832e 	beq.w	7486 <_svfprintf_r+0xc9e>
    6e2a:	9b08      	ldr	r3, [sp, #32]
    6e2c:	3307      	adds	r3, #7
    6e2e:	f023 0307 	bic.w	r3, r3, #7
    6e32:	6859      	ldr	r1, [r3, #4]
    6e34:	f853 2b08 	ldr.w	r2, [r3], #8
    6e38:	9308      	str	r3, [sp, #32]
    6e3a:	2301      	movs	r3, #1
    6e3c:	e787      	b.n	6d4e <_svfprintf_r+0x566>
    6e3e:	bf00      	nop
    6e40:	7fefffff 	.word	0x7fefffff
    6e44:	0000be04 	.word	0x0000be04
    6e48:	0000be08 	.word	0x0000be08
    6e4c:	0000be14 	.word	0x0000be14
    6e50:	f898 3000 	ldrb.w	r3, [r8]
    6e54:	f04b 0b80 	orr.w	fp, fp, #128	; 0x80
    6e58:	e522      	b.n	68a0 <_svfprintf_r+0xb8>
    6e5a:	4641      	mov	r1, r8
    6e5c:	f811 3b01 	ldrb.w	r3, [r1], #1
    6e60:	2b2a      	cmp	r3, #42	; 0x2a
    6e62:	f001 8277 	beq.w	8354 <_svfprintf_r+0x1b6c>
    6e66:	f1a3 0230 	sub.w	r2, r3, #48	; 0x30
    6e6a:	2a09      	cmp	r2, #9
    6e6c:	4688      	mov	r8, r1
    6e6e:	bf98      	it	ls
    6e70:	2100      	movls	r1, #0
    6e72:	f201 818c 	bhi.w	818e <_svfprintf_r+0x19a6>
    6e76:	f818 3b01 	ldrb.w	r3, [r8], #1
    6e7a:	eb01 0181 	add.w	r1, r1, r1, lsl #2
    6e7e:	eb02 0141 	add.w	r1, r2, r1, lsl #1
    6e82:	f1a3 0230 	sub.w	r2, r3, #48	; 0x30
    6e86:	2a09      	cmp	r2, #9
    6e88:	d9f5      	bls.n	6e76 <_svfprintf_r+0x68e>
    6e8a:	9103      	str	r1, [sp, #12]
    6e8c:	e50a      	b.n	68a4 <_svfprintf_r+0xbc>
    6e8e:	f898 3000 	ldrb.w	r3, [r8]
    6e92:	f04b 0b01 	orr.w	fp, fp, #1
    6e96:	e503      	b.n	68a0 <_svfprintf_r+0xb8>
    6e98:	f89d 306f 	ldrb.w	r3, [sp, #111]	; 0x6f
    6e9c:	2b00      	cmp	r3, #0
    6e9e:	f47f ad84 	bne.w	69aa <_svfprintf_r+0x1c2>
    6ea2:	f898 3000 	ldrb.w	r3, [r8]
    6ea6:	f88d 606f 	strb.w	r6, [sp, #111]	; 0x6f
    6eaa:	e4f9      	b.n	68a0 <_svfprintf_r+0xb8>
    6eac:	465d      	mov	r5, fp
    6eae:	2b01      	cmp	r3, #1
    6eb0:	f000 81ab 	beq.w	720a <_svfprintf_r+0xa22>
    6eb4:	2b02      	cmp	r3, #2
    6eb6:	ac52      	add	r4, sp, #328	; 0x148
    6eb8:	d11f      	bne.n	6efa <_svfprintf_r+0x712>
    6eba:	9812      	ldr	r0, [sp, #72]	; 0x48
    6ebc:	f002 030f 	and.w	r3, r2, #15
    6ec0:	0912      	lsrs	r2, r2, #4
    6ec2:	5cc3      	ldrb	r3, [r0, r3]
    6ec4:	f804 3d01 	strb.w	r3, [r4, #-1]!
    6ec8:	ea42 7201 	orr.w	r2, r2, r1, lsl #28
    6ecc:	0909      	lsrs	r1, r1, #4
    6ece:	ea52 0301 	orrs.w	r3, r2, r1
    6ed2:	d1f3      	bne.n	6ebc <_svfprintf_r+0x6d4>
    6ed4:	ab52      	add	r3, sp, #328	; 0x148
    6ed6:	1b1b      	subs	r3, r3, r4
    6ed8:	46ab      	mov	fp, r5
    6eda:	9305      	str	r3, [sp, #20]
    6edc:	9905      	ldr	r1, [sp, #20]
    6ede:	9803      	ldr	r0, [sp, #12]
    6ee0:	f89d 206f 	ldrb.w	r2, [sp, #111]	; 0x6f
    6ee4:	4281      	cmp	r1, r0
    6ee6:	f04f 0300 	mov.w	r3, #0
    6eea:	bfb8      	it	lt
    6eec:	4601      	movlt	r1, r0
    6eee:	9307      	str	r3, [sp, #28]
    6ef0:	9102      	str	r1, [sp, #8]
    6ef2:	930c      	str	r3, [sp, #48]	; 0x30
    6ef4:	9310      	str	r3, [sp, #64]	; 0x40
    6ef6:	930b      	str	r3, [sp, #44]	; 0x2c
    6ef8:	e669      	b.n	6bce <_svfprintf_r+0x3e6>
    6efa:	f002 0307 	and.w	r3, r2, #7
    6efe:	08d2      	lsrs	r2, r2, #3
    6f00:	ea42 7241 	orr.w	r2, r2, r1, lsl #29
    6f04:	08c9      	lsrs	r1, r1, #3
    6f06:	3330      	adds	r3, #48	; 0x30
    6f08:	ea52 0601 	orrs.w	r6, r2, r1
    6f0c:	4620      	mov	r0, r4
    6f0e:	f804 3d01 	strb.w	r3, [r4, #-1]!
    6f12:	d1f2      	bne.n	6efa <_svfprintf_r+0x712>
    6f14:	07e9      	lsls	r1, r5, #31
    6f16:	d5dd      	bpl.n	6ed4 <_svfprintf_r+0x6ec>
    6f18:	2b30      	cmp	r3, #48	; 0x30
    6f1a:	d0db      	beq.n	6ed4 <_svfprintf_r+0x6ec>
    6f1c:	2330      	movs	r3, #48	; 0x30
    6f1e:	3802      	subs	r0, #2
    6f20:	f804 3c01 	strb.w	r3, [r4, #-1]
    6f24:	ab52      	add	r3, sp, #328	; 0x148
    6f26:	1a1b      	subs	r3, r3, r0
    6f28:	46ab      	mov	fp, r5
    6f2a:	9305      	str	r3, [sp, #20]
    6f2c:	4604      	mov	r4, r0
    6f2e:	e7d5      	b.n	6edc <_svfprintf_r+0x6f4>
    6f30:	9b0a      	ldr	r3, [sp, #40]	; 0x28
    6f32:	2b65      	cmp	r3, #101	; 0x65
    6f34:	f340 80dc 	ble.w	70f0 <_svfprintf_r+0x908>
    6f38:	e9dd 010e 	ldrd	r0, r1, [sp, #56]	; 0x38
    6f3c:	2200      	movs	r2, #0
    6f3e:	2300      	movs	r3, #0
    6f40:	f7fd fe78 	bl	4c34 <__aeabi_dcmpeq>
    6f44:	2800      	cmp	r0, #0
    6f46:	f000 81c8 	beq.w	72da <_svfprintf_r+0xaf2>
    6f4a:	2301      	movs	r3, #1
    6f4c:	f8c9 3004 	str.w	r3, [r9, #4]
    6f50:	9b27      	ldr	r3, [sp, #156]	; 0x9c
    6f52:	4abc      	ldr	r2, [pc, #752]	; (7244 <_svfprintf_r+0xa5c>)
    6f54:	f8c9 2000 	str.w	r2, [r9]
    6f58:	3301      	adds	r3, #1
    6f5a:	3601      	adds	r6, #1
    6f5c:	2b07      	cmp	r3, #7
    6f5e:	9628      	str	r6, [sp, #160]	; 0xa0
    6f60:	9327      	str	r3, [sp, #156]	; 0x9c
    6f62:	f300 8541 	bgt.w	79e8 <_svfprintf_r+0x1200>
    6f66:	f109 0908 	add.w	r9, r9, #8
    6f6a:	9b1d      	ldr	r3, [sp, #116]	; 0x74
    6f6c:	9a0d      	ldr	r2, [sp, #52]	; 0x34
    6f6e:	4293      	cmp	r3, r2
    6f70:	f280 82c9 	bge.w	7506 <_svfprintf_r+0xd1e>
    6f74:	9b11      	ldr	r3, [sp, #68]	; 0x44
    6f76:	9a13      	ldr	r2, [sp, #76]	; 0x4c
    6f78:	441e      	add	r6, r3
    6f7a:	e9c9 2300 	strd	r2, r3, [r9]
    6f7e:	9b27      	ldr	r3, [sp, #156]	; 0x9c
    6f80:	9628      	str	r6, [sp, #160]	; 0xa0
    6f82:	3301      	adds	r3, #1
    6f84:	2b07      	cmp	r3, #7
    6f86:	9327      	str	r3, [sp, #156]	; 0x9c
    6f88:	f300 8392 	bgt.w	76b0 <_svfprintf_r+0xec8>
    6f8c:	f109 0908 	add.w	r9, r9, #8
    6f90:	9b0d      	ldr	r3, [sp, #52]	; 0x34
    6f92:	1e5c      	subs	r4, r3, #1
    6f94:	2c00      	cmp	r4, #0
    6f96:	f77f adb8 	ble.w	6b0a <_svfprintf_r+0x322>
    6f9a:	2c10      	cmp	r4, #16
    6f9c:	9b27      	ldr	r3, [sp, #156]	; 0x9c
    6f9e:	4daa      	ldr	r5, [pc, #680]	; (7248 <_svfprintf_r+0xa60>)
    6fa0:	f340 855e 	ble.w	7a60 <_svfprintf_r+0x1278>
    6fa4:	4632      	mov	r2, r6
    6fa6:	2710      	movs	r7, #16
    6fa8:	ee1a 6a10 	vmov	r6, s20
    6fac:	e005      	b.n	6fba <_svfprintf_r+0x7d2>
    6fae:	f109 0908 	add.w	r9, r9, #8
    6fb2:	3c10      	subs	r4, #16
    6fb4:	2c10      	cmp	r4, #16
    6fb6:	f340 8552 	ble.w	7a5e <_svfprintf_r+0x1276>
    6fba:	3301      	adds	r3, #1
    6fbc:	3210      	adds	r2, #16
    6fbe:	2b07      	cmp	r3, #7
    6fc0:	e9c9 5700 	strd	r5, r7, [r9]
    6fc4:	e9cd 3227 	strd	r3, r2, [sp, #156]	; 0x9c
    6fc8:	ddf1      	ble.n	6fae <_svfprintf_r+0x7c6>
    6fca:	aa26      	add	r2, sp, #152	; 0x98
    6fcc:	4631      	mov	r1, r6
    6fce:	4650      	mov	r0, sl
    6fd0:	f002 fcde 	bl	9990 <__ssprint_r>
    6fd4:	2800      	cmp	r0, #0
    6fd6:	f040 8082 	bne.w	70de <_svfprintf_r+0x8f6>
    6fda:	e9dd 3227 	ldrd	r3, r2, [sp, #156]	; 0x9c
    6fde:	f10d 09a4 	add.w	r9, sp, #164	; 0xa4
    6fe2:	e7e6      	b.n	6fb2 <_svfprintf_r+0x7ca>
    6fe4:	9b06      	ldr	r3, [sp, #24]
    6fe6:	9a02      	ldr	r2, [sp, #8]
    6fe8:	1a9f      	subs	r7, r3, r2
    6fea:	2f00      	cmp	r7, #0
    6fec:	f77f ad74 	ble.w	6ad8 <_svfprintf_r+0x2f0>
    6ff0:	2f10      	cmp	r7, #16
    6ff2:	9b27      	ldr	r3, [sp, #156]	; 0x9c
    6ff4:	4d94      	ldr	r5, [pc, #592]	; (7248 <_svfprintf_r+0xa60>)
    6ff6:	dd22      	ble.n	703e <_svfprintf_r+0x856>
    6ff8:	4632      	mov	r2, r6
    6ffa:	ee1a 6a10 	vmov	r6, s20
    6ffe:	e004      	b.n	700a <_svfprintf_r+0x822>
    7000:	3f10      	subs	r7, #16
    7002:	2f10      	cmp	r7, #16
    7004:	f109 0908 	add.w	r9, r9, #8
    7008:	dd18      	ble.n	703c <_svfprintf_r+0x854>
    700a:	3301      	adds	r3, #1
    700c:	3210      	adds	r2, #16
    700e:	2110      	movs	r1, #16
    7010:	2b07      	cmp	r3, #7
    7012:	e9cd 3227 	strd	r3, r2, [sp, #156]	; 0x9c
    7016:	f8c9 5000 	str.w	r5, [r9]
    701a:	f8c9 1004 	str.w	r1, [r9, #4]
    701e:	ddef      	ble.n	7000 <_svfprintf_r+0x818>
    7020:	aa26      	add	r2, sp, #152	; 0x98
    7022:	4631      	mov	r1, r6
    7024:	4650      	mov	r0, sl
    7026:	f10d 09a4 	add.w	r9, sp, #164	; 0xa4
    702a:	f002 fcb1 	bl	9990 <__ssprint_r>
    702e:	2800      	cmp	r0, #0
    7030:	d155      	bne.n	70de <_svfprintf_r+0x8f6>
    7032:	3f10      	subs	r7, #16
    7034:	2f10      	cmp	r7, #16
    7036:	e9dd 3227 	ldrd	r3, r2, [sp, #156]	; 0x9c
    703a:	dce6      	bgt.n	700a <_svfprintf_r+0x822>
    703c:	4616      	mov	r6, r2
    703e:	3301      	adds	r3, #1
    7040:	443e      	add	r6, r7
    7042:	2b07      	cmp	r3, #7
    7044:	e9cd 3627 	strd	r3, r6, [sp, #156]	; 0x9c
    7048:	f8c9 5000 	str.w	r5, [r9]
    704c:	f8c9 7004 	str.w	r7, [r9, #4]
    7050:	f300 8520 	bgt.w	7a94 <_svfprintf_r+0x12ac>
    7054:	9b03      	ldr	r3, [sp, #12]
    7056:	9a05      	ldr	r2, [sp, #20]
    7058:	1a9f      	subs	r7, r3, r2
    705a:	2f00      	cmp	r7, #0
    705c:	f109 0908 	add.w	r9, r9, #8
    7060:	f77f ad40 	ble.w	6ae4 <_svfprintf_r+0x2fc>
    7064:	2f10      	cmp	r7, #16
    7066:	9b27      	ldr	r3, [sp, #156]	; 0x9c
    7068:	4d77      	ldr	r5, [pc, #476]	; (7248 <_svfprintf_r+0xa60>)
    706a:	dd21      	ble.n	70b0 <_svfprintf_r+0x8c8>
    706c:	4632      	mov	r2, r6
    706e:	ee1a 6a10 	vmov	r6, s20
    7072:	e004      	b.n	707e <_svfprintf_r+0x896>
    7074:	3f10      	subs	r7, #16
    7076:	2f10      	cmp	r7, #16
    7078:	f109 0908 	add.w	r9, r9, #8
    707c:	dd17      	ble.n	70ae <_svfprintf_r+0x8c6>
    707e:	3301      	adds	r3, #1
    7080:	3210      	adds	r2, #16
    7082:	2110      	movs	r1, #16
    7084:	2b07      	cmp	r3, #7
    7086:	e9cd 3227 	strd	r3, r2, [sp, #156]	; 0x9c
    708a:	f8c9 5000 	str.w	r5, [r9]
    708e:	f8c9 1004 	str.w	r1, [r9, #4]
    7092:	ddef      	ble.n	7074 <_svfprintf_r+0x88c>
    7094:	aa26      	add	r2, sp, #152	; 0x98
    7096:	4631      	mov	r1, r6
    7098:	4650      	mov	r0, sl
    709a:	f002 fc79 	bl	9990 <__ssprint_r>
    709e:	b9f0      	cbnz	r0, 70de <_svfprintf_r+0x8f6>
    70a0:	3f10      	subs	r7, #16
    70a2:	2f10      	cmp	r7, #16
    70a4:	e9dd 3227 	ldrd	r3, r2, [sp, #156]	; 0x9c
    70a8:	f10d 09a4 	add.w	r9, sp, #164	; 0xa4
    70ac:	dce7      	bgt.n	707e <_svfprintf_r+0x896>
    70ae:	4616      	mov	r6, r2
    70b0:	3301      	adds	r3, #1
    70b2:	443e      	add	r6, r7
    70b4:	2b07      	cmp	r3, #7
    70b6:	e9cd 3627 	strd	r3, r6, [sp, #156]	; 0x9c
    70ba:	f8c9 5000 	str.w	r5, [r9]
    70be:	f8c9 7004 	str.w	r7, [r9, #4]
    70c2:	f300 81d2 	bgt.w	746a <_svfprintf_r+0xc82>
    70c6:	f109 0908 	add.w	r9, r9, #8
    70ca:	e50b      	b.n	6ae4 <_svfprintf_r+0x2fc>
    70cc:	ee1a 1a10 	vmov	r1, s20
    70d0:	aa26      	add	r2, sp, #152	; 0x98
    70d2:	4650      	mov	r0, sl
    70d4:	f002 fc5c 	bl	9990 <__ssprint_r>
    70d8:	2800      	cmp	r0, #0
    70da:	f43f ad2a 	beq.w	6b32 <_svfprintf_r+0x34a>
    70de:	9b07      	ldr	r3, [sp, #28]
    70e0:	2b00      	cmp	r3, #0
    70e2:	f43f ac8c 	beq.w	69fe <_svfprintf_r+0x216>
    70e6:	9907      	ldr	r1, [sp, #28]
    70e8:	4650      	mov	r0, sl
    70ea:	f7fe fe97 	bl	5e1c <_free_r>
    70ee:	e486      	b.n	69fe <_svfprintf_r+0x216>
    70f0:	9b0d      	ldr	r3, [sp, #52]	; 0x34
    70f2:	2b01      	cmp	r3, #1
    70f4:	f340 816f 	ble.w	73d6 <_svfprintf_r+0xbee>
    70f8:	9f27      	ldr	r7, [sp, #156]	; 0x9c
    70fa:	f8c9 4000 	str.w	r4, [r9]
    70fe:	2301      	movs	r3, #1
    7100:	441f      	add	r7, r3
    7102:	3601      	adds	r6, #1
    7104:	2f07      	cmp	r7, #7
    7106:	f8c9 3004 	str.w	r3, [r9, #4]
    710a:	9628      	str	r6, [sp, #160]	; 0xa0
    710c:	9727      	str	r7, [sp, #156]	; 0x9c
    710e:	f300 81de 	bgt.w	74ce <_svfprintf_r+0xce6>
    7112:	f109 0908 	add.w	r9, r9, #8
    7116:	9b11      	ldr	r3, [sp, #68]	; 0x44
    7118:	9a13      	ldr	r2, [sp, #76]	; 0x4c
    711a:	3701      	adds	r7, #1
    711c:	441e      	add	r6, r3
    711e:	2f07      	cmp	r7, #7
    7120:	e9c9 2300 	strd	r2, r3, [r9]
    7124:	e9cd 7627 	strd	r7, r6, [sp, #156]	; 0x9c
    7128:	f300 81df 	bgt.w	74ea <_svfprintf_r+0xd02>
    712c:	f109 0908 	add.w	r9, r9, #8
    7130:	e9dd 010e 	ldrd	r0, r1, [sp, #56]	; 0x38
    7134:	2200      	movs	r2, #0
    7136:	2300      	movs	r3, #0
    7138:	f7fd fd7c 	bl	4c34 <__aeabi_dcmpeq>
    713c:	2800      	cmp	r0, #0
    713e:	f040 8169 	bne.w	7414 <_svfprintf_r+0xc2c>
    7142:	9b0d      	ldr	r3, [sp, #52]	; 0x34
    7144:	3701      	adds	r7, #1
    7146:	3b01      	subs	r3, #1
    7148:	3401      	adds	r4, #1
    714a:	441e      	add	r6, r3
    714c:	2f07      	cmp	r7, #7
    714e:	f8c9 4000 	str.w	r4, [r9]
    7152:	9727      	str	r7, [sp, #156]	; 0x9c
    7154:	f8c9 3004 	str.w	r3, [r9, #4]
    7158:	9628      	str	r6, [sp, #160]	; 0xa0
    715a:	f300 814d 	bgt.w	73f8 <_svfprintf_r+0xc10>
    715e:	f109 0908 	add.w	r9, r9, #8
    7162:	9b15      	ldr	r3, [sp, #84]	; 0x54
    7164:	f8c9 3004 	str.w	r3, [r9, #4]
    7168:	3701      	adds	r7, #1
    716a:	441e      	add	r6, r3
    716c:	2f07      	cmp	r7, #7
    716e:	ab20      	add	r3, sp, #128	; 0x80
    7170:	e9cd 7627 	strd	r7, r6, [sp, #156]	; 0x9c
    7174:	f8c9 3000 	str.w	r3, [r9]
    7178:	f77f acc5 	ble.w	6b06 <_svfprintf_r+0x31e>
    717c:	ee1a 1a10 	vmov	r1, s20
    7180:	aa26      	add	r2, sp, #152	; 0x98
    7182:	4650      	mov	r0, sl
    7184:	f002 fc04 	bl	9990 <__ssprint_r>
    7188:	2800      	cmp	r0, #0
    718a:	d1a8      	bne.n	70de <_svfprintf_r+0x8f6>
    718c:	9e28      	ldr	r6, [sp, #160]	; 0xa0
    718e:	f10d 09a4 	add.w	r9, sp, #164	; 0xa4
    7192:	e4ba      	b.n	6b0a <_svfprintf_r+0x322>
    7194:	2f10      	cmp	r7, #16
    7196:	e9dd 2127 	ldrd	r2, r1, [sp, #156]	; 0x9c
    719a:	4d2c      	ldr	r5, [pc, #176]	; (724c <_svfprintf_r+0xa64>)
    719c:	dd24      	ble.n	71e8 <_svfprintf_r+0xa00>
    719e:	9318      	str	r3, [sp, #96]	; 0x60
    71a0:	9419      	str	r4, [sp, #100]	; 0x64
    71a2:	2610      	movs	r6, #16
    71a4:	ee1a 4a10 	vmov	r4, s20
    71a8:	460b      	mov	r3, r1
    71aa:	e004      	b.n	71b6 <_svfprintf_r+0x9ce>
    71ac:	3f10      	subs	r7, #16
    71ae:	2f10      	cmp	r7, #16
    71b0:	f109 0908 	add.w	r9, r9, #8
    71b4:	dd15      	ble.n	71e2 <_svfprintf_r+0x9fa>
    71b6:	3201      	adds	r2, #1
    71b8:	3310      	adds	r3, #16
    71ba:	2a07      	cmp	r2, #7
    71bc:	e9c9 5600 	strd	r5, r6, [r9]
    71c0:	e9cd 2327 	strd	r2, r3, [sp, #156]	; 0x9c
    71c4:	ddf2      	ble.n	71ac <_svfprintf_r+0x9c4>
    71c6:	aa26      	add	r2, sp, #152	; 0x98
    71c8:	4621      	mov	r1, r4
    71ca:	4650      	mov	r0, sl
    71cc:	f10d 09a4 	add.w	r9, sp, #164	; 0xa4
    71d0:	f002 fbde 	bl	9990 <__ssprint_r>
    71d4:	2800      	cmp	r0, #0
    71d6:	d182      	bne.n	70de <_svfprintf_r+0x8f6>
    71d8:	3f10      	subs	r7, #16
    71da:	2f10      	cmp	r7, #16
    71dc:	e9dd 2327 	ldrd	r2, r3, [sp, #156]	; 0x9c
    71e0:	dce9      	bgt.n	71b6 <_svfprintf_r+0x9ce>
    71e2:	4619      	mov	r1, r3
    71e4:	e9dd 3418 	ldrd	r3, r4, [sp, #96]	; 0x60
    71e8:	3201      	adds	r2, #1
    71ea:	187e      	adds	r6, r7, r1
    71ec:	2a07      	cmp	r2, #7
    71ee:	e9cd 2627 	strd	r2, r6, [sp, #156]	; 0x9c
    71f2:	f8c9 5000 	str.w	r5, [r9]
    71f6:	f8c9 7004 	str.w	r7, [r9, #4]
    71fa:	f300 83a3 	bgt.w	7944 <_svfprintf_r+0x115c>
    71fe:	f89d 206f 	ldrb.w	r2, [sp, #111]	; 0x6f
    7202:	f109 0908 	add.w	r9, r9, #8
    7206:	e43f      	b.n	6a88 <_svfprintf_r+0x2a0>
    7208:	465d      	mov	r5, fp
    720a:	2a0a      	cmp	r2, #10
    720c:	f171 0300 	sbcs.w	r3, r1, #0
    7210:	f080 8334 	bcs.w	787c <_svfprintf_r+0x1094>
    7214:	3230      	adds	r2, #48	; 0x30
    7216:	2301      	movs	r3, #1
    7218:	f88d 2147 	strb.w	r2, [sp, #327]	; 0x147
    721c:	46ab      	mov	fp, r5
    721e:	9305      	str	r3, [sp, #20]
    7220:	f20d 1447 	addw	r4, sp, #327	; 0x147
    7224:	e65a      	b.n	6edc <_svfprintf_r+0x6f4>
    7226:	ee1a 1a10 	vmov	r1, s20
    722a:	aa26      	add	r2, sp, #152	; 0x98
    722c:	4650      	mov	r0, sl
    722e:	9318      	str	r3, [sp, #96]	; 0x60
    7230:	f002 fbae 	bl	9990 <__ssprint_r>
    7234:	2800      	cmp	r0, #0
    7236:	f47f af52 	bne.w	70de <_svfprintf_r+0x8f6>
    723a:	9e28      	ldr	r6, [sp, #160]	; 0xa0
    723c:	9b18      	ldr	r3, [sp, #96]	; 0x60
    723e:	f10d 09a4 	add.w	r9, sp, #164	; 0xa4
    7242:	e433      	b.n	6aac <_svfprintf_r+0x2c4>
    7244:	0000be44 	.word	0x0000be44
    7248:	0000be58 	.word	0x0000be58
    724c:	0000be48 	.word	0x0000be48
    7250:	ee1a 1a10 	vmov	r1, s20
    7254:	aa26      	add	r2, sp, #152	; 0x98
    7256:	4650      	mov	r0, sl
    7258:	f002 fb9a 	bl	9990 <__ssprint_r>
    725c:	2800      	cmp	r0, #0
    725e:	f47f af3e 	bne.w	70de <_svfprintf_r+0x8f6>
    7262:	9e28      	ldr	r6, [sp, #160]	; 0xa0
    7264:	f10d 09a4 	add.w	r9, sp, #164	; 0xa4
    7268:	e432      	b.n	6ad0 <_svfprintf_r+0x2e8>
    726a:	2c10      	cmp	r4, #16
    726c:	9b27      	ldr	r3, [sp, #156]	; 0x9c
    726e:	4dbe      	ldr	r5, [pc, #760]	; (7568 <_svfprintf_r+0xd80>)
    7270:	dd1f      	ble.n	72b2 <_svfprintf_r+0xaca>
    7272:	ee1a ba10 	vmov	fp, s20
    7276:	2710      	movs	r7, #16
    7278:	e004      	b.n	7284 <_svfprintf_r+0xa9c>
    727a:	3c10      	subs	r4, #16
    727c:	2c10      	cmp	r4, #16
    727e:	f109 0908 	add.w	r9, r9, #8
    7282:	dd16      	ble.n	72b2 <_svfprintf_r+0xaca>
    7284:	3301      	adds	r3, #1
    7286:	3610      	adds	r6, #16
    7288:	2b07      	cmp	r3, #7
    728a:	e9c9 5700 	strd	r5, r7, [r9]
    728e:	e9cd 3627 	strd	r3, r6, [sp, #156]	; 0x9c
    7292:	ddf2      	ble.n	727a <_svfprintf_r+0xa92>
    7294:	aa26      	add	r2, sp, #152	; 0x98
    7296:	4659      	mov	r1, fp
    7298:	4650      	mov	r0, sl
    729a:	f10d 09a4 	add.w	r9, sp, #164	; 0xa4
    729e:	f002 fb77 	bl	9990 <__ssprint_r>
    72a2:	2800      	cmp	r0, #0
    72a4:	f47f af1b 	bne.w	70de <_svfprintf_r+0x8f6>
    72a8:	3c10      	subs	r4, #16
    72aa:	2c10      	cmp	r4, #16
    72ac:	e9dd 3627 	ldrd	r3, r6, [sp, #156]	; 0x9c
    72b0:	dce8      	bgt.n	7284 <_svfprintf_r+0xa9c>
    72b2:	3301      	adds	r3, #1
    72b4:	4426      	add	r6, r4
    72b6:	2b07      	cmp	r3, #7
    72b8:	e9c9 5400 	strd	r5, r4, [r9]
    72bc:	e9cd 3627 	strd	r3, r6, [sp, #156]	; 0x9c
    72c0:	f77f ac2c 	ble.w	6b1c <_svfprintf_r+0x334>
    72c4:	ee1a 1a10 	vmov	r1, s20
    72c8:	aa26      	add	r2, sp, #152	; 0x98
    72ca:	4650      	mov	r0, sl
    72cc:	f002 fb60 	bl	9990 <__ssprint_r>
    72d0:	2800      	cmp	r0, #0
    72d2:	f47f af04 	bne.w	70de <_svfprintf_r+0x8f6>
    72d6:	9e28      	ldr	r6, [sp, #160]	; 0xa0
    72d8:	e420      	b.n	6b1c <_svfprintf_r+0x334>
    72da:	991d      	ldr	r1, [sp, #116]	; 0x74
    72dc:	2900      	cmp	r1, #0
    72de:	f340 8343 	ble.w	7968 <_svfprintf_r+0x1180>
    72e2:	9d0b      	ldr	r5, [sp, #44]	; 0x2c
    72e4:	9b0d      	ldr	r3, [sp, #52]	; 0x34
    72e6:	429d      	cmp	r5, r3
    72e8:	bfa8      	it	ge
    72ea:	461d      	movge	r5, r3
    72ec:	2d00      	cmp	r5, #0
    72ee:	dd0b      	ble.n	7308 <_svfprintf_r+0xb20>
    72f0:	9b27      	ldr	r3, [sp, #156]	; 0x9c
    72f2:	3301      	adds	r3, #1
    72f4:	442e      	add	r6, r5
    72f6:	2b07      	cmp	r3, #7
    72f8:	e9c9 4500 	strd	r4, r5, [r9]
    72fc:	9628      	str	r6, [sp, #160]	; 0xa0
    72fe:	9327      	str	r3, [sp, #156]	; 0x9c
    7300:	f300 86fc 	bgt.w	80fc <_svfprintf_r+0x1914>
    7304:	f109 0908 	add.w	r9, r9, #8
    7308:	9f0b      	ldr	r7, [sp, #44]	; 0x2c
    730a:	2d00      	cmp	r5, #0
    730c:	bfa8      	it	ge
    730e:	1b7f      	subge	r7, r7, r5
    7310:	2f00      	cmp	r7, #0
    7312:	f300 81f8 	bgt.w	7706 <_svfprintf_r+0xf1e>
    7316:	9b0b      	ldr	r3, [sp, #44]	; 0x2c
    7318:	f41b 6f80 	tst.w	fp, #1024	; 0x400
    731c:	4423      	add	r3, r4
    731e:	9305      	str	r3, [sp, #20]
    7320:	f040 8218 	bne.w	7754 <_svfprintf_r+0xf6c>
    7324:	9b1d      	ldr	r3, [sp, #116]	; 0x74
    7326:	9a0d      	ldr	r2, [sp, #52]	; 0x34
    7328:	4293      	cmp	r3, r2
    732a:	db03      	blt.n	7334 <_svfprintf_r+0xb4c>
    732c:	f01b 0f01 	tst.w	fp, #1
    7330:	f000 84bc 	beq.w	7cac <_svfprintf_r+0x14c4>
    7334:	9a11      	ldr	r2, [sp, #68]	; 0x44
    7336:	9913      	ldr	r1, [sp, #76]	; 0x4c
    7338:	4416      	add	r6, r2
    733a:	e9c9 1200 	strd	r1, r2, [r9]
    733e:	9a27      	ldr	r2, [sp, #156]	; 0x9c
    7340:	9628      	str	r6, [sp, #160]	; 0xa0
    7342:	3201      	adds	r2, #1
    7344:	2a07      	cmp	r2, #7
    7346:	9227      	str	r2, [sp, #156]	; 0x9c
    7348:	f300 86e6 	bgt.w	8118 <_svfprintf_r+0x1930>
    734c:	f109 0908 	add.w	r9, r9, #8
    7350:	9a0d      	ldr	r2, [sp, #52]	; 0x34
    7352:	18a5      	adds	r5, r4, r2
    7354:	1ad4      	subs	r4, r2, r3
    7356:	9b05      	ldr	r3, [sp, #20]
    7358:	1aed      	subs	r5, r5, r3
    735a:	42a5      	cmp	r5, r4
    735c:	bfa8      	it	ge
    735e:	4625      	movge	r5, r4
    7360:	2d00      	cmp	r5, #0
    7362:	dd0d      	ble.n	7380 <_svfprintf_r+0xb98>
    7364:	f8c9 3000 	str.w	r3, [r9]
    7368:	9b27      	ldr	r3, [sp, #156]	; 0x9c
    736a:	f8c9 5004 	str.w	r5, [r9, #4]
    736e:	3301      	adds	r3, #1
    7370:	442e      	add	r6, r5
    7372:	2b07      	cmp	r3, #7
    7374:	9628      	str	r6, [sp, #160]	; 0xa0
    7376:	9327      	str	r3, [sp, #156]	; 0x9c
    7378:	f300 86f8 	bgt.w	816c <_svfprintf_r+0x1984>
    737c:	f109 0908 	add.w	r9, r9, #8
    7380:	2d00      	cmp	r5, #0
    7382:	bfa8      	it	ge
    7384:	1b64      	subge	r4, r4, r5
    7386:	2c00      	cmp	r4, #0
    7388:	f77f abbf 	ble.w	6b0a <_svfprintf_r+0x322>
    738c:	2c10      	cmp	r4, #16
    738e:	9b27      	ldr	r3, [sp, #156]	; 0x9c
    7390:	4d76      	ldr	r5, [pc, #472]	; (756c <_svfprintf_r+0xd84>)
    7392:	f340 8365 	ble.w	7a60 <_svfprintf_r+0x1278>
    7396:	4632      	mov	r2, r6
    7398:	2710      	movs	r7, #16
    739a:	ee1a 6a10 	vmov	r6, s20
    739e:	e005      	b.n	73ac <_svfprintf_r+0xbc4>
    73a0:	f109 0908 	add.w	r9, r9, #8
    73a4:	3c10      	subs	r4, #16
    73a6:	2c10      	cmp	r4, #16
    73a8:	f340 8359 	ble.w	7a5e <_svfprintf_r+0x1276>
    73ac:	3301      	adds	r3, #1
    73ae:	3210      	adds	r2, #16
    73b0:	2b07      	cmp	r3, #7
    73b2:	e9c9 5700 	strd	r5, r7, [r9]
    73b6:	e9cd 3227 	strd	r3, r2, [sp, #156]	; 0x9c
    73ba:	ddf1      	ble.n	73a0 <_svfprintf_r+0xbb8>
    73bc:	aa26      	add	r2, sp, #152	; 0x98
    73be:	4631      	mov	r1, r6
    73c0:	4650      	mov	r0, sl
    73c2:	f002 fae5 	bl	9990 <__ssprint_r>
    73c6:	2800      	cmp	r0, #0
    73c8:	f47f ae89 	bne.w	70de <_svfprintf_r+0x8f6>
    73cc:	e9dd 3227 	ldrd	r3, r2, [sp, #156]	; 0x9c
    73d0:	f10d 09a4 	add.w	r9, sp, #164	; 0xa4
    73d4:	e7e6      	b.n	73a4 <_svfprintf_r+0xbbc>
    73d6:	f01b 0f01 	tst.w	fp, #1
    73da:	f47f ae8d 	bne.w	70f8 <_svfprintf_r+0x910>
    73de:	9f27      	ldr	r7, [sp, #156]	; 0x9c
    73e0:	f8c9 4000 	str.w	r4, [r9]
    73e4:	2301      	movs	r3, #1
    73e6:	441f      	add	r7, r3
    73e8:	3601      	adds	r6, #1
    73ea:	2f07      	cmp	r7, #7
    73ec:	f8c9 3004 	str.w	r3, [r9, #4]
    73f0:	9628      	str	r6, [sp, #160]	; 0xa0
    73f2:	9727      	str	r7, [sp, #156]	; 0x9c
    73f4:	f77f aeb3 	ble.w	715e <_svfprintf_r+0x976>
    73f8:	ee1a 1a10 	vmov	r1, s20
    73fc:	aa26      	add	r2, sp, #152	; 0x98
    73fe:	4650      	mov	r0, sl
    7400:	f002 fac6 	bl	9990 <__ssprint_r>
    7404:	2800      	cmp	r0, #0
    7406:	f47f ae6a 	bne.w	70de <_svfprintf_r+0x8f6>
    740a:	e9dd 7627 	ldrd	r7, r6, [sp, #156]	; 0x9c
    740e:	f10d 09a4 	add.w	r9, sp, #164	; 0xa4
    7412:	e6a6      	b.n	7162 <_svfprintf_r+0x97a>
    7414:	9b0d      	ldr	r3, [sp, #52]	; 0x34
    7416:	1e5c      	subs	r4, r3, #1
    7418:	2c00      	cmp	r4, #0
    741a:	f77f aea2 	ble.w	7162 <_svfprintf_r+0x97a>
    741e:	2c10      	cmp	r4, #16
    7420:	4d52      	ldr	r5, [pc, #328]	; (756c <_svfprintf_r+0xd84>)
    7422:	f340 8356 	ble.w	7ad2 <_svfprintf_r+0x12ea>
    7426:	f8cd 800c 	str.w	r8, [sp, #12]
    742a:	2310      	movs	r3, #16
    742c:	ee1a 8a10 	vmov	r8, s20
    7430:	e005      	b.n	743e <_svfprintf_r+0xc56>
    7432:	f109 0908 	add.w	r9, r9, #8
    7436:	3c10      	subs	r4, #16
    7438:	2c10      	cmp	r4, #16
    743a:	f340 8348 	ble.w	7ace <_svfprintf_r+0x12e6>
    743e:	3701      	adds	r7, #1
    7440:	3610      	adds	r6, #16
    7442:	2f07      	cmp	r7, #7
    7444:	e9c9 5300 	strd	r5, r3, [r9]
    7448:	e9cd 7627 	strd	r7, r6, [sp, #156]	; 0x9c
    744c:	ddf1      	ble.n	7432 <_svfprintf_r+0xc4a>
    744e:	aa26      	add	r2, sp, #152	; 0x98
    7450:	4641      	mov	r1, r8
    7452:	4650      	mov	r0, sl
    7454:	f002 fa9c 	bl	9990 <__ssprint_r>
    7458:	2800      	cmp	r0, #0
    745a:	f47f ae40 	bne.w	70de <_svfprintf_r+0x8f6>
    745e:	e9dd 7627 	ldrd	r7, r6, [sp, #156]	; 0x9c
    7462:	f10d 09a4 	add.w	r9, sp, #164	; 0xa4
    7466:	2310      	movs	r3, #16
    7468:	e7e5      	b.n	7436 <_svfprintf_r+0xc4e>
    746a:	ee1a 1a10 	vmov	r1, s20
    746e:	aa26      	add	r2, sp, #152	; 0x98
    7470:	4650      	mov	r0, sl
    7472:	f002 fa8d 	bl	9990 <__ssprint_r>
    7476:	2800      	cmp	r0, #0
    7478:	f47f ae31 	bne.w	70de <_svfprintf_r+0x8f6>
    747c:	9e28      	ldr	r6, [sp, #160]	; 0xa0
    747e:	f10d 09a4 	add.w	r9, sp, #164	; 0xa4
    7482:	f7ff bb2f 	b.w	6ae4 <_svfprintf_r+0x2fc>
    7486:	f015 0310 	ands.w	r3, r5, #16
    748a:	d158      	bne.n	753e <_svfprintf_r+0xd56>
    748c:	f015 0240 	ands.w	r2, r5, #64	; 0x40
    7490:	f000 836e 	beq.w	7b70 <_svfprintf_r+0x1388>
    7494:	9808      	ldr	r0, [sp, #32]
    7496:	f850 2b04 	ldr.w	r2, [r0], #4
    749a:	9008      	str	r0, [sp, #32]
    749c:	4619      	mov	r1, r3
    749e:	b292      	uxth	r2, r2
    74a0:	2301      	movs	r3, #1
    74a2:	e454      	b.n	6d4e <_svfprintf_r+0x566>
    74a4:	f01b 0310 	ands.w	r3, fp, #16
    74a8:	d144      	bne.n	7534 <_svfprintf_r+0xd4c>
    74aa:	f01b 0240 	ands.w	r2, fp, #64	; 0x40
    74ae:	f000 836e 	beq.w	7b8e <_svfprintf_r+0x13a6>
    74b2:	9808      	ldr	r0, [sp, #32]
    74b4:	f850 2b04 	ldr.w	r2, [r0], #4
    74b8:	9008      	str	r0, [sp, #32]
    74ba:	4619      	mov	r1, r3
    74bc:	b292      	uxth	r2, r2
    74be:	e4a9      	b.n	6e14 <_svfprintf_r+0x62c>
    74c0:	4252      	negs	r2, r2
    74c2:	eb61 0141 	sbc.w	r1, r1, r1, lsl #1
    74c6:	465d      	mov	r5, fp
    74c8:	202d      	movs	r0, #45	; 0x2d
    74ca:	2301      	movs	r3, #1
    74cc:	e440      	b.n	6d50 <_svfprintf_r+0x568>
    74ce:	ee1a 1a10 	vmov	r1, s20
    74d2:	aa26      	add	r2, sp, #152	; 0x98
    74d4:	4650      	mov	r0, sl
    74d6:	f002 fa5b 	bl	9990 <__ssprint_r>
    74da:	2800      	cmp	r0, #0
    74dc:	f47f adff 	bne.w	70de <_svfprintf_r+0x8f6>
    74e0:	e9dd 7627 	ldrd	r7, r6, [sp, #156]	; 0x9c
    74e4:	f10d 09a4 	add.w	r9, sp, #164	; 0xa4
    74e8:	e615      	b.n	7116 <_svfprintf_r+0x92e>
    74ea:	ee1a 1a10 	vmov	r1, s20
    74ee:	aa26      	add	r2, sp, #152	; 0x98
    74f0:	4650      	mov	r0, sl
    74f2:	f002 fa4d 	bl	9990 <__ssprint_r>
    74f6:	2800      	cmp	r0, #0
    74f8:	f47f adf1 	bne.w	70de <_svfprintf_r+0x8f6>
    74fc:	e9dd 7627 	ldrd	r7, r6, [sp, #156]	; 0x9c
    7500:	f10d 09a4 	add.w	r9, sp, #164	; 0xa4
    7504:	e614      	b.n	7130 <_svfprintf_r+0x948>
    7506:	f01b 0f01 	tst.w	fp, #1
    750a:	f43f aafe 	beq.w	6b0a <_svfprintf_r+0x322>
    750e:	e531      	b.n	6f74 <_svfprintf_r+0x78c>
    7510:	9308      	str	r3, [sp, #32]
    7512:	f898 3000 	ldrb.w	r3, [r8]
    7516:	f7ff b9c3 	b.w	68a0 <_svfprintf_r+0xb8>
    751a:	ac52      	add	r4, sp, #328	; 0x148
    751c:	e4de      	b.n	6edc <_svfprintf_r+0x6f4>
    751e:	f41b 7f00 	tst.w	fp, #512	; 0x200
    7522:	f040 83cd 	bne.w	7cc0 <_svfprintf_r+0x14d8>
    7526:	f853 2b04 	ldr.w	r2, [r3], #4
    752a:	9308      	str	r3, [sp, #32]
    752c:	17d1      	asrs	r1, r2, #31
    752e:	460b      	mov	r3, r1
    7530:	f7ff bbbc 	b.w	6cac <_svfprintf_r+0x4c4>
    7534:	9b08      	ldr	r3, [sp, #32]
    7536:	f853 2b04 	ldr.w	r2, [r3], #4
    753a:	9308      	str	r3, [sp, #32]
    753c:	e46a      	b.n	6e14 <_svfprintf_r+0x62c>
    753e:	9b08      	ldr	r3, [sp, #32]
    7540:	f853 2b04 	ldr.w	r2, [r3], #4
    7544:	9308      	str	r3, [sp, #32]
    7546:	2301      	movs	r3, #1
    7548:	e401      	b.n	6d4e <_svfprintf_r+0x566>
    754a:	9b14      	ldr	r3, [sp, #80]	; 0x50
    754c:	2b00      	cmp	r3, #0
    754e:	f43f aa2c 	beq.w	69aa <_svfprintf_r+0x1c2>
    7552:	9b14      	ldr	r3, [sp, #80]	; 0x50
    7554:	781b      	ldrb	r3, [r3, #0]
    7556:	2b00      	cmp	r3, #0
    7558:	f43f aa27 	beq.w	69aa <_svfprintf_r+0x1c2>
    755c:	f898 3000 	ldrb.w	r3, [r8]
    7560:	f44b 6b80 	orr.w	fp, fp, #1024	; 0x400
    7564:	f7ff b99c 	b.w	68a0 <_svfprintf_r+0xb8>
    7568:	0000be48 	.word	0x0000be48
    756c:	0000be58 	.word	0x0000be58
    7570:	9b08      	ldr	r3, [sp, #32]
    7572:	9804      	ldr	r0, [sp, #16]
    7574:	f853 1b04 	ldr.w	r1, [r3], #4
    7578:	9308      	str	r3, [sp, #32]
    757a:	17c2      	asrs	r2, r0, #31
    757c:	e9c1 0200 	strd	r0, r2, [r1]
    7580:	4644      	mov	r4, r8
    7582:	f7ff b962 	b.w	684a <_svfprintf_r+0x62>
    7586:	e9dd 010e 	ldrd	r0, r1, [sp, #56]	; 0x38
    758a:	4602      	mov	r2, r0
    758c:	460b      	mov	r3, r1
    758e:	f7fd fb83 	bl	4c98 <__aeabi_dcmpun>
    7592:	2800      	cmp	r0, #0
    7594:	f040 86b2 	bne.w	82fc <_svfprintf_r+0x1b14>
    7598:	9b0a      	ldr	r3, [sp, #40]	; 0x28
    759a:	2b61      	cmp	r3, #97	; 0x61
    759c:	f000 8566 	beq.w	806c <_svfprintf_r+0x1884>
    75a0:	2b41      	cmp	r3, #65	; 0x41
    75a2:	f000 85c8 	beq.w	8136 <_svfprintf_r+0x194e>
    75a6:	9b03      	ldr	r3, [sp, #12]
    75a8:	3301      	adds	r3, #1
    75aa:	9b0a      	ldr	r3, [sp, #40]	; 0x28
    75ac:	f023 0320 	bic.w	r3, r3, #32
    75b0:	9302      	str	r3, [sp, #8]
    75b2:	f000 8466 	beq.w	7e82 <_svfprintf_r+0x169a>
    75b6:	2b47      	cmp	r3, #71	; 0x47
    75b8:	d104      	bne.n	75c4 <_svfprintf_r+0xddc>
    75ba:	9b03      	ldr	r3, [sp, #12]
    75bc:	2b00      	cmp	r3, #0
    75be:	bf08      	it	eq
    75c0:	2301      	moveq	r3, #1
    75c2:	9303      	str	r3, [sp, #12]
    75c4:	e9dd 010e 	ldrd	r0, r1, [sp, #56]	; 0x38
    75c8:	f44b 7280 	orr.w	r2, fp, #256	; 0x100
    75cc:	2900      	cmp	r1, #0
    75ce:	f8cd b024 	str.w	fp, [sp, #36]	; 0x24
    75d2:	f04f 0300 	mov.w	r3, #0
    75d6:	4693      	mov	fp, r2
    75d8:	f2c0 8584 	blt.w	80e4 <_svfprintf_r+0x18fc>
    75dc:	ec41 0b18 	vmov	d8, r0, r1
    75e0:	9318      	str	r3, [sp, #96]	; 0x60
    75e2:	9307      	str	r3, [sp, #28]
    75e4:	9b0a      	ldr	r3, [sp, #40]	; 0x28
    75e6:	3b41      	subs	r3, #65	; 0x41
    75e8:	2b25      	cmp	r3, #37	; 0x25
    75ea:	f200 8379 	bhi.w	7ce0 <_svfprintf_r+0x14f8>
    75ee:	e8df f013 	tbh	[pc, r3, lsl #1]
    75f2:	0453      	.short	0x0453
    75f4:	03770377 	.word	0x03770377
    75f8:	044c0377 	.word	0x044c0377
    75fc:	03770450 	.word	0x03770450
    7600:	03770377 	.word	0x03770377
    7604:	03770377 	.word	0x03770377
    7608:	03770377 	.word	0x03770377
    760c:	03770377 	.word	0x03770377
    7610:	03770377 	.word	0x03770377
    7614:	03770377 	.word	0x03770377
    7618:	03770377 	.word	0x03770377
    761c:	03770377 	.word	0x03770377
    7620:	03770377 	.word	0x03770377
    7624:	03770377 	.word	0x03770377
    7628:	03770377 	.word	0x03770377
    762c:	03770377 	.word	0x03770377
    7630:	03770377 	.word	0x03770377
    7634:	03770377 	.word	0x03770377
    7638:	044c0377 	.word	0x044c0377
    763c:	0450      	.short	0x0450
    763e:	930a      	str	r3, [sp, #40]	; 0x28
    7640:	465d      	mov	r5, fp
    7642:	f7ff bbee 	b.w	6e22 <_svfprintf_r+0x63a>
    7646:	930a      	str	r3, [sp, #40]	; 0x28
    7648:	4bb9      	ldr	r3, [pc, #740]	; (7930 <_svfprintf_r+0x1148>)
    764a:	9312      	str	r3, [sp, #72]	; 0x48
    764c:	f01b 0120 	ands.w	r1, fp, #32
    7650:	f000 80ff 	beq.w	7852 <_svfprintf_r+0x106a>
    7654:	9b08      	ldr	r3, [sp, #32]
    7656:	3307      	adds	r3, #7
    7658:	f023 0307 	bic.w	r3, r3, #7
    765c:	6859      	ldr	r1, [r3, #4]
    765e:	f853 2b08 	ldr.w	r2, [r3], #8
    7662:	9308      	str	r3, [sp, #32]
    7664:	f01b 0f01 	tst.w	fp, #1
    7668:	d00a      	beq.n	7680 <_svfprintf_r+0xe98>
    766a:	ea52 0301 	orrs.w	r3, r2, r1
    766e:	d007      	beq.n	7680 <_svfprintf_r+0xe98>
    7670:	9b0a      	ldr	r3, [sp, #40]	; 0x28
    7672:	f88d 3071 	strb.w	r3, [sp, #113]	; 0x71
    7676:	2330      	movs	r3, #48	; 0x30
    7678:	f04b 0b02 	orr.w	fp, fp, #2
    767c:	f88d 3070 	strb.w	r3, [sp, #112]	; 0x70
    7680:	f42b 6580 	bic.w	r5, fp, #1024	; 0x400
    7684:	2302      	movs	r3, #2
    7686:	f7ff bb62 	b.w	6d4e <_svfprintf_r+0x566>
    768a:	930a      	str	r3, [sp, #40]	; 0x28
    768c:	f7ff bbb6 	b.w	6dfc <_svfprintf_r+0x614>
    7690:	930a      	str	r3, [sp, #40]	; 0x28
    7692:	4ba8      	ldr	r3, [pc, #672]	; (7934 <_svfprintf_r+0x114c>)
    7694:	9312      	str	r3, [sp, #72]	; 0x48
    7696:	e7d9      	b.n	764c <_svfprintf_r+0xe64>
    7698:	9b08      	ldr	r3, [sp, #32]
    769a:	2101      	movs	r1, #1
    769c:	f853 2b04 	ldr.w	r2, [r3], #4
    76a0:	9102      	str	r1, [sp, #8]
    76a2:	f88d 20e4 	strb.w	r2, [sp, #228]	; 0xe4
    76a6:	9308      	str	r3, [sp, #32]
    76a8:	9105      	str	r1, [sp, #20]
    76aa:	ac39      	add	r4, sp, #228	; 0xe4
    76ac:	f7ff bab5 	b.w	6c1a <_svfprintf_r+0x432>
    76b0:	ee1a 1a10 	vmov	r1, s20
    76b4:	aa26      	add	r2, sp, #152	; 0x98
    76b6:	4650      	mov	r0, sl
    76b8:	f002 f96a 	bl	9990 <__ssprint_r>
    76bc:	2800      	cmp	r0, #0
    76be:	f47f ad0e 	bne.w	70de <_svfprintf_r+0x8f6>
    76c2:	9e28      	ldr	r6, [sp, #160]	; 0xa0
    76c4:	f10d 09a4 	add.w	r9, sp, #164	; 0xa4
    76c8:	e462      	b.n	6f90 <_svfprintf_r+0x7a8>
    76ca:	2140      	movs	r1, #64	; 0x40
    76cc:	4650      	mov	r0, sl
    76ce:	f7fd faf9 	bl	4cc4 <_malloc_r>
    76d2:	6020      	str	r0, [r4, #0]
    76d4:	6120      	str	r0, [r4, #16]
    76d6:	2800      	cmp	r0, #0
    76d8:	f000 8662 	beq.w	83a0 <_svfprintf_r+0x1bb8>
    76dc:	2340      	movs	r3, #64	; 0x40
    76de:	6163      	str	r3, [r4, #20]
    76e0:	f7ff b8a1 	b.w	6826 <_svfprintf_r+0x3e>
    76e4:	9b03      	ldr	r3, [sp, #12]
    76e6:	9407      	str	r4, [sp, #28]
    76e8:	2b06      	cmp	r3, #6
    76ea:	4621      	mov	r1, r4
    76ec:	bf28      	it	cs
    76ee:	2306      	movcs	r3, #6
    76f0:	9403      	str	r4, [sp, #12]
    76f2:	4622      	mov	r2, r4
    76f4:	9302      	str	r3, [sp, #8]
    76f6:	4c90      	ldr	r4, [pc, #576]	; (7938 <_svfprintf_r+0x1150>)
    76f8:	9708      	str	r7, [sp, #32]
    76fa:	9305      	str	r3, [sp, #20]
    76fc:	910c      	str	r1, [sp, #48]	; 0x30
    76fe:	9110      	str	r1, [sp, #64]	; 0x40
    7700:	910b      	str	r1, [sp, #44]	; 0x2c
    7702:	f7ff ba64 	b.w	6bce <_svfprintf_r+0x3e6>
    7706:	2f10      	cmp	r7, #16
    7708:	9b27      	ldr	r3, [sp, #156]	; 0x9c
    770a:	4d8c      	ldr	r5, [pc, #560]	; (793c <_svfprintf_r+0x1154>)
    770c:	f340 824e 	ble.w	7bac <_svfprintf_r+0x13c4>
    7710:	4632      	mov	r2, r6
    7712:	ee1a 6a10 	vmov	r6, s20
    7716:	e005      	b.n	7724 <_svfprintf_r+0xf3c>
    7718:	f109 0908 	add.w	r9, r9, #8
    771c:	3f10      	subs	r7, #16
    771e:	2f10      	cmp	r7, #16
    7720:	f340 8243 	ble.w	7baa <_svfprintf_r+0x13c2>
    7724:	3301      	adds	r3, #1
    7726:	3210      	adds	r2, #16
    7728:	2110      	movs	r1, #16
    772a:	2b07      	cmp	r3, #7
    772c:	e9cd 3227 	strd	r3, r2, [sp, #156]	; 0x9c
    7730:	f8c9 5000 	str.w	r5, [r9]
    7734:	f8c9 1004 	str.w	r1, [r9, #4]
    7738:	ddee      	ble.n	7718 <_svfprintf_r+0xf30>
    773a:	aa26      	add	r2, sp, #152	; 0x98
    773c:	4631      	mov	r1, r6
    773e:	4650      	mov	r0, sl
    7740:	f002 f926 	bl	9990 <__ssprint_r>
    7744:	2800      	cmp	r0, #0
    7746:	f47f acca 	bne.w	70de <_svfprintf_r+0x8f6>
    774a:	e9dd 3227 	ldrd	r3, r2, [sp, #156]	; 0x9c
    774e:	f10d 09a4 	add.w	r9, sp, #164	; 0xa4
    7752:	e7e3      	b.n	771c <_svfprintf_r+0xf34>
    7754:	9b0d      	ldr	r3, [sp, #52]	; 0x34
    7756:	9d05      	ldr	r5, [sp, #20]
    7758:	f8cd b014 	str.w	fp, [sp, #20]
    775c:	f8dd b040 	ldr.w	fp, [sp, #64]	; 0x40
    7760:	f8cd 8024 	str.w	r8, [sp, #36]	; 0x24
    7764:	18e3      	adds	r3, r4, r3
    7766:	9303      	str	r3, [sp, #12]
    7768:	464a      	mov	r2, r9
    776a:	9f14      	ldr	r7, [sp, #80]	; 0x50
    776c:	f8dd 805c 	ldr.w	r8, [sp, #92]	; 0x5c
    7770:	9b0c      	ldr	r3, [sp, #48]	; 0x30
    7772:	940a      	str	r4, [sp, #40]	; 0x28
    7774:	ee1a 9a10 	vmov	r9, s20
    7778:	46b4      	mov	ip, r6
    777a:	f1bb 0f00 	cmp.w	fp, #0
    777e:	d030      	beq.n	77e2 <_svfprintf_r+0xffa>
    7780:	bb93      	cbnz	r3, 77e8 <_svfprintf_r+0x1000>
    7782:	3f01      	subs	r7, #1
    7784:	f10b 3bff 	add.w	fp, fp, #4294967295
    7788:	9b16      	ldr	r3, [sp, #88]	; 0x58
    778a:	e9c2 3800 	strd	r3, r8, [r2]
    778e:	9b27      	ldr	r3, [sp, #156]	; 0x9c
    7790:	3301      	adds	r3, #1
    7792:	44c4      	add	ip, r8
    7794:	2b07      	cmp	r3, #7
    7796:	f8cd c0a0 	str.w	ip, [sp, #160]	; 0xa0
    779a:	9327      	str	r3, [sp, #156]	; 0x9c
    779c:	dc62      	bgt.n	7864 <_svfprintf_r+0x107c>
    779e:	3208      	adds	r2, #8
    77a0:	9b03      	ldr	r3, [sp, #12]
    77a2:	7838      	ldrb	r0, [r7, #0]
    77a4:	1b5b      	subs	r3, r3, r5
    77a6:	4283      	cmp	r3, r0
    77a8:	bfa8      	it	ge
    77aa:	4603      	movge	r3, r0
    77ac:	2b00      	cmp	r3, #0
    77ae:	461e      	mov	r6, r3
    77b0:	dd0c      	ble.n	77cc <_svfprintf_r+0xfe4>
    77b2:	9827      	ldr	r0, [sp, #156]	; 0x9c
    77b4:	3001      	adds	r0, #1
    77b6:	449c      	add	ip, r3
    77b8:	2807      	cmp	r0, #7
    77ba:	e9c2 5300 	strd	r5, r3, [r2]
    77be:	f8cd c0a0 	str.w	ip, [sp, #160]	; 0xa0
    77c2:	9027      	str	r0, [sp, #156]	; 0x9c
    77c4:	f300 8159 	bgt.w	7a7a <_svfprintf_r+0x1292>
    77c8:	7838      	ldrb	r0, [r7, #0]
    77ca:	3208      	adds	r2, #8
    77cc:	2e00      	cmp	r6, #0
    77ce:	bfac      	ite	ge
    77d0:	1b84      	subge	r4, r0, r6
    77d2:	4604      	movlt	r4, r0
    77d4:	2c00      	cmp	r4, #0
    77d6:	dc0b      	bgt.n	77f0 <_svfprintf_r+0x1008>
    77d8:	4405      	add	r5, r0
    77da:	9b0c      	ldr	r3, [sp, #48]	; 0x30
    77dc:	f1bb 0f00 	cmp.w	fp, #0
    77e0:	d1ce      	bne.n	7780 <_svfprintf_r+0xf98>
    77e2:	2b00      	cmp	r3, #0
    77e4:	f000 83d4 	beq.w	7f90 <_svfprintf_r+0x17a8>
    77e8:	9b0c      	ldr	r3, [sp, #48]	; 0x30
    77ea:	3b01      	subs	r3, #1
    77ec:	930c      	str	r3, [sp, #48]	; 0x30
    77ee:	e7cb      	b.n	7788 <_svfprintf_r+0xfa0>
    77f0:	2c10      	cmp	r4, #16
    77f2:	9827      	ldr	r0, [sp, #156]	; 0x9c
    77f4:	dd1f      	ble.n	7836 <_svfprintf_r+0x104e>
    77f6:	2610      	movs	r6, #16
    77f8:	4663      	mov	r3, ip
    77fa:	e004      	b.n	7806 <_svfprintf_r+0x101e>
    77fc:	3c10      	subs	r4, #16
    77fe:	2c10      	cmp	r4, #16
    7800:	f102 0208 	add.w	r2, r2, #8
    7804:	dd16      	ble.n	7834 <_svfprintf_r+0x104c>
    7806:	3001      	adds	r0, #1
    7808:	494c      	ldr	r1, [pc, #304]	; (793c <_svfprintf_r+0x1154>)
    780a:	3310      	adds	r3, #16
    780c:	2807      	cmp	r0, #7
    780e:	e9c2 1600 	strd	r1, r6, [r2]
    7812:	e9cd 0327 	strd	r0, r3, [sp, #156]	; 0x9c
    7816:	ddf1      	ble.n	77fc <_svfprintf_r+0x1014>
    7818:	aa26      	add	r2, sp, #152	; 0x98
    781a:	4649      	mov	r1, r9
    781c:	4650      	mov	r0, sl
    781e:	f002 f8b7 	bl	9990 <__ssprint_r>
    7822:	2800      	cmp	r0, #0
    7824:	f47f ac5b 	bne.w	70de <_svfprintf_r+0x8f6>
    7828:	3c10      	subs	r4, #16
    782a:	2c10      	cmp	r4, #16
    782c:	e9dd 0327 	ldrd	r0, r3, [sp, #156]	; 0x9c
    7830:	aa29      	add	r2, sp, #164	; 0xa4
    7832:	dce8      	bgt.n	7806 <_svfprintf_r+0x101e>
    7834:	469c      	mov	ip, r3
    7836:	3001      	adds	r0, #1
    7838:	4b40      	ldr	r3, [pc, #256]	; (793c <_svfprintf_r+0x1154>)
    783a:	6054      	str	r4, [r2, #4]
    783c:	44a4      	add	ip, r4
    783e:	2807      	cmp	r0, #7
    7840:	e9cd 0c27 	strd	r0, ip, [sp, #156]	; 0x9c
    7844:	6013      	str	r3, [r2, #0]
    7846:	f300 83fa 	bgt.w	803e <_svfprintf_r+0x1856>
    784a:	7838      	ldrb	r0, [r7, #0]
    784c:	3208      	adds	r2, #8
    784e:	4405      	add	r5, r0
    7850:	e7c3      	b.n	77da <_svfprintf_r+0xff2>
    7852:	f01b 0310 	ands.w	r3, fp, #16
    7856:	f000 80bc 	beq.w	79d2 <_svfprintf_r+0x11ea>
    785a:	9b08      	ldr	r3, [sp, #32]
    785c:	f853 2b04 	ldr.w	r2, [r3], #4
    7860:	9308      	str	r3, [sp, #32]
    7862:	e6ff      	b.n	7664 <_svfprintf_r+0xe7c>
    7864:	aa26      	add	r2, sp, #152	; 0x98
    7866:	4649      	mov	r1, r9
    7868:	4650      	mov	r0, sl
    786a:	f002 f891 	bl	9990 <__ssprint_r>
    786e:	2800      	cmp	r0, #0
    7870:	f47f ac35 	bne.w	70de <_svfprintf_r+0x8f6>
    7874:	f8dd c0a0 	ldr.w	ip, [sp, #160]	; 0xa0
    7878:	aa29      	add	r2, sp, #164	; 0xa4
    787a:	e791      	b.n	77a0 <_svfprintf_r+0xfb8>
    787c:	f405 6080 	and.w	r0, r5, #1024	; 0x400
    7880:	2600      	movs	r6, #0
    7882:	f8cd 8008 	str.w	r8, [sp, #8]
    7886:	9505      	str	r5, [sp, #20]
    7888:	4b2d      	ldr	r3, [pc, #180]	; (7940 <_svfprintf_r+0x1158>)
    788a:	f8dd 8050 	ldr.w	r8, [sp, #80]	; 0x50
    788e:	ee0a aa90 	vmov	s21, sl
    7892:	ac52      	add	r4, sp, #328	; 0x148
    7894:	f04f 3bcc 	mov.w	fp, #3435973836	; 0xcccccccc
    7898:	46b4      	mov	ip, r6
    789a:	4605      	mov	r5, r0
    789c:	e005      	b.n	78aa <_svfprintf_r+0x10c2>
    789e:	2a0a      	cmp	r2, #10
    78a0:	f171 0100 	sbcs.w	r1, r1, #0
    78a4:	d334      	bcc.n	7910 <_svfprintf_r+0x1128>
    78a6:	4652      	mov	r2, sl
    78a8:	4639      	mov	r1, r7
    78aa:	1850      	adds	r0, r2, r1
    78ac:	f140 0000 	adc.w	r0, r0, #0
    78b0:	fba3 6700 	umull	r6, r7, r3, r0
    78b4:	f027 0603 	bic.w	r6, r7, #3
    78b8:	eb06 0697 	add.w	r6, r6, r7, lsr #2
    78bc:	1b80      	subs	r0, r0, r6
    78be:	1a16      	subs	r6, r2, r0
    78c0:	f161 0e00 	sbc.w	lr, r1, #0
    78c4:	fb0b f706 	mul.w	r7, fp, r6
    78c8:	fb03 770e 	mla	r7, r3, lr, r7
    78cc:	fba6 a603 	umull	sl, r6, r6, r3
    78d0:	4437      	add	r7, r6
    78d2:	f00a 0e01 	and.w	lr, sl, #1
    78d6:	2605      	movs	r6, #5
    78d8:	fbae 6e06 	umull	r6, lr, lr, r6
    78dc:	1830      	adds	r0, r6, r0
    78de:	ea4f 0a5a 	mov.w	sl, sl, lsr #1
    78e2:	3030      	adds	r0, #48	; 0x30
    78e4:	f804 0c01 	strb.w	r0, [r4, #-1]
    78e8:	ea4a 7ac7 	orr.w	sl, sl, r7, lsl #31
    78ec:	f10c 0c01 	add.w	ip, ip, #1
    78f0:	3c01      	subs	r4, #1
    78f2:	087f      	lsrs	r7, r7, #1
    78f4:	2d00      	cmp	r5, #0
    78f6:	d0d2      	beq.n	789e <_svfprintf_r+0x10b6>
    78f8:	f898 0000 	ldrb.w	r0, [r8]
    78fc:	4584      	cmp	ip, r0
    78fe:	d1ce      	bne.n	789e <_svfprintf_r+0x10b6>
    7900:	f1bc 0fff 	cmp.w	ip, #255	; 0xff
    7904:	d0cb      	beq.n	789e <_svfprintf_r+0x10b6>
    7906:	2a0a      	cmp	r2, #10
    7908:	f171 0100 	sbcs.w	r1, r1, #0
    790c:	f080 815d 	bcs.w	7bca <_svfprintf_r+0x13e2>
    7910:	9d05      	ldr	r5, [sp, #20]
    7912:	f8cd 8050 	str.w	r8, [sp, #80]	; 0x50
    7916:	ab52      	add	r3, sp, #328	; 0x148
    7918:	1b1b      	subs	r3, r3, r4
    791a:	f8dd 8008 	ldr.w	r8, [sp, #8]
    791e:	f8cd c034 	str.w	ip, [sp, #52]	; 0x34
    7922:	ee1a aa90 	vmov	sl, s21
    7926:	46ab      	mov	fp, r5
    7928:	9305      	str	r3, [sp, #20]
    792a:	f7ff bad7 	b.w	6edc <_svfprintf_r+0x6f4>
    792e:	bf00      	nop
    7930:	0000be14 	.word	0x0000be14
    7934:	0000be28 	.word	0x0000be28
    7938:	0000be3c 	.word	0x0000be3c
    793c:	0000be58 	.word	0x0000be58
    7940:	cccccccd 	.word	0xcccccccd
    7944:	ee1a 1a10 	vmov	r1, s20
    7948:	aa26      	add	r2, sp, #152	; 0x98
    794a:	4650      	mov	r0, sl
    794c:	9318      	str	r3, [sp, #96]	; 0x60
    794e:	f002 f81f 	bl	9990 <__ssprint_r>
    7952:	2800      	cmp	r0, #0
    7954:	f47f abc3 	bne.w	70de <_svfprintf_r+0x8f6>
    7958:	f89d 206f 	ldrb.w	r2, [sp, #111]	; 0x6f
    795c:	9e28      	ldr	r6, [sp, #160]	; 0xa0
    795e:	9b18      	ldr	r3, [sp, #96]	; 0x60
    7960:	f10d 09a4 	add.w	r9, sp, #164	; 0xa4
    7964:	f7ff b890 	b.w	6a88 <_svfprintf_r+0x2a0>
    7968:	2301      	movs	r3, #1
    796a:	f8c9 3004 	str.w	r3, [r9, #4]
    796e:	9b27      	ldr	r3, [sp, #156]	; 0x9c
    7970:	4abe      	ldr	r2, [pc, #760]	; (7c6c <_svfprintf_r+0x1484>)
    7972:	f8c9 2000 	str.w	r2, [r9]
    7976:	3301      	adds	r3, #1
    7978:	3601      	adds	r6, #1
    797a:	2b07      	cmp	r3, #7
    797c:	9628      	str	r6, [sp, #160]	; 0xa0
    797e:	9327      	str	r3, [sp, #156]	; 0x9c
    7980:	f300 817a 	bgt.w	7c78 <_svfprintf_r+0x1490>
    7984:	f109 0908 	add.w	r9, r9, #8
    7988:	2900      	cmp	r1, #0
    798a:	f040 80ae 	bne.w	7aea <_svfprintf_r+0x1302>
    798e:	9a0d      	ldr	r2, [sp, #52]	; 0x34
    7990:	f00b 0301 	and.w	r3, fp, #1
    7994:	4313      	orrs	r3, r2
    7996:	f43f a8b8 	beq.w	6b0a <_svfprintf_r+0x322>
    799a:	9b11      	ldr	r3, [sp, #68]	; 0x44
    799c:	9913      	ldr	r1, [sp, #76]	; 0x4c
    799e:	199a      	adds	r2, r3, r6
    79a0:	e9c9 1300 	strd	r1, r3, [r9]
    79a4:	9b27      	ldr	r3, [sp, #156]	; 0x9c
    79a6:	9228      	str	r2, [sp, #160]	; 0xa0
    79a8:	3301      	adds	r3, #1
    79aa:	2b07      	cmp	r3, #7
    79ac:	9327      	str	r3, [sp, #156]	; 0x9c
    79ae:	f300 8259 	bgt.w	7e64 <_svfprintf_r+0x167c>
    79b2:	f109 0908 	add.w	r9, r9, #8
    79b6:	990d      	ldr	r1, [sp, #52]	; 0x34
    79b8:	f8c9 4000 	str.w	r4, [r9]
    79bc:	3301      	adds	r3, #1
    79be:	188e      	adds	r6, r1, r2
    79c0:	2b07      	cmp	r3, #7
    79c2:	e9cd 3627 	strd	r3, r6, [sp, #156]	; 0x9c
    79c6:	f8c9 1004 	str.w	r1, [r9, #4]
    79ca:	f77f a89c 	ble.w	6b06 <_svfprintf_r+0x31e>
    79ce:	f7ff bbd5 	b.w	717c <_svfprintf_r+0x994>
    79d2:	f01b 0240 	ands.w	r2, fp, #64	; 0x40
    79d6:	f000 80be 	beq.w	7b56 <_svfprintf_r+0x136e>
    79da:	9808      	ldr	r0, [sp, #32]
    79dc:	f850 2b04 	ldr.w	r2, [r0], #4
    79e0:	9008      	str	r0, [sp, #32]
    79e2:	4619      	mov	r1, r3
    79e4:	b292      	uxth	r2, r2
    79e6:	e63d      	b.n	7664 <_svfprintf_r+0xe7c>
    79e8:	ee1a 1a10 	vmov	r1, s20
    79ec:	aa26      	add	r2, sp, #152	; 0x98
    79ee:	4650      	mov	r0, sl
    79f0:	f001 ffce 	bl	9990 <__ssprint_r>
    79f4:	2800      	cmp	r0, #0
    79f6:	f47f ab72 	bne.w	70de <_svfprintf_r+0x8f6>
    79fa:	9e28      	ldr	r6, [sp, #160]	; 0xa0
    79fc:	f10d 09a4 	add.w	r9, sp, #164	; 0xa4
    7a00:	f7ff bab3 	b.w	6f6a <_svfprintf_r+0x782>
    7a04:	ae24      	add	r6, sp, #144	; 0x90
    7a06:	2208      	movs	r2, #8
    7a08:	2100      	movs	r1, #0
    7a0a:	4630      	mov	r0, r6
    7a0c:	941f      	str	r4, [sp, #124]	; 0x7c
    7a0e:	f7fe f80d 	bl	5a2c <memset>
    7a12:	9b03      	ldr	r3, [sp, #12]
    7a14:	1c5a      	adds	r2, r3, #1
    7a16:	f000 80e8 	beq.w	7bea <_svfprintf_r+0x1402>
    7a1a:	2500      	movs	r5, #0
    7a1c:	f8cd 8008 	str.w	r8, [sp, #8]
    7a20:	f8cd b01c 	str.w	fp, [sp, #28]
    7a24:	46a8      	mov	r8, r5
    7a26:	469b      	mov	fp, r3
    7a28:	e00c      	b.n	7a44 <_svfprintf_r+0x125c>
    7a2a:	a939      	add	r1, sp, #228	; 0xe4
    7a2c:	4650      	mov	r0, sl
    7a2e:	f001 ff69 	bl	9904 <_wcrtomb_r>
    7a32:	1c43      	adds	r3, r0, #1
    7a34:	4440      	add	r0, r8
    7a36:	f000 840e 	beq.w	8256 <_svfprintf_r+0x1a6e>
    7a3a:	4558      	cmp	r0, fp
    7a3c:	dc08      	bgt.n	7a50 <_svfprintf_r+0x1268>
    7a3e:	f000 841a 	beq.w	8276 <_svfprintf_r+0x1a8e>
    7a42:	4680      	mov	r8, r0
    7a44:	9a1f      	ldr	r2, [sp, #124]	; 0x7c
    7a46:	5952      	ldr	r2, [r2, r5]
    7a48:	4633      	mov	r3, r6
    7a4a:	3504      	adds	r5, #4
    7a4c:	2a00      	cmp	r2, #0
    7a4e:	d1ec      	bne.n	7a2a <_svfprintf_r+0x1242>
    7a50:	f8cd 8014 	str.w	r8, [sp, #20]
    7a54:	f8dd b01c 	ldr.w	fp, [sp, #28]
    7a58:	f8dd 8008 	ldr.w	r8, [sp, #8]
    7a5c:	e0d2      	b.n	7c04 <_svfprintf_r+0x141c>
    7a5e:	4616      	mov	r6, r2
    7a60:	3301      	adds	r3, #1
    7a62:	4426      	add	r6, r4
    7a64:	2b07      	cmp	r3, #7
    7a66:	f8c9 5000 	str.w	r5, [r9]
    7a6a:	f8c9 4004 	str.w	r4, [r9, #4]
    7a6e:	e9cd 3627 	strd	r3, r6, [sp, #156]	; 0x9c
    7a72:	f77f a848 	ble.w	6b06 <_svfprintf_r+0x31e>
    7a76:	f7ff bb81 	b.w	717c <_svfprintf_r+0x994>
    7a7a:	aa26      	add	r2, sp, #152	; 0x98
    7a7c:	4649      	mov	r1, r9
    7a7e:	4650      	mov	r0, sl
    7a80:	f001 ff86 	bl	9990 <__ssprint_r>
    7a84:	2800      	cmp	r0, #0
    7a86:	f47f ab2a 	bne.w	70de <_svfprintf_r+0x8f6>
    7a8a:	7838      	ldrb	r0, [r7, #0]
    7a8c:	f8dd c0a0 	ldr.w	ip, [sp, #160]	; 0xa0
    7a90:	aa29      	add	r2, sp, #164	; 0xa4
    7a92:	e69b      	b.n	77cc <_svfprintf_r+0xfe4>
    7a94:	ee1a 1a10 	vmov	r1, s20
    7a98:	aa26      	add	r2, sp, #152	; 0x98
    7a9a:	4650      	mov	r0, sl
    7a9c:	f001 ff78 	bl	9990 <__ssprint_r>
    7aa0:	2800      	cmp	r0, #0
    7aa2:	f47f ab1c 	bne.w	70de <_svfprintf_r+0x8f6>
    7aa6:	9e28      	ldr	r6, [sp, #160]	; 0xa0
    7aa8:	f10d 09a4 	add.w	r9, sp, #164	; 0xa4
    7aac:	f7ff b814 	b.w	6ad8 <_svfprintf_r+0x2f0>
    7ab0:	2b01      	cmp	r3, #1
    7ab2:	465d      	mov	r5, fp
    7ab4:	f47f a9fe 	bne.w	6eb4 <_svfprintf_r+0x6cc>
    7ab8:	f7ff bbac 	b.w	7214 <_svfprintf_r+0xa2c>
    7abc:	9b08      	ldr	r3, [sp, #32]
    7abe:	9904      	ldr	r1, [sp, #16]
    7ac0:	f853 2b04 	ldr.w	r2, [r3], #4
    7ac4:	4644      	mov	r4, r8
    7ac6:	6011      	str	r1, [r2, #0]
    7ac8:	9308      	str	r3, [sp, #32]
    7aca:	f7fe bebe 	b.w	684a <_svfprintf_r+0x62>
    7ace:	f8dd 800c 	ldr.w	r8, [sp, #12]
    7ad2:	f8c9 5000 	str.w	r5, [r9]
    7ad6:	3701      	adds	r7, #1
    7ad8:	4426      	add	r6, r4
    7ada:	2f07      	cmp	r7, #7
    7adc:	e9cd 7627 	strd	r7, r6, [sp, #156]	; 0x9c
    7ae0:	f8c9 4004 	str.w	r4, [r9, #4]
    7ae4:	f77f ab3b 	ble.w	715e <_svfprintf_r+0x976>
    7ae8:	e486      	b.n	73f8 <_svfprintf_r+0xc10>
    7aea:	9b11      	ldr	r3, [sp, #68]	; 0x44
    7aec:	9813      	ldr	r0, [sp, #76]	; 0x4c
    7aee:	199a      	adds	r2, r3, r6
    7af0:	e9c9 0300 	strd	r0, r3, [r9]
    7af4:	9b27      	ldr	r3, [sp, #156]	; 0x9c
    7af6:	9228      	str	r2, [sp, #160]	; 0xa0
    7af8:	3301      	adds	r3, #1
    7afa:	2b07      	cmp	r3, #7
    7afc:	9327      	str	r3, [sp, #156]	; 0x9c
    7afe:	f300 81b1 	bgt.w	7e64 <_svfprintf_r+0x167c>
    7b02:	f109 0908 	add.w	r9, r9, #8
    7b06:	2900      	cmp	r1, #0
    7b08:	f6bf af55 	bge.w	79b6 <_svfprintf_r+0x11ce>
    7b0c:	424f      	negs	r7, r1
    7b0e:	3110      	adds	r1, #16
    7b10:	4d57      	ldr	r5, [pc, #348]	; (7c70 <_svfprintf_r+0x1488>)
    7b12:	f280 836a 	bge.w	81ea <_svfprintf_r+0x1a02>
    7b16:	ee1a 1a10 	vmov	r1, s20
    7b1a:	2610      	movs	r6, #16
    7b1c:	e005      	b.n	7b2a <_svfprintf_r+0x1342>
    7b1e:	f109 0908 	add.w	r9, r9, #8
    7b22:	3f10      	subs	r7, #16
    7b24:	2f10      	cmp	r7, #16
    7b26:	f340 8360 	ble.w	81ea <_svfprintf_r+0x1a02>
    7b2a:	3301      	adds	r3, #1
    7b2c:	3210      	adds	r2, #16
    7b2e:	2b07      	cmp	r3, #7
    7b30:	e9c9 5600 	strd	r5, r6, [r9]
    7b34:	e9cd 3227 	strd	r3, r2, [sp, #156]	; 0x9c
    7b38:	ddf1      	ble.n	7b1e <_svfprintf_r+0x1336>
    7b3a:	aa26      	add	r2, sp, #152	; 0x98
    7b3c:	4650      	mov	r0, sl
    7b3e:	9103      	str	r1, [sp, #12]
    7b40:	f001 ff26 	bl	9990 <__ssprint_r>
    7b44:	2800      	cmp	r0, #0
    7b46:	f47f aaca 	bne.w	70de <_svfprintf_r+0x8f6>
    7b4a:	e9dd 3227 	ldrd	r3, r2, [sp, #156]	; 0x9c
    7b4e:	9903      	ldr	r1, [sp, #12]
    7b50:	f10d 09a4 	add.w	r9, sp, #164	; 0xa4
    7b54:	e7e5      	b.n	7b22 <_svfprintf_r+0x133a>
    7b56:	9b08      	ldr	r3, [sp, #32]
    7b58:	f41b 7100 	ands.w	r1, fp, #512	; 0x200
    7b5c:	bf1a      	itte	ne
    7b5e:	4611      	movne	r1, r2
    7b60:	f853 2b04 	ldrne.w	r2, [r3], #4
    7b64:	f853 2b04 	ldreq.w	r2, [r3], #4
    7b68:	9308      	str	r3, [sp, #32]
    7b6a:	bf18      	it	ne
    7b6c:	b2d2      	uxtbne	r2, r2
    7b6e:	e579      	b.n	7664 <_svfprintf_r+0xe7c>
    7b70:	9b08      	ldr	r3, [sp, #32]
    7b72:	f415 7100 	ands.w	r1, r5, #512	; 0x200
    7b76:	bf1a      	itte	ne
    7b78:	4611      	movne	r1, r2
    7b7a:	f853 2b04 	ldrne.w	r2, [r3], #4
    7b7e:	f853 2b04 	ldreq.w	r2, [r3], #4
    7b82:	9308      	str	r3, [sp, #32]
    7b84:	bf18      	it	ne
    7b86:	b2d2      	uxtbne	r2, r2
    7b88:	2301      	movs	r3, #1
    7b8a:	f7ff b8e0 	b.w	6d4e <_svfprintf_r+0x566>
    7b8e:	9b08      	ldr	r3, [sp, #32]
    7b90:	f41b 7100 	ands.w	r1, fp, #512	; 0x200
    7b94:	bf1a      	itte	ne
    7b96:	4611      	movne	r1, r2
    7b98:	f853 2b04 	ldrne.w	r2, [r3], #4
    7b9c:	f853 2b04 	ldreq.w	r2, [r3], #4
    7ba0:	9308      	str	r3, [sp, #32]
    7ba2:	bf18      	it	ne
    7ba4:	b2d2      	uxtbne	r2, r2
    7ba6:	f7ff b935 	b.w	6e14 <_svfprintf_r+0x62c>
    7baa:	4616      	mov	r6, r2
    7bac:	3301      	adds	r3, #1
    7bae:	443e      	add	r6, r7
    7bb0:	2b07      	cmp	r3, #7
    7bb2:	e9cd 3627 	strd	r3, r6, [sp, #156]	; 0x9c
    7bb6:	f8c9 5000 	str.w	r5, [r9]
    7bba:	f8c9 7004 	str.w	r7, [r9, #4]
    7bbe:	f300 8143 	bgt.w	7e48 <_svfprintf_r+0x1660>
    7bc2:	f109 0908 	add.w	r9, r9, #8
    7bc6:	f7ff bba6 	b.w	7316 <_svfprintf_r+0xb2e>
    7bca:	9b17      	ldr	r3, [sp, #92]	; 0x5c
    7bcc:	9916      	ldr	r1, [sp, #88]	; 0x58
    7bce:	1ae4      	subs	r4, r4, r3
    7bd0:	461a      	mov	r2, r3
    7bd2:	4620      	mov	r0, r4
    7bd4:	f7fd ff7c 	bl	5ad0 <strncpy>
    7bd8:	f898 2001 	ldrb.w	r2, [r8, #1]
    7bdc:	4b25      	ldr	r3, [pc, #148]	; (7c74 <_svfprintf_r+0x148c>)
    7bde:	b10a      	cbz	r2, 7be4 <_svfprintf_r+0x13fc>
    7be0:	f108 0801 	add.w	r8, r8, #1
    7be4:	f04f 0c00 	mov.w	ip, #0
    7be8:	e65d      	b.n	78a6 <_svfprintf_r+0x10be>
    7bea:	2300      	movs	r3, #0
    7bec:	4619      	mov	r1, r3
    7bee:	9600      	str	r6, [sp, #0]
    7bf0:	aa1f      	add	r2, sp, #124	; 0x7c
    7bf2:	4650      	mov	r0, sl
    7bf4:	f001 feac 	bl	9950 <_wcsrtombs_r>
    7bf8:	4603      	mov	r3, r0
    7bfa:	3301      	adds	r3, #1
    7bfc:	9005      	str	r0, [sp, #20]
    7bfe:	f000 832a 	beq.w	8256 <_svfprintf_r+0x1a6e>
    7c02:	941f      	str	r4, [sp, #124]	; 0x7c
    7c04:	9b05      	ldr	r3, [sp, #20]
    7c06:	2b00      	cmp	r3, #0
    7c08:	d044      	beq.n	7c94 <_svfprintf_r+0x14ac>
    7c0a:	2b63      	cmp	r3, #99	; 0x63
    7c0c:	f340 8118 	ble.w	7e40 <_svfprintf_r+0x1658>
    7c10:	1c59      	adds	r1, r3, #1
    7c12:	4650      	mov	r0, sl
    7c14:	f7fd f856 	bl	4cc4 <_malloc_r>
    7c18:	4604      	mov	r4, r0
    7c1a:	2800      	cmp	r0, #0
    7c1c:	f000 831b 	beq.w	8256 <_svfprintf_r+0x1a6e>
    7c20:	9007      	str	r0, [sp, #28]
    7c22:	2208      	movs	r2, #8
    7c24:	2100      	movs	r1, #0
    7c26:	4630      	mov	r0, r6
    7c28:	f7fd ff00 	bl	5a2c <memset>
    7c2c:	9d05      	ldr	r5, [sp, #20]
    7c2e:	9600      	str	r6, [sp, #0]
    7c30:	462b      	mov	r3, r5
    7c32:	aa1f      	add	r2, sp, #124	; 0x7c
    7c34:	4621      	mov	r1, r4
    7c36:	4650      	mov	r0, sl
    7c38:	f001 fe8a 	bl	9950 <_wcsrtombs_r>
    7c3c:	4285      	cmp	r5, r0
    7c3e:	f040 83bb 	bne.w	83b8 <_svfprintf_r+0x1bd0>
    7c42:	9905      	ldr	r1, [sp, #20]
    7c44:	9708      	str	r7, [sp, #32]
    7c46:	2300      	movs	r3, #0
    7c48:	5463      	strb	r3, [r4, r1]
    7c4a:	ea21 71e1 	bic.w	r1, r1, r1, asr #31
    7c4e:	f89d 206f 	ldrb.w	r2, [sp, #111]	; 0x6f
    7c52:	9303      	str	r3, [sp, #12]
    7c54:	9102      	str	r1, [sp, #8]
    7c56:	930c      	str	r3, [sp, #48]	; 0x30
    7c58:	9310      	str	r3, [sp, #64]	; 0x40
    7c5a:	930b      	str	r3, [sp, #44]	; 0x2c
    7c5c:	f7fe bfb7 	b.w	6bce <_svfprintf_r+0x3e6>
    7c60:	222d      	movs	r2, #45	; 0x2d
    7c62:	f88d 206f 	strb.w	r2, [sp, #111]	; 0x6f
    7c66:	f7fe bfa1 	b.w	6bac <_svfprintf_r+0x3c4>
    7c6a:	bf00      	nop
    7c6c:	0000be44 	.word	0x0000be44
    7c70:	0000be58 	.word	0x0000be58
    7c74:	cccccccd 	.word	0xcccccccd
    7c78:	ee1a 1a10 	vmov	r1, s20
    7c7c:	aa26      	add	r2, sp, #152	; 0x98
    7c7e:	4650      	mov	r0, sl
    7c80:	f001 fe86 	bl	9990 <__ssprint_r>
    7c84:	2800      	cmp	r0, #0
    7c86:	f47f aa2a 	bne.w	70de <_svfprintf_r+0x8f6>
    7c8a:	991d      	ldr	r1, [sp, #116]	; 0x74
    7c8c:	9e28      	ldr	r6, [sp, #160]	; 0xa0
    7c8e:	f10d 09a4 	add.w	r9, sp, #164	; 0xa4
    7c92:	e679      	b.n	7988 <_svfprintf_r+0x11a0>
    7c94:	9b05      	ldr	r3, [sp, #20]
    7c96:	f89d 206f 	ldrb.w	r2, [sp, #111]	; 0x6f
    7c9a:	9708      	str	r7, [sp, #32]
    7c9c:	e9cd 3302 	strd	r3, r3, [sp, #8]
    7ca0:	930c      	str	r3, [sp, #48]	; 0x30
    7ca2:	9310      	str	r3, [sp, #64]	; 0x40
    7ca4:	930b      	str	r3, [sp, #44]	; 0x2c
    7ca6:	9307      	str	r3, [sp, #28]
    7ca8:	f7fe bf91 	b.w	6bce <_svfprintf_r+0x3e6>
    7cac:	9a0d      	ldr	r2, [sp, #52]	; 0x34
    7cae:	9905      	ldr	r1, [sp, #20]
    7cb0:	18a5      	adds	r5, r4, r2
    7cb2:	1a6d      	subs	r5, r5, r1
    7cb4:	1ad4      	subs	r4, r2, r3
    7cb6:	42a5      	cmp	r5, r4
    7cb8:	bfa8      	it	ge
    7cba:	4625      	movge	r5, r4
    7cbc:	f7ff bb60 	b.w	7380 <_svfprintf_r+0xb98>
    7cc0:	f913 2b04 	ldrsb.w	r2, [r3], #4
    7cc4:	9308      	str	r3, [sp, #32]
    7cc6:	17d1      	asrs	r1, r2, #31
    7cc8:	460b      	mov	r3, r1
    7cca:	f7fe bfef 	b.w	6cac <_svfprintf_r+0x4c4>
    7cce:	9b08      	ldr	r3, [sp, #32]
    7cd0:	9904      	ldr	r1, [sp, #16]
    7cd2:	f853 2b04 	ldr.w	r2, [r3], #4
    7cd6:	9308      	str	r3, [sp, #32]
    7cd8:	8011      	strh	r1, [r2, #0]
    7cda:	4644      	mov	r4, r8
    7cdc:	f7fe bdb5 	b.w	684a <_svfprintf_r+0x62>
    7ce0:	9e03      	ldr	r6, [sp, #12]
    7ce2:	2102      	movs	r1, #2
    7ce4:	ab24      	add	r3, sp, #144	; 0x90
    7ce6:	9301      	str	r3, [sp, #4]
    7ce8:	ab1f      	add	r3, sp, #124	; 0x7c
    7cea:	9300      	str	r3, [sp, #0]
    7cec:	4632      	mov	r2, r6
    7cee:	ab1d      	add	r3, sp, #116	; 0x74
    7cf0:	4650      	mov	r0, sl
    7cf2:	eeb0 0a48 	vmov.f32	s0, s16
    7cf6:	eef0 0a68 	vmov.f32	s1, s17
    7cfa:	f000 fe65 	bl	89c8 <_dtoa_r>
    7cfe:	9b02      	ldr	r3, [sp, #8]
    7d00:	2b47      	cmp	r3, #71	; 0x47
    7d02:	4604      	mov	r4, r0
    7d04:	f000 8195 	beq.w	8032 <_svfprintf_r+0x184a>
    7d08:	2b46      	cmp	r3, #70	; 0x46
    7d0a:	eb00 0506 	add.w	r5, r0, r6
    7d0e:	d105      	bne.n	7d1c <_svfprintf_r+0x1534>
    7d10:	7803      	ldrb	r3, [r0, #0]
    7d12:	2b30      	cmp	r3, #48	; 0x30
    7d14:	f000 830e 	beq.w	8334 <_svfprintf_r+0x1b4c>
    7d18:	9e1d      	ldr	r6, [sp, #116]	; 0x74
    7d1a:	4435      	add	r5, r6
    7d1c:	ec51 0b18 	vmov	r0, r1, d8
    7d20:	2200      	movs	r2, #0
    7d22:	2300      	movs	r3, #0
    7d24:	f7fc ff86 	bl	4c34 <__aeabi_dcmpeq>
    7d28:	2800      	cmp	r0, #0
    7d2a:	f000 8176 	beq.w	801a <_svfprintf_r+0x1832>
    7d2e:	462b      	mov	r3, r5
    7d30:	1b1b      	subs	r3, r3, r4
    7d32:	930d      	str	r3, [sp, #52]	; 0x34
    7d34:	9b02      	ldr	r3, [sp, #8]
    7d36:	2b47      	cmp	r3, #71	; 0x47
    7d38:	f000 813b 	beq.w	7fb2 <_svfprintf_r+0x17ca>
    7d3c:	9b02      	ldr	r3, [sp, #8]
    7d3e:	2b46      	cmp	r3, #70	; 0x46
    7d40:	f000 81fb 	beq.w	813a <_svfprintf_r+0x1952>
    7d44:	9b1d      	ldr	r3, [sp, #116]	; 0x74
    7d46:	930b      	str	r3, [sp, #44]	; 0x2c
    7d48:	9b0b      	ldr	r3, [sp, #44]	; 0x2c
    7d4a:	9a02      	ldr	r2, [sp, #8]
    7d4c:	3b01      	subs	r3, #1
    7d4e:	2a41      	cmp	r2, #65	; 0x41
    7d50:	931d      	str	r3, [sp, #116]	; 0x74
    7d52:	f000 822d 	beq.w	81b0 <_svfprintf_r+0x19c8>
    7d56:	f89d 2028 	ldrb.w	r2, [sp, #40]	; 0x28
    7d5a:	2100      	movs	r1, #0
    7d5c:	2b00      	cmp	r3, #0
    7d5e:	bfb8      	it	lt
    7d60:	9b0b      	ldrlt	r3, [sp, #44]	; 0x2c
    7d62:	f88d 2080 	strb.w	r2, [sp, #128]	; 0x80
    7d66:	bfba      	itte	lt
    7d68:	f1c3 0301 	rsblt	r3, r3, #1
    7d6c:	222d      	movlt	r2, #45	; 0x2d
    7d6e:	222b      	movge	r2, #43	; 0x2b
    7d70:	2b09      	cmp	r3, #9
    7d72:	f88d 2081 	strb.w	r2, [sp, #129]	; 0x81
    7d76:	f340 8220 	ble.w	81ba <_svfprintf_r+0x19d2>
    7d7a:	f10d 0597 	add.w	r5, sp, #151	; 0x97
    7d7e:	4eb7      	ldr	r6, [pc, #732]	; (805c <_svfprintf_r+0x1874>)
    7d80:	462a      	mov	r2, r5
    7d82:	4610      	mov	r0, r2
    7d84:	fb86 2103 	smull	r2, r1, r6, r3
    7d88:	17da      	asrs	r2, r3, #31
    7d8a:	ebc2 02a1 	rsb	r2, r2, r1, asr #2
    7d8e:	eb02 0182 	add.w	r1, r2, r2, lsl #2
    7d92:	eba3 0141 	sub.w	r1, r3, r1, lsl #1
    7d96:	3130      	adds	r1, #48	; 0x30
    7d98:	f800 1c01 	strb.w	r1, [r0, #-1]
    7d9c:	4619      	mov	r1, r3
    7d9e:	2963      	cmp	r1, #99	; 0x63
    7da0:	4613      	mov	r3, r2
    7da2:	f100 32ff 	add.w	r2, r0, #4294967295
    7da6:	dcec      	bgt.n	7d82 <_svfprintf_r+0x159a>
    7da8:	3330      	adds	r3, #48	; 0x30
    7daa:	b2d9      	uxtb	r1, r3
    7dac:	1e83      	subs	r3, r0, #2
    7dae:	429d      	cmp	r5, r3
    7db0:	f802 1c01 	strb.w	r1, [r2, #-1]
    7db4:	f240 82cb 	bls.w	834e <_svfprintf_r+0x1b66>
    7db8:	4613      	mov	r3, r2
    7dba:	f10d 0282 	add.w	r2, sp, #130	; 0x82
    7dbe:	e001      	b.n	7dc4 <_svfprintf_r+0x15dc>
    7dc0:	f813 1b01 	ldrb.w	r1, [r3], #1
    7dc4:	f802 1b01 	strb.w	r1, [r2], #1
    7dc8:	429d      	cmp	r5, r3
    7dca:	d1f9      	bne.n	7dc0 <_svfprintf_r+0x15d8>
    7dcc:	f10d 0399 	add.w	r3, sp, #153	; 0x99
    7dd0:	f10d 0282 	add.w	r2, sp, #130	; 0x82
    7dd4:	1a1b      	subs	r3, r3, r0
    7dd6:	4413      	add	r3, r2
    7dd8:	aa20      	add	r2, sp, #128	; 0x80
    7dda:	1a9b      	subs	r3, r3, r2
    7ddc:	9315      	str	r3, [sp, #84]	; 0x54
    7dde:	9b0d      	ldr	r3, [sp, #52]	; 0x34
    7de0:	9a15      	ldr	r2, [sp, #84]	; 0x54
    7de2:	2b01      	cmp	r3, #1
    7de4:	441a      	add	r2, r3
    7de6:	9205      	str	r2, [sp, #20]
    7de8:	f340 823e 	ble.w	8268 <_svfprintf_r+0x1a80>
    7dec:	9b05      	ldr	r3, [sp, #20]
    7dee:	9a11      	ldr	r2, [sp, #68]	; 0x44
    7df0:	4413      	add	r3, r2
    7df2:	9305      	str	r3, [sp, #20]
    7df4:	9b09      	ldr	r3, [sp, #36]	; 0x24
    7df6:	9a05      	ldr	r2, [sp, #20]
    7df8:	f423 6380 	bic.w	r3, r3, #1024	; 0x400
    7dfc:	f443 7b80 	orr.w	fp, r3, #256	; 0x100
    7e00:	ea22 72e2 	bic.w	r2, r2, r2, asr #31
    7e04:	2300      	movs	r3, #0
    7e06:	930c      	str	r3, [sp, #48]	; 0x30
    7e08:	9202      	str	r2, [sp, #8]
    7e0a:	9310      	str	r3, [sp, #64]	; 0x40
    7e0c:	930b      	str	r3, [sp, #44]	; 0x2c
    7e0e:	9b18      	ldr	r3, [sp, #96]	; 0x60
    7e10:	2b00      	cmp	r3, #0
    7e12:	f040 80dc 	bne.w	7fce <_svfprintf_r+0x17e6>
    7e16:	f89d 206f 	ldrb.w	r2, [sp, #111]	; 0x6f
    7e1a:	9303      	str	r3, [sp, #12]
    7e1c:	f7fe bed7 	b.w	6bce <_svfprintf_r+0x3e6>
    7e20:	4620      	mov	r0, r4
    7e22:	9708      	str	r7, [sp, #32]
    7e24:	f7fd ff2c 	bl	5c80 <strlen>
    7e28:	4601      	mov	r1, r0
    7e2a:	9005      	str	r0, [sp, #20]
    7e2c:	f7fe bf22 	b.w	6c74 <_svfprintf_r+0x48c>
    7e30:	ee1a 1a10 	vmov	r1, s20
    7e34:	aa26      	add	r2, sp, #152	; 0x98
    7e36:	4650      	mov	r0, sl
    7e38:	f001 fdaa 	bl	9990 <__ssprint_r>
    7e3c:	f7fe bddf 	b.w	69fe <_svfprintf_r+0x216>
    7e40:	2300      	movs	r3, #0
    7e42:	9307      	str	r3, [sp, #28]
    7e44:	ac39      	add	r4, sp, #228	; 0xe4
    7e46:	e6ec      	b.n	7c22 <_svfprintf_r+0x143a>
    7e48:	ee1a 1a10 	vmov	r1, s20
    7e4c:	aa26      	add	r2, sp, #152	; 0x98
    7e4e:	4650      	mov	r0, sl
    7e50:	f001 fd9e 	bl	9990 <__ssprint_r>
    7e54:	2800      	cmp	r0, #0
    7e56:	f47f a942 	bne.w	70de <_svfprintf_r+0x8f6>
    7e5a:	9e28      	ldr	r6, [sp, #160]	; 0xa0
    7e5c:	f10d 09a4 	add.w	r9, sp, #164	; 0xa4
    7e60:	f7ff ba59 	b.w	7316 <_svfprintf_r+0xb2e>
    7e64:	ee1a 1a10 	vmov	r1, s20
    7e68:	aa26      	add	r2, sp, #152	; 0x98
    7e6a:	4650      	mov	r0, sl
    7e6c:	f001 fd90 	bl	9990 <__ssprint_r>
    7e70:	2800      	cmp	r0, #0
    7e72:	f47f a934 	bne.w	70de <_svfprintf_r+0x8f6>
    7e76:	e9dd 3227 	ldrd	r3, r2, [sp, #156]	; 0x9c
    7e7a:	991d      	ldr	r1, [sp, #116]	; 0x74
    7e7c:	f10d 09a4 	add.w	r9, sp, #164	; 0xa4
    7e80:	e641      	b.n	7b06 <_svfprintf_r+0x131e>
    7e82:	2306      	movs	r3, #6
    7e84:	9303      	str	r3, [sp, #12]
    7e86:	f7ff bb9d 	b.w	75c4 <_svfprintf_r+0xddc>
    7e8a:	9b03      	ldr	r3, [sp, #12]
    7e8c:	2102      	movs	r1, #2
    7e8e:	1c5e      	adds	r6, r3, #1
    7e90:	e728      	b.n	7ce4 <_svfprintf_r+0x14fc>
    7e92:	9e03      	ldr	r6, [sp, #12]
    7e94:	2103      	movs	r1, #3
    7e96:	e725      	b.n	7ce4 <_svfprintf_r+0x14fc>
    7e98:	a81d      	add	r0, sp, #116	; 0x74
    7e9a:	eeb0 0a48 	vmov.f32	s0, s16
    7e9e:	eef0 0a68 	vmov.f32	s1, s17
    7ea2:	f000 fc25 	bl	86f0 <frexp>
    7ea6:	2200      	movs	r2, #0
    7ea8:	f04f 537f 	mov.w	r3, #1069547520	; 0x3fc00000
    7eac:	ec51 0b10 	vmov	r0, r1, d0
    7eb0:	f003 fa1c 	bl	b2ec <__aeabi_dmul>
    7eb4:	2200      	movs	r2, #0
    7eb6:	2300      	movs	r3, #0
    7eb8:	4606      	mov	r6, r0
    7eba:	460f      	mov	r7, r1
    7ebc:	f7fc feba 	bl	4c34 <__aeabi_dcmpeq>
    7ec0:	b108      	cbz	r0, 7ec6 <_svfprintf_r+0x16de>
    7ec2:	2301      	movs	r3, #1
    7ec4:	931d      	str	r3, [sp, #116]	; 0x74
    7ec6:	4b66      	ldr	r3, [pc, #408]	; (8060 <_svfprintf_r+0x1878>)
    7ec8:	9305      	str	r3, [sp, #20]
    7eca:	9b03      	ldr	r3, [sp, #12]
    7ecc:	f8cd 802c 	str.w	r8, [sp, #44]	; 0x2c
    7ed0:	3b01      	subs	r3, #1
    7ed2:	ee0a aa90 	vmov	s21, sl
    7ed6:	e9cd 9b0c 	strd	r9, fp, [sp, #48]	; 0x30
    7eda:	f8dd a014 	ldr.w	sl, [sp, #20]
    7ede:	9410      	str	r4, [sp, #64]	; 0x40
    7ee0:	4625      	mov	r5, r4
    7ee2:	4698      	mov	r8, r3
    7ee4:	e006      	b.n	7ef4 <_svfprintf_r+0x170c>
    7ee6:	2200      	movs	r2, #0
    7ee8:	2300      	movs	r3, #0
    7eea:	f108 38ff 	add.w	r8, r8, #4294967295
    7eee:	f7fc fea1 	bl	4c34 <__aeabi_dcmpeq>
    7ef2:	b9e8      	cbnz	r0, 7f30 <_svfprintf_r+0x1748>
    7ef4:	4b5b      	ldr	r3, [pc, #364]	; (8064 <_svfprintf_r+0x187c>)
    7ef6:	2200      	movs	r2, #0
    7ef8:	4630      	mov	r0, r6
    7efa:	4639      	mov	r1, r7
    7efc:	f003 f9f6 	bl	b2ec <__aeabi_dmul>
    7f00:	460f      	mov	r7, r1
    7f02:	4606      	mov	r6, r0
    7f04:	f003 fc04 	bl	b710 <__aeabi_d2iz>
    7f08:	4604      	mov	r4, r0
    7f0a:	f7fc fdd3 	bl	4ab4 <__aeabi_i2d>
    7f0e:	460b      	mov	r3, r1
    7f10:	4602      	mov	r2, r0
    7f12:	4639      	mov	r1, r7
    7f14:	4630      	mov	r0, r6
    7f16:	f7fc fc7f 	bl	4818 <__aeabi_dsub>
    7f1a:	f81a 3004 	ldrb.w	r3, [sl, r4]
    7f1e:	f1b8 3fff 	cmp.w	r8, #4294967295
    7f22:	46ab      	mov	fp, r5
    7f24:	46c1      	mov	r9, r8
    7f26:	f805 3b01 	strb.w	r3, [r5], #1
    7f2a:	4606      	mov	r6, r0
    7f2c:	460f      	mov	r7, r1
    7f2e:	d1da      	bne.n	7ee6 <_svfprintf_r+0x16fe>
    7f30:	4b4d      	ldr	r3, [pc, #308]	; (8068 <_svfprintf_r+0x1880>)
    7f32:	f8dd 802c 	ldr.w	r8, [sp, #44]	; 0x2c
    7f36:	f8cd 902c 	str.w	r9, [sp, #44]	; 0x2c
    7f3a:	2200      	movs	r2, #0
    7f3c:	4630      	mov	r0, r6
    7f3e:	4639      	mov	r1, r7
    7f40:	f8dd 9030 	ldr.w	r9, [sp, #48]	; 0x30
    7f44:	f8cd b030 	str.w	fp, [sp, #48]	; 0x30
    7f48:	ee1a aa90 	vmov	sl, s21
    7f4c:	f8dd b034 	ldr.w	fp, [sp, #52]	; 0x34
    7f50:	940d      	str	r4, [sp, #52]	; 0x34
    7f52:	9c10      	ldr	r4, [sp, #64]	; 0x40
    7f54:	f7fc fe96 	bl	4c84 <__aeabi_dcmpgt>
    7f58:	2800      	cmp	r0, #0
    7f5a:	f040 8160 	bne.w	821e <_svfprintf_r+0x1a36>
    7f5e:	4b42      	ldr	r3, [pc, #264]	; (8068 <_svfprintf_r+0x1880>)
    7f60:	4630      	mov	r0, r6
    7f62:	4639      	mov	r1, r7
    7f64:	2200      	movs	r2, #0
    7f66:	f7fc fe65 	bl	4c34 <__aeabi_dcmpeq>
    7f6a:	b118      	cbz	r0, 7f74 <_svfprintf_r+0x178c>
    7f6c:	9b0d      	ldr	r3, [sp, #52]	; 0x34
    7f6e:	07de      	lsls	r6, r3, #31
    7f70:	f100 8155 	bmi.w	821e <_svfprintf_r+0x1a36>
    7f74:	9b0b      	ldr	r3, [sp, #44]	; 0x2c
    7f76:	2b00      	cmp	r3, #0
    7f78:	db07      	blt.n	7f8a <_svfprintf_r+0x17a2>
    7f7a:	9b0b      	ldr	r3, [sp, #44]	; 0x2c
    7f7c:	3301      	adds	r3, #1
    7f7e:	442b      	add	r3, r5
    7f80:	2230      	movs	r2, #48	; 0x30
    7f82:	f805 2b01 	strb.w	r2, [r5], #1
    7f86:	42ab      	cmp	r3, r5
    7f88:	d1fb      	bne.n	7f82 <_svfprintf_r+0x179a>
    7f8a:	1b2b      	subs	r3, r5, r4
    7f8c:	930d      	str	r3, [sp, #52]	; 0x34
    7f8e:	e6d1      	b.n	7d34 <_svfprintf_r+0x154c>
    7f90:	9c0a      	ldr	r4, [sp, #40]	; 0x28
    7f92:	9b0d      	ldr	r3, [sp, #52]	; 0x34
    7f94:	f8dd b014 	ldr.w	fp, [sp, #20]
    7f98:	f8dd 8024 	ldr.w	r8, [sp, #36]	; 0x24
    7f9c:	9714      	str	r7, [sp, #80]	; 0x50
    7f9e:	18e3      	adds	r3, r4, r3
    7fa0:	429d      	cmp	r5, r3
    7fa2:	4691      	mov	r9, r2
    7fa4:	462a      	mov	r2, r5
    7fa6:	bf28      	it	cs
    7fa8:	461a      	movcs	r2, r3
    7faa:	4666      	mov	r6, ip
    7fac:	9205      	str	r2, [sp, #20]
    7fae:	f7ff b9b9 	b.w	7324 <_svfprintf_r+0xb3c>
    7fb2:	9b1d      	ldr	r3, [sp, #116]	; 0x74
    7fb4:	930b      	str	r3, [sp, #44]	; 0x2c
    7fb6:	1cdd      	adds	r5, r3, #3
    7fb8:	db02      	blt.n	7fc0 <_svfprintf_r+0x17d8>
    7fba:	9a03      	ldr	r2, [sp, #12]
    7fbc:	4293      	cmp	r3, r2
    7fbe:	dd0d      	ble.n	7fdc <_svfprintf_r+0x17f4>
    7fc0:	9b0a      	ldr	r3, [sp, #40]	; 0x28
    7fc2:	3b02      	subs	r3, #2
    7fc4:	930a      	str	r3, [sp, #40]	; 0x28
    7fc6:	f023 0320 	bic.w	r3, r3, #32
    7fca:	9302      	str	r3, [sp, #8]
    7fcc:	e6bc      	b.n	7d48 <_svfprintf_r+0x1560>
    7fce:	222d      	movs	r2, #45	; 0x2d
    7fd0:	2300      	movs	r3, #0
    7fd2:	f88d 206f 	strb.w	r2, [sp, #111]	; 0x6f
    7fd6:	9303      	str	r3, [sp, #12]
    7fd8:	f7fe bdfc 	b.w	6bd4 <_svfprintf_r+0x3ec>
    7fdc:	9b0b      	ldr	r3, [sp, #44]	; 0x2c
    7fde:	9a0d      	ldr	r2, [sp, #52]	; 0x34
    7fe0:	4293      	cmp	r3, r2
    7fe2:	f2c0 80d8 	blt.w	8196 <_svfprintf_r+0x19ae>
    7fe6:	9b09      	ldr	r3, [sp, #36]	; 0x24
    7fe8:	f013 0f01 	tst.w	r3, #1
    7fec:	9b0b      	ldr	r3, [sp, #44]	; 0x2c
    7fee:	f000 8140 	beq.w	8272 <_svfprintf_r+0x1a8a>
    7ff2:	9a11      	ldr	r2, [sp, #68]	; 0x44
    7ff4:	4413      	add	r3, r2
    7ff6:	9305      	str	r3, [sp, #20]
    7ff8:	9b09      	ldr	r3, [sp, #36]	; 0x24
    7ffa:	0559      	lsls	r1, r3, #21
    7ffc:	d503      	bpl.n	8006 <_svfprintf_r+0x181e>
    7ffe:	9b0b      	ldr	r3, [sp, #44]	; 0x2c
    8000:	2b00      	cmp	r3, #0
    8002:	f300 813f 	bgt.w	8284 <_svfprintf_r+0x1a9c>
    8006:	9b05      	ldr	r3, [sp, #20]
    8008:	ea23 73e3 	bic.w	r3, r3, r3, asr #31
    800c:	9302      	str	r3, [sp, #8]
    800e:	2367      	movs	r3, #103	; 0x67
    8010:	930a      	str	r3, [sp, #40]	; 0x28
    8012:	2300      	movs	r3, #0
    8014:	930c      	str	r3, [sp, #48]	; 0x30
    8016:	9310      	str	r3, [sp, #64]	; 0x40
    8018:	e6f9      	b.n	7e0e <_svfprintf_r+0x1626>
    801a:	9b24      	ldr	r3, [sp, #144]	; 0x90
    801c:	42ab      	cmp	r3, r5
    801e:	f4bf ae87 	bcs.w	7d30 <_svfprintf_r+0x1548>
    8022:	2130      	movs	r1, #48	; 0x30
    8024:	1c5a      	adds	r2, r3, #1
    8026:	9224      	str	r2, [sp, #144]	; 0x90
    8028:	7019      	strb	r1, [r3, #0]
    802a:	9b24      	ldr	r3, [sp, #144]	; 0x90
    802c:	429d      	cmp	r5, r3
    802e:	d8f9      	bhi.n	8024 <_svfprintf_r+0x183c>
    8030:	e67e      	b.n	7d30 <_svfprintf_r+0x1548>
    8032:	9b09      	ldr	r3, [sp, #36]	; 0x24
    8034:	07db      	lsls	r3, r3, #31
    8036:	f100 80b9 	bmi.w	81ac <_svfprintf_r+0x19c4>
    803a:	9b24      	ldr	r3, [sp, #144]	; 0x90
    803c:	e678      	b.n	7d30 <_svfprintf_r+0x1548>
    803e:	aa26      	add	r2, sp, #152	; 0x98
    8040:	4649      	mov	r1, r9
    8042:	4650      	mov	r0, sl
    8044:	f001 fca4 	bl	9990 <__ssprint_r>
    8048:	2800      	cmp	r0, #0
    804a:	f47f a848 	bne.w	70de <_svfprintf_r+0x8f6>
    804e:	7838      	ldrb	r0, [r7, #0]
    8050:	f8dd c0a0 	ldr.w	ip, [sp, #160]	; 0xa0
    8054:	aa29      	add	r2, sp, #164	; 0xa4
    8056:	4405      	add	r5, r0
    8058:	f7ff bbbf 	b.w	77da <_svfprintf_r+0xff2>
    805c:	66666667 	.word	0x66666667
    8060:	0000be28 	.word	0x0000be28
    8064:	40300000 	.word	0x40300000
    8068:	3fe00000 	.word	0x3fe00000
    806c:	2378      	movs	r3, #120	; 0x78
    806e:	f88d 3071 	strb.w	r3, [sp, #113]	; 0x71
    8072:	2330      	movs	r3, #48	; 0x30
    8074:	f88d 3070 	strb.w	r3, [sp, #112]	; 0x70
    8078:	f04b 0302 	orr.w	r3, fp, #2
    807c:	9309      	str	r3, [sp, #36]	; 0x24
    807e:	9b03      	ldr	r3, [sp, #12]
    8080:	2b63      	cmp	r3, #99	; 0x63
    8082:	f300 80a9 	bgt.w	81d8 <_svfprintf_r+0x19f0>
    8086:	2300      	movs	r3, #0
    8088:	9307      	str	r3, [sp, #28]
    808a:	ac39      	add	r4, sp, #228	; 0xe4
    808c:	e9dd 120e 	ldrd	r1, r2, [sp, #56]	; 0x38
    8090:	9b0a      	ldr	r3, [sp, #40]	; 0x28
    8092:	2a00      	cmp	r2, #0
    8094:	f023 0320 	bic.w	r3, r3, #32
    8098:	f44b 7b81 	orr.w	fp, fp, #258	; 0x102
    809c:	9302      	str	r3, [sp, #8]
    809e:	db22      	blt.n	80e6 <_svfprintf_r+0x18fe>
    80a0:	2300      	movs	r3, #0
    80a2:	ec42 1b18 	vmov	d8, r1, r2
    80a6:	9318      	str	r3, [sp, #96]	; 0x60
    80a8:	9b0a      	ldr	r3, [sp, #40]	; 0x28
    80aa:	2b61      	cmp	r3, #97	; 0x61
    80ac:	f47f aa9a 	bne.w	75e4 <_svfprintf_r+0xdfc>
    80b0:	eeb0 0a48 	vmov.f32	s0, s16
    80b4:	eef0 0a68 	vmov.f32	s1, s17
    80b8:	a81d      	add	r0, sp, #116	; 0x74
    80ba:	f000 fb19 	bl	86f0 <frexp>
    80be:	2200      	movs	r2, #0
    80c0:	f04f 537f 	mov.w	r3, #1069547520	; 0x3fc00000
    80c4:	ec51 0b10 	vmov	r0, r1, d0
    80c8:	f003 f910 	bl	b2ec <__aeabi_dmul>
    80cc:	2200      	movs	r2, #0
    80ce:	2300      	movs	r3, #0
    80d0:	4606      	mov	r6, r0
    80d2:	460f      	mov	r7, r1
    80d4:	f7fc fdae 	bl	4c34 <__aeabi_dcmpeq>
    80d8:	b108      	cbz	r0, 80de <_svfprintf_r+0x18f6>
    80da:	2301      	movs	r3, #1
    80dc:	931d      	str	r3, [sp, #116]	; 0x74
    80de:	4bad      	ldr	r3, [pc, #692]	; (8394 <_svfprintf_r+0x1bac>)
    80e0:	9305      	str	r3, [sp, #20]
    80e2:	e6f2      	b.n	7eca <_svfprintf_r+0x16e2>
    80e4:	9307      	str	r3, [sp, #28]
    80e6:	e9dd 230e 	ldrd	r2, r3, [sp, #56]	; 0x38
    80ea:	f103 4300 	add.w	r3, r3, #2147483648	; 0x80000000
    80ee:	ee08 3a90 	vmov	s17, r3
    80f2:	232d      	movs	r3, #45	; 0x2d
    80f4:	ee08 2a10 	vmov	s16, r2
    80f8:	9318      	str	r3, [sp, #96]	; 0x60
    80fa:	e7d5      	b.n	80a8 <_svfprintf_r+0x18c0>
    80fc:	ee1a 1a10 	vmov	r1, s20
    8100:	aa26      	add	r2, sp, #152	; 0x98
    8102:	4650      	mov	r0, sl
    8104:	f001 fc44 	bl	9990 <__ssprint_r>
    8108:	2800      	cmp	r0, #0
    810a:	f47e afe8 	bne.w	70de <_svfprintf_r+0x8f6>
    810e:	9e28      	ldr	r6, [sp, #160]	; 0xa0
    8110:	f10d 09a4 	add.w	r9, sp, #164	; 0xa4
    8114:	f7ff b8f8 	b.w	7308 <_svfprintf_r+0xb20>
    8118:	ee1a 1a10 	vmov	r1, s20
    811c:	aa26      	add	r2, sp, #152	; 0x98
    811e:	4650      	mov	r0, sl
    8120:	f001 fc36 	bl	9990 <__ssprint_r>
    8124:	2800      	cmp	r0, #0
    8126:	f47e afda 	bne.w	70de <_svfprintf_r+0x8f6>
    812a:	9b1d      	ldr	r3, [sp, #116]	; 0x74
    812c:	9e28      	ldr	r6, [sp, #160]	; 0xa0
    812e:	f10d 09a4 	add.w	r9, sp, #164	; 0xa4
    8132:	f7ff b90d 	b.w	7350 <_svfprintf_r+0xb68>
    8136:	2358      	movs	r3, #88	; 0x58
    8138:	e799      	b.n	806e <_svfprintf_r+0x1886>
    813a:	9a1d      	ldr	r2, [sp, #116]	; 0x74
    813c:	9b09      	ldr	r3, [sp, #36]	; 0x24
    813e:	920b      	str	r2, [sp, #44]	; 0x2c
    8140:	2a00      	cmp	r2, #0
    8142:	f003 0301 	and.w	r3, r3, #1
    8146:	f340 8111 	ble.w	836c <_svfprintf_r+0x1b84>
    814a:	9903      	ldr	r1, [sp, #12]
    814c:	430b      	orrs	r3, r1
    814e:	f040 80c1 	bne.w	82d4 <_svfprintf_r+0x1aec>
    8152:	9b0b      	ldr	r3, [sp, #44]	; 0x2c
    8154:	9305      	str	r3, [sp, #20]
    8156:	2366      	movs	r3, #102	; 0x66
    8158:	930a      	str	r3, [sp, #40]	; 0x28
    815a:	9b09      	ldr	r3, [sp, #36]	; 0x24
    815c:	055a      	lsls	r2, r3, #21
    815e:	f100 8093 	bmi.w	8288 <_svfprintf_r+0x1aa0>
    8162:	9b05      	ldr	r3, [sp, #20]
    8164:	ea23 73e3 	bic.w	r3, r3, r3, asr #31
    8168:	9302      	str	r3, [sp, #8]
    816a:	e752      	b.n	8012 <_svfprintf_r+0x182a>
    816c:	ee1a 1a10 	vmov	r1, s20
    8170:	aa26      	add	r2, sp, #152	; 0x98
    8172:	4650      	mov	r0, sl
    8174:	f001 fc0c 	bl	9990 <__ssprint_r>
    8178:	2800      	cmp	r0, #0
    817a:	f47e afb0 	bne.w	70de <_svfprintf_r+0x8f6>
    817e:	9c1d      	ldr	r4, [sp, #116]	; 0x74
    8180:	9b0d      	ldr	r3, [sp, #52]	; 0x34
    8182:	9e28      	ldr	r6, [sp, #160]	; 0xa0
    8184:	1b1c      	subs	r4, r3, r4
    8186:	f10d 09a4 	add.w	r9, sp, #164	; 0xa4
    818a:	f7ff b8f9 	b.w	7380 <_svfprintf_r+0xb98>
    818e:	2200      	movs	r2, #0
    8190:	9203      	str	r2, [sp, #12]
    8192:	f7fe bb87 	b.w	68a4 <_svfprintf_r+0xbc>
    8196:	9b0d      	ldr	r3, [sp, #52]	; 0x34
    8198:	9a11      	ldr	r2, [sp, #68]	; 0x44
    819a:	189a      	adds	r2, r3, r2
    819c:	9b0b      	ldr	r3, [sp, #44]	; 0x2c
    819e:	9205      	str	r2, [sp, #20]
    81a0:	2b00      	cmp	r3, #0
    81a2:	f340 80bd 	ble.w	8320 <_svfprintf_r+0x1b38>
    81a6:	2367      	movs	r3, #103	; 0x67
    81a8:	930a      	str	r3, [sp, #40]	; 0x28
    81aa:	e7d6      	b.n	815a <_svfprintf_r+0x1972>
    81ac:	19a5      	adds	r5, r4, r6
    81ae:	e5b5      	b.n	7d1c <_svfprintf_r+0x1534>
    81b0:	9a0a      	ldr	r2, [sp, #40]	; 0x28
    81b2:	320f      	adds	r2, #15
    81b4:	b2d2      	uxtb	r2, r2
    81b6:	2101      	movs	r1, #1
    81b8:	e5d0      	b.n	7d5c <_svfprintf_r+0x1574>
    81ba:	2900      	cmp	r1, #0
    81bc:	f040 80ad 	bne.w	831a <_svfprintf_r+0x1b32>
    81c0:	2230      	movs	r2, #48	; 0x30
    81c2:	f88d 2082 	strb.w	r2, [sp, #130]	; 0x82
    81c6:	f10d 0283 	add.w	r2, sp, #131	; 0x83
    81ca:	3330      	adds	r3, #48	; 0x30
    81cc:	f802 3b01 	strb.w	r3, [r2], #1
    81d0:	ab20      	add	r3, sp, #128	; 0x80
    81d2:	1ad3      	subs	r3, r2, r3
    81d4:	9315      	str	r3, [sp, #84]	; 0x54
    81d6:	e602      	b.n	7dde <_svfprintf_r+0x15f6>
    81d8:	1c59      	adds	r1, r3, #1
    81da:	4650      	mov	r0, sl
    81dc:	f7fc fd72 	bl	4cc4 <_malloc_r>
    81e0:	4604      	mov	r4, r0
    81e2:	2800      	cmp	r0, #0
    81e4:	d037      	beq.n	8256 <_svfprintf_r+0x1a6e>
    81e6:	9007      	str	r0, [sp, #28]
    81e8:	e750      	b.n	808c <_svfprintf_r+0x18a4>
    81ea:	3301      	adds	r3, #1
    81ec:	443a      	add	r2, r7
    81ee:	2b07      	cmp	r3, #7
    81f0:	e9cd 3227 	strd	r3, r2, [sp, #156]	; 0x9c
    81f4:	f8c9 5000 	str.w	r5, [r9]
    81f8:	f8c9 7004 	str.w	r7, [r9, #4]
    81fc:	f77f abd9 	ble.w	79b2 <_svfprintf_r+0x11ca>
    8200:	ee1a 1a10 	vmov	r1, s20
    8204:	aa26      	add	r2, sp, #152	; 0x98
    8206:	4650      	mov	r0, sl
    8208:	f001 fbc2 	bl	9990 <__ssprint_r>
    820c:	2800      	cmp	r0, #0
    820e:	f47e af66 	bne.w	70de <_svfprintf_r+0x8f6>
    8212:	e9dd 3227 	ldrd	r3, r2, [sp, #156]	; 0x9c
    8216:	f10d 09a4 	add.w	r9, sp, #164	; 0xa4
    821a:	f7ff bbcc 	b.w	79b6 <_svfprintf_r+0x11ce>
    821e:	9b0c      	ldr	r3, [sp, #48]	; 0x30
    8220:	9a05      	ldr	r2, [sp, #20]
    8222:	9324      	str	r3, [sp, #144]	; 0x90
    8224:	7bd1      	ldrb	r1, [r2, #15]
    8226:	f815 3c01 	ldrb.w	r3, [r5, #-1]
    822a:	428b      	cmp	r3, r1
    822c:	462a      	mov	r2, r5
    822e:	d109      	bne.n	8244 <_svfprintf_r+0x1a5c>
    8230:	2030      	movs	r0, #48	; 0x30
    8232:	f802 0c01 	strb.w	r0, [r2, #-1]
    8236:	9a24      	ldr	r2, [sp, #144]	; 0x90
    8238:	1e53      	subs	r3, r2, #1
    823a:	9324      	str	r3, [sp, #144]	; 0x90
    823c:	f812 3c01 	ldrb.w	r3, [r2, #-1]
    8240:	4299      	cmp	r1, r3
    8242:	d0f6      	beq.n	8232 <_svfprintf_r+0x1a4a>
    8244:	2b39      	cmp	r3, #57	; 0x39
    8246:	bf0b      	itete	eq
    8248:	9b05      	ldreq	r3, [sp, #20]
    824a:	3301      	addne	r3, #1
    824c:	7a9b      	ldrbeq	r3, [r3, #10]
    824e:	b2db      	uxtbne	r3, r3
    8250:	f802 3c01 	strb.w	r3, [r2, #-1]
    8254:	e699      	b.n	7f8a <_svfprintf_r+0x17a2>
    8256:	ee1a 2a10 	vmov	r2, s20
    825a:	f9b2 300c 	ldrsh.w	r3, [r2, #12]
    825e:	f043 0340 	orr.w	r3, r3, #64	; 0x40
    8262:	8193      	strh	r3, [r2, #12]
    8264:	f7fe bbcf 	b.w	6a06 <_svfprintf_r+0x21e>
    8268:	9b09      	ldr	r3, [sp, #36]	; 0x24
    826a:	07d8      	lsls	r0, r3, #31
    826c:	f57f adc2 	bpl.w	7df4 <_svfprintf_r+0x160c>
    8270:	e5bc      	b.n	7dec <_svfprintf_r+0x1604>
    8272:	9305      	str	r3, [sp, #20]
    8274:	e6c0      	b.n	7ff8 <_svfprintf_r+0x1810>
    8276:	9b03      	ldr	r3, [sp, #12]
    8278:	f8dd 8008 	ldr.w	r8, [sp, #8]
    827c:	f8dd b01c 	ldr.w	fp, [sp, #28]
    8280:	9305      	str	r3, [sp, #20]
    8282:	e4bf      	b.n	7c04 <_svfprintf_r+0x141c>
    8284:	2367      	movs	r3, #103	; 0x67
    8286:	930a      	str	r3, [sp, #40]	; 0x28
    8288:	9914      	ldr	r1, [sp, #80]	; 0x50
    828a:	780b      	ldrb	r3, [r1, #0]
    828c:	2bff      	cmp	r3, #255	; 0xff
    828e:	f000 808f 	beq.w	83b0 <_svfprintf_r+0x1bc8>
    8292:	2500      	movs	r5, #0
    8294:	9a0b      	ldr	r2, [sp, #44]	; 0x2c
    8296:	4628      	mov	r0, r5
    8298:	e003      	b.n	82a2 <_svfprintf_r+0x1aba>
    829a:	3001      	adds	r0, #1
    829c:	3101      	adds	r1, #1
    829e:	2bff      	cmp	r3, #255	; 0xff
    82a0:	d008      	beq.n	82b4 <_svfprintf_r+0x1acc>
    82a2:	4293      	cmp	r3, r2
    82a4:	da06      	bge.n	82b4 <_svfprintf_r+0x1acc>
    82a6:	1ad2      	subs	r2, r2, r3
    82a8:	784b      	ldrb	r3, [r1, #1]
    82aa:	2b00      	cmp	r3, #0
    82ac:	d1f5      	bne.n	829a <_svfprintf_r+0x1ab2>
    82ae:	780b      	ldrb	r3, [r1, #0]
    82b0:	3501      	adds	r5, #1
    82b2:	e7f4      	b.n	829e <_svfprintf_r+0x1ab6>
    82b4:	920b      	str	r2, [sp, #44]	; 0x2c
    82b6:	9114      	str	r1, [sp, #80]	; 0x50
    82b8:	9010      	str	r0, [sp, #64]	; 0x40
    82ba:	950c      	str	r5, [sp, #48]	; 0x30
    82bc:	9a0c      	ldr	r2, [sp, #48]	; 0x30
    82be:	9b10      	ldr	r3, [sp, #64]	; 0x40
    82c0:	9917      	ldr	r1, [sp, #92]	; 0x5c
    82c2:	4413      	add	r3, r2
    82c4:	9a05      	ldr	r2, [sp, #20]
    82c6:	fb01 2303 	mla	r3, r1, r3, r2
    82ca:	9305      	str	r3, [sp, #20]
    82cc:	ea23 73e3 	bic.w	r3, r3, r3, asr #31
    82d0:	9302      	str	r3, [sp, #8]
    82d2:	e59c      	b.n	7e0e <_svfprintf_r+0x1626>
    82d4:	9b11      	ldr	r3, [sp, #68]	; 0x44
    82d6:	18d5      	adds	r5, r2, r3
    82d8:	4429      	add	r1, r5
    82da:	2366      	movs	r3, #102	; 0x66
    82dc:	9105      	str	r1, [sp, #20]
    82de:	930a      	str	r3, [sp, #40]	; 0x28
    82e0:	e73b      	b.n	815a <_svfprintf_r+0x1972>
    82e2:	9b03      	ldr	r3, [sp, #12]
    82e4:	9302      	str	r3, [sp, #8]
    82e6:	9305      	str	r3, [sp, #20]
    82e8:	2373      	movs	r3, #115	; 0x73
    82ea:	f89d 206f 	ldrb.w	r2, [sp, #111]	; 0x6f
    82ee:	9708      	str	r7, [sp, #32]
    82f0:	9003      	str	r0, [sp, #12]
    82f2:	900c      	str	r0, [sp, #48]	; 0x30
    82f4:	9010      	str	r0, [sp, #64]	; 0x40
    82f6:	930a      	str	r3, [sp, #40]	; 0x28
    82f8:	f7fe bc69 	b.w	6bce <_svfprintf_r+0x3e6>
    82fc:	9b0f      	ldr	r3, [sp, #60]	; 0x3c
    82fe:	4c26      	ldr	r4, [pc, #152]	; (8398 <_svfprintf_r+0x1bb0>)
    8300:	2b00      	cmp	r3, #0
    8302:	bfb4      	ite	lt
    8304:	222d      	movlt	r2, #45	; 0x2d
    8306:	f89d 206f 	ldrbge.w	r2, [sp, #111]	; 0x6f
    830a:	4b24      	ldr	r3, [pc, #144]	; (839c <_svfprintf_r+0x1bb4>)
    830c:	bfb8      	it	lt
    830e:	f88d 206f 	strblt.w	r2, [sp, #111]	; 0x6f
    8312:	f02b 0b80 	bic.w	fp, fp, #128	; 0x80
    8316:	f7fe bc4d 	b.w	6bb4 <_svfprintf_r+0x3cc>
    831a:	f10d 0282 	add.w	r2, sp, #130	; 0x82
    831e:	e754      	b.n	81ca <_svfprintf_r+0x19e2>
    8320:	f1c3 0301 	rsb	r3, r3, #1
    8324:	441a      	add	r2, r3
    8326:	ea22 73e2 	bic.w	r3, r2, r2, asr #31
    832a:	9302      	str	r3, [sp, #8]
    832c:	2367      	movs	r3, #103	; 0x67
    832e:	9205      	str	r2, [sp, #20]
    8330:	930a      	str	r3, [sp, #40]	; 0x28
    8332:	e66e      	b.n	8012 <_svfprintf_r+0x182a>
    8334:	ec51 0b18 	vmov	r0, r1, d8
    8338:	2200      	movs	r2, #0
    833a:	2300      	movs	r3, #0
    833c:	f7fc fc7a 	bl	4c34 <__aeabi_dcmpeq>
    8340:	2800      	cmp	r0, #0
    8342:	f47f ace9 	bne.w	7d18 <_svfprintf_r+0x1530>
    8346:	f1c6 0601 	rsb	r6, r6, #1
    834a:	961d      	str	r6, [sp, #116]	; 0x74
    834c:	e4e5      	b.n	7d1a <_svfprintf_r+0x1532>
    834e:	2302      	movs	r3, #2
    8350:	9315      	str	r3, [sp, #84]	; 0x54
    8352:	e544      	b.n	7dde <_svfprintf_r+0x15f6>
    8354:	9a08      	ldr	r2, [sp, #32]
    8356:	f898 3001 	ldrb.w	r3, [r8, #1]
    835a:	4688      	mov	r8, r1
    835c:	f852 1b04 	ldr.w	r1, [r2], #4
    8360:	9208      	str	r2, [sp, #32]
    8362:	ea41 71e1 	orr.w	r1, r1, r1, asr #31
    8366:	9103      	str	r1, [sp, #12]
    8368:	f7fe ba9a 	b.w	68a0 <_svfprintf_r+0xb8>
    836c:	9a03      	ldr	r2, [sp, #12]
    836e:	4313      	orrs	r3, r2
    8370:	d105      	bne.n	837e <_svfprintf_r+0x1b96>
    8372:	2301      	movs	r3, #1
    8374:	2266      	movs	r2, #102	; 0x66
    8376:	9302      	str	r3, [sp, #8]
    8378:	920a      	str	r2, [sp, #40]	; 0x28
    837a:	9305      	str	r3, [sp, #20]
    837c:	e649      	b.n	8012 <_svfprintf_r+0x182a>
    837e:	9b11      	ldr	r3, [sp, #68]	; 0x44
    8380:	1c5d      	adds	r5, r3, #1
    8382:	442a      	add	r2, r5
    8384:	ea22 73e2 	bic.w	r3, r2, r2, asr #31
    8388:	9302      	str	r3, [sp, #8]
    838a:	2366      	movs	r3, #102	; 0x66
    838c:	9205      	str	r2, [sp, #20]
    838e:	930a      	str	r3, [sp, #40]	; 0x28
    8390:	e63f      	b.n	8012 <_svfprintf_r+0x182a>
    8392:	bf00      	nop
    8394:	0000be14 	.word	0x0000be14
    8398:	0000be0c 	.word	0x0000be0c
    839c:	0000be10 	.word	0x0000be10
    83a0:	230c      	movs	r3, #12
    83a2:	f8ca 3000 	str.w	r3, [sl]
    83a6:	f04f 33ff 	mov.w	r3, #4294967295
    83aa:	9304      	str	r3, [sp, #16]
    83ac:	f7fe bb32 	b.w	6a14 <_svfprintf_r+0x22c>
    83b0:	2300      	movs	r3, #0
    83b2:	930c      	str	r3, [sp, #48]	; 0x30
    83b4:	9310      	str	r3, [sp, #64]	; 0x40
    83b6:	e781      	b.n	82bc <_svfprintf_r+0x1ad4>
    83b8:	ee1a 2a10 	vmov	r2, s20
    83bc:	8993      	ldrh	r3, [r2, #12]
    83be:	f043 0340 	orr.w	r3, r3, #64	; 0x40
    83c2:	8193      	strh	r3, [r2, #12]
    83c4:	f7fe be8b 	b.w	70de <_svfprintf_r+0x8f6>

000083c8 <_fclose_r>:
    83c8:	b570      	push	{r4, r5, r6, lr}
    83ca:	2900      	cmp	r1, #0
    83cc:	d04b      	beq.n	8466 <_fclose_r+0x9e>
    83ce:	4606      	mov	r6, r0
    83d0:	460c      	mov	r4, r1
    83d2:	b110      	cbz	r0, 83da <_fclose_r+0x12>
    83d4:	6b43      	ldr	r3, [r0, #52]	; 0x34
    83d6:	2b00      	cmp	r3, #0
    83d8:	d048      	beq.n	846c <_fclose_r+0xa4>
    83da:	6e63      	ldr	r3, [r4, #100]	; 0x64
    83dc:	07d8      	lsls	r0, r3, #31
    83de:	d534      	bpl.n	844a <_fclose_r+0x82>
    83e0:	f9b4 300c 	ldrsh.w	r3, [r4, #12]
    83e4:	2b00      	cmp	r3, #0
    83e6:	d03e      	beq.n	8466 <_fclose_r+0x9e>
    83e8:	4621      	mov	r1, r4
    83ea:	4630      	mov	r0, r6
    83ec:	f000 f850 	bl	8490 <__sflush_r>
    83f0:	6ae3      	ldr	r3, [r4, #44]	; 0x2c
    83f2:	4605      	mov	r5, r0
    83f4:	b133      	cbz	r3, 8404 <_fclose_r+0x3c>
    83f6:	69e1      	ldr	r1, [r4, #28]
    83f8:	4630      	mov	r0, r6
    83fa:	4798      	blx	r3
    83fc:	2800      	cmp	r0, #0
    83fe:	bfb8      	it	lt
    8400:	f04f 35ff 	movlt.w	r5, #4294967295
    8404:	89a3      	ldrh	r3, [r4, #12]
    8406:	061a      	lsls	r2, r3, #24
    8408:	d43c      	bmi.n	8484 <_fclose_r+0xbc>
    840a:	6b21      	ldr	r1, [r4, #48]	; 0x30
    840c:	b141      	cbz	r1, 8420 <_fclose_r+0x58>
    840e:	f104 0340 	add.w	r3, r4, #64	; 0x40
    8412:	4299      	cmp	r1, r3
    8414:	d002      	beq.n	841c <_fclose_r+0x54>
    8416:	4630      	mov	r0, r6
    8418:	f7fd fd00 	bl	5e1c <_free_r>
    841c:	2300      	movs	r3, #0
    841e:	6323      	str	r3, [r4, #48]	; 0x30
    8420:	6c61      	ldr	r1, [r4, #68]	; 0x44
    8422:	b121      	cbz	r1, 842e <_fclose_r+0x66>
    8424:	4630      	mov	r0, r6
    8426:	f7fd fcf9 	bl	5e1c <_free_r>
    842a:	2300      	movs	r3, #0
    842c:	6463      	str	r3, [r4, #68]	; 0x44
    842e:	f7fd f9a5 	bl	577c <__sfp_lock_acquire>
    8432:	6e63      	ldr	r3, [r4, #100]	; 0x64
    8434:	2200      	movs	r2, #0
    8436:	07db      	lsls	r3, r3, #31
    8438:	81a2      	strh	r2, [r4, #12]
    843a:	d51f      	bpl.n	847c <_fclose_r+0xb4>
    843c:	6da0      	ldr	r0, [r4, #88]	; 0x58
    843e:	f7fd fc11 	bl	5c64 <__retarget_lock_close_recursive>
    8442:	f7fd f9a1 	bl	5788 <__sfp_lock_release>
    8446:	4628      	mov	r0, r5
    8448:	bd70      	pop	{r4, r5, r6, pc}
    844a:	89a3      	ldrh	r3, [r4, #12]
    844c:	0599      	lsls	r1, r3, #22
    844e:	d4cb      	bmi.n	83e8 <_fclose_r+0x20>
    8450:	6da0      	ldr	r0, [r4, #88]	; 0x58
    8452:	f7fd fc09 	bl	5c68 <__retarget_lock_acquire_recursive>
    8456:	f9b4 300c 	ldrsh.w	r3, [r4, #12]
    845a:	2b00      	cmp	r3, #0
    845c:	d1c4      	bne.n	83e8 <_fclose_r+0x20>
    845e:	6e65      	ldr	r5, [r4, #100]	; 0x64
    8460:	f015 0501 	ands.w	r5, r5, #1
    8464:	d005      	beq.n	8472 <_fclose_r+0xaa>
    8466:	2500      	movs	r5, #0
    8468:	4628      	mov	r0, r5
    846a:	bd70      	pop	{r4, r5, r6, pc}
    846c:	f7fd f968 	bl	5740 <__sinit>
    8470:	e7b3      	b.n	83da <_fclose_r+0x12>
    8472:	6da0      	ldr	r0, [r4, #88]	; 0x58
    8474:	f7fd fbfa 	bl	5c6c <__retarget_lock_release_recursive>
    8478:	4628      	mov	r0, r5
    847a:	bd70      	pop	{r4, r5, r6, pc}
    847c:	6da0      	ldr	r0, [r4, #88]	; 0x58
    847e:	f7fd fbf5 	bl	5c6c <__retarget_lock_release_recursive>
    8482:	e7db      	b.n	843c <_fclose_r+0x74>
    8484:	6921      	ldr	r1, [r4, #16]
    8486:	4630      	mov	r0, r6
    8488:	f7fd fcc8 	bl	5e1c <_free_r>
    848c:	e7bd      	b.n	840a <_fclose_r+0x42>
    848e:	bf00      	nop

00008490 <__sflush_r>:
    8490:	f9b1 200c 	ldrsh.w	r2, [r1, #12]
    8494:	e92d 41f0 	stmdb	sp!, {r4, r5, r6, r7, r8, lr}
    8498:	460c      	mov	r4, r1
    849a:	0711      	lsls	r1, r2, #28
    849c:	4680      	mov	r8, r0
    849e:	d447      	bmi.n	8530 <__sflush_r+0xa0>
    84a0:	6863      	ldr	r3, [r4, #4]
    84a2:	f442 6200 	orr.w	r2, r2, #2048	; 0x800
    84a6:	2b00      	cmp	r3, #0
    84a8:	81a2      	strh	r2, [r4, #12]
    84aa:	dd5e      	ble.n	856a <__sflush_r+0xda>
    84ac:	6aa5      	ldr	r5, [r4, #40]	; 0x28
    84ae:	2d00      	cmp	r5, #0
    84b0:	d058      	beq.n	8564 <__sflush_r+0xd4>
    84b2:	2300      	movs	r3, #0
    84b4:	f8d8 6000 	ldr.w	r6, [r8]
    84b8:	f8c8 3000 	str.w	r3, [r8]
    84bc:	b293      	uxth	r3, r2
    84be:	f412 5280 	ands.w	r2, r2, #4096	; 0x1000
    84c2:	d156      	bne.n	8572 <__sflush_r+0xe2>
    84c4:	2301      	movs	r3, #1
    84c6:	69e1      	ldr	r1, [r4, #28]
    84c8:	4640      	mov	r0, r8
    84ca:	47a8      	blx	r5
    84cc:	1c43      	adds	r3, r0, #1
    84ce:	d067      	beq.n	85a0 <__sflush_r+0x110>
    84d0:	89a3      	ldrh	r3, [r4, #12]
    84d2:	6aa5      	ldr	r5, [r4, #40]	; 0x28
    84d4:	075f      	lsls	r7, r3, #29
    84d6:	d505      	bpl.n	84e4 <__sflush_r+0x54>
    84d8:	6863      	ldr	r3, [r4, #4]
    84da:	1ac0      	subs	r0, r0, r3
    84dc:	6b23      	ldr	r3, [r4, #48]	; 0x30
    84de:	b10b      	cbz	r3, 84e4 <__sflush_r+0x54>
    84e0:	6be3      	ldr	r3, [r4, #60]	; 0x3c
    84e2:	1ac0      	subs	r0, r0, r3
    84e4:	69e1      	ldr	r1, [r4, #28]
    84e6:	4602      	mov	r2, r0
    84e8:	2300      	movs	r3, #0
    84ea:	4640      	mov	r0, r8
    84ec:	47a8      	blx	r5
    84ee:	1c41      	adds	r1, r0, #1
    84f0:	d141      	bne.n	8576 <__sflush_r+0xe6>
    84f2:	f8d8 3000 	ldr.w	r3, [r8]
    84f6:	2b00      	cmp	r3, #0
    84f8:	d03d      	beq.n	8576 <__sflush_r+0xe6>
    84fa:	2b1d      	cmp	r3, #29
    84fc:	d001      	beq.n	8502 <__sflush_r+0x72>
    84fe:	2b16      	cmp	r3, #22
    8500:	d156      	bne.n	85b0 <__sflush_r+0x120>
    8502:	89a3      	ldrh	r3, [r4, #12]
    8504:	6922      	ldr	r2, [r4, #16]
    8506:	6022      	str	r2, [r4, #0]
    8508:	f423 6300 	bic.w	r3, r3, #2048	; 0x800
    850c:	2100      	movs	r1, #0
    850e:	6061      	str	r1, [r4, #4]
    8510:	81a3      	strh	r3, [r4, #12]
    8512:	6b21      	ldr	r1, [r4, #48]	; 0x30
    8514:	f8c8 6000 	str.w	r6, [r8]
    8518:	b321      	cbz	r1, 8564 <__sflush_r+0xd4>
    851a:	f104 0340 	add.w	r3, r4, #64	; 0x40
    851e:	4299      	cmp	r1, r3
    8520:	d002      	beq.n	8528 <__sflush_r+0x98>
    8522:	4640      	mov	r0, r8
    8524:	f7fd fc7a 	bl	5e1c <_free_r>
    8528:	2000      	movs	r0, #0
    852a:	6320      	str	r0, [r4, #48]	; 0x30
    852c:	e8bd 81f0 	ldmia.w	sp!, {r4, r5, r6, r7, r8, pc}
    8530:	6926      	ldr	r6, [r4, #16]
    8532:	b1be      	cbz	r6, 8564 <__sflush_r+0xd4>
    8534:	b293      	uxth	r3, r2
    8536:	6825      	ldr	r5, [r4, #0]
    8538:	6026      	str	r6, [r4, #0]
    853a:	079a      	lsls	r2, r3, #30
    853c:	bf0c      	ite	eq
    853e:	6963      	ldreq	r3, [r4, #20]
    8540:	2300      	movne	r3, #0
    8542:	1bad      	subs	r5, r5, r6
    8544:	60a3      	str	r3, [r4, #8]
    8546:	e00b      	b.n	8560 <__sflush_r+0xd0>
    8548:	462b      	mov	r3, r5
    854a:	4632      	mov	r2, r6
    854c:	69e1      	ldr	r1, [r4, #28]
    854e:	6a67      	ldr	r7, [r4, #36]	; 0x24
    8550:	4640      	mov	r0, r8
    8552:	47b8      	blx	r7
    8554:	f1b0 0c00 	subs.w	ip, r0, #0
    8558:	eba5 050c 	sub.w	r5, r5, ip
    855c:	4466      	add	r6, ip
    855e:	dd17      	ble.n	8590 <__sflush_r+0x100>
    8560:	2d00      	cmp	r5, #0
    8562:	dcf1      	bgt.n	8548 <__sflush_r+0xb8>
    8564:	2000      	movs	r0, #0
    8566:	e8bd 81f0 	ldmia.w	sp!, {r4, r5, r6, r7, r8, pc}
    856a:	6be3      	ldr	r3, [r4, #60]	; 0x3c
    856c:	2b00      	cmp	r3, #0
    856e:	dc9d      	bgt.n	84ac <__sflush_r+0x1c>
    8570:	e7f8      	b.n	8564 <__sflush_r+0xd4>
    8572:	6d20      	ldr	r0, [r4, #80]	; 0x50
    8574:	e7ae      	b.n	84d4 <__sflush_r+0x44>
    8576:	f9b4 300c 	ldrsh.w	r3, [r4, #12]
    857a:	6922      	ldr	r2, [r4, #16]
    857c:	6022      	str	r2, [r4, #0]
    857e:	f423 6300 	bic.w	r3, r3, #2048	; 0x800
    8582:	81a3      	strh	r3, [r4, #12]
    8584:	2200      	movs	r2, #0
    8586:	04db      	lsls	r3, r3, #19
    8588:	6062      	str	r2, [r4, #4]
    858a:	d5c2      	bpl.n	8512 <__sflush_r+0x82>
    858c:	6520      	str	r0, [r4, #80]	; 0x50
    858e:	e7c0      	b.n	8512 <__sflush_r+0x82>
    8590:	89a3      	ldrh	r3, [r4, #12]
    8592:	f043 0340 	orr.w	r3, r3, #64	; 0x40
    8596:	f04f 30ff 	mov.w	r0, #4294967295
    859a:	81a3      	strh	r3, [r4, #12]
    859c:	e8bd 81f0 	ldmia.w	sp!, {r4, r5, r6, r7, r8, pc}
    85a0:	f8d8 3000 	ldr.w	r3, [r8]
    85a4:	2b00      	cmp	r3, #0
    85a6:	d093      	beq.n	84d0 <__sflush_r+0x40>
    85a8:	2b1d      	cmp	r3, #29
    85aa:	d006      	beq.n	85ba <__sflush_r+0x12a>
    85ac:	2b16      	cmp	r3, #22
    85ae:	d004      	beq.n	85ba <__sflush_r+0x12a>
    85b0:	89a3      	ldrh	r3, [r4, #12]
    85b2:	f043 0340 	orr.w	r3, r3, #64	; 0x40
    85b6:	81a3      	strh	r3, [r4, #12]
    85b8:	e7d5      	b.n	8566 <__sflush_r+0xd6>
    85ba:	f8c8 6000 	str.w	r6, [r8]
    85be:	e7d1      	b.n	8564 <__sflush_r+0xd4>

000085c0 <_fflush_r>:
    85c0:	b538      	push	{r3, r4, r5, lr}
    85c2:	460c      	mov	r4, r1
    85c4:	4605      	mov	r5, r0
    85c6:	b108      	cbz	r0, 85cc <_fflush_r+0xc>
    85c8:	6b43      	ldr	r3, [r0, #52]	; 0x34
    85ca:	b303      	cbz	r3, 860e <_fflush_r+0x4e>
    85cc:	f9b4 000c 	ldrsh.w	r0, [r4, #12]
    85d0:	b188      	cbz	r0, 85f6 <_fflush_r+0x36>
    85d2:	6e63      	ldr	r3, [r4, #100]	; 0x64
    85d4:	07db      	lsls	r3, r3, #31
    85d6:	d401      	bmi.n	85dc <_fflush_r+0x1c>
    85d8:	0581      	lsls	r1, r0, #22
    85da:	d50f      	bpl.n	85fc <_fflush_r+0x3c>
    85dc:	4628      	mov	r0, r5
    85de:	4621      	mov	r1, r4
    85e0:	f7ff ff56 	bl	8490 <__sflush_r>
    85e4:	6e63      	ldr	r3, [r4, #100]	; 0x64
    85e6:	07da      	lsls	r2, r3, #31
    85e8:	4605      	mov	r5, r0
    85ea:	d402      	bmi.n	85f2 <_fflush_r+0x32>
    85ec:	89a3      	ldrh	r3, [r4, #12]
    85ee:	059b      	lsls	r3, r3, #22
    85f0:	d508      	bpl.n	8604 <_fflush_r+0x44>
    85f2:	4628      	mov	r0, r5
    85f4:	bd38      	pop	{r3, r4, r5, pc}
    85f6:	4605      	mov	r5, r0
    85f8:	4628      	mov	r0, r5
    85fa:	bd38      	pop	{r3, r4, r5, pc}
    85fc:	6da0      	ldr	r0, [r4, #88]	; 0x58
    85fe:	f7fd fb33 	bl	5c68 <__retarget_lock_acquire_recursive>
    8602:	e7eb      	b.n	85dc <_fflush_r+0x1c>
    8604:	6da0      	ldr	r0, [r4, #88]	; 0x58
    8606:	f7fd fb31 	bl	5c6c <__retarget_lock_release_recursive>
    860a:	4628      	mov	r0, r5
    860c:	bd38      	pop	{r3, r4, r5, pc}
    860e:	f7fd f897 	bl	5740 <__sinit>
    8612:	e7db      	b.n	85cc <_fflush_r+0xc>

00008614 <_localeconv_r>:
    8614:	4800      	ldr	r0, [pc, #0]	; (8618 <_localeconv_r+0x4>)
    8616:	4770      	bx	lr
    8618:	1fff0d08 	.word	0x1fff0d08

0000861c <__libc_fini_array>:
    861c:	b538      	push	{r3, r4, r5, lr}
    861e:	4d07      	ldr	r5, [pc, #28]	; (863c <__libc_fini_array+0x20>)
    8620:	4c07      	ldr	r4, [pc, #28]	; (8640 <__libc_fini_array+0x24>)
    8622:	1b2c      	subs	r4, r5, r4
    8624:	10a4      	asrs	r4, r4, #2
    8626:	d005      	beq.n	8634 <__libc_fini_array+0x18>
    8628:	3c01      	subs	r4, #1
    862a:	f855 3d04 	ldr.w	r3, [r5, #-4]!
    862e:	4798      	blx	r3
    8630:	2c00      	cmp	r4, #0
    8632:	d1f9      	bne.n	8628 <__libc_fini_array+0xc>
    8634:	e8bd 4038 	ldmia.w	sp!, {r3, r4, r5, lr}
    8638:	f003 bc88 	b.w	bf4c <__init_array_end>
	...
    8644:	ffffffff 	.word	0xffffffff
    8648:	ffffffff 	.word	0xffffffff
    864c:	ffffffff 	.word	0xffffffff

00008650 <memchr>:
    8650:	f001 01ff 	and.w	r1, r1, #255	; 0xff
    8654:	2a10      	cmp	r2, #16
    8656:	db2b      	blt.n	86b0 <memchr+0x60>
    8658:	f010 0f07 	tst.w	r0, #7
    865c:	d008      	beq.n	8670 <memchr+0x20>
    865e:	f810 3b01 	ldrb.w	r3, [r0], #1
    8662:	3a01      	subs	r2, #1
    8664:	428b      	cmp	r3, r1
    8666:	d02d      	beq.n	86c4 <memchr+0x74>
    8668:	f010 0f07 	tst.w	r0, #7
    866c:	b342      	cbz	r2, 86c0 <memchr+0x70>
    866e:	d1f6      	bne.n	865e <memchr+0xe>
    8670:	b4f0      	push	{r4, r5, r6, r7}
    8672:	ea41 2101 	orr.w	r1, r1, r1, lsl #8
    8676:	ea41 4101 	orr.w	r1, r1, r1, lsl #16
    867a:	f022 0407 	bic.w	r4, r2, #7
    867e:	f07f 0700 	mvns.w	r7, #0
    8682:	2300      	movs	r3, #0
    8684:	e8f0 5602 	ldrd	r5, r6, [r0], #8
    8688:	3c08      	subs	r4, #8
    868a:	ea85 0501 	eor.w	r5, r5, r1
    868e:	ea86 0601 	eor.w	r6, r6, r1
    8692:	fa85 f547 	uadd8	r5, r5, r7
    8696:	faa3 f587 	sel	r5, r3, r7
    869a:	fa86 f647 	uadd8	r6, r6, r7
    869e:	faa5 f687 	sel	r6, r5, r7
    86a2:	b98e      	cbnz	r6, 86c8 <memchr+0x78>
    86a4:	d1ee      	bne.n	8684 <memchr+0x34>
    86a6:	bcf0      	pop	{r4, r5, r6, r7}
    86a8:	f001 01ff 	and.w	r1, r1, #255	; 0xff
    86ac:	f002 0207 	and.w	r2, r2, #7
    86b0:	b132      	cbz	r2, 86c0 <memchr+0x70>
    86b2:	f810 3b01 	ldrb.w	r3, [r0], #1
    86b6:	3a01      	subs	r2, #1
    86b8:	ea83 0301 	eor.w	r3, r3, r1
    86bc:	b113      	cbz	r3, 86c4 <memchr+0x74>
    86be:	d1f8      	bne.n	86b2 <memchr+0x62>
    86c0:	2000      	movs	r0, #0
    86c2:	4770      	bx	lr
    86c4:	3801      	subs	r0, #1
    86c6:	4770      	bx	lr
    86c8:	2d00      	cmp	r5, #0
    86ca:	bf06      	itte	eq
    86cc:	4635      	moveq	r5, r6
    86ce:	3803      	subeq	r0, #3
    86d0:	3807      	subne	r0, #7
    86d2:	f015 0f01 	tst.w	r5, #1
    86d6:	d107      	bne.n	86e8 <memchr+0x98>
    86d8:	3001      	adds	r0, #1
    86da:	f415 7f80 	tst.w	r5, #256	; 0x100
    86de:	bf02      	ittt	eq
    86e0:	3001      	addeq	r0, #1
    86e2:	f415 3fc0 	tsteq.w	r5, #98304	; 0x18000
    86e6:	3001      	addeq	r0, #1
    86e8:	bcf0      	pop	{r4, r5, r6, r7}
    86ea:	3801      	subs	r0, #1
    86ec:	4770      	bx	lr
    86ee:	bf00      	nop

000086f0 <frexp>:
    86f0:	ec53 2b10 	vmov	r2, r3, d0
    86f4:	b570      	push	{r4, r5, r6, lr}
    86f6:	4e16      	ldr	r6, [pc, #88]	; (8750 <frexp+0x60>)
    86f8:	f023 4100 	bic.w	r1, r3, #2147483648	; 0x80000000
    86fc:	2500      	movs	r5, #0
    86fe:	42b1      	cmp	r1, r6
    8700:	4604      	mov	r4, r0
    8702:	6005      	str	r5, [r0, #0]
    8704:	dc21      	bgt.n	874a <frexp+0x5a>
    8706:	ee10 6a10 	vmov	r6, s0
    870a:	430e      	orrs	r6, r1
    870c:	d01d      	beq.n	874a <frexp+0x5a>
    870e:	4e11      	ldr	r6, [pc, #68]	; (8754 <frexp+0x64>)
    8710:	401e      	ands	r6, r3
    8712:	4618      	mov	r0, r3
    8714:	b966      	cbnz	r6, 8730 <frexp+0x40>
    8716:	4619      	mov	r1, r3
    8718:	2200      	movs	r2, #0
    871a:	ee10 0a10 	vmov	r0, s0
    871e:	4b0e      	ldr	r3, [pc, #56]	; (8758 <frexp+0x68>)
    8720:	f002 fde4 	bl	b2ec <__aeabi_dmul>
    8724:	f06f 0535 	mvn.w	r5, #53	; 0x35
    8728:	4602      	mov	r2, r0
    872a:	4608      	mov	r0, r1
    872c:	f021 4100 	bic.w	r1, r1, #2147483648	; 0x80000000
    8730:	f020 40ff 	bic.w	r0, r0, #2139095040	; 0x7f800000
    8734:	1509      	asrs	r1, r1, #20
    8736:	f420 00e0 	bic.w	r0, r0, #7340032	; 0x700000
    873a:	f2a1 31fe 	subw	r1, r1, #1022	; 0x3fe
    873e:	f040 537f 	orr.w	r3, r0, #1069547520	; 0x3fc00000
    8742:	4429      	add	r1, r5
    8744:	f443 1300 	orr.w	r3, r3, #2097152	; 0x200000
    8748:	6021      	str	r1, [r4, #0]
    874a:	ec43 2b10 	vmov	d0, r2, r3
    874e:	bd70      	pop	{r4, r5, r6, pc}
    8750:	7fefffff 	.word	0x7fefffff
    8754:	7ff00000 	.word	0x7ff00000
    8758:	43500000 	.word	0x43500000

0000875c <__register_exitproc>:
    875c:	e92d 47f0 	stmdb	sp!, {r4, r5, r6, r7, r8, r9, sl, lr}
    8760:	f8df a07c 	ldr.w	sl, [pc, #124]	; 87e0 <__register_exitproc+0x84>
    8764:	4606      	mov	r6, r0
    8766:	f8da 0000 	ldr.w	r0, [sl]
    876a:	4698      	mov	r8, r3
    876c:	460f      	mov	r7, r1
    876e:	4691      	mov	r9, r2
    8770:	f7fd fa7a 	bl	5c68 <__retarget_lock_acquire_recursive>
    8774:	4b18      	ldr	r3, [pc, #96]	; (87d8 <__register_exitproc+0x7c>)
    8776:	681c      	ldr	r4, [r3, #0]
    8778:	b324      	cbz	r4, 87c4 <__register_exitproc+0x68>
    877a:	6865      	ldr	r5, [r4, #4]
    877c:	2d1f      	cmp	r5, #31
    877e:	dc24      	bgt.n	87ca <__register_exitproc+0x6e>
    8780:	b95e      	cbnz	r6, 879a <__register_exitproc+0x3e>
    8782:	1c6b      	adds	r3, r5, #1
    8784:	3502      	adds	r5, #2
    8786:	f8da 0000 	ldr.w	r0, [sl]
    878a:	6063      	str	r3, [r4, #4]
    878c:	f844 7025 	str.w	r7, [r4, r5, lsl #2]
    8790:	f7fd fa6c 	bl	5c6c <__retarget_lock_release_recursive>
    8794:	2000      	movs	r0, #0
    8796:	e8bd 87f0 	ldmia.w	sp!, {r4, r5, r6, r7, r8, r9, sl, pc}
    879a:	eb04 0185 	add.w	r1, r4, r5, lsl #2
    879e:	2301      	movs	r3, #1
    87a0:	f8c1 9088 	str.w	r9, [r1, #136]	; 0x88
    87a4:	f8d4 2188 	ldr.w	r2, [r4, #392]	; 0x188
    87a8:	40ab      	lsls	r3, r5
    87aa:	431a      	orrs	r2, r3
    87ac:	2e02      	cmp	r6, #2
    87ae:	f8c4 2188 	str.w	r2, [r4, #392]	; 0x188
    87b2:	f8c1 8108 	str.w	r8, [r1, #264]	; 0x108
    87b6:	d1e4      	bne.n	8782 <__register_exitproc+0x26>
    87b8:	f8d4 218c 	ldr.w	r2, [r4, #396]	; 0x18c
    87bc:	431a      	orrs	r2, r3
    87be:	f8c4 218c 	str.w	r2, [r4, #396]	; 0x18c
    87c2:	e7de      	b.n	8782 <__register_exitproc+0x26>
    87c4:	4c05      	ldr	r4, [pc, #20]	; (87dc <__register_exitproc+0x80>)
    87c6:	601c      	str	r4, [r3, #0]
    87c8:	e7d7      	b.n	877a <__register_exitproc+0x1e>
    87ca:	f8da 0000 	ldr.w	r0, [sl]
    87ce:	f7fd fa4d 	bl	5c6c <__retarget_lock_release_recursive>
    87d2:	f04f 30ff 	mov.w	r0, #4294967295
    87d6:	e7de      	b.n	8796 <__register_exitproc+0x3a>
    87d8:	1fff63ec 	.word	0x1fff63ec
    87dc:	1fff63f0 	.word	0x1fff63f0
    87e0:	1fff0eac 	.word	0x1fff0eac

000087e4 <__assert_func>:
    87e4:	b500      	push	{lr}
    87e6:	4c0b      	ldr	r4, [pc, #44]	; (8814 <__assert_func+0x30>)
    87e8:	6825      	ldr	r5, [r4, #0]
    87ea:	4614      	mov	r4, r2
    87ec:	68ee      	ldr	r6, [r5, #12]
    87ee:	461a      	mov	r2, r3
    87f0:	b085      	sub	sp, #20
    87f2:	4603      	mov	r3, r0
    87f4:	460d      	mov	r5, r1
    87f6:	b14c      	cbz	r4, 880c <__assert_func+0x28>
    87f8:	4907      	ldr	r1, [pc, #28]	; (8818 <__assert_func+0x34>)
    87fa:	9500      	str	r5, [sp, #0]
    87fc:	e9cd 1401 	strd	r1, r4, [sp, #4]
    8800:	4630      	mov	r0, r6
    8802:	4906      	ldr	r1, [pc, #24]	; (881c <__assert_func+0x38>)
    8804:	f001 f8b0 	bl	9968 <fiprintf>
    8808:	f7fa fea4 	bl	3554 <abort>
    880c:	4904      	ldr	r1, [pc, #16]	; (8820 <__assert_func+0x3c>)
    880e:	460c      	mov	r4, r1
    8810:	e7f3      	b.n	87fa <__assert_func+0x16>
    8812:	bf00      	nop
    8814:	1fff0ea8 	.word	0x1fff0ea8
    8818:	0000be68 	.word	0x0000be68
    881c:	0000be78 	.word	0x0000be78
    8820:	0000be74 	.word	0x0000be74

00008824 <_calloc_r>:
    8824:	b538      	push	{r3, r4, r5, lr}
    8826:	fba1 1402 	umull	r1, r4, r1, r2
    882a:	bb8c      	cbnz	r4, 8890 <_calloc_r+0x6c>
    882c:	f7fc fa4a 	bl	4cc4 <_malloc_r>
    8830:	4605      	mov	r5, r0
    8832:	b1e0      	cbz	r0, 886e <_calloc_r+0x4a>
    8834:	f850 2c04 	ldr.w	r2, [r0, #-4]
    8838:	f022 0203 	bic.w	r2, r2, #3
    883c:	3a04      	subs	r2, #4
    883e:	2a24      	cmp	r2, #36	; 0x24
    8840:	d817      	bhi.n	8872 <_calloc_r+0x4e>
    8842:	2a13      	cmp	r2, #19
    8844:	d91a      	bls.n	887c <_calloc_r+0x58>
    8846:	2a1b      	cmp	r2, #27
    8848:	e9c0 4400 	strd	r4, r4, [r0]
    884c:	d91d      	bls.n	888a <_calloc_r+0x66>
    884e:	2a24      	cmp	r2, #36	; 0x24
    8850:	bf14      	ite	ne
    8852:	f100 0210 	addne.w	r2, r0, #16
    8856:	f100 0218 	addeq.w	r2, r0, #24
    885a:	f04f 0300 	mov.w	r3, #0
    885e:	e9c0 4402 	strd	r4, r4, [r0, #8]
    8862:	bf04      	itt	eq
    8864:	6104      	streq	r4, [r0, #16]
    8866:	6144      	streq	r4, [r0, #20]
    8868:	e9c2 3300 	strd	r3, r3, [r2]
    886c:	6093      	str	r3, [r2, #8]
    886e:	4628      	mov	r0, r5
    8870:	bd38      	pop	{r3, r4, r5, pc}
    8872:	4621      	mov	r1, r4
    8874:	f7fd f8da 	bl	5a2c <memset>
    8878:	4628      	mov	r0, r5
    887a:	bd38      	pop	{r3, r4, r5, pc}
    887c:	4602      	mov	r2, r0
    887e:	2300      	movs	r3, #0
    8880:	e9c2 3300 	strd	r3, r3, [r2]
    8884:	6093      	str	r3, [r2, #8]
    8886:	4628      	mov	r0, r5
    8888:	bd38      	pop	{r3, r4, r5, pc}
    888a:	f100 0208 	add.w	r2, r0, #8
    888e:	e7f6      	b.n	887e <_calloc_r+0x5a>
    8890:	f7fd f9bc 	bl	5c0c <__errno>
    8894:	230c      	movs	r3, #12
    8896:	2500      	movs	r5, #0
    8898:	6003      	str	r3, [r0, #0]
    889a:	e7e8      	b.n	886e <_calloc_r+0x4a>

0000889c <quorem>:
    889c:	e92d 4ff0 	stmdb	sp!, {r4, r5, r6, r7, r8, r9, sl, fp, lr}
    88a0:	6903      	ldr	r3, [r0, #16]
    88a2:	690c      	ldr	r4, [r1, #16]
    88a4:	42a3      	cmp	r3, r4
    88a6:	b083      	sub	sp, #12
    88a8:	f2c0 8087 	blt.w	89ba <quorem+0x11e>
    88ac:	3c01      	subs	r4, #1
    88ae:	f101 0514 	add.w	r5, r1, #20
    88b2:	00a3      	lsls	r3, r4, #2
    88b4:	f100 0814 	add.w	r8, r0, #20
    88b8:	9300      	str	r3, [sp, #0]
    88ba:	f855 3024 	ldr.w	r3, [r5, r4, lsl #2]
    88be:	f858 2024 	ldr.w	r2, [r8, r4, lsl #2]
    88c2:	3301      	adds	r3, #1
    88c4:	4681      	mov	r9, r0
    88c6:	429a      	cmp	r2, r3
    88c8:	eb08 0084 	add.w	r0, r8, r4, lsl #2
    88cc:	eb05 0784 	add.w	r7, r5, r4, lsl #2
    88d0:	9001      	str	r0, [sp, #4]
    88d2:	fbb2 f6f3 	udiv	r6, r2, r3
    88d6:	d33b      	bcc.n	8950 <quorem+0xb4>
    88d8:	f04f 0c00 	mov.w	ip, #0
    88dc:	46ae      	mov	lr, r5
    88de:	4640      	mov	r0, r8
    88e0:	46e2      	mov	sl, ip
    88e2:	4663      	mov	r3, ip
    88e4:	f85e bb04 	ldr.w	fp, [lr], #4
    88e8:	6802      	ldr	r2, [r0, #0]
    88ea:	fa1f fc8b 	uxth.w	ip, fp
    88ee:	fb06 330c 	mla	r3, r6, ip, r3
    88f2:	ea4f 4c13 	mov.w	ip, r3, lsr #16
    88f6:	ea4f 4b1b 	mov.w	fp, fp, lsr #16
    88fa:	fb06 cc0b 	mla	ip, r6, fp, ip
    88fe:	b29b      	uxth	r3, r3
    8900:	ebaa 0303 	sub.w	r3, sl, r3
    8904:	fa1f fa8c 	uxth.w	sl, ip
    8908:	fa13 f382 	uxtah	r3, r3, r2
    890c:	ebca 4212 	rsb	r2, sl, r2, lsr #16
    8910:	eb02 4223 	add.w	r2, r2, r3, asr #16
    8914:	b29b      	uxth	r3, r3
    8916:	ea43 4302 	orr.w	r3, r3, r2, lsl #16
    891a:	4577      	cmp	r7, lr
    891c:	f840 3b04 	str.w	r3, [r0], #4
    8920:	ea4f 4a22 	mov.w	sl, r2, asr #16
    8924:	ea4f 431c 	mov.w	r3, ip, lsr #16
    8928:	d2dc      	bcs.n	88e4 <quorem+0x48>
    892a:	9b00      	ldr	r3, [sp, #0]
    892c:	f858 3003 	ldr.w	r3, [r8, r3]
    8930:	b973      	cbnz	r3, 8950 <quorem+0xb4>
    8932:	9b01      	ldr	r3, [sp, #4]
    8934:	3b04      	subs	r3, #4
    8936:	4598      	cmp	r8, r3
    8938:	d304      	bcc.n	8944 <quorem+0xa8>
    893a:	e007      	b.n	894c <quorem+0xb0>
    893c:	4598      	cmp	r8, r3
    893e:	f104 34ff 	add.w	r4, r4, #4294967295
    8942:	d203      	bcs.n	894c <quorem+0xb0>
    8944:	f853 2904 	ldr.w	r2, [r3], #-4
    8948:	2a00      	cmp	r2, #0
    894a:	d0f7      	beq.n	893c <quorem+0xa0>
    894c:	f8c9 4010 	str.w	r4, [r9, #16]
    8950:	4648      	mov	r0, r9
    8952:	f7fd fe05 	bl	6560 <__mcmp>
    8956:	2800      	cmp	r0, #0
    8958:	db2b      	blt.n	89b2 <quorem+0x116>
    895a:	3601      	adds	r6, #1
    895c:	4641      	mov	r1, r8
    895e:	2300      	movs	r3, #0
    8960:	f855 0b04 	ldr.w	r0, [r5], #4
    8964:	f8d1 c000 	ldr.w	ip, [r1]
    8968:	b282      	uxth	r2, r0
    896a:	1a9a      	subs	r2, r3, r2
    896c:	0c03      	lsrs	r3, r0, #16
    896e:	fa12 f28c 	uxtah	r2, r2, ip
    8972:	ebc3 431c 	rsb	r3, r3, ip, lsr #16
    8976:	eb03 4322 	add.w	r3, r3, r2, asr #16
    897a:	b292      	uxth	r2, r2
    897c:	ea42 4203 	orr.w	r2, r2, r3, lsl #16
    8980:	42af      	cmp	r7, r5
    8982:	f841 2b04 	str.w	r2, [r1], #4
    8986:	ea4f 4323 	mov.w	r3, r3, asr #16
    898a:	d2e9      	bcs.n	8960 <quorem+0xc4>
    898c:	f858 2024 	ldr.w	r2, [r8, r4, lsl #2]
    8990:	eb08 0384 	add.w	r3, r8, r4, lsl #2
    8994:	b96a      	cbnz	r2, 89b2 <quorem+0x116>
    8996:	3b04      	subs	r3, #4
    8998:	4598      	cmp	r8, r3
    899a:	d304      	bcc.n	89a6 <quorem+0x10a>
    899c:	e007      	b.n	89ae <quorem+0x112>
    899e:	4598      	cmp	r8, r3
    89a0:	f104 34ff 	add.w	r4, r4, #4294967295
    89a4:	d203      	bcs.n	89ae <quorem+0x112>
    89a6:	f853 2904 	ldr.w	r2, [r3], #-4
    89aa:	2a00      	cmp	r2, #0
    89ac:	d0f7      	beq.n	899e <quorem+0x102>
    89ae:	f8c9 4010 	str.w	r4, [r9, #16]
    89b2:	4630      	mov	r0, r6
    89b4:	b003      	add	sp, #12
    89b6:	e8bd 8ff0 	ldmia.w	sp!, {r4, r5, r6, r7, r8, r9, sl, fp, pc}
    89ba:	2000      	movs	r0, #0
    89bc:	b003      	add	sp, #12
    89be:	e8bd 8ff0 	ldmia.w	sp!, {r4, r5, r6, r7, r8, r9, sl, fp, pc}
    89c2:	bf00      	nop
    89c4:	ffff ffff 			; <UNDEFINED> instruction: 0xffffffff

000089c8 <_dtoa_r>:
    89c8:	e92d 4ff0 	stmdb	sp!, {r4, r5, r6, r7, r8, r9, sl, fp, lr}
    89cc:	ed2d 8b06 	vpush	{d8-d10}
    89d0:	b095      	sub	sp, #84	; 0x54
    89d2:	ed8d 0b02 	vstr	d0, [sp, #8]
    89d6:	9101      	str	r1, [sp, #4]
    89d8:	6b81      	ldr	r1, [r0, #56]	; 0x38
    89da:	9d24      	ldr	r5, [sp, #144]	; 0x90
    89dc:	9209      	str	r2, [sp, #36]	; 0x24
    89de:	ec59 8b10 	vmov	r8, r9, d0
    89e2:	4604      	mov	r4, r0
    89e4:	9306      	str	r3, [sp, #24]
    89e6:	b141      	cbz	r1, 89fa <_dtoa_r+0x32>
    89e8:	6bc2      	ldr	r2, [r0, #60]	; 0x3c
    89ea:	604a      	str	r2, [r1, #4]
    89ec:	2301      	movs	r3, #1
    89ee:	4093      	lsls	r3, r2
    89f0:	608b      	str	r3, [r1, #8]
    89f2:	f7fd fb55 	bl	60a0 <_Bfree>
    89f6:	2300      	movs	r3, #0
    89f8:	63a3      	str	r3, [r4, #56]	; 0x38
    89fa:	f1b9 0a00 	subs.w	sl, r9, #0
    89fe:	bfb4      	ite	lt
    8a00:	2301      	movlt	r3, #1
    8a02:	2300      	movge	r3, #0
    8a04:	602b      	str	r3, [r5, #0]
    8a06:	4b7c      	ldr	r3, [pc, #496]	; (8bf8 <_dtoa_r+0x230>)
    8a08:	bfbc      	itt	lt
    8a0a:	f02a 4a00 	biclt.w	sl, sl, #2147483648	; 0x80000000
    8a0e:	f8cd a00c 	strlt.w	sl, [sp, #12]
    8a12:	ea33 030a 	bics.w	r3, r3, sl
    8a16:	f000 80b3 	beq.w	8b80 <_dtoa_r+0x1b8>
    8a1a:	ed9d 7b02 	vldr	d7, [sp, #8]
    8a1e:	2200      	movs	r2, #0
    8a20:	ec51 0b17 	vmov	r0, r1, d7
    8a24:	eeb0 9a47 	vmov.f32	s18, s14
    8a28:	eef0 9a67 	vmov.f32	s19, s15
    8a2c:	2300      	movs	r3, #0
    8a2e:	f7fc f901 	bl	4c34 <__aeabi_dcmpeq>
    8a32:	4607      	mov	r7, r0
    8a34:	b188      	cbz	r0, 8a5a <_dtoa_r+0x92>
    8a36:	9a06      	ldr	r2, [sp, #24]
    8a38:	2301      	movs	r3, #1
    8a3a:	6013      	str	r3, [r2, #0]
    8a3c:	9b25      	ldr	r3, [sp, #148]	; 0x94
    8a3e:	2b00      	cmp	r3, #0
    8a40:	f000 83ce 	beq.w	91e0 <_dtoa_r+0x818>
    8a44:	4b6d      	ldr	r3, [pc, #436]	; (8bfc <_dtoa_r+0x234>)
    8a46:	9a25      	ldr	r2, [sp, #148]	; 0x94
    8a48:	6013      	str	r3, [r2, #0]
    8a4a:	3b01      	subs	r3, #1
    8a4c:	9300      	str	r3, [sp, #0]
    8a4e:	9800      	ldr	r0, [sp, #0]
    8a50:	b015      	add	sp, #84	; 0x54
    8a52:	ecbd 8b06 	vpop	{d8-d10}
    8a56:	e8bd 8ff0 	ldmia.w	sp!, {r4, r5, r6, r7, r8, r9, sl, fp, pc}
    8a5a:	aa12      	add	r2, sp, #72	; 0x48
    8a5c:	a913      	add	r1, sp, #76	; 0x4c
    8a5e:	4620      	mov	r0, r4
    8a60:	eeb0 0a49 	vmov.f32	s0, s18
    8a64:	eef0 0a69 	vmov.f32	s1, s19
    8a68:	f7fd fe46 	bl	66f8 <__d2b>
    8a6c:	eeb0 8a49 	vmov.f32	s16, s18
    8a70:	eef0 8a69 	vmov.f32	s17, s19
    8a74:	ea5f 561a 	movs.w	r6, sl, lsr #20
    8a78:	4605      	mov	r5, r0
    8a7a:	f040 8099 	bne.w	8bb0 <_dtoa_r+0x1e8>
    8a7e:	e9dd 7612 	ldrd	r7, r6, [sp, #72]	; 0x48
    8a82:	443e      	add	r6, r7
    8a84:	f206 4332 	addw	r3, r6, #1074	; 0x432
    8a88:	2b20      	cmp	r3, #32
    8a8a:	f340 83c2 	ble.w	9212 <_dtoa_r+0x84a>
    8a8e:	f1c3 0340 	rsb	r3, r3, #64	; 0x40
    8a92:	fa0a fa03 	lsl.w	sl, sl, r3
    8a96:	f206 4312 	addw	r3, r6, #1042	; 0x412
    8a9a:	fa28 f003 	lsr.w	r0, r8, r3
    8a9e:	ea4a 0000 	orr.w	r0, sl, r0
    8aa2:	f7fb fff7 	bl	4a94 <__aeabi_ui2d>
    8aa6:	2301      	movs	r3, #1
    8aa8:	3e01      	subs	r6, #1
    8aaa:	930d      	str	r3, [sp, #52]	; 0x34
    8aac:	f1a1 71f8 	sub.w	r1, r1, #32505856	; 0x1f00000
    8ab0:	4b53      	ldr	r3, [pc, #332]	; (8c00 <_dtoa_r+0x238>)
    8ab2:	2200      	movs	r2, #0
    8ab4:	f7fb feb0 	bl	4818 <__aeabi_dsub>
    8ab8:	a349      	add	r3, pc, #292	; (adr r3, 8be0 <_dtoa_r+0x218>)
    8aba:	e9d3 2300 	ldrd	r2, r3, [r3]
    8abe:	f002 fc15 	bl	b2ec <__aeabi_dmul>
    8ac2:	a349      	add	r3, pc, #292	; (adr r3, 8be8 <_dtoa_r+0x220>)
    8ac4:	e9d3 2300 	ldrd	r2, r3, [r3]
    8ac8:	f7fb fea8 	bl	481c <__adddf3>
    8acc:	4680      	mov	r8, r0
    8ace:	4630      	mov	r0, r6
    8ad0:	4689      	mov	r9, r1
    8ad2:	f7fb ffef 	bl	4ab4 <__aeabi_i2d>
    8ad6:	a346      	add	r3, pc, #280	; (adr r3, 8bf0 <_dtoa_r+0x228>)
    8ad8:	e9d3 2300 	ldrd	r2, r3, [r3]
    8adc:	f002 fc06 	bl	b2ec <__aeabi_dmul>
    8ae0:	4602      	mov	r2, r0
    8ae2:	460b      	mov	r3, r1
    8ae4:	4640      	mov	r0, r8
    8ae6:	4649      	mov	r1, r9
    8ae8:	f7fb fe98 	bl	481c <__adddf3>
    8aec:	4680      	mov	r8, r0
    8aee:	4689      	mov	r9, r1
    8af0:	f002 fe0e 	bl	b710 <__aeabi_d2iz>
    8af4:	2200      	movs	r2, #0
    8af6:	4683      	mov	fp, r0
    8af8:	2300      	movs	r3, #0
    8afa:	4640      	mov	r0, r8
    8afc:	4649      	mov	r1, r9
    8afe:	f7fc f8a3 	bl	4c48 <__aeabi_dcmplt>
    8b02:	2800      	cmp	r0, #0
    8b04:	f040 835f 	bne.w	91c6 <_dtoa_r+0x7fe>
    8b08:	f1bb 0f16 	cmp.w	fp, #22
    8b0c:	f200 834e 	bhi.w	91ac <_dtoa_r+0x7e4>
    8b10:	4b3c      	ldr	r3, [pc, #240]	; (8c04 <_dtoa_r+0x23c>)
    8b12:	eb03 03cb 	add.w	r3, r3, fp, lsl #3
    8b16:	e9d3 2300 	ldrd	r2, r3, [r3]
    8b1a:	ec51 0b19 	vmov	r0, r1, d9
    8b1e:	f7fc f893 	bl	4c48 <__aeabi_dcmplt>
    8b22:	2800      	cmp	r0, #0
    8b24:	d074      	beq.n	8c10 <_dtoa_r+0x248>
    8b26:	2300      	movs	r3, #0
    8b28:	1bbf      	subs	r7, r7, r6
    8b2a:	930c      	str	r3, [sp, #48]	; 0x30
    8b2c:	1e7b      	subs	r3, r7, #1
    8b2e:	f10b 3bff 	add.w	fp, fp, #4294967295
    8b32:	9304      	str	r3, [sp, #16]
    8b34:	f100 8341 	bmi.w	91ba <_dtoa_r+0x7f2>
    8b38:	2300      	movs	r3, #0
    8b3a:	9308      	str	r3, [sp, #32]
    8b3c:	f1bb 0f00 	cmp.w	fp, #0
    8b40:	da6d      	bge.n	8c1e <_dtoa_r+0x256>
    8b42:	9b08      	ldr	r3, [sp, #32]
    8b44:	f8cd b014 	str.w	fp, [sp, #20]
    8b48:	eba3 030b 	sub.w	r3, r3, fp
    8b4c:	9308      	str	r3, [sp, #32]
    8b4e:	f1cb 0300 	rsb	r3, fp, #0
    8b52:	930b      	str	r3, [sp, #44]	; 0x2c
    8b54:	9b01      	ldr	r3, [sp, #4]
    8b56:	2b09      	cmp	r3, #9
    8b58:	f04f 0b00 	mov.w	fp, #0
    8b5c:	d868      	bhi.n	8c30 <_dtoa_r+0x268>
    8b5e:	2b05      	cmp	r3, #5
    8b60:	f340 8355 	ble.w	920e <_dtoa_r+0x846>
    8b64:	3b04      	subs	r3, #4
    8b66:	9301      	str	r3, [sp, #4]
    8b68:	2600      	movs	r6, #0
    8b6a:	9b01      	ldr	r3, [sp, #4]
    8b6c:	3b02      	subs	r3, #2
    8b6e:	2b03      	cmp	r3, #3
    8b70:	f200 86a4 	bhi.w	98bc <_dtoa_r+0xef4>
    8b74:	e8df f013 	tbh	[pc, r3, lsl #1]
    8b78:	04630466 	.word	0x04630466
    8b7c:	043e045b 	.word	0x043e045b
    8b80:	9a06      	ldr	r2, [sp, #24]
    8b82:	f3ca 0a13 	ubfx	sl, sl, #0, #20
    8b86:	f242 730f 	movw	r3, #9999	; 0x270f
    8b8a:	ea5a 0a08 	orrs.w	sl, sl, r8
    8b8e:	6013      	str	r3, [r2, #0]
    8b90:	d11d      	bne.n	8bce <_dtoa_r+0x206>
    8b92:	9b25      	ldr	r3, [sp, #148]	; 0x94
    8b94:	2b00      	cmp	r3, #0
    8b96:	f000 86a0 	beq.w	98da <_dtoa_r+0xf12>
    8b9a:	4b1b      	ldr	r3, [pc, #108]	; (8c08 <_dtoa_r+0x240>)
    8b9c:	9300      	str	r3, [sp, #0]
    8b9e:	3308      	adds	r3, #8
    8ba0:	9a25      	ldr	r2, [sp, #148]	; 0x94
    8ba2:	9800      	ldr	r0, [sp, #0]
    8ba4:	6013      	str	r3, [r2, #0]
    8ba6:	b015      	add	sp, #84	; 0x54
    8ba8:	ecbd 8b06 	vpop	{d8-d10}
    8bac:	e8bd 8ff0 	ldmia.w	sp!, {r4, r5, r6, r7, r8, r9, sl, fp, pc}
    8bb0:	ee18 3a90 	vmov	r3, s17
    8bb4:	f3c3 0313 	ubfx	r3, r3, #0, #20
    8bb8:	ec51 0b19 	vmov	r0, r1, d9
    8bbc:	f043 517f 	orr.w	r1, r3, #1069547520	; 0x3fc00000
    8bc0:	970d      	str	r7, [sp, #52]	; 0x34
    8bc2:	f2a6 36ff 	subw	r6, r6, #1023	; 0x3ff
    8bc6:	9f12      	ldr	r7, [sp, #72]	; 0x48
    8bc8:	f441 1140 	orr.w	r1, r1, #3145728	; 0x300000
    8bcc:	e770      	b.n	8ab0 <_dtoa_r+0xe8>
    8bce:	9b25      	ldr	r3, [sp, #148]	; 0x94
    8bd0:	2b00      	cmp	r3, #0
    8bd2:	f040 83f0 	bne.w	93b6 <_dtoa_r+0x9ee>
    8bd6:	4b0d      	ldr	r3, [pc, #52]	; (8c0c <_dtoa_r+0x244>)
    8bd8:	9300      	str	r3, [sp, #0]
    8bda:	e738      	b.n	8a4e <_dtoa_r+0x86>
    8bdc:	f3af 8000 	nop.w
    8be0:	636f4361 	.word	0x636f4361
    8be4:	3fd287a7 	.word	0x3fd287a7
    8be8:	8b60c8b3 	.word	0x8b60c8b3
    8bec:	3fc68a28 	.word	0x3fc68a28
    8bf0:	509f79fb 	.word	0x509f79fb
    8bf4:	3fd34413 	.word	0x3fd34413
    8bf8:	7ff00000 	.word	0x7ff00000
    8bfc:	0000be45 	.word	0x0000be45
    8c00:	3ff80000 	.word	0x3ff80000
    8c04:	0000bd30 	.word	0x0000bd30
    8c08:	0000bea8 	.word	0x0000bea8
    8c0c:	0000beb4 	.word	0x0000beb4
    8c10:	1bbf      	subs	r7, r7, r6
    8c12:	1e7b      	subs	r3, r7, #1
    8c14:	9304      	str	r3, [sp, #16]
    8c16:	f100 849b 	bmi.w	9550 <_dtoa_r+0xb88>
    8c1a:	900c      	str	r0, [sp, #48]	; 0x30
    8c1c:	9008      	str	r0, [sp, #32]
    8c1e:	9b04      	ldr	r3, [sp, #16]
    8c20:	445b      	add	r3, fp
    8c22:	e9cd 3b04 	strd	r3, fp, [sp, #16]
    8c26:	2300      	movs	r3, #0
    8c28:	930b      	str	r3, [sp, #44]	; 0x2c
    8c2a:	9b01      	ldr	r3, [sp, #4]
    8c2c:	2b09      	cmp	r3, #9
    8c2e:	d996      	bls.n	8b5e <_dtoa_r+0x196>
    8c30:	2300      	movs	r3, #0
    8c32:	2601      	movs	r6, #1
    8c34:	f04f 32ff 	mov.w	r2, #4294967295
    8c38:	9301      	str	r3, [sp, #4]
    8c3a:	960a      	str	r6, [sp, #40]	; 0x28
    8c3c:	9207      	str	r2, [sp, #28]
    8c3e:	9309      	str	r3, [sp, #36]	; 0x24
    8c40:	9b07      	ldr	r3, [sp, #28]
    8c42:	930f      	str	r3, [sp, #60]	; 0x3c
    8c44:	2100      	movs	r1, #0
    8c46:	63e1      	str	r1, [r4, #60]	; 0x3c
    8c48:	4620      	mov	r0, r4
    8c4a:	f7fd fa03 	bl	6054 <_Balloc>
    8c4e:	9000      	str	r0, [sp, #0]
    8c50:	2800      	cmp	r0, #0
    8c52:	f000 863b 	beq.w	98cc <_dtoa_r+0xf04>
    8c56:	9b00      	ldr	r3, [sp, #0]
    8c58:	63a3      	str	r3, [r4, #56]	; 0x38
    8c5a:	9b07      	ldr	r3, [sp, #28]
    8c5c:	2b0e      	cmp	r3, #14
    8c5e:	f200 811e 	bhi.w	8e9e <_dtoa_r+0x4d6>
    8c62:	2e00      	cmp	r6, #0
    8c64:	f000 811b 	beq.w	8e9e <_dtoa_r+0x4d6>
    8c68:	9905      	ldr	r1, [sp, #20]
    8c6a:	2900      	cmp	r1, #0
    8c6c:	f340 8472 	ble.w	9554 <_dtoa_r+0xb8c>
    8c70:	4bd0      	ldr	r3, [pc, #832]	; (8fb4 <_dtoa_r+0x5ec>)
    8c72:	f001 020f 	and.w	r2, r1, #15
    8c76:	eb03 03c2 	add.w	r3, r3, r2, lsl #3
    8c7a:	ea4f 1821 	mov.w	r8, r1, asr #4
    8c7e:	05c9      	lsls	r1, r1, #23
    8c80:	e9d3 6700 	ldrd	r6, r7, [r3]
    8c84:	f140 842e 	bpl.w	94e4 <_dtoa_r+0xb1c>
    8c88:	4bcb      	ldr	r3, [pc, #812]	; (8fb8 <_dtoa_r+0x5f0>)
    8c8a:	ec51 0b19 	vmov	r0, r1, d9
    8c8e:	e9d3 2308 	ldrd	r2, r3, [r3, #32]
    8c92:	f002 fc55 	bl	b540 <__aeabi_ddiv>
    8c96:	ec41 0b18 	vmov	d8, r0, r1
    8c9a:	f008 080f 	and.w	r8, r8, #15
    8c9e:	f04f 0a03 	mov.w	sl, #3
    8ca2:	f1b8 0f00 	cmp.w	r8, #0
    8ca6:	d013      	beq.n	8cd0 <_dtoa_r+0x308>
    8ca8:	f8df 930c 	ldr.w	r9, [pc, #780]	; 8fb8 <_dtoa_r+0x5f0>
    8cac:	f018 0f01 	tst.w	r8, #1
    8cb0:	d009      	beq.n	8cc6 <_dtoa_r+0x2fe>
    8cb2:	4630      	mov	r0, r6
    8cb4:	4639      	mov	r1, r7
    8cb6:	e9d9 2300 	ldrd	r2, r3, [r9]
    8cba:	f002 fb17 	bl	b2ec <__aeabi_dmul>
    8cbe:	f10a 0a01 	add.w	sl, sl, #1
    8cc2:	4606      	mov	r6, r0
    8cc4:	460f      	mov	r7, r1
    8cc6:	ea5f 0868 	movs.w	r8, r8, asr #1
    8cca:	f109 0908 	add.w	r9, r9, #8
    8cce:	d1ed      	bne.n	8cac <_dtoa_r+0x2e4>
    8cd0:	ec51 0b18 	vmov	r0, r1, d8
    8cd4:	4632      	mov	r2, r6
    8cd6:	463b      	mov	r3, r7
    8cd8:	f002 fc32 	bl	b540 <__aeabi_ddiv>
    8cdc:	ec41 0b1a 	vmov	d10, r0, r1
    8ce0:	9b0c      	ldr	r3, [sp, #48]	; 0x30
    8ce2:	b15b      	cbz	r3, 8cfc <_dtoa_r+0x334>
    8ce4:	ec57 6b1a 	vmov	r6, r7, d10
    8ce8:	4bb4      	ldr	r3, [pc, #720]	; (8fbc <_dtoa_r+0x5f4>)
    8cea:	ee1a 0a10 	vmov	r0, s20
    8cee:	2200      	movs	r2, #0
    8cf0:	4639      	mov	r1, r7
    8cf2:	f7fb ffa9 	bl	4c48 <__aeabi_dcmplt>
    8cf6:	2800      	cmp	r0, #0
    8cf8:	f040 854e 	bne.w	9798 <_dtoa_r+0xdd0>
    8cfc:	4650      	mov	r0, sl
    8cfe:	f7fb fed9 	bl	4ab4 <__aeabi_i2d>
    8d02:	ec53 2b1a 	vmov	r2, r3, d10
    8d06:	f002 faf1 	bl	b2ec <__aeabi_dmul>
    8d0a:	4bad      	ldr	r3, [pc, #692]	; (8fc0 <_dtoa_r+0x5f8>)
    8d0c:	2200      	movs	r2, #0
    8d0e:	f7fb fd85 	bl	481c <__adddf3>
    8d12:	9b07      	ldr	r3, [sp, #28]
    8d14:	4680      	mov	r8, r0
    8d16:	f1a1 7950 	sub.w	r9, r1, #54525952	; 0x3400000
    8d1a:	2b00      	cmp	r3, #0
    8d1c:	f000 80a5 	beq.w	8e6a <_dtoa_r+0x4a2>
    8d20:	9b05      	ldr	r3, [sp, #20]
    8d22:	9310      	str	r3, [sp, #64]	; 0x40
    8d24:	9b07      	ldr	r3, [sp, #28]
    8d26:	930e      	str	r3, [sp, #56]	; 0x38
    8d28:	9b0a      	ldr	r3, [sp, #40]	; 0x28
    8d2a:	2b00      	cmp	r3, #0
    8d2c:	f000 84bc 	beq.w	96a8 <_dtoa_r+0xce0>
    8d30:	9a0e      	ldr	r2, [sp, #56]	; 0x38
    8d32:	4ba0      	ldr	r3, [pc, #640]	; (8fb4 <_dtoa_r+0x5ec>)
    8d34:	49a3      	ldr	r1, [pc, #652]	; (8fc4 <_dtoa_r+0x5fc>)
    8d36:	f8dd a000 	ldr.w	sl, [sp]
    8d3a:	eb03 03c2 	add.w	r3, r3, r2, lsl #3
    8d3e:	e953 2302 	ldrd	r2, r3, [r3, #-8]
    8d42:	2000      	movs	r0, #0
    8d44:	f002 fbfc 	bl	b540 <__aeabi_ddiv>
    8d48:	4642      	mov	r2, r8
    8d4a:	464b      	mov	r3, r9
    8d4c:	f7fb fd64 	bl	4818 <__aeabi_dsub>
    8d50:	ec59 8b1a 	vmov	r8, r9, d10
    8d54:	ec41 0b18 	vmov	d8, r0, r1
    8d58:	4649      	mov	r1, r9
    8d5a:	ee1a 0a10 	vmov	r0, s20
    8d5e:	f002 fcd7 	bl	b710 <__aeabi_d2iz>
    8d62:	4607      	mov	r7, r0
    8d64:	f7fb fea6 	bl	4ab4 <__aeabi_i2d>
    8d68:	4602      	mov	r2, r0
    8d6a:	460b      	mov	r3, r1
    8d6c:	ee1a 0a10 	vmov	r0, s20
    8d70:	4649      	mov	r1, r9
    8d72:	f7fb fd51 	bl	4818 <__aeabi_dsub>
    8d76:	3730      	adds	r7, #48	; 0x30
    8d78:	4606      	mov	r6, r0
    8d7a:	f80a 7b01 	strb.w	r7, [sl], #1
    8d7e:	460f      	mov	r7, r1
    8d80:	4632      	mov	r2, r6
    8d82:	ec51 0b18 	vmov	r0, r1, d8
    8d86:	463b      	mov	r3, r7
    8d88:	f7fb ff7c 	bl	4c84 <__aeabi_dcmpgt>
    8d8c:	2800      	cmp	r0, #0
    8d8e:	f040 854f 	bne.w	9830 <_dtoa_r+0xe68>
    8d92:	f04f 0800 	mov.w	r8, #0
    8d96:	ee0a 5a10 	vmov	s20, r5
    8d9a:	f8cd b044 	str.w	fp, [sp, #68]	; 0x44
    8d9e:	4655      	mov	r5, sl
    8da0:	ec5b ab18 	vmov	sl, fp, d8
    8da4:	ee08 4a10 	vmov	s16, r4
    8da8:	4644      	mov	r4, r8
    8daa:	e02b      	b.n	8e04 <_dtoa_r+0x43c>
    8dac:	9b0e      	ldr	r3, [sp, #56]	; 0x38
    8dae:	3401      	adds	r4, #1
    8db0:	429c      	cmp	r4, r3
    8db2:	f280 854d 	bge.w	9850 <_dtoa_r+0xe88>
    8db6:	4b84      	ldr	r3, [pc, #528]	; (8fc8 <_dtoa_r+0x600>)
    8db8:	4650      	mov	r0, sl
    8dba:	4659      	mov	r1, fp
    8dbc:	2200      	movs	r2, #0
    8dbe:	f002 fa95 	bl	b2ec <__aeabi_dmul>
    8dc2:	4b81      	ldr	r3, [pc, #516]	; (8fc8 <_dtoa_r+0x600>)
    8dc4:	2200      	movs	r2, #0
    8dc6:	4682      	mov	sl, r0
    8dc8:	468b      	mov	fp, r1
    8dca:	4630      	mov	r0, r6
    8dcc:	4639      	mov	r1, r7
    8dce:	f002 fa8d 	bl	b2ec <__aeabi_dmul>
    8dd2:	4689      	mov	r9, r1
    8dd4:	4680      	mov	r8, r0
    8dd6:	f002 fc9b 	bl	b710 <__aeabi_d2iz>
    8dda:	4607      	mov	r7, r0
    8ddc:	f7fb fe6a 	bl	4ab4 <__aeabi_i2d>
    8de0:	4602      	mov	r2, r0
    8de2:	460b      	mov	r3, r1
    8de4:	4640      	mov	r0, r8
    8de6:	4649      	mov	r1, r9
    8de8:	f7fb fd16 	bl	4818 <__aeabi_dsub>
    8dec:	3730      	adds	r7, #48	; 0x30
    8dee:	f805 7b01 	strb.w	r7, [r5], #1
    8df2:	4652      	mov	r2, sl
    8df4:	465b      	mov	r3, fp
    8df6:	4606      	mov	r6, r0
    8df8:	460f      	mov	r7, r1
    8dfa:	f7fb ff25 	bl	4c48 <__aeabi_dcmplt>
    8dfe:	2800      	cmp	r0, #0
    8e00:	f040 8511 	bne.w	9826 <_dtoa_r+0xe5e>
    8e04:	4632      	mov	r2, r6
    8e06:	463b      	mov	r3, r7
    8e08:	496c      	ldr	r1, [pc, #432]	; (8fbc <_dtoa_r+0x5f4>)
    8e0a:	2000      	movs	r0, #0
    8e0c:	f7fb fd04 	bl	4818 <__aeabi_dsub>
    8e10:	4652      	mov	r2, sl
    8e12:	465b      	mov	r3, fp
    8e14:	f7fb ff18 	bl	4c48 <__aeabi_dcmplt>
    8e18:	2800      	cmp	r0, #0
    8e1a:	d0c7      	beq.n	8dac <_dtoa_r+0x3e4>
    8e1c:	9b10      	ldr	r3, [sp, #64]	; 0x40
    8e1e:	9a00      	ldr	r2, [sp, #0]
    8e20:	9305      	str	r3, [sp, #20]
    8e22:	46aa      	mov	sl, r5
    8e24:	ee18 4a10 	vmov	r4, s16
    8e28:	ee1a 5a10 	vmov	r5, s20
    8e2c:	e002      	b.n	8e34 <_dtoa_r+0x46c>
    8e2e:	4552      	cmp	r2, sl
    8e30:	f000 84e3 	beq.w	97fa <_dtoa_r+0xe32>
    8e34:	46d1      	mov	r9, sl
    8e36:	f81a 3d01 	ldrb.w	r3, [sl, #-1]!
    8e3a:	2b39      	cmp	r3, #57	; 0x39
    8e3c:	d0f7      	beq.n	8e2e <_dtoa_r+0x466>
    8e3e:	3301      	adds	r3, #1
    8e40:	b2db      	uxtb	r3, r3
    8e42:	f88a 3000 	strb.w	r3, [sl]
    8e46:	9b05      	ldr	r3, [sp, #20]
    8e48:	3301      	adds	r3, #1
    8e4a:	9305      	str	r3, [sp, #20]
    8e4c:	e198      	b.n	9180 <_dtoa_r+0x7b8>
    8e4e:	4650      	mov	r0, sl
    8e50:	f7fb fe30 	bl	4ab4 <__aeabi_i2d>
    8e54:	ec53 2b1a 	vmov	r2, r3, d10
    8e58:	f002 fa48 	bl	b2ec <__aeabi_dmul>
    8e5c:	4b58      	ldr	r3, [pc, #352]	; (8fc0 <_dtoa_r+0x5f8>)
    8e5e:	2200      	movs	r2, #0
    8e60:	f7fb fcdc 	bl	481c <__adddf3>
    8e64:	4680      	mov	r8, r0
    8e66:	f1a1 7950 	sub.w	r9, r1, #54525952	; 0x3400000
    8e6a:	4b58      	ldr	r3, [pc, #352]	; (8fcc <_dtoa_r+0x604>)
    8e6c:	2200      	movs	r2, #0
    8e6e:	ec51 0b1a 	vmov	r0, r1, d10
    8e72:	f7fb fcd1 	bl	4818 <__aeabi_dsub>
    8e76:	4642      	mov	r2, r8
    8e78:	464b      	mov	r3, r9
    8e7a:	4606      	mov	r6, r0
    8e7c:	460f      	mov	r7, r1
    8e7e:	f7fb ff01 	bl	4c84 <__aeabi_dcmpgt>
    8e82:	4682      	mov	sl, r0
    8e84:	2800      	cmp	r0, #0
    8e86:	f040 84c8 	bne.w	981a <_dtoa_r+0xe52>
    8e8a:	4630      	mov	r0, r6
    8e8c:	4639      	mov	r1, r7
    8e8e:	4642      	mov	r2, r8
    8e90:	f109 4300 	add.w	r3, r9, #2147483648	; 0x80000000
    8e94:	f7fb fed8 	bl	4c48 <__aeabi_dcmplt>
    8e98:	2800      	cmp	r0, #0
    8e9a:	f040 8357 	bne.w	954c <_dtoa_r+0xb84>
    8e9e:	9b13      	ldr	r3, [sp, #76]	; 0x4c
    8ea0:	2b00      	cmp	r3, #0
    8ea2:	f2c0 8095 	blt.w	8fd0 <_dtoa_r+0x608>
    8ea6:	9a05      	ldr	r2, [sp, #20]
    8ea8:	2a0e      	cmp	r2, #14
    8eaa:	f300 8091 	bgt.w	8fd0 <_dtoa_r+0x608>
    8eae:	4b41      	ldr	r3, [pc, #260]	; (8fb4 <_dtoa_r+0x5ec>)
    8eb0:	eb03 03c2 	add.w	r3, r3, r2, lsl #3
    8eb4:	e9d3 8900 	ldrd	r8, r9, [r3]
    8eb8:	9b09      	ldr	r3, [sp, #36]	; 0x24
    8eba:	2b00      	cmp	r3, #0
    8ebc:	da1b      	bge.n	8ef6 <_dtoa_r+0x52e>
    8ebe:	9b07      	ldr	r3, [sp, #28]
    8ec0:	2b00      	cmp	r3, #0
    8ec2:	dc18      	bgt.n	8ef6 <_dtoa_r+0x52e>
    8ec4:	f040 8340 	bne.w	9548 <_dtoa_r+0xb80>
    8ec8:	4b40      	ldr	r3, [pc, #256]	; (8fcc <_dtoa_r+0x604>)
    8eca:	2200      	movs	r2, #0
    8ecc:	4640      	mov	r0, r8
    8ece:	4649      	mov	r1, r9
    8ed0:	f002 fa0c 	bl	b2ec <__aeabi_dmul>
    8ed4:	4602      	mov	r2, r0
    8ed6:	460b      	mov	r3, r1
    8ed8:	ec51 0b19 	vmov	r0, r1, d9
    8edc:	f7fb febe 	bl	4c5c <__aeabi_dcmple>
    8ee0:	f8dd a01c 	ldr.w	sl, [sp, #28]
    8ee4:	4656      	mov	r6, sl
    8ee6:	2800      	cmp	r0, #0
    8ee8:	f000 82c4 	beq.w	9474 <_dtoa_r+0xaac>
    8eec:	9b09      	ldr	r3, [sp, #36]	; 0x24
    8eee:	f8dd 8000 	ldr.w	r8, [sp]
    8ef2:	43df      	mvns	r7, r3
    8ef4:	e2c6      	b.n	9484 <_dtoa_r+0xabc>
    8ef6:	4642      	mov	r2, r8
    8ef8:	464b      	mov	r3, r9
    8efa:	ec51 0b19 	vmov	r0, r1, d9
    8efe:	f002 fb1f 	bl	b540 <__aeabi_ddiv>
    8f02:	f002 fc05 	bl	b710 <__aeabi_d2iz>
    8f06:	4606      	mov	r6, r0
    8f08:	4683      	mov	fp, r0
    8f0a:	f7fb fdd3 	bl	4ab4 <__aeabi_i2d>
    8f0e:	4642      	mov	r2, r8
    8f10:	464b      	mov	r3, r9
    8f12:	f002 f9eb 	bl	b2ec <__aeabi_dmul>
    8f16:	460b      	mov	r3, r1
    8f18:	4602      	mov	r2, r0
    8f1a:	ec51 0b19 	vmov	r0, r1, d9
    8f1e:	f7fb fc7b 	bl	4818 <__aeabi_dsub>
    8f22:	f8dd a000 	ldr.w	sl, [sp]
    8f26:	4633      	mov	r3, r6
    8f28:	3330      	adds	r3, #48	; 0x30
    8f2a:	f80a 3b01 	strb.w	r3, [sl], #1
    8f2e:	9b07      	ldr	r3, [sp, #28]
    8f30:	2b01      	cmp	r3, #1
    8f32:	f000 8371 	beq.w	9618 <_dtoa_r+0xc50>
    8f36:	f04f 0b01 	mov.w	fp, #1
    8f3a:	ee08 5a10 	vmov	s16, r5
    8f3e:	ee08 4a90 	vmov	s17, r4
    8f42:	461d      	mov	r5, r3
    8f44:	4654      	mov	r4, sl
    8f46:	46da      	mov	sl, fp
    8f48:	e01d      	b.n	8f86 <_dtoa_r+0x5be>
    8f4a:	4642      	mov	r2, r8
    8f4c:	464b      	mov	r3, r9
    8f4e:	4630      	mov	r0, r6
    8f50:	4639      	mov	r1, r7
    8f52:	f002 faf5 	bl	b540 <__aeabi_ddiv>
    8f56:	f002 fbdb 	bl	b710 <__aeabi_d2iz>
    8f5a:	4683      	mov	fp, r0
    8f5c:	f7fb fdaa 	bl	4ab4 <__aeabi_i2d>
    8f60:	4642      	mov	r2, r8
    8f62:	464b      	mov	r3, r9
    8f64:	f002 f9c2 	bl	b2ec <__aeabi_dmul>
    8f68:	f10a 0a01 	add.w	sl, sl, #1
    8f6c:	460b      	mov	r3, r1
    8f6e:	4602      	mov	r2, r0
    8f70:	4639      	mov	r1, r7
    8f72:	4630      	mov	r0, r6
    8f74:	f7fb fc50 	bl	4818 <__aeabi_dsub>
    8f78:	f10b 0330 	add.w	r3, fp, #48	; 0x30
    8f7c:	45aa      	cmp	sl, r5
    8f7e:	f804 3b01 	strb.w	r3, [r4], #1
    8f82:	f000 8344 	beq.w	960e <_dtoa_r+0xc46>
    8f86:	4b10      	ldr	r3, [pc, #64]	; (8fc8 <_dtoa_r+0x600>)
    8f88:	2200      	movs	r2, #0
    8f8a:	f002 f9af 	bl	b2ec <__aeabi_dmul>
    8f8e:	2200      	movs	r2, #0
    8f90:	2300      	movs	r3, #0
    8f92:	4606      	mov	r6, r0
    8f94:	460f      	mov	r7, r1
    8f96:	f7fb fe4d 	bl	4c34 <__aeabi_dcmpeq>
    8f9a:	2800      	cmp	r0, #0
    8f9c:	d0d5      	beq.n	8f4a <_dtoa_r+0x582>
    8f9e:	46a2      	mov	sl, r4
    8fa0:	ee18 5a10 	vmov	r5, s16
    8fa4:	ee18 4a90 	vmov	r4, s17
    8fa8:	9b05      	ldr	r3, [sp, #20]
    8faa:	3301      	adds	r3, #1
    8fac:	9305      	str	r3, [sp, #20]
    8fae:	46d1      	mov	r9, sl
    8fb0:	e0e6      	b.n	9180 <_dtoa_r+0x7b8>
    8fb2:	bf00      	nop
    8fb4:	0000bd30 	.word	0x0000bd30
    8fb8:	0000bd08 	.word	0x0000bd08
    8fbc:	3ff00000 	.word	0x3ff00000
    8fc0:	401c0000 	.word	0x401c0000
    8fc4:	3fe00000 	.word	0x3fe00000
    8fc8:	40240000 	.word	0x40240000
    8fcc:	40140000 	.word	0x40140000
    8fd0:	9a0a      	ldr	r2, [sp, #40]	; 0x28
    8fd2:	2a00      	cmp	r2, #0
    8fd4:	f000 810c 	beq.w	91f0 <_dtoa_r+0x828>
    8fd8:	9a01      	ldr	r2, [sp, #4]
    8fda:	2a01      	cmp	r2, #1
    8fdc:	f340 829d 	ble.w	951a <_dtoa_r+0xb52>
    8fe0:	9b07      	ldr	r3, [sp, #28]
    8fe2:	f103 38ff 	add.w	r8, r3, #4294967295
    8fe6:	9b0b      	ldr	r3, [sp, #44]	; 0x2c
    8fe8:	4543      	cmp	r3, r8
    8fea:	f280 8260 	bge.w	94ae <_dtoa_r+0xae6>
    8fee:	9b0b      	ldr	r3, [sp, #44]	; 0x2c
    8ff0:	f8cd 802c 	str.w	r8, [sp, #44]	; 0x2c
    8ff4:	eba8 0303 	sub.w	r3, r8, r3
    8ff8:	449b      	add	fp, r3
    8ffa:	f04f 0800 	mov.w	r8, #0
    8ffe:	9b07      	ldr	r3, [sp, #28]
    9000:	2b00      	cmp	r3, #0
    9002:	f2c0 833b 	blt.w	967c <_dtoa_r+0xcb4>
    9006:	9a04      	ldr	r2, [sp, #16]
    9008:	441a      	add	r2, r3
    900a:	9204      	str	r2, [sp, #16]
    900c:	9a08      	ldr	r2, [sp, #32]
    900e:	4617      	mov	r7, r2
    9010:	441a      	add	r2, r3
    9012:	9208      	str	r2, [sp, #32]
    9014:	2101      	movs	r1, #1
    9016:	4620      	mov	r0, r4
    9018:	f7fd f8ee 	bl	61f8 <__i2b>
    901c:	4606      	mov	r6, r0
    901e:	b167      	cbz	r7, 903a <_dtoa_r+0x672>
    9020:	9a04      	ldr	r2, [sp, #16]
    9022:	2a00      	cmp	r2, #0
    9024:	dd09      	ble.n	903a <_dtoa_r+0x672>
    9026:	9908      	ldr	r1, [sp, #32]
    9028:	42ba      	cmp	r2, r7
    902a:	4613      	mov	r3, r2
    902c:	bfa8      	it	ge
    902e:	463b      	movge	r3, r7
    9030:	1ac9      	subs	r1, r1, r3
    9032:	1aff      	subs	r7, r7, r3
    9034:	1ad3      	subs	r3, r2, r3
    9036:	9108      	str	r1, [sp, #32]
    9038:	9304      	str	r3, [sp, #16]
    903a:	9b0b      	ldr	r3, [sp, #44]	; 0x2c
    903c:	b163      	cbz	r3, 9058 <_dtoa_r+0x690>
    903e:	9b0a      	ldr	r3, [sp, #40]	; 0x28
    9040:	2b00      	cmp	r3, #0
    9042:	f000 82bf 	beq.w	95c4 <_dtoa_r+0xbfc>
    9046:	f1b8 0f00 	cmp.w	r8, #0
    904a:	f300 8233 	bgt.w	94b4 <_dtoa_r+0xaec>
    904e:	9b0b      	ldr	r3, [sp, #44]	; 0x2c
    9050:	ebb3 0208 	subs.w	r2, r3, r8
    9054:	f040 8322 	bne.w	969c <_dtoa_r+0xcd4>
    9058:	2101      	movs	r1, #1
    905a:	4620      	mov	r0, r4
    905c:	f7fd f8cc 	bl	61f8 <__i2b>
    9060:	f1bb 0f00 	cmp.w	fp, #0
    9064:	4682      	mov	sl, r0
    9066:	f300 80d9 	bgt.w	921c <_dtoa_r+0x854>
    906a:	9b01      	ldr	r3, [sp, #4]
    906c:	2b01      	cmp	r3, #1
    906e:	f340 81a9 	ble.w	93c4 <_dtoa_r+0x9fc>
    9072:	f04f 0800 	mov.w	r8, #0
    9076:	2001      	movs	r0, #1
    9078:	f1bb 0f00 	cmp.w	fp, #0
    907c:	f040 80da 	bne.w	9234 <_dtoa_r+0x86c>
    9080:	9b04      	ldr	r3, [sp, #16]
    9082:	4418      	add	r0, r3
    9084:	f010 001f 	ands.w	r0, r0, #31
    9088:	f000 819a 	beq.w	93c0 <_dtoa_r+0x9f8>
    908c:	f1c0 0320 	rsb	r3, r0, #32
    9090:	2b04      	cmp	r3, #4
    9092:	f300 80b2 	bgt.w	91fa <_dtoa_r+0x832>
    9096:	f040 822d 	bne.w	94f4 <_dtoa_r+0xb2c>
    909a:	9b08      	ldr	r3, [sp, #32]
    909c:	2b00      	cmp	r3, #0
    909e:	dd05      	ble.n	90ac <_dtoa_r+0x6e4>
    90a0:	4629      	mov	r1, r5
    90a2:	461a      	mov	r2, r3
    90a4:	4620      	mov	r0, r4
    90a6:	f7fd f9e3 	bl	6470 <__lshift>
    90aa:	4605      	mov	r5, r0
    90ac:	9b04      	ldr	r3, [sp, #16]
    90ae:	2b00      	cmp	r3, #0
    90b0:	dd05      	ble.n	90be <_dtoa_r+0x6f6>
    90b2:	4651      	mov	r1, sl
    90b4:	461a      	mov	r2, r3
    90b6:	4620      	mov	r0, r4
    90b8:	f7fd f9da 	bl	6470 <__lshift>
    90bc:	4682      	mov	sl, r0
    90be:	9b0c      	ldr	r3, [sp, #48]	; 0x30
    90c0:	2b00      	cmp	r3, #0
    90c2:	f040 815d 	bne.w	9380 <_dtoa_r+0x9b8>
    90c6:	9b07      	ldr	r3, [sp, #28]
    90c8:	2b00      	cmp	r3, #0
    90ca:	f340 8144 	ble.w	9356 <_dtoa_r+0x98e>
    90ce:	9b0a      	ldr	r3, [sp, #40]	; 0x28
    90d0:	2b00      	cmp	r3, #0
    90d2:	f040 80c7 	bne.w	9264 <_dtoa_r+0x89c>
    90d6:	9b05      	ldr	r3, [sp, #20]
    90d8:	3301      	adds	r3, #1
    90da:	9305      	str	r3, [sp, #20]
    90dc:	f8dd 8000 	ldr.w	r8, [sp]
    90e0:	f8dd 901c 	ldr.w	r9, [sp, #28]
    90e4:	2701      	movs	r7, #1
    90e6:	e007      	b.n	90f8 <_dtoa_r+0x730>
    90e8:	4629      	mov	r1, r5
    90ea:	2300      	movs	r3, #0
    90ec:	220a      	movs	r2, #10
    90ee:	4620      	mov	r0, r4
    90f0:	f7fc ffe0 	bl	60b4 <__multadd>
    90f4:	3701      	adds	r7, #1
    90f6:	4605      	mov	r5, r0
    90f8:	4651      	mov	r1, sl
    90fa:	4628      	mov	r0, r5
    90fc:	f7ff fbce 	bl	889c <quorem>
    9100:	45b9      	cmp	r9, r7
    9102:	f100 0030 	add.w	r0, r0, #48	; 0x30
    9106:	f808 0b01 	strb.w	r0, [r8], #1
    910a:	dced      	bgt.n	90e8 <_dtoa_r+0x720>
    910c:	9a07      	ldr	r2, [sp, #28]
    910e:	2a00      	cmp	r2, #0
    9110:	bfc8      	it	gt
    9112:	4693      	movgt	fp, r2
    9114:	9a00      	ldr	r2, [sp, #0]
    9116:	bfd8      	it	le
    9118:	f04f 0b01 	movle.w	fp, #1
    911c:	4603      	mov	r3, r0
    911e:	4493      	add	fp, r2
    9120:	2700      	movs	r7, #0
    9122:	4629      	mov	r1, r5
    9124:	2201      	movs	r2, #1
    9126:	4620      	mov	r0, r4
    9128:	9301      	str	r3, [sp, #4]
    912a:	f7fd f9a1 	bl	6470 <__lshift>
    912e:	4651      	mov	r1, sl
    9130:	4605      	mov	r5, r0
    9132:	f7fd fa15 	bl	6560 <__mcmp>
    9136:	2800      	cmp	r0, #0
    9138:	f340 81e4 	ble.w	9504 <_dtoa_r+0xb3c>
    913c:	f81b 3c01 	ldrb.w	r3, [fp, #-1]
    9140:	9a00      	ldr	r2, [sp, #0]
    9142:	f10b 3bff 	add.w	fp, fp, #4294967295
    9146:	e004      	b.n	9152 <_dtoa_r+0x78a>
    9148:	455a      	cmp	r2, fp
    914a:	f000 81f6 	beq.w	953a <_dtoa_r+0xb72>
    914e:	f81b 3d01 	ldrb.w	r3, [fp, #-1]!
    9152:	2b39      	cmp	r3, #57	; 0x39
    9154:	f10b 0901 	add.w	r9, fp, #1
    9158:	d0f6      	beq.n	9148 <_dtoa_r+0x780>
    915a:	3301      	adds	r3, #1
    915c:	f88b 3000 	strb.w	r3, [fp]
    9160:	4651      	mov	r1, sl
    9162:	4620      	mov	r0, r4
    9164:	f7fc ff9c 	bl	60a0 <_Bfree>
    9168:	b156      	cbz	r6, 9180 <_dtoa_r+0x7b8>
    916a:	b12f      	cbz	r7, 9178 <_dtoa_r+0x7b0>
    916c:	42b7      	cmp	r7, r6
    916e:	d003      	beq.n	9178 <_dtoa_r+0x7b0>
    9170:	4639      	mov	r1, r7
    9172:	4620      	mov	r0, r4
    9174:	f7fc ff94 	bl	60a0 <_Bfree>
    9178:	4631      	mov	r1, r6
    917a:	4620      	mov	r0, r4
    917c:	f7fc ff90 	bl	60a0 <_Bfree>
    9180:	4629      	mov	r1, r5
    9182:	4620      	mov	r0, r4
    9184:	f7fc ff8c 	bl	60a0 <_Bfree>
    9188:	2300      	movs	r3, #0
    918a:	f889 3000 	strb.w	r3, [r9]
    918e:	e9dd 2305 	ldrd	r2, r3, [sp, #20]
    9192:	601a      	str	r2, [r3, #0]
    9194:	9b25      	ldr	r3, [sp, #148]	; 0x94
    9196:	2b00      	cmp	r3, #0
    9198:	f43f ac59 	beq.w	8a4e <_dtoa_r+0x86>
    919c:	9800      	ldr	r0, [sp, #0]
    919e:	f8c3 9000 	str.w	r9, [r3]
    91a2:	b015      	add	sp, #84	; 0x54
    91a4:	ecbd 8b06 	vpop	{d8-d10}
    91a8:	e8bd 8ff0 	ldmia.w	sp!, {r4, r5, r6, r7, r8, r9, sl, fp, pc}
    91ac:	2301      	movs	r3, #1
    91ae:	1bbf      	subs	r7, r7, r6
    91b0:	930c      	str	r3, [sp, #48]	; 0x30
    91b2:	1e7b      	subs	r3, r7, #1
    91b4:	9304      	str	r3, [sp, #16]
    91b6:	f57f acbf 	bpl.w	8b38 <_dtoa_r+0x170>
    91ba:	f1c7 0301 	rsb	r3, r7, #1
    91be:	9308      	str	r3, [sp, #32]
    91c0:	2300      	movs	r3, #0
    91c2:	9304      	str	r3, [sp, #16]
    91c4:	e4ba      	b.n	8b3c <_dtoa_r+0x174>
    91c6:	4658      	mov	r0, fp
    91c8:	f7fb fc74 	bl	4ab4 <__aeabi_i2d>
    91cc:	4642      	mov	r2, r8
    91ce:	464b      	mov	r3, r9
    91d0:	f7fb fd30 	bl	4c34 <__aeabi_dcmpeq>
    91d4:	2800      	cmp	r0, #0
    91d6:	f47f ac97 	bne.w	8b08 <_dtoa_r+0x140>
    91da:	f10b 3bff 	add.w	fp, fp, #4294967295
    91de:	e493      	b.n	8b08 <_dtoa_r+0x140>
    91e0:	4bbd      	ldr	r3, [pc, #756]	; (94d8 <_dtoa_r+0xb10>)
    91e2:	9300      	str	r3, [sp, #0]
    91e4:	9800      	ldr	r0, [sp, #0]
    91e6:	b015      	add	sp, #84	; 0x54
    91e8:	ecbd 8b06 	vpop	{d8-d10}
    91ec:	e8bd 8ff0 	ldmia.w	sp!, {r4, r5, r6, r7, r8, r9, sl, fp, pc}
    91f0:	f8dd 802c 	ldr.w	r8, [sp, #44]	; 0x2c
    91f4:	9f08      	ldr	r7, [sp, #32]
    91f6:	9e0a      	ldr	r6, [sp, #40]	; 0x28
    91f8:	e711      	b.n	901e <_dtoa_r+0x656>
    91fa:	f1c0 001c 	rsb	r0, r0, #28
    91fe:	9b08      	ldr	r3, [sp, #32]
    9200:	4403      	add	r3, r0
    9202:	9308      	str	r3, [sp, #32]
    9204:	9b04      	ldr	r3, [sp, #16]
    9206:	4403      	add	r3, r0
    9208:	4407      	add	r7, r0
    920a:	9304      	str	r3, [sp, #16]
    920c:	e745      	b.n	909a <_dtoa_r+0x6d2>
    920e:	2601      	movs	r6, #1
    9210:	e4ab      	b.n	8b6a <_dtoa_r+0x1a2>
    9212:	f1c3 0320 	rsb	r3, r3, #32
    9216:	fa08 f003 	lsl.w	r0, r8, r3
    921a:	e442      	b.n	8aa2 <_dtoa_r+0xda>
    921c:	4601      	mov	r1, r0
    921e:	465a      	mov	r2, fp
    9220:	4620      	mov	r0, r4
    9222:	f7fd f8c5 	bl	63b0 <__pow5mult>
    9226:	9b01      	ldr	r3, [sp, #4]
    9228:	2b01      	cmp	r3, #1
    922a:	4682      	mov	sl, r0
    922c:	f340 81be 	ble.w	95ac <_dtoa_r+0xbe4>
    9230:	f04f 0800 	mov.w	r8, #0
    9234:	f8da 3010 	ldr.w	r3, [sl, #16]
    9238:	eb0a 0383 	add.w	r3, sl, r3, lsl #2
    923c:	6918      	ldr	r0, [r3, #16]
    923e:	f7fc ff8b 	bl	6158 <__hi0bits>
    9242:	f1c0 0020 	rsb	r0, r0, #32
    9246:	e71b      	b.n	9080 <_dtoa_r+0x6b8>
    9248:	4631      	mov	r1, r6
    924a:	2300      	movs	r3, #0
    924c:	220a      	movs	r2, #10
    924e:	4620      	mov	r0, r4
    9250:	f7fc ff30 	bl	60b4 <__multadd>
    9254:	9b0f      	ldr	r3, [sp, #60]	; 0x3c
    9256:	2b00      	cmp	r3, #0
    9258:	4606      	mov	r6, r0
    925a:	f340 8319 	ble.w	9890 <_dtoa_r+0xec8>
    925e:	f8cd 9014 	str.w	r9, [sp, #20]
    9262:	9307      	str	r3, [sp, #28]
    9264:	2f00      	cmp	r7, #0
    9266:	f300 811b 	bgt.w	94a0 <_dtoa_r+0xad8>
    926a:	f1b8 0f00 	cmp.w	r8, #0
    926e:	f040 81ee 	bne.w	964e <_dtoa_r+0xc86>
    9272:	46b0      	mov	r8, r6
    9274:	9b02      	ldr	r3, [sp, #8]
    9276:	9f00      	ldr	r7, [sp, #0]
    9278:	9907      	ldr	r1, [sp, #28]
    927a:	f003 0201 	and.w	r2, r3, #1
    927e:	1e7b      	subs	r3, r7, #1
    9280:	4419      	add	r1, r3
    9282:	9b01      	ldr	r3, [sp, #4]
    9284:	920a      	str	r2, [sp, #40]	; 0x28
    9286:	4313      	orrs	r3, r2
    9288:	9108      	str	r1, [sp, #32]
    928a:	9309      	str	r3, [sp, #36]	; 0x24
    928c:	4651      	mov	r1, sl
    928e:	4628      	mov	r0, r5
    9290:	f7ff fb04 	bl	889c <quorem>
    9294:	4631      	mov	r1, r6
    9296:	4683      	mov	fp, r0
    9298:	4628      	mov	r0, r5
    929a:	f7fd f961 	bl	6560 <__mcmp>
    929e:	4642      	mov	r2, r8
    92a0:	4651      	mov	r1, sl
    92a2:	4681      	mov	r9, r0
    92a4:	4620      	mov	r0, r4
    92a6:	f7fd f97d 	bl	65a4 <__mdiff>
    92aa:	68c2      	ldr	r2, [r0, #12]
    92ac:	4601      	mov	r1, r0
    92ae:	f10b 0330 	add.w	r3, fp, #48	; 0x30
    92b2:	2a00      	cmp	r2, #0
    92b4:	d142      	bne.n	933c <_dtoa_r+0x974>
    92b6:	9004      	str	r0, [sp, #16]
    92b8:	4628      	mov	r0, r5
    92ba:	9307      	str	r3, [sp, #28]
    92bc:	f7fd f950 	bl	6560 <__mcmp>
    92c0:	9904      	ldr	r1, [sp, #16]
    92c2:	9002      	str	r0, [sp, #8]
    92c4:	4620      	mov	r0, r4
    92c6:	f7fc feeb 	bl	60a0 <_Bfree>
    92ca:	9a02      	ldr	r2, [sp, #8]
    92cc:	9b07      	ldr	r3, [sp, #28]
    92ce:	b91a      	cbnz	r2, 92d8 <_dtoa_r+0x910>
    92d0:	9909      	ldr	r1, [sp, #36]	; 0x24
    92d2:	2900      	cmp	r1, #0
    92d4:	f000 82c4 	beq.w	9860 <_dtoa_r+0xe98>
    92d8:	f1b9 0f00 	cmp.w	r9, #0
    92dc:	f2c0 8179 	blt.w	95d2 <_dtoa_r+0xc0a>
    92e0:	9901      	ldr	r1, [sp, #4]
    92e2:	ea49 0901 	orr.w	r9, r9, r1
    92e6:	990a      	ldr	r1, [sp, #40]	; 0x28
    92e8:	ea51 0909 	orrs.w	r9, r1, r9
    92ec:	f000 8171 	beq.w	95d2 <_dtoa_r+0xc0a>
    92f0:	2a00      	cmp	r2, #0
    92f2:	f300 81c7 	bgt.w	9684 <_dtoa_r+0xcbc>
    92f6:	9a08      	ldr	r2, [sp, #32]
    92f8:	703b      	strb	r3, [r7, #0]
    92fa:	f107 0901 	add.w	r9, r7, #1
    92fe:	4297      	cmp	r7, r2
    9300:	46cb      	mov	fp, r9
    9302:	f000 81c5 	beq.w	9690 <_dtoa_r+0xcc8>
    9306:	4629      	mov	r1, r5
    9308:	2300      	movs	r3, #0
    930a:	220a      	movs	r2, #10
    930c:	4620      	mov	r0, r4
    930e:	f7fc fed1 	bl	60b4 <__multadd>
    9312:	4546      	cmp	r6, r8
    9314:	4605      	mov	r5, r0
    9316:	4631      	mov	r1, r6
    9318:	f04f 0300 	mov.w	r3, #0
    931c:	f04f 020a 	mov.w	r2, #10
    9320:	4620      	mov	r0, r4
    9322:	d012      	beq.n	934a <_dtoa_r+0x982>
    9324:	f7fc fec6 	bl	60b4 <__multadd>
    9328:	4641      	mov	r1, r8
    932a:	4606      	mov	r6, r0
    932c:	2300      	movs	r3, #0
    932e:	220a      	movs	r2, #10
    9330:	4620      	mov	r0, r4
    9332:	f7fc febf 	bl	60b4 <__multadd>
    9336:	464f      	mov	r7, r9
    9338:	4680      	mov	r8, r0
    933a:	e7a7      	b.n	928c <_dtoa_r+0x8c4>
    933c:	4620      	mov	r0, r4
    933e:	9302      	str	r3, [sp, #8]
    9340:	f7fc feae 	bl	60a0 <_Bfree>
    9344:	9b02      	ldr	r3, [sp, #8]
    9346:	2201      	movs	r2, #1
    9348:	e7c6      	b.n	92d8 <_dtoa_r+0x910>
    934a:	f7fc feb3 	bl	60b4 <__multadd>
    934e:	464f      	mov	r7, r9
    9350:	4606      	mov	r6, r0
    9352:	4680      	mov	r8, r0
    9354:	e79a      	b.n	928c <_dtoa_r+0x8c4>
    9356:	9b01      	ldr	r3, [sp, #4]
    9358:	2b02      	cmp	r3, #2
    935a:	dc7a      	bgt.n	9452 <_dtoa_r+0xa8a>
    935c:	9b0a      	ldr	r3, [sp, #40]	; 0x28
    935e:	2b00      	cmp	r3, #0
    9360:	d180      	bne.n	9264 <_dtoa_r+0x89c>
    9362:	9b05      	ldr	r3, [sp, #20]
    9364:	4651      	mov	r1, sl
    9366:	3301      	adds	r3, #1
    9368:	4628      	mov	r0, r5
    936a:	9305      	str	r3, [sp, #20]
    936c:	f7ff fa96 	bl	889c <quorem>
    9370:	f8dd b000 	ldr.w	fp, [sp]
    9374:	f100 0330 	add.w	r3, r0, #48	; 0x30
    9378:	f80b 3b01 	strb.w	r3, [fp], #1
    937c:	2700      	movs	r7, #0
    937e:	e6d0      	b.n	9122 <_dtoa_r+0x75a>
    9380:	4651      	mov	r1, sl
    9382:	4628      	mov	r0, r5
    9384:	f7fd f8ec 	bl	6560 <__mcmp>
    9388:	2800      	cmp	r0, #0
    938a:	f6bf ae9c 	bge.w	90c6 <_dtoa_r+0x6fe>
    938e:	4629      	mov	r1, r5
    9390:	2300      	movs	r3, #0
    9392:	220a      	movs	r2, #10
    9394:	4620      	mov	r0, r4
    9396:	f7fc fe8d 	bl	60b4 <__multadd>
    939a:	9b05      	ldr	r3, [sp, #20]
    939c:	f103 39ff 	add.w	r9, r3, #4294967295
    93a0:	9b0a      	ldr	r3, [sp, #40]	; 0x28
    93a2:	4605      	mov	r5, r0
    93a4:	2b00      	cmp	r3, #0
    93a6:	f47f af4f 	bne.w	9248 <_dtoa_r+0x880>
    93aa:	9b0f      	ldr	r3, [sp, #60]	; 0x3c
    93ac:	2b00      	cmp	r3, #0
    93ae:	f340 825e 	ble.w	986e <_dtoa_r+0xea6>
    93b2:	9307      	str	r3, [sp, #28]
    93b4:	e692      	b.n	90dc <_dtoa_r+0x714>
    93b6:	4b49      	ldr	r3, [pc, #292]	; (94dc <_dtoa_r+0xb14>)
    93b8:	9300      	str	r3, [sp, #0]
    93ba:	3303      	adds	r3, #3
    93bc:	f7ff bbf0 	b.w	8ba0 <_dtoa_r+0x1d8>
    93c0:	201c      	movs	r0, #28
    93c2:	e71c      	b.n	91fe <_dtoa_r+0x836>
    93c4:	e9dd 1202 	ldrd	r1, r2, [sp, #8]
    93c8:	2900      	cmp	r1, #0
    93ca:	f47f ae52 	bne.w	9072 <_dtoa_r+0x6aa>
    93ce:	f3c2 0313 	ubfx	r3, r2, #0, #20
    93d2:	2b00      	cmp	r3, #0
    93d4:	f47f ae4d 	bne.w	9072 <_dtoa_r+0x6aa>
    93d8:	4b41      	ldr	r3, [pc, #260]	; (94e0 <_dtoa_r+0xb18>)
    93da:	4013      	ands	r3, r2
    93dc:	2b00      	cmp	r3, #0
    93de:	f000 8220 	beq.w	9822 <_dtoa_r+0xe5a>
    93e2:	9b08      	ldr	r3, [sp, #32]
    93e4:	3301      	adds	r3, #1
    93e6:	9308      	str	r3, [sp, #32]
    93e8:	9b04      	ldr	r3, [sp, #16]
    93ea:	3301      	adds	r3, #1
    93ec:	9304      	str	r3, [sp, #16]
    93ee:	f04f 0801 	mov.w	r8, #1
    93f2:	e640      	b.n	9076 <_dtoa_r+0x6ae>
    93f4:	2301      	movs	r3, #1
    93f6:	930a      	str	r3, [sp, #40]	; 0x28
    93f8:	9b09      	ldr	r3, [sp, #36]	; 0x24
    93fa:	9a05      	ldr	r2, [sp, #20]
    93fc:	4413      	add	r3, r2
    93fe:	930f      	str	r3, [sp, #60]	; 0x3c
    9400:	3301      	adds	r3, #1
    9402:	2b01      	cmp	r3, #1
    9404:	461f      	mov	r7, r3
    9406:	9307      	str	r3, [sp, #28]
    9408:	bfb8      	it	lt
    940a:	2701      	movlt	r7, #1
    940c:	2100      	movs	r1, #0
    940e:	2f17      	cmp	r7, #23
    9410:	63e1      	str	r1, [r4, #60]	; 0x3c
    9412:	f77f ac19 	ble.w	8c48 <_dtoa_r+0x280>
    9416:	2201      	movs	r2, #1
    9418:	2304      	movs	r3, #4
    941a:	005b      	lsls	r3, r3, #1
    941c:	f103 0014 	add.w	r0, r3, #20
    9420:	42b8      	cmp	r0, r7
    9422:	4611      	mov	r1, r2
    9424:	f102 0201 	add.w	r2, r2, #1
    9428:	d9f7      	bls.n	941a <_dtoa_r+0xa52>
    942a:	63e1      	str	r1, [r4, #60]	; 0x3c
    942c:	e40c      	b.n	8c48 <_dtoa_r+0x280>
    942e:	2301      	movs	r3, #1
    9430:	930a      	str	r3, [sp, #40]	; 0x28
    9432:	9f09      	ldr	r7, [sp, #36]	; 0x24
    9434:	2f00      	cmp	r7, #0
    9436:	dd60      	ble.n	94fa <_dtoa_r+0xb32>
    9438:	970f      	str	r7, [sp, #60]	; 0x3c
    943a:	9707      	str	r7, [sp, #28]
    943c:	e7e6      	b.n	940c <_dtoa_r+0xa44>
    943e:	2300      	movs	r3, #0
    9440:	930a      	str	r3, [sp, #40]	; 0x28
    9442:	e7d9      	b.n	93f8 <_dtoa_r+0xa30>
    9444:	2300      	movs	r3, #0
    9446:	930a      	str	r3, [sp, #40]	; 0x28
    9448:	e7f3      	b.n	9432 <_dtoa_r+0xa6a>
    944a:	9b0f      	ldr	r3, [sp, #60]	; 0x3c
    944c:	9307      	str	r3, [sp, #28]
    944e:	f8cd 9014 	str.w	r9, [sp, #20]
    9452:	9b07      	ldr	r3, [sp, #28]
    9454:	2b00      	cmp	r3, #0
    9456:	f47f ad49 	bne.w	8eec <_dtoa_r+0x524>
    945a:	4651      	mov	r1, sl
    945c:	2205      	movs	r2, #5
    945e:	4620      	mov	r0, r4
    9460:	f7fc fe28 	bl	60b4 <__multadd>
    9464:	4601      	mov	r1, r0
    9466:	4682      	mov	sl, r0
    9468:	4628      	mov	r0, r5
    946a:	f7fd f879 	bl	6560 <__mcmp>
    946e:	2800      	cmp	r0, #0
    9470:	f77f ad3c 	ble.w	8eec <_dtoa_r+0x524>
    9474:	9b00      	ldr	r3, [sp, #0]
    9476:	9f05      	ldr	r7, [sp, #20]
    9478:	2231      	movs	r2, #49	; 0x31
    947a:	4698      	mov	r8, r3
    947c:	f803 2b01 	strb.w	r2, [r3], #1
    9480:	3701      	adds	r7, #1
    9482:	9300      	str	r3, [sp, #0]
    9484:	4651      	mov	r1, sl
    9486:	4620      	mov	r0, r4
    9488:	f7fc fe0a 	bl	60a0 <_Bfree>
    948c:	1c7b      	adds	r3, r7, #1
    948e:	f8dd 9000 	ldr.w	r9, [sp]
    9492:	9305      	str	r3, [sp, #20]
    9494:	f8cd 8000 	str.w	r8, [sp]
    9498:	2e00      	cmp	r6, #0
    949a:	f47f ae6d 	bne.w	9178 <_dtoa_r+0x7b0>
    949e:	e66f      	b.n	9180 <_dtoa_r+0x7b8>
    94a0:	4631      	mov	r1, r6
    94a2:	463a      	mov	r2, r7
    94a4:	4620      	mov	r0, r4
    94a6:	f7fc ffe3 	bl	6470 <__lshift>
    94aa:	4606      	mov	r6, r0
    94ac:	e6dd      	b.n	926a <_dtoa_r+0x8a2>
    94ae:	eba3 0808 	sub.w	r8, r3, r8
    94b2:	e5a4      	b.n	8ffe <_dtoa_r+0x636>
    94b4:	4631      	mov	r1, r6
    94b6:	4642      	mov	r2, r8
    94b8:	4620      	mov	r0, r4
    94ba:	f7fc ff79 	bl	63b0 <__pow5mult>
    94be:	462a      	mov	r2, r5
    94c0:	4601      	mov	r1, r0
    94c2:	4606      	mov	r6, r0
    94c4:	4620      	mov	r0, r4
    94c6:	f7fc fec5 	bl	6254 <__multiply>
    94ca:	4629      	mov	r1, r5
    94cc:	4605      	mov	r5, r0
    94ce:	4620      	mov	r0, r4
    94d0:	f7fc fde6 	bl	60a0 <_Bfree>
    94d4:	e5bb      	b.n	904e <_dtoa_r+0x686>
    94d6:	bf00      	nop
    94d8:	0000be44 	.word	0x0000be44
    94dc:	0000beb4 	.word	0x0000beb4
    94e0:	7ff00000 	.word	0x7ff00000
    94e4:	f04f 0a02 	mov.w	sl, #2
    94e8:	eeb0 8a49 	vmov.f32	s16, s18
    94ec:	eef0 8a69 	vmov.f32	s17, s19
    94f0:	f7ff bbd7 	b.w	8ca2 <_dtoa_r+0x2da>
    94f4:	f1c0 003c 	rsb	r0, r0, #60	; 0x3c
    94f8:	e681      	b.n	91fe <_dtoa_r+0x836>
    94fa:	2301      	movs	r3, #1
    94fc:	9309      	str	r3, [sp, #36]	; 0x24
    94fe:	9307      	str	r3, [sp, #28]
    9500:	f7ff bb9e 	b.w	8c40 <_dtoa_r+0x278>
    9504:	d103      	bne.n	950e <_dtoa_r+0xb46>
    9506:	9b01      	ldr	r3, [sp, #4]
    9508:	07db      	lsls	r3, r3, #31
    950a:	f53f ae17 	bmi.w	913c <_dtoa_r+0x774>
    950e:	46d9      	mov	r9, fp
    9510:	f81b 3d01 	ldrb.w	r3, [fp, #-1]!
    9514:	2b30      	cmp	r3, #48	; 0x30
    9516:	d0fa      	beq.n	950e <_dtoa_r+0xb46>
    9518:	e622      	b.n	9160 <_dtoa_r+0x798>
    951a:	9a0d      	ldr	r2, [sp, #52]	; 0x34
    951c:	2a00      	cmp	r2, #0
    951e:	f000 8137 	beq.w	9790 <_dtoa_r+0xdc8>
    9522:	f203 4333 	addw	r3, r3, #1075	; 0x433
    9526:	9a04      	ldr	r2, [sp, #16]
    9528:	f8dd 802c 	ldr.w	r8, [sp, #44]	; 0x2c
    952c:	441a      	add	r2, r3
    952e:	9204      	str	r2, [sp, #16]
    9530:	9a08      	ldr	r2, [sp, #32]
    9532:	4617      	mov	r7, r2
    9534:	441a      	add	r2, r3
    9536:	9208      	str	r2, [sp, #32]
    9538:	e56c      	b.n	9014 <_dtoa_r+0x64c>
    953a:	9b05      	ldr	r3, [sp, #20]
    953c:	9a00      	ldr	r2, [sp, #0]
    953e:	3301      	adds	r3, #1
    9540:	9305      	str	r3, [sp, #20]
    9542:	2331      	movs	r3, #49	; 0x31
    9544:	7013      	strb	r3, [r2, #0]
    9546:	e60b      	b.n	9160 <_dtoa_r+0x798>
    9548:	f04f 0a00 	mov.w	sl, #0
    954c:	4656      	mov	r6, sl
    954e:	e4cd      	b.n	8eec <_dtoa_r+0x524>
    9550:	900c      	str	r0, [sp, #48]	; 0x30
    9552:	e632      	b.n	91ba <_dtoa_r+0x7f2>
    9554:	f000 8149 	beq.w	97ea <_dtoa_r+0xe22>
    9558:	9a05      	ldr	r2, [sp, #20]
    955a:	4bc8      	ldr	r3, [pc, #800]	; (987c <_dtoa_r+0xeb4>)
    955c:	4256      	negs	r6, r2
    955e:	f006 020f 	and.w	r2, r6, #15
    9562:	eb03 03c2 	add.w	r3, r3, r2, lsl #3
    9566:	e9d3 2300 	ldrd	r2, r3, [r3]
    956a:	ec51 0b19 	vmov	r0, r1, d9
    956e:	f001 febd 	bl	b2ec <__aeabi_dmul>
    9572:	1136      	asrs	r6, r6, #4
    9574:	ec41 0b1a 	vmov	d10, r0, r1
    9578:	f000 8195 	beq.w	98a6 <_dtoa_r+0xede>
    957c:	4fc0      	ldr	r7, [pc, #768]	; (9880 <_dtoa_r+0xeb8>)
    957e:	2300      	movs	r3, #0
    9580:	f04f 0a02 	mov.w	sl, #2
    9584:	07f2      	lsls	r2, r6, #31
    9586:	d506      	bpl.n	9596 <_dtoa_r+0xbce>
    9588:	e9d7 2300 	ldrd	r2, r3, [r7]
    958c:	f001 feae 	bl	b2ec <__aeabi_dmul>
    9590:	f10a 0a01 	add.w	sl, sl, #1
    9594:	2301      	movs	r3, #1
    9596:	1076      	asrs	r6, r6, #1
    9598:	f107 0708 	add.w	r7, r7, #8
    959c:	d1f2      	bne.n	9584 <_dtoa_r+0xbbc>
    959e:	2b00      	cmp	r3, #0
    95a0:	f43f ab9e 	beq.w	8ce0 <_dtoa_r+0x318>
    95a4:	ec41 0b1a 	vmov	d10, r0, r1
    95a8:	f7ff bb9a 	b.w	8ce0 <_dtoa_r+0x318>
    95ac:	9b02      	ldr	r3, [sp, #8]
    95ae:	2b00      	cmp	r3, #0
    95b0:	f47f ae3e 	bne.w	9230 <_dtoa_r+0x868>
    95b4:	e9dd 1202 	ldrd	r1, r2, [sp, #8]
    95b8:	f3c2 0313 	ubfx	r3, r2, #0, #20
    95bc:	2b00      	cmp	r3, #0
    95be:	f43f af0b 	beq.w	93d8 <_dtoa_r+0xa10>
    95c2:	e635      	b.n	9230 <_dtoa_r+0x868>
    95c4:	4629      	mov	r1, r5
    95c6:	9a0b      	ldr	r2, [sp, #44]	; 0x2c
    95c8:	4620      	mov	r0, r4
    95ca:	f7fc fef1 	bl	63b0 <__pow5mult>
    95ce:	4605      	mov	r5, r0
    95d0:	e542      	b.n	9058 <_dtoa_r+0x690>
    95d2:	2a00      	cmp	r2, #0
    95d4:	dd12      	ble.n	95fc <_dtoa_r+0xc34>
    95d6:	4629      	mov	r1, r5
    95d8:	2201      	movs	r2, #1
    95da:	4620      	mov	r0, r4
    95dc:	9301      	str	r3, [sp, #4]
    95de:	f7fc ff47 	bl	6470 <__lshift>
    95e2:	4651      	mov	r1, sl
    95e4:	4605      	mov	r5, r0
    95e6:	f7fc ffbb 	bl	6560 <__mcmp>
    95ea:	2800      	cmp	r0, #0
    95ec:	9b01      	ldr	r3, [sp, #4]
    95ee:	f340 8129 	ble.w	9844 <_dtoa_r+0xe7c>
    95f2:	2b39      	cmp	r3, #57	; 0x39
    95f4:	f000 8107 	beq.w	9806 <_dtoa_r+0xe3e>
    95f8:	f10b 0331 	add.w	r3, fp, #49	; 0x31
    95fc:	46b9      	mov	r9, r7
    95fe:	f809 3b01 	strb.w	r3, [r9], #1
    9602:	9b05      	ldr	r3, [sp, #20]
    9604:	3301      	adds	r3, #1
    9606:	4637      	mov	r7, r6
    9608:	9305      	str	r3, [sp, #20]
    960a:	4646      	mov	r6, r8
    960c:	e5a8      	b.n	9160 <_dtoa_r+0x798>
    960e:	46a2      	mov	sl, r4
    9610:	ee18 5a10 	vmov	r5, s16
    9614:	ee18 4a90 	vmov	r4, s17
    9618:	4602      	mov	r2, r0
    961a:	460b      	mov	r3, r1
    961c:	f7fb f8fe 	bl	481c <__adddf3>
    9620:	4642      	mov	r2, r8
    9622:	464b      	mov	r3, r9
    9624:	4606      	mov	r6, r0
    9626:	460f      	mov	r7, r1
    9628:	f7fb fb2c 	bl	4c84 <__aeabi_dcmpgt>
    962c:	b960      	cbnz	r0, 9648 <_dtoa_r+0xc80>
    962e:	4642      	mov	r2, r8
    9630:	464b      	mov	r3, r9
    9632:	4630      	mov	r0, r6
    9634:	4639      	mov	r1, r7
    9636:	f7fb fafd 	bl	4c34 <__aeabi_dcmpeq>
    963a:	2800      	cmp	r0, #0
    963c:	f43f acb4 	beq.w	8fa8 <_dtoa_r+0x5e0>
    9640:	ea5f 71cb 	movs.w	r1, fp, lsl #31
    9644:	f57f acb0 	bpl.w	8fa8 <_dtoa_r+0x5e0>
    9648:	9a00      	ldr	r2, [sp, #0]
    964a:	f7ff bbf3 	b.w	8e34 <_dtoa_r+0x46c>
    964e:	6871      	ldr	r1, [r6, #4]
    9650:	4620      	mov	r0, r4
    9652:	f7fc fcff 	bl	6054 <_Balloc>
    9656:	4607      	mov	r7, r0
    9658:	2800      	cmp	r0, #0
    965a:	f000 8128 	beq.w	98ae <_dtoa_r+0xee6>
    965e:	6933      	ldr	r3, [r6, #16]
    9660:	3302      	adds	r3, #2
    9662:	009a      	lsls	r2, r3, #2
    9664:	f106 010c 	add.w	r1, r6, #12
    9668:	300c      	adds	r0, #12
    966a:	f7f9 fe45 	bl	32f8 <memcpy>
    966e:	4639      	mov	r1, r7
    9670:	2201      	movs	r2, #1
    9672:	4620      	mov	r0, r4
    9674:	f7fc fefc 	bl	6470 <__lshift>
    9678:	4680      	mov	r8, r0
    967a:	e5fb      	b.n	9274 <_dtoa_r+0x8ac>
    967c:	e9dd 2307 	ldrd	r2, r3, [sp, #28]
    9680:	1a9f      	subs	r7, r3, r2
    9682:	e4c7      	b.n	9014 <_dtoa_r+0x64c>
    9684:	2b39      	cmp	r3, #57	; 0x39
    9686:	f000 80be 	beq.w	9806 <_dtoa_r+0xe3e>
    968a:	46b9      	mov	r9, r7
    968c:	3301      	adds	r3, #1
    968e:	e7b6      	b.n	95fe <_dtoa_r+0xc36>
    9690:	9a05      	ldr	r2, [sp, #20]
    9692:	3201      	adds	r2, #1
    9694:	4637      	mov	r7, r6
    9696:	9205      	str	r2, [sp, #20]
    9698:	4646      	mov	r6, r8
    969a:	e542      	b.n	9122 <_dtoa_r+0x75a>
    969c:	4629      	mov	r1, r5
    969e:	4620      	mov	r0, r4
    96a0:	f7fc fe86 	bl	63b0 <__pow5mult>
    96a4:	4605      	mov	r5, r0
    96a6:	e4d7      	b.n	9058 <_dtoa_r+0x690>
    96a8:	980e      	ldr	r0, [sp, #56]	; 0x38
    96aa:	4974      	ldr	r1, [pc, #464]	; (987c <_dtoa_r+0xeb4>)
    96ac:	eb01 01c0 	add.w	r1, r1, r0, lsl #3
    96b0:	4642      	mov	r2, r8
    96b2:	464b      	mov	r3, r9
    96b4:	e951 0102 	ldrd	r0, r1, [r1, #-8]
    96b8:	f001 fe18 	bl	b2ec <__aeabi_dmul>
    96bc:	ec5a 9b1a 	vmov	r9, sl, d10
    96c0:	ec41 0b18 	vmov	d8, r0, r1
    96c4:	4651      	mov	r1, sl
    96c6:	ee1a 0a10 	vmov	r0, s20
    96ca:	f002 f821 	bl	b710 <__aeabi_d2iz>
    96ce:	4607      	mov	r7, r0
    96d0:	f7fb f9f0 	bl	4ab4 <__aeabi_i2d>
    96d4:	4602      	mov	r2, r0
    96d6:	460b      	mov	r3, r1
    96d8:	ee1a 0a10 	vmov	r0, s20
    96dc:	4651      	mov	r1, sl
    96de:	f7fb f89b 	bl	4818 <__aeabi_dsub>
    96e2:	4606      	mov	r6, r0
    96e4:	980e      	ldr	r0, [sp, #56]	; 0x38
    96e6:	f8dd 8000 	ldr.w	r8, [sp]
    96ea:	3730      	adds	r7, #48	; 0x30
    96ec:	2801      	cmp	r0, #1
    96ee:	f808 7b01 	strb.w	r7, [r8], #1
    96f2:	460f      	mov	r7, r1
    96f4:	f000 80d5 	beq.w	98a2 <_dtoa_r+0xeda>
    96f8:	9b0e      	ldr	r3, [sp, #56]	; 0x38
    96fa:	9a00      	ldr	r2, [sp, #0]
    96fc:	f8cd b038 	str.w	fp, [sp, #56]	; 0x38
    9700:	4413      	add	r3, r2
    9702:	469b      	mov	fp, r3
    9704:	46c2      	mov	sl, r8
    9706:	4b5f      	ldr	r3, [pc, #380]	; (9884 <_dtoa_r+0xebc>)
    9708:	2200      	movs	r2, #0
    970a:	4630      	mov	r0, r6
    970c:	4639      	mov	r1, r7
    970e:	f001 fded 	bl	b2ec <__aeabi_dmul>
    9712:	4689      	mov	r9, r1
    9714:	4680      	mov	r8, r0
    9716:	f001 fffb 	bl	b710 <__aeabi_d2iz>
    971a:	4607      	mov	r7, r0
    971c:	f7fb f9ca 	bl	4ab4 <__aeabi_i2d>
    9720:	3730      	adds	r7, #48	; 0x30
    9722:	4602      	mov	r2, r0
    9724:	460b      	mov	r3, r1
    9726:	4640      	mov	r0, r8
    9728:	4649      	mov	r1, r9
    972a:	f7fb f875 	bl	4818 <__aeabi_dsub>
    972e:	f80a 7b01 	strb.w	r7, [sl], #1
    9732:	45d3      	cmp	fp, sl
    9734:	4606      	mov	r6, r0
    9736:	460f      	mov	r7, r1
    9738:	d1e5      	bne.n	9706 <_dtoa_r+0xd3e>
    973a:	46da      	mov	sl, fp
    973c:	f8dd b038 	ldr.w	fp, [sp, #56]	; 0x38
    9740:	4b51      	ldr	r3, [pc, #324]	; (9888 <_dtoa_r+0xec0>)
    9742:	ec59 8b18 	vmov	r8, r9, d8
    9746:	2200      	movs	r2, #0
    9748:	ee18 0a10 	vmov	r0, s16
    974c:	4649      	mov	r1, r9
    974e:	f7fb f865 	bl	481c <__adddf3>
    9752:	4632      	mov	r2, r6
    9754:	463b      	mov	r3, r7
    9756:	f7fb fa77 	bl	4c48 <__aeabi_dcmplt>
    975a:	2800      	cmp	r0, #0
    975c:	d16d      	bne.n	983a <_dtoa_r+0xe72>
    975e:	ee18 2a10 	vmov	r2, s16
    9762:	464b      	mov	r3, r9
    9764:	4948      	ldr	r1, [pc, #288]	; (9888 <_dtoa_r+0xec0>)
    9766:	2000      	movs	r0, #0
    9768:	f7fb f856 	bl	4818 <__aeabi_dsub>
    976c:	4632      	mov	r2, r6
    976e:	463b      	mov	r3, r7
    9770:	f7fb fa88 	bl	4c84 <__aeabi_dcmpgt>
    9774:	2800      	cmp	r0, #0
    9776:	f43f ab92 	beq.w	8e9e <_dtoa_r+0x4d6>
    977a:	46d1      	mov	r9, sl
    977c:	f10a 3aff 	add.w	sl, sl, #4294967295
    9780:	f819 3c01 	ldrb.w	r3, [r9, #-1]
    9784:	2b30      	cmp	r3, #48	; 0x30
    9786:	d0f8      	beq.n	977a <_dtoa_r+0xdb2>
    9788:	9b10      	ldr	r3, [sp, #64]	; 0x40
    978a:	3301      	adds	r3, #1
    978c:	9305      	str	r3, [sp, #20]
    978e:	e4f7      	b.n	9180 <_dtoa_r+0x7b8>
    9790:	9b12      	ldr	r3, [sp, #72]	; 0x48
    9792:	f1c3 0336 	rsb	r3, r3, #54	; 0x36
    9796:	e6c6      	b.n	9526 <_dtoa_r+0xb5e>
    9798:	9b07      	ldr	r3, [sp, #28]
    979a:	2b00      	cmp	r3, #0
    979c:	f43f ab57 	beq.w	8e4e <_dtoa_r+0x486>
    97a0:	9b0f      	ldr	r3, [sp, #60]	; 0x3c
    97a2:	2b00      	cmp	r3, #0
    97a4:	f77f ab7b 	ble.w	8e9e <_dtoa_r+0x4d6>
    97a8:	9a05      	ldr	r2, [sp, #20]
    97aa:	930e      	str	r3, [sp, #56]	; 0x38
    97ac:	3a01      	subs	r2, #1
    97ae:	4b35      	ldr	r3, [pc, #212]	; (9884 <_dtoa_r+0xebc>)
    97b0:	9210      	str	r2, [sp, #64]	; 0x40
    97b2:	ee1a 0a10 	vmov	r0, s20
    97b6:	4639      	mov	r1, r7
    97b8:	2200      	movs	r2, #0
    97ba:	f001 fd97 	bl	b2ec <__aeabi_dmul>
    97be:	4602      	mov	r2, r0
    97c0:	4616      	mov	r6, r2
    97c2:	460f      	mov	r7, r1
    97c4:	f10a 0001 	add.w	r0, sl, #1
    97c8:	f7fb f974 	bl	4ab4 <__aeabi_i2d>
    97cc:	4632      	mov	r2, r6
    97ce:	463b      	mov	r3, r7
    97d0:	f001 fd8c 	bl	b2ec <__aeabi_dmul>
    97d4:	4b2d      	ldr	r3, [pc, #180]	; (988c <_dtoa_r+0xec4>)
    97d6:	2200      	movs	r2, #0
    97d8:	f7fb f820 	bl	481c <__adddf3>
    97dc:	ec47 6b1a 	vmov	d10, r6, r7
    97e0:	4680      	mov	r8, r0
    97e2:	f1a1 7950 	sub.w	r9, r1, #54525952	; 0x3400000
    97e6:	f7ff ba9f 	b.w	8d28 <_dtoa_r+0x360>
    97ea:	f04f 0a02 	mov.w	sl, #2
    97ee:	eeb0 aa49 	vmov.f32	s20, s18
    97f2:	eef0 aa69 	vmov.f32	s21, s19
    97f6:	f7ff ba73 	b.w	8ce0 <_dtoa_r+0x318>
    97fa:	9b05      	ldr	r3, [sp, #20]
    97fc:	3301      	adds	r3, #1
    97fe:	9305      	str	r3, [sp, #20]
    9800:	2331      	movs	r3, #49	; 0x31
    9802:	f7ff bb1e 	b.w	8e42 <_dtoa_r+0x47a>
    9806:	9b05      	ldr	r3, [sp, #20]
    9808:	46bb      	mov	fp, r7
    980a:	3301      	adds	r3, #1
    980c:	9305      	str	r3, [sp, #20]
    980e:	2339      	movs	r3, #57	; 0x39
    9810:	4637      	mov	r7, r6
    9812:	f80b 3b01 	strb.w	r3, [fp], #1
    9816:	4646      	mov	r6, r8
    9818:	e492      	b.n	9140 <_dtoa_r+0x778>
    981a:	f04f 0a00 	mov.w	sl, #0
    981e:	4656      	mov	r6, sl
    9820:	e628      	b.n	9474 <_dtoa_r+0xaac>
    9822:	4698      	mov	r8, r3
    9824:	e427      	b.n	9076 <_dtoa_r+0x6ae>
    9826:	46aa      	mov	sl, r5
    9828:	ee18 4a10 	vmov	r4, s16
    982c:	ee1a 5a10 	vmov	r5, s20
    9830:	9b10      	ldr	r3, [sp, #64]	; 0x40
    9832:	3301      	adds	r3, #1
    9834:	9305      	str	r3, [sp, #20]
    9836:	46d1      	mov	r9, sl
    9838:	e4a2      	b.n	9180 <_dtoa_r+0x7b8>
    983a:	9b10      	ldr	r3, [sp, #64]	; 0x40
    983c:	9a00      	ldr	r2, [sp, #0]
    983e:	9305      	str	r3, [sp, #20]
    9840:	f7ff baf8 	b.w	8e34 <_dtoa_r+0x46c>
    9844:	f47f aeda 	bne.w	95fc <_dtoa_r+0xc34>
    9848:	07da      	lsls	r2, r3, #31
    984a:	f57f aed7 	bpl.w	95fc <_dtoa_r+0xc34>
    984e:	e6d0      	b.n	95f2 <_dtoa_r+0xc2a>
    9850:	f8dd b044 	ldr.w	fp, [sp, #68]	; 0x44
    9854:	ee1a 5a10 	vmov	r5, s20
    9858:	ee18 4a10 	vmov	r4, s16
    985c:	f7ff bb1f 	b.w	8e9e <_dtoa_r+0x4d6>
    9860:	2b39      	cmp	r3, #57	; 0x39
    9862:	d0d0      	beq.n	9806 <_dtoa_r+0xe3e>
    9864:	f1b9 0f00 	cmp.w	r9, #0
    9868:	f73f aec6 	bgt.w	95f8 <_dtoa_r+0xc30>
    986c:	e6c6      	b.n	95fc <_dtoa_r+0xc34>
    986e:	9b01      	ldr	r3, [sp, #4]
    9870:	2b02      	cmp	r3, #2
    9872:	f73f adea 	bgt.w	944a <_dtoa_r+0xa82>
    9876:	f8cd 9014 	str.w	r9, [sp, #20]
    987a:	e572      	b.n	9362 <_dtoa_r+0x99a>
    987c:	0000bd30 	.word	0x0000bd30
    9880:	0000bd08 	.word	0x0000bd08
    9884:	40240000 	.word	0x40240000
    9888:	3fe00000 	.word	0x3fe00000
    988c:	401c0000 	.word	0x401c0000
    9890:	9b01      	ldr	r3, [sp, #4]
    9892:	2b02      	cmp	r3, #2
    9894:	f73f add9 	bgt.w	944a <_dtoa_r+0xa82>
    9898:	9b0f      	ldr	r3, [sp, #60]	; 0x3c
    989a:	f8cd 9014 	str.w	r9, [sp, #20]
    989e:	9307      	str	r3, [sp, #28]
    98a0:	e4e0      	b.n	9264 <_dtoa_r+0x89c>
    98a2:	46c2      	mov	sl, r8
    98a4:	e74c      	b.n	9740 <_dtoa_r+0xd78>
    98a6:	f04f 0a02 	mov.w	sl, #2
    98aa:	f7ff ba19 	b.w	8ce0 <_dtoa_r+0x318>
    98ae:	4b12      	ldr	r3, [pc, #72]	; (98f8 <_dtoa_r+0xf30>)
    98b0:	4812      	ldr	r0, [pc, #72]	; (98fc <_dtoa_r+0xf34>)
    98b2:	463a      	mov	r2, r7
    98b4:	f240 21ef 	movw	r1, #751	; 0x2ef
    98b8:	f7fe ff94 	bl	87e4 <__assert_func>
    98bc:	2600      	movs	r6, #0
    98be:	63e6      	str	r6, [r4, #60]	; 0x3c
    98c0:	4631      	mov	r1, r6
    98c2:	4620      	mov	r0, r4
    98c4:	f7fc fbc6 	bl	6054 <_Balloc>
    98c8:	9000      	str	r0, [sp, #0]
    98ca:	b950      	cbnz	r0, 98e2 <_dtoa_r+0xf1a>
    98cc:	4b0a      	ldr	r3, [pc, #40]	; (98f8 <_dtoa_r+0xf30>)
    98ce:	480b      	ldr	r0, [pc, #44]	; (98fc <_dtoa_r+0xf34>)
    98d0:	2200      	movs	r2, #0
    98d2:	f240 11af 	movw	r1, #431	; 0x1af
    98d6:	f7fe ff85 	bl	87e4 <__assert_func>
    98da:	4b09      	ldr	r3, [pc, #36]	; (9900 <_dtoa_r+0xf38>)
    98dc:	9300      	str	r3, [sp, #0]
    98de:	f7ff b8b6 	b.w	8a4e <_dtoa_r+0x86>
    98e2:	9b00      	ldr	r3, [sp, #0]
    98e4:	63a3      	str	r3, [r4, #56]	; 0x38
    98e6:	f04f 33ff 	mov.w	r3, #4294967295
    98ea:	930f      	str	r3, [sp, #60]	; 0x3c
    98ec:	9307      	str	r3, [sp, #28]
    98ee:	2301      	movs	r3, #1
    98f0:	9609      	str	r6, [sp, #36]	; 0x24
    98f2:	930a      	str	r3, [sp, #40]	; 0x28
    98f4:	f7ff bad3 	b.w	8e9e <_dtoa_r+0x4d6>
    98f8:	0000bc94 	.word	0x0000bc94
    98fc:	0000beb8 	.word	0x0000beb8
    9900:	0000bea8 	.word	0x0000bea8

00009904 <_wcrtomb_r>:
    9904:	b570      	push	{r4, r5, r6, lr}
    9906:	4605      	mov	r5, r0
    9908:	b084      	sub	sp, #16
    990a:	b15b      	cbz	r3, 9924 <_wcrtomb_r+0x20>
    990c:	461c      	mov	r4, r3
    990e:	b169      	cbz	r1, 992c <_wcrtomb_r+0x28>
    9910:	4b0e      	ldr	r3, [pc, #56]	; (994c <_wcrtomb_r+0x48>)
    9912:	4628      	mov	r0, r5
    9914:	f8d3 60e0 	ldr.w	r6, [r3, #224]	; 0xe0
    9918:	4623      	mov	r3, r4
    991a:	47b0      	blx	r6
    991c:	1c43      	adds	r3, r0, #1
    991e:	d00f      	beq.n	9940 <_wcrtomb_r+0x3c>
    9920:	b004      	add	sp, #16
    9922:	bd70      	pop	{r4, r5, r6, pc}
    9924:	f500 7482 	add.w	r4, r0, #260	; 0x104
    9928:	2900      	cmp	r1, #0
    992a:	d1f1      	bne.n	9910 <_wcrtomb_r+0xc>
    992c:	4a07      	ldr	r2, [pc, #28]	; (994c <_wcrtomb_r+0x48>)
    992e:	4623      	mov	r3, r4
    9930:	f8d2 60e0 	ldr.w	r6, [r2, #224]	; 0xe0
    9934:	4628      	mov	r0, r5
    9936:	460a      	mov	r2, r1
    9938:	a901      	add	r1, sp, #4
    993a:	47b0      	blx	r6
    993c:	1c43      	adds	r3, r0, #1
    993e:	d1ef      	bne.n	9920 <_wcrtomb_r+0x1c>
    9940:	2200      	movs	r2, #0
    9942:	238a      	movs	r3, #138	; 0x8a
    9944:	6022      	str	r2, [r4, #0]
    9946:	602b      	str	r3, [r5, #0]
    9948:	b004      	add	sp, #16
    994a:	bd70      	pop	{r4, r5, r6, pc}
    994c:	1fff0c18 	.word	0x1fff0c18

00009950 <_wcsrtombs_r>:
    9950:	b510      	push	{r4, lr}
    9952:	b082      	sub	sp, #8
    9954:	9c04      	ldr	r4, [sp, #16]
    9956:	e9cd 3400 	strd	r3, r4, [sp]
    995a:	f04f 33ff 	mov.w	r3, #4294967295
    995e:	f001 fbc7 	bl	b0f0 <_wcsnrtombs_r>
    9962:	b002      	add	sp, #8
    9964:	bd10      	pop	{r4, pc}
    9966:	bf00      	nop

00009968 <fiprintf>:
    9968:	b40e      	push	{r1, r2, r3}
    996a:	b510      	push	{r4, lr}
    996c:	b083      	sub	sp, #12
    996e:	ab05      	add	r3, sp, #20
    9970:	4c06      	ldr	r4, [pc, #24]	; (998c <fiprintf+0x24>)
    9972:	f853 2b04 	ldr.w	r2, [r3], #4
    9976:	9301      	str	r3, [sp, #4]
    9978:	4601      	mov	r1, r0
    997a:	6820      	ldr	r0, [r4, #0]
    997c:	f000 f8c4 	bl	9b08 <_vfiprintf_r>
    9980:	b003      	add	sp, #12
    9982:	e8bd 4010 	ldmia.w	sp!, {r4, lr}
    9986:	b003      	add	sp, #12
    9988:	4770      	bx	lr
    998a:	bf00      	nop
    998c:	1fff0ea8 	.word	0x1fff0ea8

00009990 <__ssprint_r>:
    9990:	e92d 4ff0 	stmdb	sp!, {r4, r5, r6, r7, r8, r9, sl, fp, lr}
    9994:	6893      	ldr	r3, [r2, #8]
    9996:	6817      	ldr	r7, [r2, #0]
    9998:	b083      	sub	sp, #12
    999a:	4692      	mov	sl, r2
    999c:	2b00      	cmp	r3, #0
    999e:	d070      	beq.n	9a82 <__ssprint_r+0xf2>
    99a0:	4681      	mov	r9, r0
    99a2:	688a      	ldr	r2, [r1, #8]
    99a4:	6808      	ldr	r0, [r1, #0]
    99a6:	460c      	mov	r4, r1
    99a8:	3708      	adds	r7, #8
    99aa:	e043      	b.n	9a34 <__ssprint_r+0xa4>
    99ac:	89a3      	ldrh	r3, [r4, #12]
    99ae:	f413 6f90 	tst.w	r3, #1152	; 0x480
    99b2:	d02e      	beq.n	9a12 <__ssprint_r+0x82>
    99b4:	e9d4 1604 	ldrd	r1, r6, [r4, #16]
    99b8:	eba0 0801 	sub.w	r8, r0, r1
    99bc:	eb06 0646 	add.w	r6, r6, r6, lsl #1
    99c0:	eb06 76d6 	add.w	r6, r6, r6, lsr #31
    99c4:	f108 0001 	add.w	r0, r8, #1
    99c8:	1076      	asrs	r6, r6, #1
    99ca:	4428      	add	r0, r5
    99cc:	42b0      	cmp	r0, r6
    99ce:	4632      	mov	r2, r6
    99d0:	bf84      	itt	hi
    99d2:	4606      	movhi	r6, r0
    99d4:	4632      	movhi	r2, r6
    99d6:	055b      	lsls	r3, r3, #21
    99d8:	d537      	bpl.n	9a4a <__ssprint_r+0xba>
    99da:	4611      	mov	r1, r2
    99dc:	4648      	mov	r0, r9
    99de:	f7fb f971 	bl	4cc4 <_malloc_r>
    99e2:	9001      	str	r0, [sp, #4]
    99e4:	2800      	cmp	r0, #0
    99e6:	d03a      	beq.n	9a5e <__ssprint_r+0xce>
    99e8:	4642      	mov	r2, r8
    99ea:	6921      	ldr	r1, [r4, #16]
    99ec:	f7f9 fc84 	bl	32f8 <memcpy>
    99f0:	89a2      	ldrh	r2, [r4, #12]
    99f2:	9b01      	ldr	r3, [sp, #4]
    99f4:	f422 6290 	bic.w	r2, r2, #1152	; 0x480
    99f8:	f042 0280 	orr.w	r2, r2, #128	; 0x80
    99fc:	81a2      	strh	r2, [r4, #12]
    99fe:	eba6 0208 	sub.w	r2, r6, r8
    9a02:	eb03 0008 	add.w	r0, r3, r8
    9a06:	6166      	str	r6, [r4, #20]
    9a08:	60a2      	str	r2, [r4, #8]
    9a0a:	6123      	str	r3, [r4, #16]
    9a0c:	6020      	str	r0, [r4, #0]
    9a0e:	462e      	mov	r6, r5
    9a10:	46a8      	mov	r8, r5
    9a12:	4642      	mov	r2, r8
    9a14:	4659      	mov	r1, fp
    9a16:	f7fb ff8d 	bl	5934 <memmove>
    9a1a:	f8da 3008 	ldr.w	r3, [sl, #8]
    9a1e:	68a2      	ldr	r2, [r4, #8]
    9a20:	6820      	ldr	r0, [r4, #0]
    9a22:	1b92      	subs	r2, r2, r6
    9a24:	4440      	add	r0, r8
    9a26:	1b5b      	subs	r3, r3, r5
    9a28:	60a2      	str	r2, [r4, #8]
    9a2a:	6020      	str	r0, [r4, #0]
    9a2c:	f8ca 3008 	str.w	r3, [sl, #8]
    9a30:	b33b      	cbz	r3, 9a82 <__ssprint_r+0xf2>
    9a32:	3708      	adds	r7, #8
    9a34:	e957 b502 	ldrd	fp, r5, [r7, #-8]
    9a38:	2d00      	cmp	r5, #0
    9a3a:	d0fa      	beq.n	9a32 <__ssprint_r+0xa2>
    9a3c:	42aa      	cmp	r2, r5
    9a3e:	4616      	mov	r6, r2
    9a40:	4690      	mov	r8, r2
    9a42:	d9b3      	bls.n	99ac <__ssprint_r+0x1c>
    9a44:	462e      	mov	r6, r5
    9a46:	46a8      	mov	r8, r5
    9a48:	e7e3      	b.n	9a12 <__ssprint_r+0x82>
    9a4a:	4648      	mov	r0, r9
    9a4c:	f7fb fbf6 	bl	523c <_realloc_r>
    9a50:	4603      	mov	r3, r0
    9a52:	2800      	cmp	r0, #0
    9a54:	d1d3      	bne.n	99fe <__ssprint_r+0x6e>
    9a56:	6921      	ldr	r1, [r4, #16]
    9a58:	4648      	mov	r0, r9
    9a5a:	f7fc f9df 	bl	5e1c <_free_r>
    9a5e:	89a3      	ldrh	r3, [r4, #12]
    9a60:	220c      	movs	r2, #12
    9a62:	f043 0340 	orr.w	r3, r3, #64	; 0x40
    9a66:	f8c9 2000 	str.w	r2, [r9]
    9a6a:	f04f 30ff 	mov.w	r0, #4294967295
    9a6e:	81a3      	strh	r3, [r4, #12]
    9a70:	2200      	movs	r2, #0
    9a72:	2300      	movs	r3, #0
    9a74:	f8ca 2008 	str.w	r2, [sl, #8]
    9a78:	f8ca 3004 	str.w	r3, [sl, #4]
    9a7c:	b003      	add	sp, #12
    9a7e:	e8bd 8ff0 	ldmia.w	sp!, {r4, r5, r6, r7, r8, r9, sl, fp, pc}
    9a82:	2000      	movs	r0, #0
    9a84:	2300      	movs	r3, #0
    9a86:	f8ca 3004 	str.w	r3, [sl, #4]
    9a8a:	b003      	add	sp, #12
    9a8c:	e8bd 8ff0 	ldmia.w	sp!, {r4, r5, r6, r7, r8, r9, sl, fp, pc}

00009a90 <__sprint_r.part.0>:
    9a90:	e92d 4ff8 	stmdb	sp!, {r3, r4, r5, r6, r7, r8, r9, sl, fp, lr}
    9a94:	6e4b      	ldr	r3, [r1, #100]	; 0x64
    9a96:	049c      	lsls	r4, r3, #18
    9a98:	4690      	mov	r8, r2
    9a9a:	d52d      	bpl.n	9af8 <__sprint_r.part.0+0x68>
    9a9c:	6893      	ldr	r3, [r2, #8]
    9a9e:	6812      	ldr	r2, [r2, #0]
    9aa0:	b343      	cbz	r3, 9af4 <__sprint_r.part.0+0x64>
    9aa2:	468b      	mov	fp, r1
    9aa4:	4606      	mov	r6, r0
    9aa6:	f102 0908 	add.w	r9, r2, #8
    9aaa:	e959 5a02 	ldrd	r5, sl, [r9, #-8]
    9aae:	ea5f 079a 	movs.w	r7, sl, lsr #2
    9ab2:	d015      	beq.n	9ae0 <__sprint_r.part.0+0x50>
    9ab4:	3d04      	subs	r5, #4
    9ab6:	2400      	movs	r4, #0
    9ab8:	e001      	b.n	9abe <__sprint_r.part.0+0x2e>
    9aba:	42a7      	cmp	r7, r4
    9abc:	d00e      	beq.n	9adc <__sprint_r.part.0+0x4c>
    9abe:	f855 1f04 	ldr.w	r1, [r5, #4]!
    9ac2:	465a      	mov	r2, fp
    9ac4:	4630      	mov	r0, r6
    9ac6:	f001 fa5b 	bl	af80 <_fputwc_r>
    9aca:	1c43      	adds	r3, r0, #1
    9acc:	f104 0401 	add.w	r4, r4, #1
    9ad0:	d1f3      	bne.n	9aba <__sprint_r.part.0+0x2a>
    9ad2:	2300      	movs	r3, #0
    9ad4:	e9c8 3301 	strd	r3, r3, [r8, #4]
    9ad8:	e8bd 8ff8 	ldmia.w	sp!, {r3, r4, r5, r6, r7, r8, r9, sl, fp, pc}
    9adc:	f8d8 3008 	ldr.w	r3, [r8, #8]
    9ae0:	f02a 0a03 	bic.w	sl, sl, #3
    9ae4:	eba3 030a 	sub.w	r3, r3, sl
    9ae8:	f8c8 3008 	str.w	r3, [r8, #8]
    9aec:	f109 0908 	add.w	r9, r9, #8
    9af0:	2b00      	cmp	r3, #0
    9af2:	d1da      	bne.n	9aaa <__sprint_r.part.0+0x1a>
    9af4:	2000      	movs	r0, #0
    9af6:	e7ec      	b.n	9ad2 <__sprint_r.part.0+0x42>
    9af8:	f001 f80c 	bl	ab14 <__sfvwrite_r>
    9afc:	2300      	movs	r3, #0
    9afe:	e9c8 3301 	strd	r3, r3, [r8, #4]
    9b02:	e8bd 8ff8 	ldmia.w	sp!, {r3, r4, r5, r6, r7, r8, r9, sl, fp, pc}
    9b06:	bf00      	nop

00009b08 <_vfiprintf_r>:
    9b08:	e92d 4ff0 	stmdb	sp!, {r4, r5, r6, r7, r8, r9, sl, fp, lr}
    9b0c:	ed2d 8b02 	vpush	{d8}
    9b10:	b0c5      	sub	sp, #276	; 0x114
    9b12:	f10d 0a50 	add.w	sl, sp, #80	; 0x50
    9b16:	4683      	mov	fp, r0
    9b18:	ee08 1a10 	vmov	s16, r1
    9b1c:	4616      	mov	r6, r2
    9b1e:	2100      	movs	r1, #0
    9b20:	2208      	movs	r2, #8
    9b22:	4650      	mov	r0, sl
    9b24:	461c      	mov	r4, r3
    9b26:	9307      	str	r3, [sp, #28]
    9b28:	f7fb ff80 	bl	5a2c <memset>
    9b2c:	f1bb 0f00 	cmp.w	fp, #0
    9b30:	d004      	beq.n	9b3c <_vfiprintf_r+0x34>
    9b32:	f8db 3034 	ldr.w	r3, [fp, #52]	; 0x34
    9b36:	2b00      	cmp	r3, #0
    9b38:	f000 86a0 	beq.w	a87c <_vfiprintf_r+0xd74>
    9b3c:	ee18 2a10 	vmov	r2, s16
    9b40:	6e53      	ldr	r3, [r2, #100]	; 0x64
    9b42:	07db      	lsls	r3, r3, #31
    9b44:	f140 8513 	bpl.w	a56e <_vfiprintf_r+0xa66>
    9b48:	f9b2 100c 	ldrsh.w	r1, [r2, #12]
    9b4c:	b28a      	uxth	r2, r1
    9b4e:	0495      	lsls	r5, r2, #18
    9b50:	d40b      	bmi.n	9b6a <_vfiprintf_r+0x62>
    9b52:	ee18 3a10 	vmov	r3, s16
    9b56:	f441 5100 	orr.w	r1, r1, #8192	; 0x2000
    9b5a:	8199      	strh	r1, [r3, #12]
    9b5c:	6e5b      	ldr	r3, [r3, #100]	; 0x64
    9b5e:	b28a      	uxth	r2, r1
    9b60:	ee18 1a10 	vmov	r1, s16
    9b64:	f423 5300 	bic.w	r3, r3, #8192	; 0x2000
    9b68:	664b      	str	r3, [r1, #100]	; 0x64
    9b6a:	0710      	lsls	r0, r2, #28
    9b6c:	f140 8105 	bpl.w	9d7a <_vfiprintf_r+0x272>
    9b70:	ee18 3a10 	vmov	r3, s16
    9b74:	691b      	ldr	r3, [r3, #16]
    9b76:	2b00      	cmp	r3, #0
    9b78:	f000 80ff 	beq.w	9d7a <_vfiprintf_r+0x272>
    9b7c:	f002 031a 	and.w	r3, r2, #26
    9b80:	2b0a      	cmp	r3, #10
    9b82:	f000 810a 	beq.w	9d9a <_vfiprintf_r+0x292>
    9b86:	2300      	movs	r3, #0
    9b88:	e9cd 3319 	strd	r3, r3, [sp, #100]	; 0x64
    9b8c:	e9cd 330d 	strd	r3, r3, [sp, #52]	; 0x34
    9b90:	aa1b      	add	r2, sp, #108	; 0x6c
    9b92:	930c      	str	r3, [sp, #48]	; 0x30
    9b94:	9218      	str	r2, [sp, #96]	; 0x60
    9b96:	4691      	mov	r9, r2
    9b98:	930b      	str	r3, [sp, #44]	; 0x2c
    9b9a:	9305      	str	r3, [sp, #20]
    9b9c:	46b0      	mov	r8, r6
    9b9e:	4644      	mov	r4, r8
    9ba0:	4ba8      	ldr	r3, [pc, #672]	; (9e44 <_vfiprintf_r+0x33c>)
    9ba2:	f8d3 50e4 	ldr.w	r5, [r3, #228]	; 0xe4
    9ba6:	f7fb ffc5 	bl	5b34 <__locale_mb_cur_max>
    9baa:	4622      	mov	r2, r4
    9bac:	4603      	mov	r3, r0
    9bae:	a912      	add	r1, sp, #72	; 0x48
    9bb0:	f8cd a000 	str.w	sl, [sp]
    9bb4:	4658      	mov	r0, fp
    9bb6:	47a8      	blx	r5
    9bb8:	2800      	cmp	r0, #0
    9bba:	f000 8145 	beq.w	9e48 <_vfiprintf_r+0x340>
    9bbe:	f2c0 8139 	blt.w	9e34 <_vfiprintf_r+0x32c>
    9bc2:	9a12      	ldr	r2, [sp, #72]	; 0x48
    9bc4:	2a25      	cmp	r2, #37	; 0x25
    9bc6:	4603      	mov	r3, r0
    9bc8:	d001      	beq.n	9bce <_vfiprintf_r+0xc6>
    9bca:	441c      	add	r4, r3
    9bcc:	e7e8      	b.n	9ba0 <_vfiprintf_r+0x98>
    9bce:	ebb4 0608 	subs.w	r6, r4, r8
    9bd2:	4605      	mov	r5, r0
    9bd4:	f040 813c 	bne.w	9e50 <_vfiprintf_r+0x348>
    9bd8:	2300      	movs	r3, #0
    9bda:	7861      	ldrb	r1, [r4, #1]
    9bdc:	f88d 3043 	strb.w	r3, [sp, #67]	; 0x43
    9be0:	f104 0801 	add.w	r8, r4, #1
    9be4:	9306      	str	r3, [sp, #24]
    9be6:	f04f 37ff 	mov.w	r7, #4294967295
    9bea:	461e      	mov	r6, r3
    9bec:	242b      	movs	r4, #43	; 0x2b
    9bee:	f108 0801 	add.w	r8, r8, #1
    9bf2:	f1a1 0320 	sub.w	r3, r1, #32
    9bf6:	2b5a      	cmp	r3, #90	; 0x5a
    9bf8:	f200 8178 	bhi.w	9eec <_vfiprintf_r+0x3e4>
    9bfc:	e8df f013 	tbh	[pc, r3, lsl #1]
    9c00:	017602b5 	.word	0x017602b5
    9c04:	02b00176 	.word	0x02b00176
    9c08:	01760176 	.word	0x01760176
    9c0c:	006a0176 	.word	0x006a0176
    9c10:	01760176 	.word	0x01760176
    9c14:	028d027d 	.word	0x028d027d
    9c18:	02880176 	.word	0x02880176
    9c1c:	01760297 	.word	0x01760297
    9c20:	005b0292 	.word	0x005b0292
    9c24:	005b005b 	.word	0x005b005b
    9c28:	005b005b 	.word	0x005b005b
    9c2c:	005b005b 	.word	0x005b005b
    9c30:	005b005b 	.word	0x005b005b
    9c34:	01760176 	.word	0x01760176
    9c38:	01760176 	.word	0x01760176
    9c3c:	01760176 	.word	0x01760176
    9c40:	01760176 	.word	0x01760176
    9c44:	025c0176 	.word	0x025c0176
    9c48:	01760084 	.word	0x01760084
    9c4c:	01760176 	.word	0x01760176
    9c50:	01760176 	.word	0x01760176
    9c54:	01760176 	.word	0x01760176
    9c58:	01760176 	.word	0x01760176
    9c5c:	00e80176 	.word	0x00e80176
    9c60:	01760176 	.word	0x01760176
    9c64:	02330176 	.word	0x02330176
    9c68:	02da0176 	.word	0x02da0176
    9c6c:	01760176 	.word	0x01760176
    9c70:	0176058b 	.word	0x0176058b
    9c74:	01760176 	.word	0x01760176
    9c78:	01760176 	.word	0x01760176
    9c7c:	01760176 	.word	0x01760176
    9c80:	01760176 	.word	0x01760176
    9c84:	025c0176 	.word	0x025c0176
    9c88:	01760086 	.word	0x01760086
    9c8c:	01760176 	.word	0x01760176
    9c90:	008602cd 	.word	0x008602cd
    9c94:	0176007f 	.word	0x0176007f
    9c98:	017602c0 	.word	0x017602c0
    9c9c:	00ea02fd 	.word	0x00ea02fd
    9ca0:	007f02ed 	.word	0x007f02ed
    9ca4:	02330176 	.word	0x02330176
    9ca8:	0569007c 	.word	0x0569007c
    9cac:	01760176 	.word	0x01760176
    9cb0:	0176056b 	.word	0x0176056b
    9cb4:	007c      	.short	0x007c
    9cb6:	f1a1 0330 	sub.w	r3, r1, #48	; 0x30
    9cba:	2200      	movs	r2, #0
    9cbc:	f818 1b01 	ldrb.w	r1, [r8], #1
    9cc0:	eb02 0282 	add.w	r2, r2, r2, lsl #2
    9cc4:	eb03 0242 	add.w	r2, r3, r2, lsl #1
    9cc8:	f1a1 0330 	sub.w	r3, r1, #48	; 0x30
    9ccc:	2b09      	cmp	r3, #9
    9cce:	d9f5      	bls.n	9cbc <_vfiprintf_r+0x1b4>
    9cd0:	9206      	str	r2, [sp, #24]
    9cd2:	e78e      	b.n	9bf2 <_vfiprintf_r+0xea>
    9cd4:	4658      	mov	r0, fp
    9cd6:	f7fe fc9d 	bl	8614 <_localeconv_r>
    9cda:	6843      	ldr	r3, [r0, #4]
    9cdc:	930d      	str	r3, [sp, #52]	; 0x34
    9cde:	4618      	mov	r0, r3
    9ce0:	f7fb ffce 	bl	5c80 <strlen>
    9ce4:	900e      	str	r0, [sp, #56]	; 0x38
    9ce6:	4605      	mov	r5, r0
    9ce8:	4658      	mov	r0, fp
    9cea:	f7fe fc93 	bl	8614 <_localeconv_r>
    9cee:	6883      	ldr	r3, [r0, #8]
    9cf0:	930b      	str	r3, [sp, #44]	; 0x2c
    9cf2:	2d00      	cmp	r5, #0
    9cf4:	f040 84d6 	bne.w	a6a4 <_vfiprintf_r+0xb9c>
    9cf8:	f898 1000 	ldrb.w	r1, [r8]
    9cfc:	e777      	b.n	9bee <_vfiprintf_r+0xe6>
    9cfe:	f898 1000 	ldrb.w	r1, [r8]
    9d02:	f046 0620 	orr.w	r6, r6, #32
    9d06:	e772      	b.n	9bee <_vfiprintf_r+0xe6>
    9d08:	f046 0610 	orr.w	r6, r6, #16
    9d0c:	06b4      	lsls	r4, r6, #26
    9d0e:	f140 818e 	bpl.w	a02e <_vfiprintf_r+0x526>
    9d12:	9b07      	ldr	r3, [sp, #28]
    9d14:	3307      	adds	r3, #7
    9d16:	f023 0307 	bic.w	r3, r3, #7
    9d1a:	461a      	mov	r2, r3
    9d1c:	6859      	ldr	r1, [r3, #4]
    9d1e:	f852 3b08 	ldr.w	r3, [r2], #8
    9d22:	9207      	str	r2, [sp, #28]
    9d24:	460a      	mov	r2, r1
    9d26:	2900      	cmp	r1, #0
    9d28:	f2c0 8470 	blt.w	a60c <_vfiprintf_r+0xb04>
    9d2c:	1c79      	adds	r1, r7, #1
    9d2e:	f000 85a2 	beq.w	a876 <_vfiprintf_r+0xd6e>
    9d32:	f026 0180 	bic.w	r1, r6, #128	; 0x80
    9d36:	9103      	str	r1, [sp, #12]
    9d38:	ea53 0102 	orrs.w	r1, r3, r2
    9d3c:	f000 843f 	beq.w	a5be <_vfiprintf_r+0xab6>
    9d40:	2b0a      	cmp	r3, #10
    9d42:	f172 0100 	sbcs.w	r1, r2, #0
    9d46:	f080 8541 	bcs.w	a7cc <_vfiprintf_r+0xcc4>
    9d4a:	3330      	adds	r3, #48	; 0x30
    9d4c:	f88d 310f 	strb.w	r3, [sp, #271]	; 0x10f
    9d50:	9e03      	ldr	r6, [sp, #12]
    9d52:	2301      	movs	r3, #1
    9d54:	9304      	str	r3, [sp, #16]
    9d56:	f20d 140f 	addw	r4, sp, #271	; 0x10f
    9d5a:	9b04      	ldr	r3, [sp, #16]
    9d5c:	42bb      	cmp	r3, r7
    9d5e:	bfb8      	it	lt
    9d60:	463b      	movlt	r3, r7
    9d62:	9303      	str	r3, [sp, #12]
    9d64:	2300      	movs	r3, #0
    9d66:	9308      	str	r3, [sp, #32]
    9d68:	f89d 3043 	ldrb.w	r3, [sp, #67]	; 0x43
    9d6c:	2b00      	cmp	r3, #0
    9d6e:	f000 80cb 	beq.w	9f08 <_vfiprintf_r+0x400>
    9d72:	9b03      	ldr	r3, [sp, #12]
    9d74:	3301      	adds	r3, #1
    9d76:	9303      	str	r3, [sp, #12]
    9d78:	e0c6      	b.n	9f08 <_vfiprintf_r+0x400>
    9d7a:	ee18 1a10 	vmov	r1, s16
    9d7e:	4658      	mov	r0, fp
    9d80:	ee18 5a10 	vmov	r5, s16
    9d84:	f001 f840 	bl	ae08 <__swsetup_r>
    9d88:	2800      	cmp	r0, #0
    9d8a:	f040 8652 	bne.w	aa32 <_vfiprintf_r+0xf2a>
    9d8e:	89aa      	ldrh	r2, [r5, #12]
    9d90:	f002 031a 	and.w	r3, r2, #26
    9d94:	2b0a      	cmp	r3, #10
    9d96:	f47f aef6 	bne.w	9b86 <_vfiprintf_r+0x7e>
    9d9a:	ee18 1a10 	vmov	r1, s16
    9d9e:	f9b1 300e 	ldrsh.w	r3, [r1, #14]
    9da2:	2b00      	cmp	r3, #0
    9da4:	f6ff aeef 	blt.w	9b86 <_vfiprintf_r+0x7e>
    9da8:	6e4b      	ldr	r3, [r1, #100]	; 0x64
    9daa:	07db      	lsls	r3, r3, #31
    9dac:	d402      	bmi.n	9db4 <_vfiprintf_r+0x2ac>
    9dae:	0597      	lsls	r7, r2, #22
    9db0:	f140 8612 	bpl.w	a9d8 <_vfiprintf_r+0xed0>
    9db4:	ee18 1a10 	vmov	r1, s16
    9db8:	4623      	mov	r3, r4
    9dba:	4632      	mov	r2, r6
    9dbc:	4658      	mov	r0, fp
    9dbe:	f000 fe69 	bl	aa94 <__sbprintf>
    9dc2:	9005      	str	r0, [sp, #20]
    9dc4:	9805      	ldr	r0, [sp, #20]
    9dc6:	b045      	add	sp, #276	; 0x114
    9dc8:	ecbd 8b02 	vpop	{d8}
    9dcc:	e8bd 8ff0 	ldmia.w	sp!, {r4, r5, r6, r7, r8, r9, sl, fp, pc}
    9dd0:	f046 0610 	orr.w	r6, r6, #16
    9dd4:	f016 0220 	ands.w	r2, r6, #32
    9dd8:	f000 8136 	beq.w	a048 <_vfiprintf_r+0x540>
    9ddc:	9b07      	ldr	r3, [sp, #28]
    9dde:	3307      	adds	r3, #7
    9de0:	f023 0307 	bic.w	r3, r3, #7
    9de4:	4619      	mov	r1, r3
    9de6:	685a      	ldr	r2, [r3, #4]
    9de8:	f851 3b08 	ldr.w	r3, [r1], #8
    9dec:	9107      	str	r1, [sp, #28]
    9dee:	f426 6180 	bic.w	r1, r6, #1024	; 0x400
    9df2:	9103      	str	r1, [sp, #12]
    9df4:	2100      	movs	r1, #0
    9df6:	2000      	movs	r0, #0
    9df8:	f88d 0043 	strb.w	r0, [sp, #67]	; 0x43
    9dfc:	1c78      	adds	r0, r7, #1
    9dfe:	f000 8210 	beq.w	a222 <_vfiprintf_r+0x71a>
    9e02:	9803      	ldr	r0, [sp, #12]
    9e04:	f020 0680 	bic.w	r6, r0, #128	; 0x80
    9e08:	ea53 0002 	orrs.w	r0, r3, r2
    9e0c:	f040 8208 	bne.w	a220 <_vfiprintf_r+0x718>
    9e10:	2f00      	cmp	r7, #0
    9e12:	f040 8538 	bne.w	a886 <_vfiprintf_r+0xd7e>
    9e16:	2900      	cmp	r1, #0
    9e18:	f040 83d5 	bne.w	a5c6 <_vfiprintf_r+0xabe>
    9e1c:	9b03      	ldr	r3, [sp, #12]
    9e1e:	f013 0301 	ands.w	r3, r3, #1
    9e22:	9304      	str	r3, [sp, #16]
    9e24:	f000 8411 	beq.w	a64a <_vfiprintf_r+0xb42>
    9e28:	2330      	movs	r3, #48	; 0x30
    9e2a:	f88d 310f 	strb.w	r3, [sp, #271]	; 0x10f
    9e2e:	f20d 140f 	addw	r4, sp, #271	; 0x10f
    9e32:	e792      	b.n	9d5a <_vfiprintf_r+0x252>
    9e34:	2208      	movs	r2, #8
    9e36:	2100      	movs	r1, #0
    9e38:	4650      	mov	r0, sl
    9e3a:	f7fb fdf7 	bl	5a2c <memset>
    9e3e:	2301      	movs	r3, #1
    9e40:	441c      	add	r4, r3
    9e42:	e6ad      	b.n	9ba0 <_vfiprintf_r+0x98>
    9e44:	1fff0c18 	.word	0x1fff0c18
    9e48:	ebb4 0608 	subs.w	r6, r4, r8
    9e4c:	4605      	mov	r5, r0
    9e4e:	d01b      	beq.n	9e88 <_vfiprintf_r+0x380>
    9e50:	9b19      	ldr	r3, [sp, #100]	; 0x64
    9e52:	9a1a      	ldr	r2, [sp, #104]	; 0x68
    9e54:	3301      	adds	r3, #1
    9e56:	4432      	add	r2, r6
    9e58:	2b07      	cmp	r3, #7
    9e5a:	e9c9 8600 	strd	r8, r6, [r9]
    9e5e:	921a      	str	r2, [sp, #104]	; 0x68
    9e60:	9319      	str	r3, [sp, #100]	; 0x64
    9e62:	dd1c      	ble.n	9e9e <_vfiprintf_r+0x396>
    9e64:	2a00      	cmp	r2, #0
    9e66:	f000 83a6 	beq.w	a5b6 <_vfiprintf_r+0xaae>
    9e6a:	ee18 1a10 	vmov	r1, s16
    9e6e:	aa18      	add	r2, sp, #96	; 0x60
    9e70:	4658      	mov	r0, fp
    9e72:	f7ff fe0d 	bl	9a90 <__sprint_r.part.0>
    9e76:	bb20      	cbnz	r0, 9ec2 <_vfiprintf_r+0x3ba>
    9e78:	f10d 096c 	add.w	r9, sp, #108	; 0x6c
    9e7c:	9b05      	ldr	r3, [sp, #20]
    9e7e:	4433      	add	r3, r6
    9e80:	9305      	str	r3, [sp, #20]
    9e82:	2d00      	cmp	r5, #0
    9e84:	f47f aea8 	bne.w	9bd8 <_vfiprintf_r+0xd0>
    9e88:	9b1a      	ldr	r3, [sp, #104]	; 0x68
    9e8a:	2b00      	cmp	r3, #0
    9e8c:	f040 85c1 	bne.w	aa12 <_vfiprintf_r+0xf0a>
    9e90:	ee18 3a10 	vmov	r3, s16
    9e94:	2200      	movs	r2, #0
    9e96:	f9b3 300c 	ldrsh.w	r3, [r3, #12]
    9e9a:	9219      	str	r2, [sp, #100]	; 0x64
    9e9c:	e015      	b.n	9eca <_vfiprintf_r+0x3c2>
    9e9e:	f109 0908 	add.w	r9, r9, #8
    9ea2:	e7eb      	b.n	9e7c <_vfiprintf_r+0x374>
    9ea4:	ee18 1a10 	vmov	r1, s16
    9ea8:	aa18      	add	r2, sp, #96	; 0x60
    9eaa:	4658      	mov	r0, fp
    9eac:	f7ff fdf0 	bl	9a90 <__sprint_r.part.0>
    9eb0:	2800      	cmp	r0, #0
    9eb2:	f000 80a6 	beq.w	a002 <_vfiprintf_r+0x4fa>
    9eb6:	9b08      	ldr	r3, [sp, #32]
    9eb8:	b11b      	cbz	r3, 9ec2 <_vfiprintf_r+0x3ba>
    9eba:	9908      	ldr	r1, [sp, #32]
    9ebc:	4658      	mov	r0, fp
    9ebe:	f7fb ffad 	bl	5e1c <_free_r>
    9ec2:	ee18 3a10 	vmov	r3, s16
    9ec6:	f9b3 300c 	ldrsh.w	r3, [r3, #12]
    9eca:	ee18 2a10 	vmov	r2, s16
    9ece:	6e52      	ldr	r2, [r2, #100]	; 0x64
    9ed0:	f012 0f01 	tst.w	r2, #1
    9ed4:	b29a      	uxth	r2, r3
    9ed6:	f000 80a0 	beq.w	a01a <_vfiprintf_r+0x512>
    9eda:	0650      	lsls	r0, r2, #25
    9edc:	f100 85b2 	bmi.w	aa44 <_vfiprintf_r+0xf3c>
    9ee0:	9805      	ldr	r0, [sp, #20]
    9ee2:	b045      	add	sp, #276	; 0x114
    9ee4:	ecbd 8b02 	vpop	{d8}
    9ee8:	e8bd 8ff0 	ldmia.w	sp!, {r4, r5, r6, r7, r8, r9, sl, fp, pc}
    9eec:	2900      	cmp	r1, #0
    9eee:	d0cb      	beq.n	9e88 <_vfiprintf_r+0x380>
    9ef0:	2300      	movs	r3, #0
    9ef2:	f88d 3043 	strb.w	r3, [sp, #67]	; 0x43
    9ef6:	2301      	movs	r3, #1
    9ef8:	e9cd 3303 	strd	r3, r3, [sp, #12]
    9efc:	f88d 10ac 	strb.w	r1, [sp, #172]	; 0xac
    9f00:	ac2b      	add	r4, sp, #172	; 0xac
    9f02:	2300      	movs	r3, #0
    9f04:	9308      	str	r3, [sp, #32]
    9f06:	461f      	mov	r7, r3
    9f08:	f016 0302 	ands.w	r3, r6, #2
    9f0c:	9309      	str	r3, [sp, #36]	; 0x24
    9f0e:	d002      	beq.n	9f16 <_vfiprintf_r+0x40e>
    9f10:	9b03      	ldr	r3, [sp, #12]
    9f12:	3302      	adds	r3, #2
    9f14:	9303      	str	r3, [sp, #12]
    9f16:	f016 0384 	ands.w	r3, r6, #132	; 0x84
    9f1a:	930a      	str	r3, [sp, #40]	; 0x28
    9f1c:	d105      	bne.n	9f2a <_vfiprintf_r+0x422>
    9f1e:	9b06      	ldr	r3, [sp, #24]
    9f20:	9a03      	ldr	r2, [sp, #12]
    9f22:	1a9d      	subs	r5, r3, r2
    9f24:	2d00      	cmp	r5, #0
    9f26:	f300 827b 	bgt.w	a420 <_vfiprintf_r+0x918>
    9f2a:	e9dd 0319 	ldrd	r0, r3, [sp, #100]	; 0x64
    9f2e:	1c41      	adds	r1, r0, #1
    9f30:	f89d 2043 	ldrb.w	r2, [sp, #67]	; 0x43
    9f34:	b182      	cbz	r2, 9f58 <_vfiprintf_r+0x450>
    9f36:	2201      	movs	r2, #1
    9f38:	3301      	adds	r3, #1
    9f3a:	f8c9 2004 	str.w	r2, [r9, #4]
    9f3e:	2907      	cmp	r1, #7
    9f40:	f10d 0243 	add.w	r2, sp, #67	; 0x43
    9f44:	e9cd 1319 	strd	r1, r3, [sp, #100]	; 0x64
    9f48:	f8c9 2000 	str.w	r2, [r9]
    9f4c:	f300 824a 	bgt.w	a3e4 <_vfiprintf_r+0x8dc>
    9f50:	4608      	mov	r0, r1
    9f52:	f109 0908 	add.w	r9, r9, #8
    9f56:	3101      	adds	r1, #1
    9f58:	9a09      	ldr	r2, [sp, #36]	; 0x24
    9f5a:	b1e2      	cbz	r2, 9f96 <_vfiprintf_r+0x48e>
    9f5c:	aa11      	add	r2, sp, #68	; 0x44
    9f5e:	3302      	adds	r3, #2
    9f60:	f8c9 2000 	str.w	r2, [r9]
    9f64:	2907      	cmp	r1, #7
    9f66:	f04f 0202 	mov.w	r2, #2
    9f6a:	e9cd 1319 	strd	r1, r3, [sp, #100]	; 0x64
    9f6e:	f8c9 2004 	str.w	r2, [r9, #4]
    9f72:	f340 8250 	ble.w	a416 <_vfiprintf_r+0x90e>
    9f76:	2b00      	cmp	r3, #0
    9f78:	f000 8343 	beq.w	a602 <_vfiprintf_r+0xafa>
    9f7c:	ee18 1a10 	vmov	r1, s16
    9f80:	aa18      	add	r2, sp, #96	; 0x60
    9f82:	4658      	mov	r0, fp
    9f84:	f7ff fd84 	bl	9a90 <__sprint_r.part.0>
    9f88:	2800      	cmp	r0, #0
    9f8a:	d194      	bne.n	9eb6 <_vfiprintf_r+0x3ae>
    9f8c:	e9dd 0319 	ldrd	r0, r3, [sp, #100]	; 0x64
    9f90:	f10d 096c 	add.w	r9, sp, #108	; 0x6c
    9f94:	1c41      	adds	r1, r0, #1
    9f96:	9a0a      	ldr	r2, [sp, #40]	; 0x28
    9f98:	2a80      	cmp	r2, #128	; 0x80
    9f9a:	f000 8184 	beq.w	a2a6 <_vfiprintf_r+0x79e>
    9f9e:	9a04      	ldr	r2, [sp, #16]
    9fa0:	1abd      	subs	r5, r7, r2
    9fa2:	2d00      	cmp	r5, #0
    9fa4:	f300 81d7 	bgt.w	a356 <_vfiprintf_r+0x84e>
    9fa8:	9a04      	ldr	r2, [sp, #16]
    9faa:	f8c9 4000 	str.w	r4, [r9]
    9fae:	4413      	add	r3, r2
    9fb0:	2907      	cmp	r1, #7
    9fb2:	e9cd 1319 	strd	r1, r3, [sp, #100]	; 0x64
    9fb6:	f8c9 2004 	str.w	r2, [r9, #4]
    9fba:	f340 816e 	ble.w	a29a <_vfiprintf_r+0x792>
    9fbe:	2b00      	cmp	r3, #0
    9fc0:	f000 8275 	beq.w	a4ae <_vfiprintf_r+0x9a6>
    9fc4:	ee18 1a10 	vmov	r1, s16
    9fc8:	aa18      	add	r2, sp, #96	; 0x60
    9fca:	4658      	mov	r0, fp
    9fcc:	f7ff fd60 	bl	9a90 <__sprint_r.part.0>
    9fd0:	2800      	cmp	r0, #0
    9fd2:	f47f af70 	bne.w	9eb6 <_vfiprintf_r+0x3ae>
    9fd6:	9b1a      	ldr	r3, [sp, #104]	; 0x68
    9fd8:	f10d 096c 	add.w	r9, sp, #108	; 0x6c
    9fdc:	0775      	lsls	r5, r6, #29
    9fde:	d505      	bpl.n	9fec <_vfiprintf_r+0x4e4>
    9fe0:	9a06      	ldr	r2, [sp, #24]
    9fe2:	9903      	ldr	r1, [sp, #12]
    9fe4:	1a54      	subs	r4, r2, r1
    9fe6:	2c00      	cmp	r4, #0
    9fe8:	f300 826b 	bgt.w	a4c2 <_vfiprintf_r+0x9ba>
    9fec:	e9dd 2105 	ldrd	r2, r1, [sp, #20]
    9ff0:	9803      	ldr	r0, [sp, #12]
    9ff2:	4281      	cmp	r1, r0
    9ff4:	bfac      	ite	ge
    9ff6:	1852      	addge	r2, r2, r1
    9ff8:	1812      	addlt	r2, r2, r0
    9ffa:	9205      	str	r2, [sp, #20]
    9ffc:	2b00      	cmp	r3, #0
    9ffe:	f47f af51 	bne.w	9ea4 <_vfiprintf_r+0x39c>
    a002:	9908      	ldr	r1, [sp, #32]
    a004:	2300      	movs	r3, #0
    a006:	9319      	str	r3, [sp, #100]	; 0x64
    a008:	2900      	cmp	r1, #0
    a00a:	f000 8149 	beq.w	a2a0 <_vfiprintf_r+0x798>
    a00e:	4658      	mov	r0, fp
    a010:	f7fb ff04 	bl	5e1c <_free_r>
    a014:	f10d 096c 	add.w	r9, sp, #108	; 0x6c
    a018:	e5c1      	b.n	9b9e <_vfiprintf_r+0x96>
    a01a:	059c      	lsls	r4, r3, #22
    a01c:	f53f af5d 	bmi.w	9eda <_vfiprintf_r+0x3d2>
    a020:	ee18 4a10 	vmov	r4, s16
    a024:	6da0      	ldr	r0, [r4, #88]	; 0x58
    a026:	f7fb fe21 	bl	5c6c <__retarget_lock_release_recursive>
    a02a:	89a2      	ldrh	r2, [r4, #12]
    a02c:	e755      	b.n	9eda <_vfiprintf_r+0x3d2>
    a02e:	06f0      	lsls	r0, r6, #27
    a030:	9a07      	ldr	r2, [sp, #28]
    a032:	f100 831f 	bmi.w	a674 <_vfiprintf_r+0xb6c>
    a036:	0671      	lsls	r1, r6, #25
    a038:	f140 8319 	bpl.w	a66e <_vfiprintf_r+0xb66>
    a03c:	f932 3b04 	ldrsh.w	r3, [r2], #4
    a040:	9207      	str	r2, [sp, #28]
    a042:	17da      	asrs	r2, r3, #31
    a044:	4611      	mov	r1, r2
    a046:	e66e      	b.n	9d26 <_vfiprintf_r+0x21e>
    a048:	f016 0310 	ands.w	r3, r6, #16
    a04c:	9907      	ldr	r1, [sp, #28]
    a04e:	f040 8309 	bne.w	a664 <_vfiprintf_r+0xb5c>
    a052:	f016 0040 	ands.w	r0, r6, #64	; 0x40
    a056:	f000 8301 	beq.w	a65c <_vfiprintf_r+0xb54>
    a05a:	461a      	mov	r2, r3
    a05c:	f851 3b04 	ldr.w	r3, [r1], #4
    a060:	9107      	str	r1, [sp, #28]
    a062:	b29b      	uxth	r3, r3
    a064:	e6c3      	b.n	9dee <_vfiprintf_r+0x2e6>
    a066:	9b07      	ldr	r3, [sp, #28]
    a068:	461a      	mov	r2, r3
    a06a:	2300      	movs	r3, #0
    a06c:	f88d 3043 	strb.w	r3, [sp, #67]	; 0x43
    a070:	4613      	mov	r3, r2
    a072:	f853 4b04 	ldr.w	r4, [r3], #4
    a076:	9303      	str	r3, [sp, #12]
    a078:	2c00      	cmp	r4, #0
    a07a:	f000 8412 	beq.w	a8a2 <_vfiprintf_r+0xd9a>
    a07e:	2953      	cmp	r1, #83	; 0x53
    a080:	f000 8365 	beq.w	a74e <_vfiprintf_r+0xc46>
    a084:	f016 0510 	ands.w	r5, r6, #16
    a088:	f040 8361 	bne.w	a74e <_vfiprintf_r+0xc46>
    a08c:	1c7b      	adds	r3, r7, #1
    a08e:	f000 84b3 	beq.w	a9f8 <_vfiprintf_r+0xef0>
    a092:	463a      	mov	r2, r7
    a094:	4629      	mov	r1, r5
    a096:	4620      	mov	r0, r4
    a098:	f7fe fada 	bl	8650 <memchr>
    a09c:	9008      	str	r0, [sp, #32]
    a09e:	2800      	cmp	r0, #0
    a0a0:	f000 849f 	beq.w	a9e2 <_vfiprintf_r+0xeda>
    a0a4:	1b03      	subs	r3, r0, r4
    a0a6:	9a03      	ldr	r2, [sp, #12]
    a0a8:	9304      	str	r3, [sp, #16]
    a0aa:	ea23 73e3 	bic.w	r3, r3, r3, asr #31
    a0ae:	462f      	mov	r7, r5
    a0b0:	9207      	str	r2, [sp, #28]
    a0b2:	9303      	str	r3, [sp, #12]
    a0b4:	9508      	str	r5, [sp, #32]
    a0b6:	e657      	b.n	9d68 <_vfiprintf_r+0x260>
    a0b8:	2943      	cmp	r1, #67	; 0x43
    a0ba:	d002      	beq.n	a0c2 <_vfiprintf_r+0x5ba>
    a0bc:	06f5      	lsls	r5, r6, #27
    a0be:	f140 832d 	bpl.w	a71c <_vfiprintf_r+0xc14>
    a0c2:	9d07      	ldr	r5, [sp, #28]
    a0c4:	2208      	movs	r2, #8
    a0c6:	2100      	movs	r1, #0
    a0c8:	a816      	add	r0, sp, #88	; 0x58
    a0ca:	ac2b      	add	r4, sp, #172	; 0xac
    a0cc:	f7fb fcae 	bl	5a2c <memset>
    a0d0:	ab16      	add	r3, sp, #88	; 0x58
    a0d2:	f855 2b04 	ldr.w	r2, [r5], #4
    a0d6:	4621      	mov	r1, r4
    a0d8:	4658      	mov	r0, fp
    a0da:	f7ff fc13 	bl	9904 <_wcrtomb_r>
    a0de:	4603      	mov	r3, r0
    a0e0:	3301      	adds	r3, #1
    a0e2:	9004      	str	r0, [sp, #16]
    a0e4:	f000 84b3 	beq.w	aa4e <_vfiprintf_r+0xf46>
    a0e8:	9b04      	ldr	r3, [sp, #16]
    a0ea:	9507      	str	r5, [sp, #28]
    a0ec:	ea23 73e3 	bic.w	r3, r3, r3, asr #31
    a0f0:	9303      	str	r3, [sp, #12]
    a0f2:	2300      	movs	r3, #0
    a0f4:	f88d 3043 	strb.w	r3, [sp, #67]	; 0x43
    a0f8:	e703      	b.n	9f02 <_vfiprintf_r+0x3fa>
    a0fa:	9b07      	ldr	r3, [sp, #28]
    a0fc:	f853 2b04 	ldr.w	r2, [r3], #4
    a100:	9206      	str	r2, [sp, #24]
    a102:	2a00      	cmp	r2, #0
    a104:	f280 829c 	bge.w	a640 <_vfiprintf_r+0xb38>
    a108:	9a06      	ldr	r2, [sp, #24]
    a10a:	4252      	negs	r2, r2
    a10c:	e9cd 2306 	strd	r2, r3, [sp, #24]
    a110:	f898 1000 	ldrb.w	r1, [r8]
    a114:	f046 0604 	orr.w	r6, r6, #4
    a118:	e569      	b.n	9bee <_vfiprintf_r+0xe6>
    a11a:	f898 1000 	ldrb.w	r1, [r8]
    a11e:	f88d 4043 	strb.w	r4, [sp, #67]	; 0x43
    a122:	e564      	b.n	9bee <_vfiprintf_r+0xe6>
    a124:	f898 1000 	ldrb.w	r1, [r8]
    a128:	f046 0680 	orr.w	r6, r6, #128	; 0x80
    a12c:	e55f      	b.n	9bee <_vfiprintf_r+0xe6>
    a12e:	4642      	mov	r2, r8
    a130:	f812 1b01 	ldrb.w	r1, [r2], #1
    a134:	292a      	cmp	r1, #42	; 0x2a
    a136:	f000 8496 	beq.w	aa66 <_vfiprintf_r+0xf5e>
    a13a:	f1a1 0330 	sub.w	r3, r1, #48	; 0x30
    a13e:	2b09      	cmp	r3, #9
    a140:	4690      	mov	r8, r2
    a142:	f04f 0700 	mov.w	r7, #0
    a146:	f63f ad54 	bhi.w	9bf2 <_vfiprintf_r+0xea>
    a14a:	f818 1b01 	ldrb.w	r1, [r8], #1
    a14e:	eb07 0787 	add.w	r7, r7, r7, lsl #2
    a152:	eb03 0747 	add.w	r7, r3, r7, lsl #1
    a156:	f1a1 0330 	sub.w	r3, r1, #48	; 0x30
    a15a:	2b09      	cmp	r3, #9
    a15c:	d9f5      	bls.n	a14a <_vfiprintf_r+0x642>
    a15e:	e548      	b.n	9bf2 <_vfiprintf_r+0xea>
    a160:	f898 1000 	ldrb.w	r1, [r8]
    a164:	f046 0601 	orr.w	r6, r6, #1
    a168:	e541      	b.n	9bee <_vfiprintf_r+0xe6>
    a16a:	f89d 3043 	ldrb.w	r3, [sp, #67]	; 0x43
    a16e:	2b00      	cmp	r3, #0
    a170:	f47f adc2 	bne.w	9cf8 <_vfiprintf_r+0x1f0>
    a174:	2320      	movs	r3, #32
    a176:	f898 1000 	ldrb.w	r1, [r8]
    a17a:	f88d 3043 	strb.w	r3, [sp, #67]	; 0x43
    a17e:	e536      	b.n	9bee <_vfiprintf_r+0xe6>
    a180:	f898 1000 	ldrb.w	r1, [r8]
    a184:	296c      	cmp	r1, #108	; 0x6c
    a186:	bf03      	ittte	eq
    a188:	f898 1001 	ldrbeq.w	r1, [r8, #1]
    a18c:	f046 0620 	orreq.w	r6, r6, #32
    a190:	f108 0801 	addeq.w	r8, r8, #1
    a194:	f046 0610 	orrne.w	r6, r6, #16
    a198:	e529      	b.n	9bee <_vfiprintf_r+0xe6>
    a19a:	f898 1000 	ldrb.w	r1, [r8]
    a19e:	2968      	cmp	r1, #104	; 0x68
    a1a0:	bf03      	ittte	eq
    a1a2:	f898 1001 	ldrbeq.w	r1, [r8, #1]
    a1a6:	f446 7600 	orreq.w	r6, r6, #512	; 0x200
    a1aa:	f108 0801 	addeq.w	r8, r8, #1
    a1ae:	f046 0640 	orrne.w	r6, r6, #64	; 0x40
    a1b2:	e51c      	b.n	9bee <_vfiprintf_r+0xe6>
    a1b4:	f046 0310 	orr.w	r3, r6, #16
    a1b8:	9303      	str	r3, [sp, #12]
    a1ba:	9b03      	ldr	r3, [sp, #12]
    a1bc:	f013 0220 	ands.w	r2, r3, #32
    a1c0:	f000 8206 	beq.w	a5d0 <_vfiprintf_r+0xac8>
    a1c4:	9b07      	ldr	r3, [sp, #28]
    a1c6:	3307      	adds	r3, #7
    a1c8:	f023 0307 	bic.w	r3, r3, #7
    a1cc:	4619      	mov	r1, r3
    a1ce:	685a      	ldr	r2, [r3, #4]
    a1d0:	f851 3b08 	ldr.w	r3, [r1], #8
    a1d4:	9107      	str	r1, [sp, #28]
    a1d6:	2101      	movs	r1, #1
    a1d8:	e60d      	b.n	9df6 <_vfiprintf_r+0x2ee>
    a1da:	9a07      	ldr	r2, [sp, #28]
    a1dc:	f046 0302 	orr.w	r3, r6, #2
    a1e0:	9303      	str	r3, [sp, #12]
    a1e2:	f852 3b04 	ldr.w	r3, [r2], #4
    a1e6:	9207      	str	r2, [sp, #28]
    a1e8:	f647 0230 	movw	r2, #30768	; 0x7830
    a1ec:	f8ad 2044 	strh.w	r2, [sp, #68]	; 0x44
    a1f0:	4ab8      	ldr	r2, [pc, #736]	; (a4d4 <_vfiprintf_r+0x9cc>)
    a1f2:	920c      	str	r2, [sp, #48]	; 0x30
    a1f4:	2102      	movs	r1, #2
    a1f6:	2200      	movs	r2, #0
    a1f8:	e5fd      	b.n	9df6 <_vfiprintf_r+0x2ee>
    a1fa:	06b7      	lsls	r7, r6, #26
    a1fc:	f100 8248 	bmi.w	a690 <_vfiprintf_r+0xb88>
    a200:	06f5      	lsls	r5, r6, #27
    a202:	f100 8346 	bmi.w	a892 <_vfiprintf_r+0xd8a>
    a206:	0674      	lsls	r4, r6, #25
    a208:	f100 83d5 	bmi.w	a9b6 <_vfiprintf_r+0xeae>
    a20c:	05b0      	lsls	r0, r6, #22
    a20e:	f140 8340 	bpl.w	a892 <_vfiprintf_r+0xd8a>
    a212:	9b07      	ldr	r3, [sp, #28]
    a214:	9905      	ldr	r1, [sp, #20]
    a216:	f853 2b04 	ldr.w	r2, [r3], #4
    a21a:	9307      	str	r3, [sp, #28]
    a21c:	7011      	strb	r1, [r2, #0]
    a21e:	e4be      	b.n	9b9e <_vfiprintf_r+0x96>
    a220:	9603      	str	r6, [sp, #12]
    a222:	2901      	cmp	r1, #1
    a224:	f43f ad8c 	beq.w	9d40 <_vfiprintf_r+0x238>
    a228:	2902      	cmp	r1, #2
    a22a:	ac44      	add	r4, sp, #272	; 0x110
    a22c:	d111      	bne.n	a252 <_vfiprintf_r+0x74a>
    a22e:	980c      	ldr	r0, [sp, #48]	; 0x30
    a230:	f003 010f 	and.w	r1, r3, #15
    a234:	091b      	lsrs	r3, r3, #4
    a236:	5c41      	ldrb	r1, [r0, r1]
    a238:	f804 1d01 	strb.w	r1, [r4, #-1]!
    a23c:	ea43 7302 	orr.w	r3, r3, r2, lsl #28
    a240:	0912      	lsrs	r2, r2, #4
    a242:	ea53 0102 	orrs.w	r1, r3, r2
    a246:	d1f3      	bne.n	a230 <_vfiprintf_r+0x728>
    a248:	9e03      	ldr	r6, [sp, #12]
    a24a:	ab44      	add	r3, sp, #272	; 0x110
    a24c:	1b1b      	subs	r3, r3, r4
    a24e:	9304      	str	r3, [sp, #16]
    a250:	e583      	b.n	9d5a <_vfiprintf_r+0x252>
    a252:	f003 0107 	and.w	r1, r3, #7
    a256:	08db      	lsrs	r3, r3, #3
    a258:	ea43 7342 	orr.w	r3, r3, r2, lsl #29
    a25c:	08d2      	lsrs	r2, r2, #3
    a25e:	3130      	adds	r1, #48	; 0x30
    a260:	ea53 0502 	orrs.w	r5, r3, r2
    a264:	4620      	mov	r0, r4
    a266:	f804 1d01 	strb.w	r1, [r4, #-1]!
    a26a:	d1f2      	bne.n	a252 <_vfiprintf_r+0x74a>
    a26c:	9e03      	ldr	r6, [sp, #12]
    a26e:	07f3      	lsls	r3, r6, #31
    a270:	d5eb      	bpl.n	a24a <_vfiprintf_r+0x742>
    a272:	2930      	cmp	r1, #48	; 0x30
    a274:	d0e8      	beq.n	a248 <_vfiprintf_r+0x740>
    a276:	2330      	movs	r3, #48	; 0x30
    a278:	3802      	subs	r0, #2
    a27a:	f804 3c01 	strb.w	r3, [r4, #-1]
    a27e:	ab44      	add	r3, sp, #272	; 0x110
    a280:	1a1b      	subs	r3, r3, r0
    a282:	9e03      	ldr	r6, [sp, #12]
    a284:	9304      	str	r3, [sp, #16]
    a286:	4604      	mov	r4, r0
    a288:	e567      	b.n	9d5a <_vfiprintf_r+0x252>
    a28a:	9b04      	ldr	r3, [sp, #16]
    a28c:	941b      	str	r4, [sp, #108]	; 0x6c
    a28e:	2201      	movs	r2, #1
    a290:	931c      	str	r3, [sp, #112]	; 0x70
    a292:	931a      	str	r3, [sp, #104]	; 0x68
    a294:	9219      	str	r2, [sp, #100]	; 0x64
    a296:	f10d 096c 	add.w	r9, sp, #108	; 0x6c
    a29a:	f109 0908 	add.w	r9, r9, #8
    a29e:	e69d      	b.n	9fdc <_vfiprintf_r+0x4d4>
    a2a0:	f10d 096c 	add.w	r9, sp, #108	; 0x6c
    a2a4:	e47b      	b.n	9b9e <_vfiprintf_r+0x96>
    a2a6:	9a06      	ldr	r2, [sp, #24]
    a2a8:	9d03      	ldr	r5, [sp, #12]
    a2aa:	1b55      	subs	r5, r2, r5
    a2ac:	2d00      	cmp	r5, #0
    a2ae:	f77f ae76 	ble.w	9f9e <_vfiprintf_r+0x496>
    a2b2:	2d10      	cmp	r5, #16
    a2b4:	f340 83bb 	ble.w	aa2e <_vfiprintf_r+0xf26>
    a2b8:	9409      	str	r4, [sp, #36]	; 0x24
    a2ba:	ee18 4a10 	vmov	r4, s16
    a2be:	e007      	b.n	a2d0 <_vfiprintf_r+0x7c8>
    a2c0:	f100 0c02 	add.w	ip, r0, #2
    a2c4:	f109 0908 	add.w	r9, r9, #8
    a2c8:	4610      	mov	r0, r2
    a2ca:	3d10      	subs	r5, #16
    a2cc:	2d10      	cmp	r5, #16
    a2ce:	dd1e      	ble.n	a30e <_vfiprintf_r+0x806>
    a2d0:	4981      	ldr	r1, [pc, #516]	; (a4d8 <_vfiprintf_r+0x9d0>)
    a2d2:	f8c9 1000 	str.w	r1, [r9]
    a2d6:	1c42      	adds	r2, r0, #1
    a2d8:	3310      	adds	r3, #16
    a2da:	2110      	movs	r1, #16
    a2dc:	2a07      	cmp	r2, #7
    a2de:	e9cd 2319 	strd	r2, r3, [sp, #100]	; 0x64
    a2e2:	f8c9 1004 	str.w	r1, [r9, #4]
    a2e6:	ddeb      	ble.n	a2c0 <_vfiprintf_r+0x7b8>
    a2e8:	aa18      	add	r2, sp, #96	; 0x60
    a2ea:	2b00      	cmp	r3, #0
    a2ec:	d074      	beq.n	a3d8 <_vfiprintf_r+0x8d0>
    a2ee:	4621      	mov	r1, r4
    a2f0:	4658      	mov	r0, fp
    a2f2:	f10d 096c 	add.w	r9, sp, #108	; 0x6c
    a2f6:	f7ff fbcb 	bl	9a90 <__sprint_r.part.0>
    a2fa:	2800      	cmp	r0, #0
    a2fc:	f47f addb 	bne.w	9eb6 <_vfiprintf_r+0x3ae>
    a300:	e9dd 0319 	ldrd	r0, r3, [sp, #100]	; 0x64
    a304:	3d10      	subs	r5, #16
    a306:	2d10      	cmp	r5, #16
    a308:	f100 0c01 	add.w	ip, r0, #1
    a30c:	dce0      	bgt.n	a2d0 <_vfiprintf_r+0x7c8>
    a30e:	9c09      	ldr	r4, [sp, #36]	; 0x24
    a310:	4a71      	ldr	r2, [pc, #452]	; (a4d8 <_vfiprintf_r+0x9d0>)
    a312:	f8c9 5004 	str.w	r5, [r9, #4]
    a316:	442b      	add	r3, r5
    a318:	f1bc 0f07 	cmp.w	ip, #7
    a31c:	e9cd c319 	strd	ip, r3, [sp, #100]	; 0x64
    a320:	f8c9 2000 	str.w	r2, [r9]
    a324:	f340 8194 	ble.w	a650 <_vfiprintf_r+0xb48>
    a328:	2b00      	cmp	r3, #0
    a32a:	f000 831f 	beq.w	a96c <_vfiprintf_r+0xe64>
    a32e:	ee18 1a10 	vmov	r1, s16
    a332:	aa18      	add	r2, sp, #96	; 0x60
    a334:	4658      	mov	r0, fp
    a336:	f7ff fbab 	bl	9a90 <__sprint_r.part.0>
    a33a:	2800      	cmp	r0, #0
    a33c:	f47f adbb 	bne.w	9eb6 <_vfiprintf_r+0x3ae>
    a340:	9a04      	ldr	r2, [sp, #16]
    a342:	e9dd 0319 	ldrd	r0, r3, [sp, #100]	; 0x64
    a346:	1abd      	subs	r5, r7, r2
    a348:	2d00      	cmp	r5, #0
    a34a:	f100 0101 	add.w	r1, r0, #1
    a34e:	f10d 096c 	add.w	r9, sp, #108	; 0x6c
    a352:	f77f ae29 	ble.w	9fa8 <_vfiprintf_r+0x4a0>
    a356:	2d10      	cmp	r5, #16
    a358:	dd29      	ble.n	a3ae <_vfiprintf_r+0x8a6>
    a35a:	9409      	str	r4, [sp, #36]	; 0x24
    a35c:	2710      	movs	r7, #16
    a35e:	ee18 4a10 	vmov	r4, s16
    a362:	e007      	b.n	a374 <_vfiprintf_r+0x86c>
    a364:	f100 0c02 	add.w	ip, r0, #2
    a368:	f109 0908 	add.w	r9, r9, #8
    a36c:	4610      	mov	r0, r2
    a36e:	3d10      	subs	r5, #16
    a370:	2d10      	cmp	r5, #16
    a372:	dd1a      	ble.n	a3aa <_vfiprintf_r+0x8a2>
    a374:	1c42      	adds	r2, r0, #1
    a376:	4958      	ldr	r1, [pc, #352]	; (a4d8 <_vfiprintf_r+0x9d0>)
    a378:	3310      	adds	r3, #16
    a37a:	2a07      	cmp	r2, #7
    a37c:	e9c9 1700 	strd	r1, r7, [r9]
    a380:	e9cd 2319 	strd	r2, r3, [sp, #100]	; 0x64
    a384:	ddee      	ble.n	a364 <_vfiprintf_r+0x85c>
    a386:	aa18      	add	r2, sp, #96	; 0x60
    a388:	b303      	cbz	r3, a3cc <_vfiprintf_r+0x8c4>
    a38a:	4621      	mov	r1, r4
    a38c:	4658      	mov	r0, fp
    a38e:	f10d 096c 	add.w	r9, sp, #108	; 0x6c
    a392:	f7ff fb7d 	bl	9a90 <__sprint_r.part.0>
    a396:	2800      	cmp	r0, #0
    a398:	f47f ad8d 	bne.w	9eb6 <_vfiprintf_r+0x3ae>
    a39c:	e9dd 0319 	ldrd	r0, r3, [sp, #100]	; 0x64
    a3a0:	3d10      	subs	r5, #16
    a3a2:	2d10      	cmp	r5, #16
    a3a4:	f100 0c01 	add.w	ip, r0, #1
    a3a8:	dce4      	bgt.n	a374 <_vfiprintf_r+0x86c>
    a3aa:	9c09      	ldr	r4, [sp, #36]	; 0x24
    a3ac:	4661      	mov	r1, ip
    a3ae:	4a4a      	ldr	r2, [pc, #296]	; (a4d8 <_vfiprintf_r+0x9d0>)
    a3b0:	f8c9 5004 	str.w	r5, [r9, #4]
    a3b4:	442b      	add	r3, r5
    a3b6:	2907      	cmp	r1, #7
    a3b8:	e9cd 1319 	strd	r1, r3, [sp, #100]	; 0x64
    a3bc:	f8c9 2000 	str.w	r2, [r9]
    a3c0:	f300 80e7 	bgt.w	a592 <_vfiprintf_r+0xa8a>
    a3c4:	f109 0908 	add.w	r9, r9, #8
    a3c8:	3101      	adds	r1, #1
    a3ca:	e5ed      	b.n	9fa8 <_vfiprintf_r+0x4a0>
    a3cc:	f04f 0c01 	mov.w	ip, #1
    a3d0:	4618      	mov	r0, r3
    a3d2:	f10d 096c 	add.w	r9, sp, #108	; 0x6c
    a3d6:	e7ca      	b.n	a36e <_vfiprintf_r+0x866>
    a3d8:	f04f 0c01 	mov.w	ip, #1
    a3dc:	4618      	mov	r0, r3
    a3de:	f10d 096c 	add.w	r9, sp, #108	; 0x6c
    a3e2:	e772      	b.n	a2ca <_vfiprintf_r+0x7c2>
    a3e4:	2b00      	cmp	r3, #0
    a3e6:	f000 8104 	beq.w	a5f2 <_vfiprintf_r+0xaea>
    a3ea:	ee18 1a10 	vmov	r1, s16
    a3ee:	aa18      	add	r2, sp, #96	; 0x60
    a3f0:	4658      	mov	r0, fp
    a3f2:	f7ff fb4d 	bl	9a90 <__sprint_r.part.0>
    a3f6:	2800      	cmp	r0, #0
    a3f8:	f47f ad5d 	bne.w	9eb6 <_vfiprintf_r+0x3ae>
    a3fc:	e9dd 0319 	ldrd	r0, r3, [sp, #100]	; 0x64
    a400:	f10d 096c 	add.w	r9, sp, #108	; 0x6c
    a404:	1c41      	adds	r1, r0, #1
    a406:	e5a7      	b.n	9f58 <_vfiprintf_r+0x450>
    a408:	2302      	movs	r3, #2
    a40a:	aa11      	add	r2, sp, #68	; 0x44
    a40c:	931c      	str	r3, [sp, #112]	; 0x70
    a40e:	921b      	str	r2, [sp, #108]	; 0x6c
    a410:	2101      	movs	r1, #1
    a412:	f10d 096c 	add.w	r9, sp, #108	; 0x6c
    a416:	4608      	mov	r0, r1
    a418:	f109 0908 	add.w	r9, r9, #8
    a41c:	1c41      	adds	r1, r0, #1
    a41e:	e5ba      	b.n	9f96 <_vfiprintf_r+0x48e>
    a420:	2d10      	cmp	r5, #16
    a422:	f340 82e5 	ble.w	a9f0 <_vfiprintf_r+0xee8>
    a426:	e9dd 1319 	ldrd	r1, r3, [sp, #100]	; 0x64
    a42a:	940f      	str	r4, [sp, #60]	; 0x3c
    a42c:	4608      	mov	r0, r1
    a42e:	ee18 4a10 	vmov	r4, s16
    a432:	e007      	b.n	a444 <_vfiprintf_r+0x93c>
    a434:	f100 0c02 	add.w	ip, r0, #2
    a438:	f109 0908 	add.w	r9, r9, #8
    a43c:	4610      	mov	r0, r2
    a43e:	3d10      	subs	r5, #16
    a440:	2d10      	cmp	r5, #16
    a442:	dd1d      	ble.n	a480 <_vfiprintf_r+0x978>
    a444:	4925      	ldr	r1, [pc, #148]	; (a4dc <_vfiprintf_r+0x9d4>)
    a446:	f8c9 1000 	str.w	r1, [r9]
    a44a:	1c42      	adds	r2, r0, #1
    a44c:	3310      	adds	r3, #16
    a44e:	2110      	movs	r1, #16
    a450:	2a07      	cmp	r2, #7
    a452:	e9cd 2319 	strd	r2, r3, [sp, #100]	; 0x64
    a456:	f8c9 1004 	str.w	r1, [r9, #4]
    a45a:	ddeb      	ble.n	a434 <_vfiprintf_r+0x92c>
    a45c:	aa18      	add	r2, sp, #96	; 0x60
    a45e:	b303      	cbz	r3, a4a2 <_vfiprintf_r+0x99a>
    a460:	4621      	mov	r1, r4
    a462:	4658      	mov	r0, fp
    a464:	f10d 096c 	add.w	r9, sp, #108	; 0x6c
    a468:	f7ff fb12 	bl	9a90 <__sprint_r.part.0>
    a46c:	2800      	cmp	r0, #0
    a46e:	f47f ad22 	bne.w	9eb6 <_vfiprintf_r+0x3ae>
    a472:	e9dd 0319 	ldrd	r0, r3, [sp, #100]	; 0x64
    a476:	3d10      	subs	r5, #16
    a478:	2d10      	cmp	r5, #16
    a47a:	f100 0c01 	add.w	ip, r0, #1
    a47e:	dce1      	bgt.n	a444 <_vfiprintf_r+0x93c>
    a480:	9c0f      	ldr	r4, [sp, #60]	; 0x3c
    a482:	4660      	mov	r0, ip
    a484:	4a15      	ldr	r2, [pc, #84]	; (a4dc <_vfiprintf_r+0x9d4>)
    a486:	f8c9 5004 	str.w	r5, [r9, #4]
    a48a:	442b      	add	r3, r5
    a48c:	2807      	cmp	r0, #7
    a48e:	e9cd 0319 	strd	r0, r3, [sp, #100]	; 0x64
    a492:	f8c9 2000 	str.w	r2, [r9]
    a496:	f300 80c1 	bgt.w	a61c <_vfiprintf_r+0xb14>
    a49a:	f109 0908 	add.w	r9, r9, #8
    a49e:	1c41      	adds	r1, r0, #1
    a4a0:	e546      	b.n	9f30 <_vfiprintf_r+0x428>
    a4a2:	4618      	mov	r0, r3
    a4a4:	f04f 0c01 	mov.w	ip, #1
    a4a8:	f10d 096c 	add.w	r9, sp, #108	; 0x6c
    a4ac:	e7c7      	b.n	a43e <_vfiprintf_r+0x936>
    a4ae:	0776      	lsls	r6, r6, #29
    a4b0:	9319      	str	r3, [sp, #100]	; 0x64
    a4b2:	d553      	bpl.n	a55c <_vfiprintf_r+0xa54>
    a4b4:	9a06      	ldr	r2, [sp, #24]
    a4b6:	9903      	ldr	r1, [sp, #12]
    a4b8:	1a54      	subs	r4, r2, r1
    a4ba:	2c00      	cmp	r4, #0
    a4bc:	dd4e      	ble.n	a55c <_vfiprintf_r+0xa54>
    a4be:	f10d 096c 	add.w	r9, sp, #108	; 0x6c
    a4c2:	2c10      	cmp	r4, #16
    a4c4:	f340 82b0 	ble.w	aa28 <_vfiprintf_r+0xf20>
    a4c8:	9919      	ldr	r1, [sp, #100]	; 0x64
    a4ca:	ee18 6a10 	vmov	r6, s16
    a4ce:	2510      	movs	r5, #16
    a4d0:	e00d      	b.n	a4ee <_vfiprintf_r+0x9e6>
    a4d2:	bf00      	nop
    a4d4:	0000be14 	.word	0x0000be14
    a4d8:	0000bf24 	.word	0x0000bf24
    a4dc:	0000bf14 	.word	0x0000bf14
    a4e0:	1c88      	adds	r0, r1, #2
    a4e2:	f109 0908 	add.w	r9, r9, #8
    a4e6:	4611      	mov	r1, r2
    a4e8:	3c10      	subs	r4, #16
    a4ea:	2c10      	cmp	r4, #16
    a4ec:	dd1a      	ble.n	a524 <_vfiprintf_r+0xa1c>
    a4ee:	1c4a      	adds	r2, r1, #1
    a4f0:	48b3      	ldr	r0, [pc, #716]	; (a7c0 <_vfiprintf_r+0xcb8>)
    a4f2:	3310      	adds	r3, #16
    a4f4:	2a07      	cmp	r2, #7
    a4f6:	e9c9 0500 	strd	r0, r5, [r9]
    a4fa:	e9cd 2319 	strd	r2, r3, [sp, #100]	; 0x64
    a4fe:	ddef      	ble.n	a4e0 <_vfiprintf_r+0x9d8>
    a500:	aa18      	add	r2, sp, #96	; 0x60
    a502:	b333      	cbz	r3, a552 <_vfiprintf_r+0xa4a>
    a504:	4631      	mov	r1, r6
    a506:	4658      	mov	r0, fp
    a508:	f7ff fac2 	bl	9a90 <__sprint_r.part.0>
    a50c:	2800      	cmp	r0, #0
    a50e:	f47f acd2 	bne.w	9eb6 <_vfiprintf_r+0x3ae>
    a512:	e9dd 1319 	ldrd	r1, r3, [sp, #100]	; 0x64
    a516:	3c10      	subs	r4, #16
    a518:	2c10      	cmp	r4, #16
    a51a:	f101 0001 	add.w	r0, r1, #1
    a51e:	f10d 096c 	add.w	r9, sp, #108	; 0x6c
    a522:	dce4      	bgt.n	a4ee <_vfiprintf_r+0x9e6>
    a524:	4aa6      	ldr	r2, [pc, #664]	; (a7c0 <_vfiprintf_r+0xcb8>)
    a526:	f8c9 4004 	str.w	r4, [r9, #4]
    a52a:	4423      	add	r3, r4
    a52c:	2807      	cmp	r0, #7
    a52e:	e9cd 0319 	strd	r0, r3, [sp, #100]	; 0x64
    a532:	f8c9 2000 	str.w	r2, [r9]
    a536:	f77f ad59 	ble.w	9fec <_vfiprintf_r+0x4e4>
    a53a:	b17b      	cbz	r3, a55c <_vfiprintf_r+0xa54>
    a53c:	ee18 1a10 	vmov	r1, s16
    a540:	aa18      	add	r2, sp, #96	; 0x60
    a542:	4658      	mov	r0, fp
    a544:	f7ff faa4 	bl	9a90 <__sprint_r.part.0>
    a548:	2800      	cmp	r0, #0
    a54a:	f47f acb4 	bne.w	9eb6 <_vfiprintf_r+0x3ae>
    a54e:	9b1a      	ldr	r3, [sp, #104]	; 0x68
    a550:	e54c      	b.n	9fec <_vfiprintf_r+0x4e4>
    a552:	2001      	movs	r0, #1
    a554:	4619      	mov	r1, r3
    a556:	f10d 096c 	add.w	r9, sp, #108	; 0x6c
    a55a:	e7c5      	b.n	a4e8 <_vfiprintf_r+0x9e0>
    a55c:	e9dd 3205 	ldrd	r3, r2, [sp, #20]
    a560:	9903      	ldr	r1, [sp, #12]
    a562:	428a      	cmp	r2, r1
    a564:	bfac      	ite	ge
    a566:	189b      	addge	r3, r3, r2
    a568:	185b      	addlt	r3, r3, r1
    a56a:	9305      	str	r3, [sp, #20]
    a56c:	e549      	b.n	a002 <_vfiprintf_r+0x4fa>
    a56e:	f9b2 100c 	ldrsh.w	r1, [r2, #12]
    a572:	058f      	lsls	r7, r1, #22
    a574:	ee18 3a10 	vmov	r3, s16
    a578:	b28a      	uxth	r2, r1
    a57a:	f53f aae8 	bmi.w	9b4e <_vfiprintf_r+0x46>
    a57e:	ee18 5a10 	vmov	r5, s16
    a582:	6d98      	ldr	r0, [r3, #88]	; 0x58
    a584:	f7fb fb70 	bl	5c68 <__retarget_lock_acquire_recursive>
    a588:	f9b5 100c 	ldrsh.w	r1, [r5, #12]
    a58c:	b28a      	uxth	r2, r1
    a58e:	f7ff bade 	b.w	9b4e <_vfiprintf_r+0x46>
    a592:	2b00      	cmp	r3, #0
    a594:	f43f ae79 	beq.w	a28a <_vfiprintf_r+0x782>
    a598:	ee18 1a10 	vmov	r1, s16
    a59c:	aa18      	add	r2, sp, #96	; 0x60
    a59e:	4658      	mov	r0, fp
    a5a0:	f7ff fa76 	bl	9a90 <__sprint_r.part.0>
    a5a4:	2800      	cmp	r0, #0
    a5a6:	f47f ac86 	bne.w	9eb6 <_vfiprintf_r+0x3ae>
    a5aa:	9919      	ldr	r1, [sp, #100]	; 0x64
    a5ac:	9b1a      	ldr	r3, [sp, #104]	; 0x68
    a5ae:	3101      	adds	r1, #1
    a5b0:	f10d 096c 	add.w	r9, sp, #108	; 0x6c
    a5b4:	e4f8      	b.n	9fa8 <_vfiprintf_r+0x4a0>
    a5b6:	9219      	str	r2, [sp, #100]	; 0x64
    a5b8:	f10d 096c 	add.w	r9, sp, #108	; 0x6c
    a5bc:	e45e      	b.n	9e7c <_vfiprintf_r+0x374>
    a5be:	2f00      	cmp	r7, #0
    a5c0:	f47f abc3 	bne.w	9d4a <_vfiprintf_r+0x242>
    a5c4:	9e03      	ldr	r6, [sp, #12]
    a5c6:	2700      	movs	r7, #0
    a5c8:	9704      	str	r7, [sp, #16]
    a5ca:	ac44      	add	r4, sp, #272	; 0x110
    a5cc:	f7ff bbc5 	b.w	9d5a <_vfiprintf_r+0x252>
    a5d0:	9b03      	ldr	r3, [sp, #12]
    a5d2:	f013 0310 	ands.w	r3, r3, #16
    a5d6:	d154      	bne.n	a682 <_vfiprintf_r+0xb7a>
    a5d8:	9a03      	ldr	r2, [sp, #12]
    a5da:	f012 0040 	ands.w	r0, r2, #64	; 0x40
    a5de:	f000 816b 	beq.w	a8b8 <_vfiprintf_r+0xdb0>
    a5e2:	9907      	ldr	r1, [sp, #28]
    a5e4:	461a      	mov	r2, r3
    a5e6:	f851 3b04 	ldr.w	r3, [r1], #4
    a5ea:	9107      	str	r1, [sp, #28]
    a5ec:	b29b      	uxth	r3, r3
    a5ee:	2101      	movs	r1, #1
    a5f0:	e401      	b.n	9df6 <_vfiprintf_r+0x2ee>
    a5f2:	9a09      	ldr	r2, [sp, #36]	; 0x24
    a5f4:	2a00      	cmp	r2, #0
    a5f6:	d164      	bne.n	a6c2 <_vfiprintf_r+0xbba>
    a5f8:	4618      	mov	r0, r3
    a5fa:	2101      	movs	r1, #1
    a5fc:	f10d 096c 	add.w	r9, sp, #108	; 0x6c
    a600:	e4c9      	b.n	9f96 <_vfiprintf_r+0x48e>
    a602:	2101      	movs	r1, #1
    a604:	4618      	mov	r0, r3
    a606:	f10d 096c 	add.w	r9, sp, #108	; 0x6c
    a60a:	e4c4      	b.n	9f96 <_vfiprintf_r+0x48e>
    a60c:	425b      	negs	r3, r3
    a60e:	eb62 0242 	sbc.w	r2, r2, r2, lsl #1
    a612:	9603      	str	r6, [sp, #12]
    a614:	202d      	movs	r0, #45	; 0x2d
    a616:	2101      	movs	r1, #1
    a618:	f7ff bbee 	b.w	9df8 <_vfiprintf_r+0x2f0>
    a61c:	2b00      	cmp	r3, #0
    a61e:	f000 8088 	beq.w	a732 <_vfiprintf_r+0xc2a>
    a622:	ee18 1a10 	vmov	r1, s16
    a626:	aa18      	add	r2, sp, #96	; 0x60
    a628:	4658      	mov	r0, fp
    a62a:	f7ff fa31 	bl	9a90 <__sprint_r.part.0>
    a62e:	2800      	cmp	r0, #0
    a630:	f47f ac41 	bne.w	9eb6 <_vfiprintf_r+0x3ae>
    a634:	e9dd 0319 	ldrd	r0, r3, [sp, #100]	; 0x64
    a638:	f10d 096c 	add.w	r9, sp, #108	; 0x6c
    a63c:	1c41      	adds	r1, r0, #1
    a63e:	e477      	b.n	9f30 <_vfiprintf_r+0x428>
    a640:	f898 1000 	ldrb.w	r1, [r8]
    a644:	9307      	str	r3, [sp, #28]
    a646:	f7ff bad2 	b.w	9bee <_vfiprintf_r+0xe6>
    a64a:	ac44      	add	r4, sp, #272	; 0x110
    a64c:	f7ff bb85 	b.w	9d5a <_vfiprintf_r+0x252>
    a650:	f109 0908 	add.w	r9, r9, #8
    a654:	f10c 0101 	add.w	r1, ip, #1
    a658:	4660      	mov	r0, ip
    a65a:	e4a0      	b.n	9f9e <_vfiprintf_r+0x496>
    a65c:	f416 7200 	ands.w	r2, r6, #512	; 0x200
    a660:	f040 8197 	bne.w	a992 <_vfiprintf_r+0xe8a>
    a664:	f851 3b04 	ldr.w	r3, [r1], #4
    a668:	9107      	str	r1, [sp, #28]
    a66a:	f7ff bbc0 	b.w	9dee <_vfiprintf_r+0x2e6>
    a66e:	05b3      	lsls	r3, r6, #22
    a670:	f100 8188 	bmi.w	a984 <_vfiprintf_r+0xe7c>
    a674:	f852 3b04 	ldr.w	r3, [r2], #4
    a678:	9207      	str	r2, [sp, #28]
    a67a:	17da      	asrs	r2, r3, #31
    a67c:	4611      	mov	r1, r2
    a67e:	f7ff bb52 	b.w	9d26 <_vfiprintf_r+0x21e>
    a682:	9907      	ldr	r1, [sp, #28]
    a684:	f851 3b04 	ldr.w	r3, [r1], #4
    a688:	9107      	str	r1, [sp, #28]
    a68a:	2101      	movs	r1, #1
    a68c:	f7ff bbb3 	b.w	9df6 <_vfiprintf_r+0x2ee>
    a690:	9b07      	ldr	r3, [sp, #28]
    a692:	9805      	ldr	r0, [sp, #20]
    a694:	f853 1b04 	ldr.w	r1, [r3], #4
    a698:	9307      	str	r3, [sp, #28]
    a69a:	17c2      	asrs	r2, r0, #31
    a69c:	e9c1 0200 	strd	r0, r2, [r1]
    a6a0:	f7ff ba7d 	b.w	9b9e <_vfiprintf_r+0x96>
    a6a4:	9b0b      	ldr	r3, [sp, #44]	; 0x2c
    a6a6:	2b00      	cmp	r3, #0
    a6a8:	f43f ab26 	beq.w	9cf8 <_vfiprintf_r+0x1f0>
    a6ac:	9b0b      	ldr	r3, [sp, #44]	; 0x2c
    a6ae:	781b      	ldrb	r3, [r3, #0]
    a6b0:	2b00      	cmp	r3, #0
    a6b2:	f43f ab21 	beq.w	9cf8 <_vfiprintf_r+0x1f0>
    a6b6:	f898 1000 	ldrb.w	r1, [r8]
    a6ba:	f446 6680 	orr.w	r6, r6, #1024	; 0x400
    a6be:	f7ff ba96 	b.w	9bee <_vfiprintf_r+0xe6>
    a6c2:	2302      	movs	r3, #2
    a6c4:	aa11      	add	r2, sp, #68	; 0x44
    a6c6:	931c      	str	r3, [sp, #112]	; 0x70
    a6c8:	921b      	str	r2, [sp, #108]	; 0x6c
    a6ca:	2001      	movs	r0, #1
    a6cc:	f10d 096c 	add.w	r9, sp, #108	; 0x6c
    a6d0:	e6a2      	b.n	a418 <_vfiprintf_r+0x910>
    a6d2:	9603      	str	r6, [sp, #12]
    a6d4:	e571      	b.n	a1ba <_vfiprintf_r+0x6b2>
    a6d6:	4b3b      	ldr	r3, [pc, #236]	; (a7c4 <_vfiprintf_r+0xcbc>)
    a6d8:	930c      	str	r3, [sp, #48]	; 0x30
    a6da:	f016 0220 	ands.w	r2, r6, #32
    a6de:	d059      	beq.n	a794 <_vfiprintf_r+0xc8c>
    a6e0:	9b07      	ldr	r3, [sp, #28]
    a6e2:	3307      	adds	r3, #7
    a6e4:	f023 0307 	bic.w	r3, r3, #7
    a6e8:	4618      	mov	r0, r3
    a6ea:	685a      	ldr	r2, [r3, #4]
    a6ec:	f850 3b08 	ldr.w	r3, [r0], #8
    a6f0:	9007      	str	r0, [sp, #28]
    a6f2:	07f4      	lsls	r4, r6, #31
    a6f4:	d509      	bpl.n	a70a <_vfiprintf_r+0xc02>
    a6f6:	ea53 0002 	orrs.w	r0, r3, r2
    a6fa:	d006      	beq.n	a70a <_vfiprintf_r+0xc02>
    a6fc:	f88d 1045 	strb.w	r1, [sp, #69]	; 0x45
    a700:	2130      	movs	r1, #48	; 0x30
    a702:	f046 0602 	orr.w	r6, r6, #2
    a706:	f88d 1044 	strb.w	r1, [sp, #68]	; 0x44
    a70a:	f426 6180 	bic.w	r1, r6, #1024	; 0x400
    a70e:	9103      	str	r1, [sp, #12]
    a710:	2102      	movs	r1, #2
    a712:	f7ff bb70 	b.w	9df6 <_vfiprintf_r+0x2ee>
    a716:	4b2c      	ldr	r3, [pc, #176]	; (a7c8 <_vfiprintf_r+0xcc0>)
    a718:	930c      	str	r3, [sp, #48]	; 0x30
    a71a:	e7de      	b.n	a6da <_vfiprintf_r+0xbd2>
    a71c:	9b07      	ldr	r3, [sp, #28]
    a71e:	2101      	movs	r1, #1
    a720:	f853 2b04 	ldr.w	r2, [r3], #4
    a724:	9103      	str	r1, [sp, #12]
    a726:	f88d 20ac 	strb.w	r2, [sp, #172]	; 0xac
    a72a:	9307      	str	r3, [sp, #28]
    a72c:	9104      	str	r1, [sp, #16]
    a72e:	ac2b      	add	r4, sp, #172	; 0xac
    a730:	e4df      	b.n	a0f2 <_vfiprintf_r+0x5ea>
    a732:	f89d 2043 	ldrb.w	r2, [sp, #67]	; 0x43
    a736:	2a00      	cmp	r2, #0
    a738:	f040 8132 	bne.w	a9a0 <_vfiprintf_r+0xe98>
    a73c:	9a09      	ldr	r2, [sp, #36]	; 0x24
    a73e:	2a00      	cmp	r2, #0
    a740:	f47f ae62 	bne.w	a408 <_vfiprintf_r+0x900>
    a744:	4618      	mov	r0, r3
    a746:	2101      	movs	r1, #1
    a748:	f10d 096c 	add.w	r9, sp, #108	; 0x6c
    a74c:	e427      	b.n	9f9e <_vfiprintf_r+0x496>
    a74e:	2100      	movs	r1, #0
    a750:	2208      	movs	r2, #8
    a752:	a816      	add	r0, sp, #88	; 0x58
    a754:	9413      	str	r4, [sp, #76]	; 0x4c
    a756:	f7fb f969 	bl	5a2c <memset>
    a75a:	1c79      	adds	r1, r7, #1
    a75c:	f000 80bc 	beq.w	a8d8 <_vfiprintf_r+0xdd0>
    a760:	2500      	movs	r5, #0
    a762:	9407      	str	r4, [sp, #28]
    a764:	462c      	mov	r4, r5
    a766:	e00c      	b.n	a782 <_vfiprintf_r+0xc7a>
    a768:	a92b      	add	r1, sp, #172	; 0xac
    a76a:	4658      	mov	r0, fp
    a76c:	f7ff f8ca 	bl	9904 <_wcrtomb_r>
    a770:	1c42      	adds	r2, r0, #1
    a772:	4420      	add	r0, r4
    a774:	f000 816b 	beq.w	aa4e <_vfiprintf_r+0xf46>
    a778:	42b8      	cmp	r0, r7
    a77a:	dc08      	bgt.n	a78e <_vfiprintf_r+0xc86>
    a77c:	f000 8170 	beq.w	aa60 <_vfiprintf_r+0xf58>
    a780:	4604      	mov	r4, r0
    a782:	9a13      	ldr	r2, [sp, #76]	; 0x4c
    a784:	5952      	ldr	r2, [r2, r5]
    a786:	ab16      	add	r3, sp, #88	; 0x58
    a788:	3504      	adds	r5, #4
    a78a:	2a00      	cmp	r2, #0
    a78c:	d1ec      	bne.n	a768 <_vfiprintf_r+0xc60>
    a78e:	9404      	str	r4, [sp, #16]
    a790:	9c07      	ldr	r4, [sp, #28]
    a792:	e0af      	b.n	a8f4 <_vfiprintf_r+0xdec>
    a794:	f016 0310 	ands.w	r3, r6, #16
    a798:	9807      	ldr	r0, [sp, #28]
    a79a:	d10c      	bne.n	a7b6 <_vfiprintf_r+0xcae>
    a79c:	f016 0440 	ands.w	r4, r6, #64	; 0x40
    a7a0:	d005      	beq.n	a7ae <_vfiprintf_r+0xca6>
    a7a2:	461a      	mov	r2, r3
    a7a4:	f850 3b04 	ldr.w	r3, [r0], #4
    a7a8:	9007      	str	r0, [sp, #28]
    a7aa:	b29b      	uxth	r3, r3
    a7ac:	e7a1      	b.n	a6f2 <_vfiprintf_r+0xbea>
    a7ae:	f416 7200 	ands.w	r2, r6, #512	; 0x200
    a7b2:	f040 80e1 	bne.w	a978 <_vfiprintf_r+0xe70>
    a7b6:	f850 3b04 	ldr.w	r3, [r0], #4
    a7ba:	9007      	str	r0, [sp, #28]
    a7bc:	e799      	b.n	a6f2 <_vfiprintf_r+0xbea>
    a7be:	bf00      	nop
    a7c0:	0000bf14 	.word	0x0000bf14
    a7c4:	0000be14 	.word	0x0000be14
    a7c8:	0000be28 	.word	0x0000be28
    a7cc:	9903      	ldr	r1, [sp, #12]
    a7ce:	9704      	str	r7, [sp, #16]
    a7d0:	ac44      	add	r4, sp, #272	; 0x110
    a7d2:	469e      	mov	lr, r3
    a7d4:	ee08 ba90 	vmov	s17, fp
    a7d8:	f401 6680 	and.w	r6, r1, #1024	; 0x400
    a7dc:	f04f 0c00 	mov.w	ip, #0
    a7e0:	4623      	mov	r3, r4
    a7e2:	e006      	b.n	a7f2 <_vfiprintf_r+0xcea>
    a7e4:	f1be 0f0a 	cmp.w	lr, #10
    a7e8:	f172 0200 	sbcs.w	r2, r2, #0
    a7ec:	d339      	bcc.n	a862 <_vfiprintf_r+0xd5a>
    a7ee:	46a6      	mov	lr, r4
    a7f0:	462a      	mov	r2, r5
    a7f2:	49a6      	ldr	r1, [pc, #664]	; (aa8c <_vfiprintf_r+0xf84>)
    a7f4:	eb1e 0002 	adds.w	r0, lr, r2
    a7f8:	f140 0000 	adc.w	r0, r0, #0
    a7fc:	460f      	mov	r7, r1
    a7fe:	fba1 1400 	umull	r1, r4, r1, r0
    a802:	f024 0103 	bic.w	r1, r4, #3
    a806:	eb01 0194 	add.w	r1, r1, r4, lsr #2
    a80a:	1a40      	subs	r0, r0, r1
    a80c:	ebbe 0100 	subs.w	r1, lr, r0
    a810:	f04f 35cc 	mov.w	r5, #3435973836	; 0xcccccccc
    a814:	f162 0400 	sbc.w	r4, r2, #0
    a818:	fb05 f501 	mul.w	r5, r5, r1
    a81c:	fb07 5504 	mla	r5, r7, r4, r5
    a820:	fba1 4107 	umull	r4, r1, r1, r7
    a824:	440d      	add	r5, r1
    a826:	2705      	movs	r7, #5
    a828:	f004 0101 	and.w	r1, r4, #1
    a82c:	fba1 1b07 	umull	r1, fp, r1, r7
    a830:	1809      	adds	r1, r1, r0
    a832:	0864      	lsrs	r4, r4, #1
    a834:	3130      	adds	r1, #48	; 0x30
    a836:	f803 1c01 	strb.w	r1, [r3, #-1]
    a83a:	ea44 74c5 	orr.w	r4, r4, r5, lsl #31
    a83e:	f10c 0c01 	add.w	ip, ip, #1
    a842:	3b01      	subs	r3, #1
    a844:	086d      	lsrs	r5, r5, #1
    a846:	2e00      	cmp	r6, #0
    a848:	d0cc      	beq.n	a7e4 <_vfiprintf_r+0xcdc>
    a84a:	990b      	ldr	r1, [sp, #44]	; 0x2c
    a84c:	7809      	ldrb	r1, [r1, #0]
    a84e:	4561      	cmp	r1, ip
    a850:	d1c8      	bne.n	a7e4 <_vfiprintf_r+0xcdc>
    a852:	f1bc 0fff 	cmp.w	ip, #255	; 0xff
    a856:	d0c5      	beq.n	a7e4 <_vfiprintf_r+0xcdc>
    a858:	f1be 0f0a 	cmp.w	lr, #10
    a85c:	f172 0200 	sbcs.w	r2, r2, #0
    a860:	d26c      	bcs.n	a93c <_vfiprintf_r+0xe34>
    a862:	461c      	mov	r4, r3
    a864:	ab44      	add	r3, sp, #272	; 0x110
    a866:	1b1b      	subs	r3, r3, r4
    a868:	9f04      	ldr	r7, [sp, #16]
    a86a:	9e03      	ldr	r6, [sp, #12]
    a86c:	9304      	str	r3, [sp, #16]
    a86e:	ee18 ba90 	vmov	fp, s17
    a872:	f7ff ba72 	b.w	9d5a <_vfiprintf_r+0x252>
    a876:	9603      	str	r6, [sp, #12]
    a878:	f7ff ba62 	b.w	9d40 <_vfiprintf_r+0x238>
    a87c:	4658      	mov	r0, fp
    a87e:	f7fa ff5f 	bl	5740 <__sinit>
    a882:	f7ff b95b 	b.w	9b3c <_vfiprintf_r+0x34>
    a886:	2901      	cmp	r1, #1
    a888:	9603      	str	r6, [sp, #12]
    a88a:	f47f accd 	bne.w	a228 <_vfiprintf_r+0x720>
    a88e:	f7ff ba5c 	b.w	9d4a <_vfiprintf_r+0x242>
    a892:	9b07      	ldr	r3, [sp, #28]
    a894:	9905      	ldr	r1, [sp, #20]
    a896:	f853 2b04 	ldr.w	r2, [r3], #4
    a89a:	6011      	str	r1, [r2, #0]
    a89c:	9307      	str	r3, [sp, #28]
    a89e:	f7ff b97e 	b.w	9b9e <_vfiprintf_r+0x96>
    a8a2:	2f06      	cmp	r7, #6
    a8a4:	463b      	mov	r3, r7
    a8a6:	9a03      	ldr	r2, [sp, #12]
    a8a8:	4c79      	ldr	r4, [pc, #484]	; (aa90 <_vfiprintf_r+0xf88>)
    a8aa:	9207      	str	r2, [sp, #28]
    a8ac:	bf28      	it	cs
    a8ae:	2306      	movcs	r3, #6
    a8b0:	9304      	str	r3, [sp, #16]
    a8b2:	9303      	str	r3, [sp, #12]
    a8b4:	f7ff bb25 	b.w	9f02 <_vfiprintf_r+0x3fa>
    a8b8:	9b03      	ldr	r3, [sp, #12]
    a8ba:	9907      	ldr	r1, [sp, #28]
    a8bc:	f413 7200 	ands.w	r2, r3, #512	; 0x200
    a8c0:	bf14      	ite	ne
    a8c2:	f851 3b04 	ldrne.w	r3, [r1], #4
    a8c6:	f851 3b04 	ldreq.w	r3, [r1], #4
    a8ca:	9107      	str	r1, [sp, #28]
    a8cc:	bf1c      	itt	ne
    a8ce:	4602      	movne	r2, r0
    a8d0:	b2db      	uxtbne	r3, r3
    a8d2:	2101      	movs	r1, #1
    a8d4:	f7ff ba8f 	b.w	9df6 <_vfiprintf_r+0x2ee>
    a8d8:	ab16      	add	r3, sp, #88	; 0x58
    a8da:	9300      	str	r3, [sp, #0]
    a8dc:	2300      	movs	r3, #0
    a8de:	4619      	mov	r1, r3
    a8e0:	aa13      	add	r2, sp, #76	; 0x4c
    a8e2:	4658      	mov	r0, fp
    a8e4:	f7ff f834 	bl	9950 <_wcsrtombs_r>
    a8e8:	4603      	mov	r3, r0
    a8ea:	3301      	adds	r3, #1
    a8ec:	9004      	str	r0, [sp, #16]
    a8ee:	f000 80ae 	beq.w	aa4e <_vfiprintf_r+0xf46>
    a8f2:	9413      	str	r4, [sp, #76]	; 0x4c
    a8f4:	9b04      	ldr	r3, [sp, #16]
    a8f6:	2b00      	cmp	r3, #0
    a8f8:	d030      	beq.n	a95c <_vfiprintf_r+0xe54>
    a8fa:	2b63      	cmp	r3, #99	; 0x63
    a8fc:	dc63      	bgt.n	a9c6 <_vfiprintf_r+0xebe>
    a8fe:	2300      	movs	r3, #0
    a900:	9308      	str	r3, [sp, #32]
    a902:	ac2b      	add	r4, sp, #172	; 0xac
    a904:	2208      	movs	r2, #8
    a906:	2100      	movs	r1, #0
    a908:	a816      	add	r0, sp, #88	; 0x58
    a90a:	f7fb f88f 	bl	5a2c <memset>
    a90e:	9d04      	ldr	r5, [sp, #16]
    a910:	ab16      	add	r3, sp, #88	; 0x58
    a912:	9300      	str	r3, [sp, #0]
    a914:	aa13      	add	r2, sp, #76	; 0x4c
    a916:	462b      	mov	r3, r5
    a918:	4621      	mov	r1, r4
    a91a:	4658      	mov	r0, fp
    a91c:	f7ff f818 	bl	9950 <_wcsrtombs_r>
    a920:	4285      	cmp	r5, r0
    a922:	f040 80ab 	bne.w	aa7c <_vfiprintf_r+0xf74>
    a926:	9b03      	ldr	r3, [sp, #12]
    a928:	9a04      	ldr	r2, [sp, #16]
    a92a:	9307      	str	r3, [sp, #28]
    a92c:	2300      	movs	r3, #0
    a92e:	54a3      	strb	r3, [r4, r2]
    a930:	461f      	mov	r7, r3
    a932:	ea22 73e2 	bic.w	r3, r2, r2, asr #31
    a936:	9303      	str	r3, [sp, #12]
    a938:	f7ff ba16 	b.w	9d68 <_vfiprintf_r+0x260>
    a93c:	9a0e      	ldr	r2, [sp, #56]	; 0x38
    a93e:	990d      	ldr	r1, [sp, #52]	; 0x34
    a940:	1a9b      	subs	r3, r3, r2
    a942:	4618      	mov	r0, r3
    a944:	9308      	str	r3, [sp, #32]
    a946:	f7fb f8c3 	bl	5ad0 <strncpy>
    a94a:	990b      	ldr	r1, [sp, #44]	; 0x2c
    a94c:	9b08      	ldr	r3, [sp, #32]
    a94e:	784a      	ldrb	r2, [r1, #1]
    a950:	b10a      	cbz	r2, a956 <_vfiprintf_r+0xe4e>
    a952:	3101      	adds	r1, #1
    a954:	910b      	str	r1, [sp, #44]	; 0x2c
    a956:	f04f 0c00 	mov.w	ip, #0
    a95a:	e748      	b.n	a7ee <_vfiprintf_r+0xce6>
    a95c:	9b03      	ldr	r3, [sp, #12]
    a95e:	9307      	str	r3, [sp, #28]
    a960:	9b04      	ldr	r3, [sp, #16]
    a962:	9303      	str	r3, [sp, #12]
    a964:	461f      	mov	r7, r3
    a966:	9308      	str	r3, [sp, #32]
    a968:	f7ff b9fe 	b.w	9d68 <_vfiprintf_r+0x260>
    a96c:	2101      	movs	r1, #1
    a96e:	4618      	mov	r0, r3
    a970:	f10d 096c 	add.w	r9, sp, #108	; 0x6c
    a974:	f7ff bb13 	b.w	9f9e <_vfiprintf_r+0x496>
    a978:	f850 3b04 	ldr.w	r3, [r0], #4
    a97c:	9007      	str	r0, [sp, #28]
    a97e:	4622      	mov	r2, r4
    a980:	b2db      	uxtb	r3, r3
    a982:	e6b6      	b.n	a6f2 <_vfiprintf_r+0xbea>
    a984:	f912 3b04 	ldrsb.w	r3, [r2], #4
    a988:	9207      	str	r2, [sp, #28]
    a98a:	17da      	asrs	r2, r3, #31
    a98c:	4611      	mov	r1, r2
    a98e:	f7ff b9ca 	b.w	9d26 <_vfiprintf_r+0x21e>
    a992:	f851 3b04 	ldr.w	r3, [r1], #4
    a996:	9107      	str	r1, [sp, #28]
    a998:	4602      	mov	r2, r0
    a99a:	b2db      	uxtb	r3, r3
    a99c:	f7ff ba27 	b.w	9dee <_vfiprintf_r+0x2e6>
    a9a0:	2301      	movs	r3, #1
    a9a2:	931c      	str	r3, [sp, #112]	; 0x70
    a9a4:	2101      	movs	r1, #1
    a9a6:	f10d 0343 	add.w	r3, sp, #67	; 0x43
    a9aa:	931b      	str	r3, [sp, #108]	; 0x6c
    a9ac:	f10d 096c 	add.w	r9, sp, #108	; 0x6c
    a9b0:	460b      	mov	r3, r1
    a9b2:	f7ff bacd 	b.w	9f50 <_vfiprintf_r+0x448>
    a9b6:	9b07      	ldr	r3, [sp, #28]
    a9b8:	9905      	ldr	r1, [sp, #20]
    a9ba:	f853 2b04 	ldr.w	r2, [r3], #4
    a9be:	9307      	str	r3, [sp, #28]
    a9c0:	8011      	strh	r1, [r2, #0]
    a9c2:	f7ff b8ec 	b.w	9b9e <_vfiprintf_r+0x96>
    a9c6:	1c59      	adds	r1, r3, #1
    a9c8:	4658      	mov	r0, fp
    a9ca:	f7fa f97b 	bl	4cc4 <_malloc_r>
    a9ce:	4604      	mov	r4, r0
    a9d0:	2800      	cmp	r0, #0
    a9d2:	d03c      	beq.n	aa4e <_vfiprintf_r+0xf46>
    a9d4:	9008      	str	r0, [sp, #32]
    a9d6:	e795      	b.n	a904 <_vfiprintf_r+0xdfc>
    a9d8:	6d88      	ldr	r0, [r1, #88]	; 0x58
    a9da:	f7fb f947 	bl	5c6c <__retarget_lock_release_recursive>
    a9de:	f7ff b9e9 	b.w	9db4 <_vfiprintf_r+0x2ac>
    a9e2:	9b03      	ldr	r3, [sp, #12]
    a9e4:	9307      	str	r3, [sp, #28]
    a9e6:	e9cd 7703 	strd	r7, r7, [sp, #12]
    a9ea:	9f08      	ldr	r7, [sp, #32]
    a9ec:	f7ff b9bc 	b.w	9d68 <_vfiprintf_r+0x260>
    a9f0:	9819      	ldr	r0, [sp, #100]	; 0x64
    a9f2:	9b1a      	ldr	r3, [sp, #104]	; 0x68
    a9f4:	3001      	adds	r0, #1
    a9f6:	e545      	b.n	a484 <_vfiprintf_r+0x97c>
    a9f8:	9b03      	ldr	r3, [sp, #12]
    a9fa:	9307      	str	r3, [sp, #28]
    a9fc:	4620      	mov	r0, r4
    a9fe:	f7fb f93f 	bl	5c80 <strlen>
    aa02:	ea20 73e0 	bic.w	r3, r0, r0, asr #31
    aa06:	462f      	mov	r7, r5
    aa08:	9004      	str	r0, [sp, #16]
    aa0a:	9303      	str	r3, [sp, #12]
    aa0c:	9508      	str	r5, [sp, #32]
    aa0e:	f7ff b9ab 	b.w	9d68 <_vfiprintf_r+0x260>
    aa12:	ee18 1a10 	vmov	r1, s16
    aa16:	aa18      	add	r2, sp, #96	; 0x60
    aa18:	4658      	mov	r0, fp
    aa1a:	f7ff f839 	bl	9a90 <__sprint_r.part.0>
    aa1e:	2800      	cmp	r0, #0
    aa20:	f43f aa36 	beq.w	9e90 <_vfiprintf_r+0x388>
    aa24:	f7ff ba4d 	b.w	9ec2 <_vfiprintf_r+0x3ba>
    aa28:	9819      	ldr	r0, [sp, #100]	; 0x64
    aa2a:	3001      	adds	r0, #1
    aa2c:	e57a      	b.n	a524 <_vfiprintf_r+0xa1c>
    aa2e:	468c      	mov	ip, r1
    aa30:	e46e      	b.n	a310 <_vfiprintf_r+0x808>
    aa32:	6e6b      	ldr	r3, [r5, #100]	; 0x64
    aa34:	07d9      	lsls	r1, r3, #31
    aa36:	d405      	bmi.n	aa44 <_vfiprintf_r+0xf3c>
    aa38:	89ab      	ldrh	r3, [r5, #12]
    aa3a:	059a      	lsls	r2, r3, #22
    aa3c:	d402      	bmi.n	aa44 <_vfiprintf_r+0xf3c>
    aa3e:	6da8      	ldr	r0, [r5, #88]	; 0x58
    aa40:	f7fb f914 	bl	5c6c <__retarget_lock_release_recursive>
    aa44:	f04f 33ff 	mov.w	r3, #4294967295
    aa48:	9305      	str	r3, [sp, #20]
    aa4a:	f7ff ba49 	b.w	9ee0 <_vfiprintf_r+0x3d8>
    aa4e:	ee18 2a10 	vmov	r2, s16
    aa52:	f9b2 300c 	ldrsh.w	r3, [r2, #12]
    aa56:	f043 0340 	orr.w	r3, r3, #64	; 0x40
    aa5a:	8193      	strh	r3, [r2, #12]
    aa5c:	f7ff ba35 	b.w	9eca <_vfiprintf_r+0x3c2>
    aa60:	9c07      	ldr	r4, [sp, #28]
    aa62:	9704      	str	r7, [sp, #16]
    aa64:	e746      	b.n	a8f4 <_vfiprintf_r+0xdec>
    aa66:	9b07      	ldr	r3, [sp, #28]
    aa68:	f898 1001 	ldrb.w	r1, [r8, #1]
    aa6c:	f853 7b04 	ldr.w	r7, [r3], #4
    aa70:	9307      	str	r3, [sp, #28]
    aa72:	4690      	mov	r8, r2
    aa74:	ea47 77e7 	orr.w	r7, r7, r7, asr #31
    aa78:	f7ff b8b9 	b.w	9bee <_vfiprintf_r+0xe6>
    aa7c:	ee18 2a10 	vmov	r2, s16
    aa80:	8993      	ldrh	r3, [r2, #12]
    aa82:	f043 0340 	orr.w	r3, r3, #64	; 0x40
    aa86:	8193      	strh	r3, [r2, #12]
    aa88:	f7ff ba15 	b.w	9eb6 <_vfiprintf_r+0x3ae>
    aa8c:	cccccccd 	.word	0xcccccccd
    aa90:	0000be3c 	.word	0x0000be3c

0000aa94 <__sbprintf>:
    aa94:	b570      	push	{r4, r5, r6, lr}
    aa96:	460c      	mov	r4, r1
    aa98:	8989      	ldrh	r1, [r1, #12]
    aa9a:	f5ad 6d8e 	sub.w	sp, sp, #1136	; 0x470
    aa9e:	f021 0102 	bic.w	r1, r1, #2
    aaa2:	f8ad 1014 	strh.w	r1, [sp, #20]
    aaa6:	6e61      	ldr	r1, [r4, #100]	; 0x64
    aaa8:	911b      	str	r1, [sp, #108]	; 0x6c
    aaaa:	89e1      	ldrh	r1, [r4, #14]
    aaac:	f8ad 1016 	strh.w	r1, [sp, #22]
    aab0:	69e1      	ldr	r1, [r4, #28]
    aab2:	9109      	str	r1, [sp, #36]	; 0x24
    aab4:	6a61      	ldr	r1, [r4, #36]	; 0x24
    aab6:	910b      	str	r1, [sp, #44]	; 0x2c
    aab8:	a91c      	add	r1, sp, #112	; 0x70
    aaba:	9102      	str	r1, [sp, #8]
    aabc:	9106      	str	r1, [sp, #24]
    aabe:	f44f 6180 	mov.w	r1, #1024	; 0x400
    aac2:	4606      	mov	r6, r0
    aac4:	9104      	str	r1, [sp, #16]
    aac6:	9107      	str	r1, [sp, #28]
    aac8:	a818      	add	r0, sp, #96	; 0x60
    aaca:	2100      	movs	r1, #0
    aacc:	e9cd 3200 	strd	r3, r2, [sp]
    aad0:	9108      	str	r1, [sp, #32]
    aad2:	f7fb f8c5 	bl	5c60 <__retarget_lock_init_recursive>
    aad6:	e9dd 3200 	ldrd	r3, r2, [sp]
    aada:	a902      	add	r1, sp, #8
    aadc:	4630      	mov	r0, r6
    aade:	f7ff f813 	bl	9b08 <_vfiprintf_r>
    aae2:	1e05      	subs	r5, r0, #0
    aae4:	db07      	blt.n	aaf6 <__sbprintf+0x62>
    aae6:	a902      	add	r1, sp, #8
    aae8:	4630      	mov	r0, r6
    aaea:	f7fd fd69 	bl	85c0 <_fflush_r>
    aaee:	2800      	cmp	r0, #0
    aaf0:	bf18      	it	ne
    aaf2:	f04f 35ff 	movne.w	r5, #4294967295
    aaf6:	f8bd 3014 	ldrh.w	r3, [sp, #20]
    aafa:	065b      	lsls	r3, r3, #25
    aafc:	d503      	bpl.n	ab06 <__sbprintf+0x72>
    aafe:	89a3      	ldrh	r3, [r4, #12]
    ab00:	f043 0340 	orr.w	r3, r3, #64	; 0x40
    ab04:	81a3      	strh	r3, [r4, #12]
    ab06:	9818      	ldr	r0, [sp, #96]	; 0x60
    ab08:	f7fb f8ac 	bl	5c64 <__retarget_lock_close_recursive>
    ab0c:	4628      	mov	r0, r5
    ab0e:	f50d 6d8e 	add.w	sp, sp, #1136	; 0x470
    ab12:	bd70      	pop	{r4, r5, r6, pc}

0000ab14 <__sfvwrite_r>:
    ab14:	6893      	ldr	r3, [r2, #8]
    ab16:	2b00      	cmp	r3, #0
    ab18:	f000 8085 	beq.w	ac26 <__sfvwrite_r+0x112>
    ab1c:	e92d 4ff0 	stmdb	sp!, {r4, r5, r6, r7, r8, r9, sl, fp, lr}
    ab20:	f9b1 300c 	ldrsh.w	r3, [r1, #12]
    ab24:	460c      	mov	r4, r1
    ab26:	0719      	lsls	r1, r3, #28
    ab28:	4680      	mov	r8, r0
    ab2a:	b083      	sub	sp, #12
    ab2c:	4617      	mov	r7, r2
    ab2e:	b298      	uxth	r0, r3
    ab30:	d525      	bpl.n	ab7e <__sfvwrite_r+0x6a>
    ab32:	6923      	ldr	r3, [r4, #16]
    ab34:	b31b      	cbz	r3, ab7e <__sfvwrite_r+0x6a>
    ab36:	f010 0302 	ands.w	r3, r0, #2
    ab3a:	683d      	ldr	r5, [r7, #0]
    ab3c:	d02d      	beq.n	ab9a <__sfvwrite_r+0x86>
    ab3e:	f04f 0a00 	mov.w	sl, #0
    ab42:	f8df b2c0 	ldr.w	fp, [pc, #704]	; ae04 <__sfvwrite_r+0x2f0>
    ab46:	4656      	mov	r6, sl
    ab48:	46b9      	mov	r9, r7
    ab4a:	455e      	cmp	r6, fp
    ab4c:	4633      	mov	r3, r6
    ab4e:	4652      	mov	r2, sl
    ab50:	bf28      	it	cs
    ab52:	465b      	movcs	r3, fp
    ab54:	4640      	mov	r0, r8
    ab56:	2e00      	cmp	r6, #0
    ab58:	d052      	beq.n	ac00 <__sfvwrite_r+0xec>
    ab5a:	69e1      	ldr	r1, [r4, #28]
    ab5c:	6a67      	ldr	r7, [r4, #36]	; 0x24
    ab5e:	47b8      	blx	r7
    ab60:	2800      	cmp	r0, #0
    ab62:	dd56      	ble.n	ac12 <__sfvwrite_r+0xfe>
    ab64:	f8d9 3008 	ldr.w	r3, [r9, #8]
    ab68:	1a1b      	subs	r3, r3, r0
    ab6a:	4482      	add	sl, r0
    ab6c:	1a36      	subs	r6, r6, r0
    ab6e:	f8c9 3008 	str.w	r3, [r9, #8]
    ab72:	2b00      	cmp	r3, #0
    ab74:	d1e9      	bne.n	ab4a <__sfvwrite_r+0x36>
    ab76:	2000      	movs	r0, #0
    ab78:	b003      	add	sp, #12
    ab7a:	e8bd 8ff0 	ldmia.w	sp!, {r4, r5, r6, r7, r8, r9, sl, fp, pc}
    ab7e:	4621      	mov	r1, r4
    ab80:	4640      	mov	r0, r8
    ab82:	f000 f941 	bl	ae08 <__swsetup_r>
    ab86:	2800      	cmp	r0, #0
    ab88:	f040 8138 	bne.w	adfc <__sfvwrite_r+0x2e8>
    ab8c:	f9b4 300c 	ldrsh.w	r3, [r4, #12]
    ab90:	683d      	ldr	r5, [r7, #0]
    ab92:	b298      	uxth	r0, r3
    ab94:	f010 0302 	ands.w	r3, r0, #2
    ab98:	d1d1      	bne.n	ab3e <__sfvwrite_r+0x2a>
    ab9a:	f010 0901 	ands.w	r9, r0, #1
    ab9e:	d144      	bne.n	ac2a <__sfvwrite_r+0x116>
    aba0:	464e      	mov	r6, r9
    aba2:	9700      	str	r7, [sp, #0]
    aba4:	b346      	cbz	r6, abf8 <__sfvwrite_r+0xe4>
    aba6:	0582      	lsls	r2, r0, #22
    aba8:	f8d4 b008 	ldr.w	fp, [r4, #8]
    abac:	f140 8085 	bpl.w	acba <__sfvwrite_r+0x1a6>
    abb0:	45b3      	cmp	fp, r6
    abb2:	465a      	mov	r2, fp
    abb4:	f200 80b4 	bhi.w	ad20 <__sfvwrite_r+0x20c>
    abb8:	f410 6f90 	tst.w	r0, #1152	; 0x480
    abbc:	f040 80c1 	bne.w	ad42 <__sfvwrite_r+0x22e>
    abc0:	6820      	ldr	r0, [r4, #0]
    abc2:	9201      	str	r2, [sp, #4]
    abc4:	4649      	mov	r1, r9
    abc6:	f7fa feb5 	bl	5934 <memmove>
    abca:	68a3      	ldr	r3, [r4, #8]
    abcc:	9a01      	ldr	r2, [sp, #4]
    abce:	eba3 010b 	sub.w	r1, r3, fp
    abd2:	6823      	ldr	r3, [r4, #0]
    abd4:	60a1      	str	r1, [r4, #8]
    abd6:	4413      	add	r3, r2
    abd8:	46b2      	mov	sl, r6
    abda:	6023      	str	r3, [r4, #0]
    abdc:	2600      	movs	r6, #0
    abde:	9a00      	ldr	r2, [sp, #0]
    abe0:	6893      	ldr	r3, [r2, #8]
    abe2:	eba3 030a 	sub.w	r3, r3, sl
    abe6:	44d1      	add	r9, sl
    abe8:	6093      	str	r3, [r2, #8]
    abea:	2b00      	cmp	r3, #0
    abec:	d0c3      	beq.n	ab76 <__sfvwrite_r+0x62>
    abee:	f9b4 000c 	ldrsh.w	r0, [r4, #12]
    abf2:	b280      	uxth	r0, r0
    abf4:	2e00      	cmp	r6, #0
    abf6:	d1d6      	bne.n	aba6 <__sfvwrite_r+0x92>
    abf8:	e9d5 9600 	ldrd	r9, r6, [r5]
    abfc:	3508      	adds	r5, #8
    abfe:	e7d1      	b.n	aba4 <__sfvwrite_r+0x90>
    ac00:	e9d5 a600 	ldrd	sl, r6, [r5]
    ac04:	3508      	adds	r5, #8
    ac06:	e7a0      	b.n	ab4a <__sfvwrite_r+0x36>
    ac08:	4621      	mov	r1, r4
    ac0a:	4640      	mov	r0, r8
    ac0c:	f7fd fcd8 	bl	85c0 <_fflush_r>
    ac10:	b388      	cbz	r0, ac76 <__sfvwrite_r+0x162>
    ac12:	f9b4 300c 	ldrsh.w	r3, [r4, #12]
    ac16:	f043 0340 	orr.w	r3, r3, #64	; 0x40
    ac1a:	f04f 30ff 	mov.w	r0, #4294967295
    ac1e:	81a3      	strh	r3, [r4, #12]
    ac20:	b003      	add	sp, #12
    ac22:	e8bd 8ff0 	ldmia.w	sp!, {r4, r5, r6, r7, r8, r9, sl, fp, pc}
    ac26:	2000      	movs	r0, #0
    ac28:	4770      	bx	lr
    ac2a:	461e      	mov	r6, r3
    ac2c:	46ba      	mov	sl, r7
    ac2e:	4699      	mov	r9, r3
    ac30:	4618      	mov	r0, r3
    ac32:	9500      	str	r5, [sp, #0]
    ac34:	461f      	mov	r7, r3
    ac36:	b366      	cbz	r6, ac92 <__sfvwrite_r+0x17e>
    ac38:	2800      	cmp	r0, #0
    ac3a:	d032      	beq.n	aca2 <__sfvwrite_r+0x18e>
    ac3c:	464a      	mov	r2, r9
    ac3e:	e9d4 1304 	ldrd	r1, r3, [r4, #16]
    ac42:	6820      	ldr	r0, [r4, #0]
    ac44:	68a5      	ldr	r5, [r4, #8]
    ac46:	42b2      	cmp	r2, r6
    ac48:	bf28      	it	cs
    ac4a:	4632      	movcs	r2, r6
    ac4c:	4288      	cmp	r0, r1
    ac4e:	d904      	bls.n	ac5a <__sfvwrite_r+0x146>
    ac50:	eb05 0b03 	add.w	fp, r5, r3
    ac54:	455a      	cmp	r2, fp
    ac56:	f300 80a7 	bgt.w	ada8 <__sfvwrite_r+0x294>
    ac5a:	4293      	cmp	r3, r2
    ac5c:	dc64      	bgt.n	ad28 <__sfvwrite_r+0x214>
    ac5e:	69e1      	ldr	r1, [r4, #28]
    ac60:	6a65      	ldr	r5, [r4, #36]	; 0x24
    ac62:	463a      	mov	r2, r7
    ac64:	4640      	mov	r0, r8
    ac66:	47a8      	blx	r5
    ac68:	f1b0 0b00 	subs.w	fp, r0, #0
    ac6c:	ddd1      	ble.n	ac12 <__sfvwrite_r+0xfe>
    ac6e:	ebb9 090b 	subs.w	r9, r9, fp
    ac72:	d0c9      	beq.n	ac08 <__sfvwrite_r+0xf4>
    ac74:	2001      	movs	r0, #1
    ac76:	f8da 3008 	ldr.w	r3, [sl, #8]
    ac7a:	eba3 030b 	sub.w	r3, r3, fp
    ac7e:	445f      	add	r7, fp
    ac80:	eba6 060b 	sub.w	r6, r6, fp
    ac84:	f8ca 3008 	str.w	r3, [sl, #8]
    ac88:	2b00      	cmp	r3, #0
    ac8a:	f43f af74 	beq.w	ab76 <__sfvwrite_r+0x62>
    ac8e:	2e00      	cmp	r6, #0
    ac90:	d1d2      	bne.n	ac38 <__sfvwrite_r+0x124>
    ac92:	9a00      	ldr	r2, [sp, #0]
    ac94:	6856      	ldr	r6, [r2, #4]
    ac96:	4613      	mov	r3, r2
    ac98:	3208      	adds	r2, #8
    ac9a:	9200      	str	r2, [sp, #0]
    ac9c:	2e00      	cmp	r6, #0
    ac9e:	d0f8      	beq.n	ac92 <__sfvwrite_r+0x17e>
    aca0:	681f      	ldr	r7, [r3, #0]
    aca2:	4632      	mov	r2, r6
    aca4:	210a      	movs	r1, #10
    aca6:	4638      	mov	r0, r7
    aca8:	f7fd fcd2 	bl	8650 <memchr>
    acac:	2800      	cmp	r0, #0
    acae:	f000 809c 	beq.w	adea <__sfvwrite_r+0x2d6>
    acb2:	3001      	adds	r0, #1
    acb4:	eba0 0907 	sub.w	r9, r0, r7
    acb8:	e7c0      	b.n	ac3c <__sfvwrite_r+0x128>
    acba:	6820      	ldr	r0, [r4, #0]
    acbc:	6923      	ldr	r3, [r4, #16]
    acbe:	4298      	cmp	r0, r3
    acc0:	d816      	bhi.n	acf0 <__sfvwrite_r+0x1dc>
    acc2:	6962      	ldr	r2, [r4, #20]
    acc4:	42b2      	cmp	r2, r6
    acc6:	d813      	bhi.n	acf0 <__sfvwrite_r+0x1dc>
    acc8:	f06f 4300 	mvn.w	r3, #2147483648	; 0x80000000
    accc:	42b3      	cmp	r3, r6
    acce:	bf28      	it	cs
    acd0:	4633      	movcs	r3, r6
    acd2:	69e1      	ldr	r1, [r4, #28]
    acd4:	fb93 f3f2 	sdiv	r3, r3, r2
    acd8:	6a67      	ldr	r7, [r4, #36]	; 0x24
    acda:	fb02 f303 	mul.w	r3, r2, r3
    acde:	4640      	mov	r0, r8
    ace0:	464a      	mov	r2, r9
    ace2:	47b8      	blx	r7
    ace4:	f1b0 0a00 	subs.w	sl, r0, #0
    ace8:	dd93      	ble.n	ac12 <__sfvwrite_r+0xfe>
    acea:	eba6 060a 	sub.w	r6, r6, sl
    acee:	e776      	b.n	abde <__sfvwrite_r+0xca>
    acf0:	45b3      	cmp	fp, r6
    acf2:	46da      	mov	sl, fp
    acf4:	bf28      	it	cs
    acf6:	46b2      	movcs	sl, r6
    acf8:	4652      	mov	r2, sl
    acfa:	4649      	mov	r1, r9
    acfc:	f7fa fe1a 	bl	5934 <memmove>
    ad00:	68a3      	ldr	r3, [r4, #8]
    ad02:	6822      	ldr	r2, [r4, #0]
    ad04:	eba3 030a 	sub.w	r3, r3, sl
    ad08:	4452      	add	r2, sl
    ad0a:	60a3      	str	r3, [r4, #8]
    ad0c:	6022      	str	r2, [r4, #0]
    ad0e:	2b00      	cmp	r3, #0
    ad10:	d1eb      	bne.n	acea <__sfvwrite_r+0x1d6>
    ad12:	4621      	mov	r1, r4
    ad14:	4640      	mov	r0, r8
    ad16:	f7fd fc53 	bl	85c0 <_fflush_r>
    ad1a:	2800      	cmp	r0, #0
    ad1c:	d0e5      	beq.n	acea <__sfvwrite_r+0x1d6>
    ad1e:	e778      	b.n	ac12 <__sfvwrite_r+0xfe>
    ad20:	6820      	ldr	r0, [r4, #0]
    ad22:	46b3      	mov	fp, r6
    ad24:	4632      	mov	r2, r6
    ad26:	e74c      	b.n	abc2 <__sfvwrite_r+0xae>
    ad28:	4639      	mov	r1, r7
    ad2a:	9201      	str	r2, [sp, #4]
    ad2c:	f7fa fe02 	bl	5934 <memmove>
    ad30:	9a01      	ldr	r2, [sp, #4]
    ad32:	68a3      	ldr	r3, [r4, #8]
    ad34:	1a9b      	subs	r3, r3, r2
    ad36:	60a3      	str	r3, [r4, #8]
    ad38:	6823      	ldr	r3, [r4, #0]
    ad3a:	4413      	add	r3, r2
    ad3c:	6023      	str	r3, [r4, #0]
    ad3e:	4693      	mov	fp, r2
    ad40:	e795      	b.n	ac6e <__sfvwrite_r+0x15a>
    ad42:	6823      	ldr	r3, [r4, #0]
    ad44:	6921      	ldr	r1, [r4, #16]
    ad46:	eba3 0b01 	sub.w	fp, r3, r1
    ad4a:	6963      	ldr	r3, [r4, #20]
    ad4c:	eb03 0a43 	add.w	sl, r3, r3, lsl #1
    ad50:	eb0a 7ada 	add.w	sl, sl, sl, lsr #31
    ad54:	f10b 0301 	add.w	r3, fp, #1
    ad58:	ea4f 0a6a 	mov.w	sl, sl, asr #1
    ad5c:	4433      	add	r3, r6
    ad5e:	4553      	cmp	r3, sl
    ad60:	4652      	mov	r2, sl
    ad62:	bf84      	itt	hi
    ad64:	469a      	movhi	sl, r3
    ad66:	4652      	movhi	r2, sl
    ad68:	0543      	lsls	r3, r0, #21
    ad6a:	d52c      	bpl.n	adc6 <__sfvwrite_r+0x2b2>
    ad6c:	4611      	mov	r1, r2
    ad6e:	4640      	mov	r0, r8
    ad70:	f7f9 ffa8 	bl	4cc4 <_malloc_r>
    ad74:	2800      	cmp	r0, #0
    ad76:	d03b      	beq.n	adf0 <__sfvwrite_r+0x2dc>
    ad78:	465a      	mov	r2, fp
    ad7a:	6921      	ldr	r1, [r4, #16]
    ad7c:	9001      	str	r0, [sp, #4]
    ad7e:	f7f8 fabb 	bl	32f8 <memcpy>
    ad82:	89a2      	ldrh	r2, [r4, #12]
    ad84:	9b01      	ldr	r3, [sp, #4]
    ad86:	f422 6290 	bic.w	r2, r2, #1152	; 0x480
    ad8a:	f042 0280 	orr.w	r2, r2, #128	; 0x80
    ad8e:	81a2      	strh	r2, [r4, #12]
    ad90:	eb03 000b 	add.w	r0, r3, fp
    ad94:	6123      	str	r3, [r4, #16]
    ad96:	ebaa 030b 	sub.w	r3, sl, fp
    ad9a:	f8c4 a014 	str.w	sl, [r4, #20]
    ad9e:	60a3      	str	r3, [r4, #8]
    ada0:	6020      	str	r0, [r4, #0]
    ada2:	46b3      	mov	fp, r6
    ada4:	4632      	mov	r2, r6
    ada6:	e70c      	b.n	abc2 <__sfvwrite_r+0xae>
    ada8:	4639      	mov	r1, r7
    adaa:	465a      	mov	r2, fp
    adac:	f7fa fdc2 	bl	5934 <memmove>
    adb0:	6823      	ldr	r3, [r4, #0]
    adb2:	445b      	add	r3, fp
    adb4:	6023      	str	r3, [r4, #0]
    adb6:	4621      	mov	r1, r4
    adb8:	4640      	mov	r0, r8
    adba:	f7fd fc01 	bl	85c0 <_fflush_r>
    adbe:	2800      	cmp	r0, #0
    adc0:	f43f af55 	beq.w	ac6e <__sfvwrite_r+0x15a>
    adc4:	e725      	b.n	ac12 <__sfvwrite_r+0xfe>
    adc6:	4640      	mov	r0, r8
    adc8:	f7fa fa38 	bl	523c <_realloc_r>
    adcc:	4603      	mov	r3, r0
    adce:	2800      	cmp	r0, #0
    add0:	d1de      	bne.n	ad90 <__sfvwrite_r+0x27c>
    add2:	6921      	ldr	r1, [r4, #16]
    add4:	4640      	mov	r0, r8
    add6:	f7fb f821 	bl	5e1c <_free_r>
    adda:	f9b4 300c 	ldrsh.w	r3, [r4, #12]
    adde:	220c      	movs	r2, #12
    ade0:	f023 0380 	bic.w	r3, r3, #128	; 0x80
    ade4:	f8c8 2000 	str.w	r2, [r8]
    ade8:	e715      	b.n	ac16 <__sfvwrite_r+0x102>
    adea:	1c72      	adds	r2, r6, #1
    adec:	4691      	mov	r9, r2
    adee:	e726      	b.n	ac3e <__sfvwrite_r+0x12a>
    adf0:	220c      	movs	r2, #12
    adf2:	f9b4 300c 	ldrsh.w	r3, [r4, #12]
    adf6:	f8c8 2000 	str.w	r2, [r8]
    adfa:	e70c      	b.n	ac16 <__sfvwrite_r+0x102>
    adfc:	f04f 30ff 	mov.w	r0, #4294967295
    ae00:	e6ba      	b.n	ab78 <__sfvwrite_r+0x64>
    ae02:	bf00      	nop
    ae04:	7ffffc00 	.word	0x7ffffc00

0000ae08 <__swsetup_r>:
    ae08:	b538      	push	{r3, r4, r5, lr}
    ae0a:	4b31      	ldr	r3, [pc, #196]	; (aed0 <__swsetup_r+0xc8>)
    ae0c:	681b      	ldr	r3, [r3, #0]
    ae0e:	4605      	mov	r5, r0
    ae10:	460c      	mov	r4, r1
    ae12:	b113      	cbz	r3, ae1a <__swsetup_r+0x12>
    ae14:	6b5a      	ldr	r2, [r3, #52]	; 0x34
    ae16:	2a00      	cmp	r2, #0
    ae18:	d04e      	beq.n	aeb8 <__swsetup_r+0xb0>
    ae1a:	f9b4 300c 	ldrsh.w	r3, [r4, #12]
    ae1e:	0718      	lsls	r0, r3, #28
    ae20:	b29a      	uxth	r2, r3
    ae22:	d51c      	bpl.n	ae5e <__swsetup_r+0x56>
    ae24:	6921      	ldr	r1, [r4, #16]
    ae26:	b329      	cbz	r1, ae74 <__swsetup_r+0x6c>
    ae28:	f012 0001 	ands.w	r0, r2, #1
    ae2c:	d007      	beq.n	ae3e <__swsetup_r+0x36>
    ae2e:	2000      	movs	r0, #0
    ae30:	60a0      	str	r0, [r4, #8]
    ae32:	6960      	ldr	r0, [r4, #20]
    ae34:	4240      	negs	r0, r0
    ae36:	61a0      	str	r0, [r4, #24]
    ae38:	b139      	cbz	r1, ae4a <__swsetup_r+0x42>
    ae3a:	2000      	movs	r0, #0
    ae3c:	bd38      	pop	{r3, r4, r5, pc}
    ae3e:	0795      	lsls	r5, r2, #30
    ae40:	bf58      	it	pl
    ae42:	6960      	ldrpl	r0, [r4, #20]
    ae44:	60a0      	str	r0, [r4, #8]
    ae46:	2900      	cmp	r1, #0
    ae48:	d1f7      	bne.n	ae3a <__swsetup_r+0x32>
    ae4a:	0612      	lsls	r2, r2, #24
    ae4c:	bf58      	it	pl
    ae4e:	4608      	movpl	r0, r1
    ae50:	d5f4      	bpl.n	ae3c <__swsetup_r+0x34>
    ae52:	f043 0340 	orr.w	r3, r3, #64	; 0x40
    ae56:	81a3      	strh	r3, [r4, #12]
    ae58:	f04f 30ff 	mov.w	r0, #4294967295
    ae5c:	bd38      	pop	{r3, r4, r5, pc}
    ae5e:	06d1      	lsls	r1, r2, #27
    ae60:	d52e      	bpl.n	aec0 <__swsetup_r+0xb8>
    ae62:	0752      	lsls	r2, r2, #29
    ae64:	d414      	bmi.n	ae90 <__swsetup_r+0x88>
    ae66:	6921      	ldr	r1, [r4, #16]
    ae68:	f043 0308 	orr.w	r3, r3, #8
    ae6c:	81a3      	strh	r3, [r4, #12]
    ae6e:	b29a      	uxth	r2, r3
    ae70:	2900      	cmp	r1, #0
    ae72:	d1d9      	bne.n	ae28 <__swsetup_r+0x20>
    ae74:	f402 7020 	and.w	r0, r2, #640	; 0x280
    ae78:	f5b0 7f00 	cmp.w	r0, #512	; 0x200
    ae7c:	d0d4      	beq.n	ae28 <__swsetup_r+0x20>
    ae7e:	4621      	mov	r1, r4
    ae80:	4628      	mov	r0, r5
    ae82:	f000 f947 	bl	b114 <__smakebuf_r>
    ae86:	f9b4 300c 	ldrsh.w	r3, [r4, #12]
    ae8a:	6921      	ldr	r1, [r4, #16]
    ae8c:	b29a      	uxth	r2, r3
    ae8e:	e7cb      	b.n	ae28 <__swsetup_r+0x20>
    ae90:	6b21      	ldr	r1, [r4, #48]	; 0x30
    ae92:	b151      	cbz	r1, aeaa <__swsetup_r+0xa2>
    ae94:	f104 0240 	add.w	r2, r4, #64	; 0x40
    ae98:	4291      	cmp	r1, r2
    ae9a:	d004      	beq.n	aea6 <__swsetup_r+0x9e>
    ae9c:	4628      	mov	r0, r5
    ae9e:	f7fa ffbd 	bl	5e1c <_free_r>
    aea2:	f9b4 300c 	ldrsh.w	r3, [r4, #12]
    aea6:	2200      	movs	r2, #0
    aea8:	6322      	str	r2, [r4, #48]	; 0x30
    aeaa:	6921      	ldr	r1, [r4, #16]
    aeac:	2200      	movs	r2, #0
    aeae:	e9c4 1200 	strd	r1, r2, [r4]
    aeb2:	f023 0324 	bic.w	r3, r3, #36	; 0x24
    aeb6:	e7d7      	b.n	ae68 <__swsetup_r+0x60>
    aeb8:	4618      	mov	r0, r3
    aeba:	f7fa fc41 	bl	5740 <__sinit>
    aebe:	e7ac      	b.n	ae1a <__swsetup_r+0x12>
    aec0:	2209      	movs	r2, #9
    aec2:	f043 0340 	orr.w	r3, r3, #64	; 0x40
    aec6:	602a      	str	r2, [r5, #0]
    aec8:	f04f 30ff 	mov.w	r0, #4294967295
    aecc:	81a3      	strh	r3, [r4, #12]
    aece:	bd38      	pop	{r3, r4, r5, pc}
    aed0:	1fff0ea8 	.word	0x1fff0ea8

0000aed4 <__fputwc>:
    aed4:	e92d 47f0 	stmdb	sp!, {r4, r5, r6, r7, r8, r9, sl, lr}
    aed8:	b082      	sub	sp, #8
    aeda:	4682      	mov	sl, r0
    aedc:	4688      	mov	r8, r1
    aede:	4614      	mov	r4, r2
    aee0:	f7fa fe28 	bl	5b34 <__locale_mb_cur_max>
    aee4:	2801      	cmp	r0, #1
    aee6:	d103      	bne.n	aef0 <__fputwc+0x1c>
    aee8:	f108 33ff 	add.w	r3, r8, #4294967295
    aeec:	2bfe      	cmp	r3, #254	; 0xfe
    aeee:	d936      	bls.n	af5e <__fputwc+0x8a>
    aef0:	f10d 0904 	add.w	r9, sp, #4
    aef4:	4642      	mov	r2, r8
    aef6:	f104 035c 	add.w	r3, r4, #92	; 0x5c
    aefa:	4649      	mov	r1, r9
    aefc:	4650      	mov	r0, sl
    aefe:	f7fe fd01 	bl	9904 <_wcrtomb_r>
    af02:	1c42      	adds	r2, r0, #1
    af04:	4606      	mov	r6, r0
    af06:	d032      	beq.n	af6e <__fputwc+0x9a>
    af08:	b320      	cbz	r0, af54 <__fputwc+0x80>
    af0a:	f89d c004 	ldrb.w	ip, [sp, #4]
    af0e:	2500      	movs	r5, #0
    af10:	e009      	b.n	af26 <__fputwc+0x52>
    af12:	6823      	ldr	r3, [r4, #0]
    af14:	1c5a      	adds	r2, r3, #1
    af16:	6022      	str	r2, [r4, #0]
    af18:	f883 c000 	strb.w	ip, [r3]
    af1c:	3501      	adds	r5, #1
    af1e:	42b5      	cmp	r5, r6
    af20:	d218      	bcs.n	af54 <__fputwc+0x80>
    af22:	f819 cf01 	ldrb.w	ip, [r9, #1]!
    af26:	68a3      	ldr	r3, [r4, #8]
    af28:	3b01      	subs	r3, #1
    af2a:	2b00      	cmp	r3, #0
    af2c:	60a3      	str	r3, [r4, #8]
    af2e:	daf0      	bge.n	af12 <__fputwc+0x3e>
    af30:	69a7      	ldr	r7, [r4, #24]
    af32:	42bb      	cmp	r3, r7
    af34:	4661      	mov	r1, ip
    af36:	4622      	mov	r2, r4
    af38:	4650      	mov	r0, sl
    af3a:	db02      	blt.n	af42 <__fputwc+0x6e>
    af3c:	f1bc 0f0a 	cmp.w	ip, #10
    af40:	d1e7      	bne.n	af12 <__fputwc+0x3e>
    af42:	f000 f953 	bl	b1ec <__swbuf_r>
    af46:	1c43      	adds	r3, r0, #1
    af48:	d1e8      	bne.n	af1c <__fputwc+0x48>
    af4a:	4606      	mov	r6, r0
    af4c:	4630      	mov	r0, r6
    af4e:	b002      	add	sp, #8
    af50:	e8bd 87f0 	ldmia.w	sp!, {r4, r5, r6, r7, r8, r9, sl, pc}
    af54:	4646      	mov	r6, r8
    af56:	4630      	mov	r0, r6
    af58:	b002      	add	sp, #8
    af5a:	e8bd 87f0 	ldmia.w	sp!, {r4, r5, r6, r7, r8, r9, sl, pc}
    af5e:	fa5f fc88 	uxtb.w	ip, r8
    af62:	f88d c004 	strb.w	ip, [sp, #4]
    af66:	4606      	mov	r6, r0
    af68:	f10d 0904 	add.w	r9, sp, #4
    af6c:	e7cf      	b.n	af0e <__fputwc+0x3a>
    af6e:	89a3      	ldrh	r3, [r4, #12]
    af70:	4630      	mov	r0, r6
    af72:	f043 0340 	orr.w	r3, r3, #64	; 0x40
    af76:	81a3      	strh	r3, [r4, #12]
    af78:	b002      	add	sp, #8
    af7a:	e8bd 87f0 	ldmia.w	sp!, {r4, r5, r6, r7, r8, r9, sl, pc}
    af7e:	bf00      	nop

0000af80 <_fputwc_r>:
    af80:	b530      	push	{r4, r5, lr}
    af82:	6e53      	ldr	r3, [r2, #100]	; 0x64
    af84:	f013 0f01 	tst.w	r3, #1
    af88:	f9b2 300c 	ldrsh.w	r3, [r2, #12]
    af8c:	4614      	mov	r4, r2
    af8e:	b083      	sub	sp, #12
    af90:	4605      	mov	r5, r0
    af92:	b29a      	uxth	r2, r3
    af94:	d101      	bne.n	af9a <_fputwc_r+0x1a>
    af96:	0598      	lsls	r0, r3, #22
    af98:	d51c      	bpl.n	afd4 <_fputwc_r+0x54>
    af9a:	0490      	lsls	r0, r2, #18
    af9c:	d406      	bmi.n	afac <_fputwc_r+0x2c>
    af9e:	6e62      	ldr	r2, [r4, #100]	; 0x64
    afa0:	f443 5300 	orr.w	r3, r3, #8192	; 0x2000
    afa4:	f442 5200 	orr.w	r2, r2, #8192	; 0x2000
    afa8:	81a3      	strh	r3, [r4, #12]
    afaa:	6662      	str	r2, [r4, #100]	; 0x64
    afac:	4622      	mov	r2, r4
    afae:	4628      	mov	r0, r5
    afb0:	f7ff ff90 	bl	aed4 <__fputwc>
    afb4:	6e63      	ldr	r3, [r4, #100]	; 0x64
    afb6:	07da      	lsls	r2, r3, #31
    afb8:	4605      	mov	r5, r0
    afba:	d402      	bmi.n	afc2 <_fputwc_r+0x42>
    afbc:	89a3      	ldrh	r3, [r4, #12]
    afbe:	059b      	lsls	r3, r3, #22
    afc0:	d502      	bpl.n	afc8 <_fputwc_r+0x48>
    afc2:	4628      	mov	r0, r5
    afc4:	b003      	add	sp, #12
    afc6:	bd30      	pop	{r4, r5, pc}
    afc8:	6da0      	ldr	r0, [r4, #88]	; 0x58
    afca:	f7fa fe4f 	bl	5c6c <__retarget_lock_release_recursive>
    afce:	4628      	mov	r0, r5
    afd0:	b003      	add	sp, #12
    afd2:	bd30      	pop	{r4, r5, pc}
    afd4:	6da0      	ldr	r0, [r4, #88]	; 0x58
    afd6:	9101      	str	r1, [sp, #4]
    afd8:	f7fa fe46 	bl	5c68 <__retarget_lock_acquire_recursive>
    afdc:	f9b4 300c 	ldrsh.w	r3, [r4, #12]
    afe0:	9901      	ldr	r1, [sp, #4]
    afe2:	b29a      	uxth	r2, r3
    afe4:	e7d9      	b.n	af9a <_fputwc_r+0x1a>
    afe6:	bf00      	nop

0000afe8 <_wcsnrtombs_l>:
    afe8:	e92d 4ff0 	stmdb	sp!, {r4, r5, r6, r7, r8, r9, sl, fp, lr}
    afec:	b08b      	sub	sp, #44	; 0x2c
    afee:	e9dd 8a15 	ldrd	r8, sl, [sp, #84]	; 0x54
    aff2:	9f14      	ldr	r7, [sp, #80]	; 0x50
    aff4:	9103      	str	r1, [sp, #12]
    aff6:	4681      	mov	r9, r0
    aff8:	9205      	str	r2, [sp, #20]
    affa:	461e      	mov	r6, r3
    affc:	f1b8 0f00 	cmp.w	r8, #0
    b000:	d05c      	beq.n	b0bc <_wcsnrtombs_l+0xd4>
    b002:	9b03      	ldr	r3, [sp, #12]
    b004:	2b00      	cmp	r3, #0
    b006:	d05e      	beq.n	b0c6 <_wcsnrtombs_l+0xde>
    b008:	9b05      	ldr	r3, [sp, #20]
    b00a:	681d      	ldr	r5, [r3, #0]
    b00c:	2f00      	cmp	r7, #0
    b00e:	d06a      	beq.n	b0e6 <_wcsnrtombs_l+0xfe>
    b010:	1e74      	subs	r4, r6, #1
    b012:	b34e      	cbz	r6, b068 <_wcsnrtombs_l+0x80>
    b014:	9b03      	ldr	r3, [sp, #12]
    b016:	9304      	str	r3, [sp, #16]
    b018:	3d04      	subs	r5, #4
    b01a:	2600      	movs	r6, #0
    b01c:	9501      	str	r5, [sp, #4]
    b01e:	e00b      	b.n	b038 <_wcsnrtombs_l+0x50>
    b020:	9b03      	ldr	r3, [sp, #12]
    b022:	bb2b      	cbnz	r3, b070 <_wcsnrtombs_l+0x88>
    b024:	9b01      	ldr	r3, [sp, #4]
    b026:	681a      	ldr	r2, [r3, #0]
    b028:	2a00      	cmp	r2, #0
    b02a:	d03a      	beq.n	b0a2 <_wcsnrtombs_l+0xba>
    b02c:	45bc      	cmp	ip, r7
    b02e:	d25c      	bcs.n	b0ea <_wcsnrtombs_l+0x102>
    b030:	3c01      	subs	r4, #1
    b032:	1c63      	adds	r3, r4, #1
    b034:	4666      	mov	r6, ip
    b036:	d017      	beq.n	b068 <_wcsnrtombs_l+0x80>
    b038:	f8d8 3000 	ldr.w	r3, [r8]
    b03c:	9302      	str	r3, [sp, #8]
    b03e:	9b01      	ldr	r3, [sp, #4]
    b040:	f8da 50e0 	ldr.w	r5, [sl, #224]	; 0xe0
    b044:	f853 2f04 	ldr.w	r2, [r3, #4]!
    b048:	9301      	str	r3, [sp, #4]
    b04a:	a907      	add	r1, sp, #28
    b04c:	4643      	mov	r3, r8
    b04e:	4648      	mov	r0, r9
    b050:	f8d8 b004 	ldr.w	fp, [r8, #4]
    b054:	47a8      	blx	r5
    b056:	1c42      	adds	r2, r0, #1
    b058:	d03a      	beq.n	b0d0 <_wcsnrtombs_l+0xe8>
    b05a:	eb00 0c06 	add.w	ip, r0, r6
    b05e:	45bc      	cmp	ip, r7
    b060:	d9de      	bls.n	b020 <_wcsnrtombs_l+0x38>
    b062:	9b02      	ldr	r3, [sp, #8]
    b064:	e9c8 3b00 	strd	r3, fp, [r8]
    b068:	4630      	mov	r0, r6
    b06a:	b00b      	add	sp, #44	; 0x2c
    b06c:	e8bd 8ff0 	ldmia.w	sp!, {r4, r5, r6, r7, r8, r9, sl, fp, pc}
    b070:	2800      	cmp	r0, #0
    b072:	dd0e      	ble.n	b092 <_wcsnrtombs_l+0xaa>
    b074:	9b04      	ldr	r3, [sp, #16]
    b076:	9d01      	ldr	r5, [sp, #4]
    b078:	4418      	add	r0, r3
    b07a:	1e5a      	subs	r2, r3, #1
    b07c:	a907      	add	r1, sp, #28
    b07e:	f100 3eff 	add.w	lr, r0, #4294967295
    b082:	f811 3b01 	ldrb.w	r3, [r1], #1
    b086:	f802 3f01 	strb.w	r3, [r2, #1]!
    b08a:	4572      	cmp	r2, lr
    b08c:	d1f9      	bne.n	b082 <_wcsnrtombs_l+0x9a>
    b08e:	9501      	str	r5, [sp, #4]
    b090:	9004      	str	r0, [sp, #16]
    b092:	9b05      	ldr	r3, [sp, #20]
    b094:	681a      	ldr	r2, [r3, #0]
    b096:	3204      	adds	r2, #4
    b098:	601a      	str	r2, [r3, #0]
    b09a:	9b01      	ldr	r3, [sp, #4]
    b09c:	681a      	ldr	r2, [r3, #0]
    b09e:	2a00      	cmp	r2, #0
    b0a0:	d1c4      	bne.n	b02c <_wcsnrtombs_l+0x44>
    b0a2:	9b03      	ldr	r3, [sp, #12]
    b0a4:	b10b      	cbz	r3, b0aa <_wcsnrtombs_l+0xc2>
    b0a6:	9b05      	ldr	r3, [sp, #20]
    b0a8:	601a      	str	r2, [r3, #0]
    b0aa:	f10c 36ff 	add.w	r6, ip, #4294967295
    b0ae:	2200      	movs	r2, #0
    b0b0:	4630      	mov	r0, r6
    b0b2:	f8c8 2000 	str.w	r2, [r8]
    b0b6:	b00b      	add	sp, #44	; 0x2c
    b0b8:	e8bd 8ff0 	ldmia.w	sp!, {r4, r5, r6, r7, r8, r9, sl, fp, pc}
    b0bc:	9b03      	ldr	r3, [sp, #12]
    b0be:	f500 7886 	add.w	r8, r0, #268	; 0x10c
    b0c2:	2b00      	cmp	r3, #0
    b0c4:	d1a0      	bne.n	b008 <_wcsnrtombs_l+0x20>
    b0c6:	9b05      	ldr	r3, [sp, #20]
    b0c8:	f04f 37ff 	mov.w	r7, #4294967295
    b0cc:	681d      	ldr	r5, [r3, #0]
    b0ce:	e79f      	b.n	b010 <_wcsnrtombs_l+0x28>
    b0d0:	4606      	mov	r6, r0
    b0d2:	218a      	movs	r1, #138	; 0x8a
    b0d4:	2200      	movs	r2, #0
    b0d6:	4630      	mov	r0, r6
    b0d8:	f8c9 1000 	str.w	r1, [r9]
    b0dc:	f8c8 2000 	str.w	r2, [r8]
    b0e0:	b00b      	add	sp, #44	; 0x2c
    b0e2:	e8bd 8ff0 	ldmia.w	sp!, {r4, r5, r6, r7, r8, r9, sl, fp, pc}
    b0e6:	463e      	mov	r6, r7
    b0e8:	e7be      	b.n	b068 <_wcsnrtombs_l+0x80>
    b0ea:	4666      	mov	r6, ip
    b0ec:	e7bc      	b.n	b068 <_wcsnrtombs_l+0x80>
    b0ee:	bf00      	nop

0000b0f0 <_wcsnrtombs_r>:
    b0f0:	b510      	push	{r4, lr}
    b0f2:	b084      	sub	sp, #16
    b0f4:	4c05      	ldr	r4, [pc, #20]	; (b10c <_wcsnrtombs_r+0x1c>)
    b0f6:	9806      	ldr	r0, [sp, #24]
    b0f8:	9000      	str	r0, [sp, #0]
    b0fa:	9807      	ldr	r0, [sp, #28]
    b0fc:	9001      	str	r0, [sp, #4]
    b0fe:	4804      	ldr	r0, [pc, #16]	; (b110 <_wcsnrtombs_r+0x20>)
    b100:	6800      	ldr	r0, [r0, #0]
    b102:	9402      	str	r4, [sp, #8]
    b104:	f7ff ff70 	bl	afe8 <_wcsnrtombs_l>
    b108:	b004      	add	sp, #16
    b10a:	bd10      	pop	{r4, pc}
    b10c:	1fff0c18 	.word	0x1fff0c18
    b110:	1fff0ea8 	.word	0x1fff0ea8

0000b114 <__smakebuf_r>:
    b114:	e92d 41f0 	stmdb	sp!, {r4, r5, r6, r7, r8, lr}
    b118:	898b      	ldrh	r3, [r1, #12]
    b11a:	460c      	mov	r4, r1
    b11c:	0799      	lsls	r1, r3, #30
    b11e:	b096      	sub	sp, #88	; 0x58
    b120:	d508      	bpl.n	b134 <__smakebuf_r+0x20>
    b122:	f104 0343 	add.w	r3, r4, #67	; 0x43
    b126:	2201      	movs	r2, #1
    b128:	e9c4 3204 	strd	r3, r2, [r4, #16]
    b12c:	6023      	str	r3, [r4, #0]
    b12e:	b016      	add	sp, #88	; 0x58
    b130:	e8bd 81f0 	ldmia.w	sp!, {r4, r5, r6, r7, r8, pc}
    b134:	f9b4 100e 	ldrsh.w	r1, [r4, #14]
    b138:	2900      	cmp	r1, #0
    b13a:	4606      	mov	r6, r0
    b13c:	db25      	blt.n	b18a <__smakebuf_r+0x76>
    b13e:	466a      	mov	r2, sp
    b140:	f000 f8ac 	bl	b29c <_fstat_r>
    b144:	2800      	cmp	r0, #0
    b146:	db1f      	blt.n	b188 <__smakebuf_r+0x74>
    b148:	9d01      	ldr	r5, [sp, #4]
    b14a:	f405 4570 	and.w	r5, r5, #61440	; 0xf000
    b14e:	f5a5 5500 	sub.w	r5, r5, #8192	; 0x2000
    b152:	fab5 f585 	clz	r5, r5
    b156:	f44f 6880 	mov.w	r8, #1024	; 0x400
    b15a:	096d      	lsrs	r5, r5, #5
    b15c:	f44f 6700 	mov.w	r7, #2048	; 0x800
    b160:	4641      	mov	r1, r8
    b162:	4630      	mov	r0, r6
    b164:	f7f9 fdae 	bl	4cc4 <_malloc_r>
    b168:	b1e0      	cbz	r0, b1a4 <__smakebuf_r+0x90>
    b16a:	f9b4 300c 	ldrsh.w	r3, [r4, #12]
    b16e:	f8c4 8014 	str.w	r8, [r4, #20]
    b172:	f043 0380 	orr.w	r3, r3, #128	; 0x80
    b176:	6020      	str	r0, [r4, #0]
    b178:	6120      	str	r0, [r4, #16]
    b17a:	81a3      	strh	r3, [r4, #12]
    b17c:	bb35      	cbnz	r5, b1cc <__smakebuf_r+0xb8>
    b17e:	433b      	orrs	r3, r7
    b180:	81a3      	strh	r3, [r4, #12]
    b182:	b016      	add	sp, #88	; 0x58
    b184:	e8bd 81f0 	ldmia.w	sp!, {r4, r5, r6, r7, r8, pc}
    b188:	89a3      	ldrh	r3, [r4, #12]
    b18a:	f013 0580 	ands.w	r5, r3, #128	; 0x80
    b18e:	d019      	beq.n	b1c4 <__smakebuf_r+0xb0>
    b190:	f04f 0840 	mov.w	r8, #64	; 0x40
    b194:	2500      	movs	r5, #0
    b196:	4641      	mov	r1, r8
    b198:	4630      	mov	r0, r6
    b19a:	462f      	mov	r7, r5
    b19c:	f7f9 fd92 	bl	4cc4 <_malloc_r>
    b1a0:	2800      	cmp	r0, #0
    b1a2:	d1e2      	bne.n	b16a <__smakebuf_r+0x56>
    b1a4:	f9b4 300c 	ldrsh.w	r3, [r4, #12]
    b1a8:	059a      	lsls	r2, r3, #22
    b1aa:	d4c0      	bmi.n	b12e <__smakebuf_r+0x1a>
    b1ac:	f023 0303 	bic.w	r3, r3, #3
    b1b0:	f104 0243 	add.w	r2, r4, #67	; 0x43
    b1b4:	f043 0302 	orr.w	r3, r3, #2
    b1b8:	2101      	movs	r1, #1
    b1ba:	e9c4 2104 	strd	r2, r1, [r4, #16]
    b1be:	81a3      	strh	r3, [r4, #12]
    b1c0:	6022      	str	r2, [r4, #0]
    b1c2:	e7b4      	b.n	b12e <__smakebuf_r+0x1a>
    b1c4:	f44f 6880 	mov.w	r8, #1024	; 0x400
    b1c8:	462f      	mov	r7, r5
    b1ca:	e7c9      	b.n	b160 <__smakebuf_r+0x4c>
    b1cc:	f9b4 100e 	ldrsh.w	r1, [r4, #14]
    b1d0:	4630      	mov	r0, r6
    b1d2:	f000 f879 	bl	b2c8 <_isatty_r>
    b1d6:	b910      	cbnz	r0, b1de <__smakebuf_r+0xca>
    b1d8:	f9b4 300c 	ldrsh.w	r3, [r4, #12]
    b1dc:	e7cf      	b.n	b17e <__smakebuf_r+0x6a>
    b1de:	89a3      	ldrh	r3, [r4, #12]
    b1e0:	f023 0303 	bic.w	r3, r3, #3
    b1e4:	f043 0301 	orr.w	r3, r3, #1
    b1e8:	b21b      	sxth	r3, r3
    b1ea:	e7c8      	b.n	b17e <__smakebuf_r+0x6a>

0000b1ec <__swbuf_r>:
    b1ec:	b5f8      	push	{r3, r4, r5, r6, r7, lr}
    b1ee:	460d      	mov	r5, r1
    b1f0:	4614      	mov	r4, r2
    b1f2:	4606      	mov	r6, r0
    b1f4:	b110      	cbz	r0, b1fc <__swbuf_r+0x10>
    b1f6:	6b43      	ldr	r3, [r0, #52]	; 0x34
    b1f8:	2b00      	cmp	r3, #0
    b1fa:	d04c      	beq.n	b296 <__swbuf_r+0xaa>
    b1fc:	f9b4 200c 	ldrsh.w	r2, [r4, #12]
    b200:	69a3      	ldr	r3, [r4, #24]
    b202:	60a3      	str	r3, [r4, #8]
    b204:	0717      	lsls	r7, r2, #28
    b206:	b290      	uxth	r0, r2
    b208:	d51b      	bpl.n	b242 <__swbuf_r+0x56>
    b20a:	6923      	ldr	r3, [r4, #16]
    b20c:	b1cb      	cbz	r3, b242 <__swbuf_r+0x56>
    b20e:	b2ed      	uxtb	r5, r5
    b210:	0481      	lsls	r1, r0, #18
    b212:	462f      	mov	r7, r5
    b214:	d522      	bpl.n	b25c <__swbuf_r+0x70>
    b216:	6822      	ldr	r2, [r4, #0]
    b218:	6961      	ldr	r1, [r4, #20]
    b21a:	1ad3      	subs	r3, r2, r3
    b21c:	4299      	cmp	r1, r3
    b21e:	dd29      	ble.n	b274 <__swbuf_r+0x88>
    b220:	3301      	adds	r3, #1
    b222:	68a1      	ldr	r1, [r4, #8]
    b224:	3901      	subs	r1, #1
    b226:	60a1      	str	r1, [r4, #8]
    b228:	1c51      	adds	r1, r2, #1
    b22a:	6021      	str	r1, [r4, #0]
    b22c:	7015      	strb	r5, [r2, #0]
    b22e:	6962      	ldr	r2, [r4, #20]
    b230:	429a      	cmp	r2, r3
    b232:	d027      	beq.n	b284 <__swbuf_r+0x98>
    b234:	89a3      	ldrh	r3, [r4, #12]
    b236:	07db      	lsls	r3, r3, #31
    b238:	d501      	bpl.n	b23e <__swbuf_r+0x52>
    b23a:	2d0a      	cmp	r5, #10
    b23c:	d022      	beq.n	b284 <__swbuf_r+0x98>
    b23e:	4638      	mov	r0, r7
    b240:	bdf8      	pop	{r3, r4, r5, r6, r7, pc}
    b242:	4621      	mov	r1, r4
    b244:	4630      	mov	r0, r6
    b246:	f7ff fddf 	bl	ae08 <__swsetup_r>
    b24a:	bb08      	cbnz	r0, b290 <__swbuf_r+0xa4>
    b24c:	f9b4 200c 	ldrsh.w	r2, [r4, #12]
    b250:	6923      	ldr	r3, [r4, #16]
    b252:	b290      	uxth	r0, r2
    b254:	b2ed      	uxtb	r5, r5
    b256:	0481      	lsls	r1, r0, #18
    b258:	462f      	mov	r7, r5
    b25a:	d4dc      	bmi.n	b216 <__swbuf_r+0x2a>
    b25c:	f442 5200 	orr.w	r2, r2, #8192	; 0x2000
    b260:	81a2      	strh	r2, [r4, #12]
    b262:	6e62      	ldr	r2, [r4, #100]	; 0x64
    b264:	6961      	ldr	r1, [r4, #20]
    b266:	f422 5200 	bic.w	r2, r2, #8192	; 0x2000
    b26a:	6662      	str	r2, [r4, #100]	; 0x64
    b26c:	6822      	ldr	r2, [r4, #0]
    b26e:	1ad3      	subs	r3, r2, r3
    b270:	4299      	cmp	r1, r3
    b272:	dcd5      	bgt.n	b220 <__swbuf_r+0x34>
    b274:	4621      	mov	r1, r4
    b276:	4630      	mov	r0, r6
    b278:	f7fd f9a2 	bl	85c0 <_fflush_r>
    b27c:	b940      	cbnz	r0, b290 <__swbuf_r+0xa4>
    b27e:	6822      	ldr	r2, [r4, #0]
    b280:	2301      	movs	r3, #1
    b282:	e7ce      	b.n	b222 <__swbuf_r+0x36>
    b284:	4621      	mov	r1, r4
    b286:	4630      	mov	r0, r6
    b288:	f7fd f99a 	bl	85c0 <_fflush_r>
    b28c:	2800      	cmp	r0, #0
    b28e:	d0d6      	beq.n	b23e <__swbuf_r+0x52>
    b290:	f04f 37ff 	mov.w	r7, #4294967295
    b294:	e7d3      	b.n	b23e <__swbuf_r+0x52>
    b296:	f7fa fa53 	bl	5740 <__sinit>
    b29a:	e7af      	b.n	b1fc <__swbuf_r+0x10>

0000b29c <_fstat_r>:
    b29c:	b570      	push	{r4, r5, r6, lr}
    b29e:	460c      	mov	r4, r1
    b2a0:	4d08      	ldr	r5, [pc, #32]	; (b2c4 <_fstat_r+0x28>)
    b2a2:	4603      	mov	r3, r0
    b2a4:	2600      	movs	r6, #0
    b2a6:	4620      	mov	r0, r4
    b2a8:	4611      	mov	r1, r2
    b2aa:	461c      	mov	r4, r3
    b2ac:	602e      	str	r6, [r5, #0]
    b2ae:	f7f8 f945 	bl	353c <_fstat>
    b2b2:	1c43      	adds	r3, r0, #1
    b2b4:	d000      	beq.n	b2b8 <_fstat_r+0x1c>
    b2b6:	bd70      	pop	{r4, r5, r6, pc}
    b2b8:	682b      	ldr	r3, [r5, #0]
    b2ba:	2b00      	cmp	r3, #0
    b2bc:	d0fb      	beq.n	b2b6 <_fstat_r+0x1a>
    b2be:	6023      	str	r3, [r4, #0]
    b2c0:	bd70      	pop	{r4, r5, r6, pc}
    b2c2:	bf00      	nop
    b2c4:	1fff63dc 	.word	0x1fff63dc

0000b2c8 <_isatty_r>:
    b2c8:	b538      	push	{r3, r4, r5, lr}
    b2ca:	4d07      	ldr	r5, [pc, #28]	; (b2e8 <_isatty_r+0x20>)
    b2cc:	2200      	movs	r2, #0
    b2ce:	4604      	mov	r4, r0
    b2d0:	4608      	mov	r0, r1
    b2d2:	602a      	str	r2, [r5, #0]
    b2d4:	f7f8 f938 	bl	3548 <_isatty>
    b2d8:	1c43      	adds	r3, r0, #1
    b2da:	d000      	beq.n	b2de <_isatty_r+0x16>
    b2dc:	bd38      	pop	{r3, r4, r5, pc}
    b2de:	682b      	ldr	r3, [r5, #0]
    b2e0:	2b00      	cmp	r3, #0
    b2e2:	d0fb      	beq.n	b2dc <_isatty_r+0x14>
    b2e4:	6023      	str	r3, [r4, #0]
    b2e6:	bd38      	pop	{r3, r4, r5, pc}
    b2e8:	1fff63dc 	.word	0x1fff63dc

0000b2ec <__aeabi_dmul>:
    b2ec:	b570      	push	{r4, r5, r6, lr}
    b2ee:	f04f 0cff 	mov.w	ip, #255	; 0xff
    b2f2:	f44c 6ce0 	orr.w	ip, ip, #1792	; 0x700
    b2f6:	ea1c 5411 	ands.w	r4, ip, r1, lsr #20
    b2fa:	bf1d      	ittte	ne
    b2fc:	ea1c 5513 	andsne.w	r5, ip, r3, lsr #20
    b300:	ea94 0f0c 	teqne	r4, ip
    b304:	ea95 0f0c 	teqne	r5, ip
    b308:	f000 f8de 	bleq	b4c8 <__aeabi_dmul+0x1dc>
    b30c:	442c      	add	r4, r5
    b30e:	ea81 0603 	eor.w	r6, r1, r3
    b312:	ea21 514c 	bic.w	r1, r1, ip, lsl #21
    b316:	ea23 534c 	bic.w	r3, r3, ip, lsl #21
    b31a:	ea50 3501 	orrs.w	r5, r0, r1, lsl #12
    b31e:	bf18      	it	ne
    b320:	ea52 3503 	orrsne.w	r5, r2, r3, lsl #12
    b324:	f441 1180 	orr.w	r1, r1, #1048576	; 0x100000
    b328:	f443 1380 	orr.w	r3, r3, #1048576	; 0x100000
    b32c:	d038      	beq.n	b3a0 <__aeabi_dmul+0xb4>
    b32e:	fba0 ce02 	umull	ip, lr, r0, r2
    b332:	f04f 0500 	mov.w	r5, #0
    b336:	fbe1 e502 	umlal	lr, r5, r1, r2
    b33a:	f006 4200 	and.w	r2, r6, #2147483648	; 0x80000000
    b33e:	fbe0 e503 	umlal	lr, r5, r0, r3
    b342:	f04f 0600 	mov.w	r6, #0
    b346:	fbe1 5603 	umlal	r5, r6, r1, r3
    b34a:	f09c 0f00 	teq	ip, #0
    b34e:	bf18      	it	ne
    b350:	f04e 0e01 	orrne.w	lr, lr, #1
    b354:	f1a4 04ff 	sub.w	r4, r4, #255	; 0xff
    b358:	f5b6 7f00 	cmp.w	r6, #512	; 0x200
    b35c:	f564 7440 	sbc.w	r4, r4, #768	; 0x300
    b360:	d204      	bcs.n	b36c <__aeabi_dmul+0x80>
    b362:	ea5f 0e4e 	movs.w	lr, lr, lsl #1
    b366:	416d      	adcs	r5, r5
    b368:	eb46 0606 	adc.w	r6, r6, r6
    b36c:	ea42 21c6 	orr.w	r1, r2, r6, lsl #11
    b370:	ea41 5155 	orr.w	r1, r1, r5, lsr #21
    b374:	ea4f 20c5 	mov.w	r0, r5, lsl #11
    b378:	ea40 505e 	orr.w	r0, r0, lr, lsr #21
    b37c:	ea4f 2ece 	mov.w	lr, lr, lsl #11
    b380:	f1b4 0cfd 	subs.w	ip, r4, #253	; 0xfd
    b384:	bf88      	it	hi
    b386:	f5bc 6fe0 	cmphi.w	ip, #1792	; 0x700
    b38a:	d81e      	bhi.n	b3ca <__aeabi_dmul+0xde>
    b38c:	f1be 4f00 	cmp.w	lr, #2147483648	; 0x80000000
    b390:	bf08      	it	eq
    b392:	ea5f 0e50 	movseq.w	lr, r0, lsr #1
    b396:	f150 0000 	adcs.w	r0, r0, #0
    b39a:	eb41 5104 	adc.w	r1, r1, r4, lsl #20
    b39e:	bd70      	pop	{r4, r5, r6, pc}
    b3a0:	f006 4600 	and.w	r6, r6, #2147483648	; 0x80000000
    b3a4:	ea46 0101 	orr.w	r1, r6, r1
    b3a8:	ea40 0002 	orr.w	r0, r0, r2
    b3ac:	ea81 0103 	eor.w	r1, r1, r3
    b3b0:	ebb4 045c 	subs.w	r4, r4, ip, lsr #1
    b3b4:	bfc2      	ittt	gt
    b3b6:	ebd4 050c 	rsbsgt	r5, r4, ip
    b3ba:	ea41 5104 	orrgt.w	r1, r1, r4, lsl #20
    b3be:	bd70      	popgt	{r4, r5, r6, pc}
    b3c0:	f441 1180 	orr.w	r1, r1, #1048576	; 0x100000
    b3c4:	f04f 0e00 	mov.w	lr, #0
    b3c8:	3c01      	subs	r4, #1
    b3ca:	f300 80ab 	bgt.w	b524 <__aeabi_dmul+0x238>
    b3ce:	f114 0f36 	cmn.w	r4, #54	; 0x36
    b3d2:	bfde      	ittt	le
    b3d4:	2000      	movle	r0, #0
    b3d6:	f001 4100 	andle.w	r1, r1, #2147483648	; 0x80000000
    b3da:	bd70      	pople	{r4, r5, r6, pc}
    b3dc:	f1c4 0400 	rsb	r4, r4, #0
    b3e0:	3c20      	subs	r4, #32
    b3e2:	da35      	bge.n	b450 <__aeabi_dmul+0x164>
    b3e4:	340c      	adds	r4, #12
    b3e6:	dc1b      	bgt.n	b420 <__aeabi_dmul+0x134>
    b3e8:	f104 0414 	add.w	r4, r4, #20
    b3ec:	f1c4 0520 	rsb	r5, r4, #32
    b3f0:	fa00 f305 	lsl.w	r3, r0, r5
    b3f4:	fa20 f004 	lsr.w	r0, r0, r4
    b3f8:	fa01 f205 	lsl.w	r2, r1, r5
    b3fc:	ea40 0002 	orr.w	r0, r0, r2
    b400:	f001 4200 	and.w	r2, r1, #2147483648	; 0x80000000
    b404:	f021 4100 	bic.w	r1, r1, #2147483648	; 0x80000000
    b408:	eb10 70d3 	adds.w	r0, r0, r3, lsr #31
    b40c:	fa21 f604 	lsr.w	r6, r1, r4
    b410:	eb42 0106 	adc.w	r1, r2, r6
    b414:	ea5e 0e43 	orrs.w	lr, lr, r3, lsl #1
    b418:	bf08      	it	eq
    b41a:	ea20 70d3 	biceq.w	r0, r0, r3, lsr #31
    b41e:	bd70      	pop	{r4, r5, r6, pc}
    b420:	f1c4 040c 	rsb	r4, r4, #12
    b424:	f1c4 0520 	rsb	r5, r4, #32
    b428:	fa00 f304 	lsl.w	r3, r0, r4
    b42c:	fa20 f005 	lsr.w	r0, r0, r5
    b430:	fa01 f204 	lsl.w	r2, r1, r4
    b434:	ea40 0002 	orr.w	r0, r0, r2
    b438:	f001 4100 	and.w	r1, r1, #2147483648	; 0x80000000
    b43c:	eb10 70d3 	adds.w	r0, r0, r3, lsr #31
    b440:	f141 0100 	adc.w	r1, r1, #0
    b444:	ea5e 0e43 	orrs.w	lr, lr, r3, lsl #1
    b448:	bf08      	it	eq
    b44a:	ea20 70d3 	biceq.w	r0, r0, r3, lsr #31
    b44e:	bd70      	pop	{r4, r5, r6, pc}
    b450:	f1c4 0520 	rsb	r5, r4, #32
    b454:	fa00 f205 	lsl.w	r2, r0, r5
    b458:	ea4e 0e02 	orr.w	lr, lr, r2
    b45c:	fa20 f304 	lsr.w	r3, r0, r4
    b460:	fa01 f205 	lsl.w	r2, r1, r5
    b464:	ea43 0302 	orr.w	r3, r3, r2
    b468:	fa21 f004 	lsr.w	r0, r1, r4
    b46c:	f001 4100 	and.w	r1, r1, #2147483648	; 0x80000000
    b470:	fa21 f204 	lsr.w	r2, r1, r4
    b474:	ea20 0002 	bic.w	r0, r0, r2
    b478:	eb00 70d3 	add.w	r0, r0, r3, lsr #31
    b47c:	ea5e 0e43 	orrs.w	lr, lr, r3, lsl #1
    b480:	bf08      	it	eq
    b482:	ea20 70d3 	biceq.w	r0, r0, r3, lsr #31
    b486:	bd70      	pop	{r4, r5, r6, pc}
    b488:	f094 0f00 	teq	r4, #0
    b48c:	d10f      	bne.n	b4ae <__aeabi_dmul+0x1c2>
    b48e:	f001 4600 	and.w	r6, r1, #2147483648	; 0x80000000
    b492:	0040      	lsls	r0, r0, #1
    b494:	eb41 0101 	adc.w	r1, r1, r1
    b498:	f411 1f80 	tst.w	r1, #1048576	; 0x100000
    b49c:	bf08      	it	eq
    b49e:	3c01      	subeq	r4, #1
    b4a0:	d0f7      	beq.n	b492 <__aeabi_dmul+0x1a6>
    b4a2:	ea41 0106 	orr.w	r1, r1, r6
    b4a6:	f095 0f00 	teq	r5, #0
    b4aa:	bf18      	it	ne
    b4ac:	4770      	bxne	lr
    b4ae:	f003 4600 	and.w	r6, r3, #2147483648	; 0x80000000
    b4b2:	0052      	lsls	r2, r2, #1
    b4b4:	eb43 0303 	adc.w	r3, r3, r3
    b4b8:	f413 1f80 	tst.w	r3, #1048576	; 0x100000
    b4bc:	bf08      	it	eq
    b4be:	3d01      	subeq	r5, #1
    b4c0:	d0f7      	beq.n	b4b2 <__aeabi_dmul+0x1c6>
    b4c2:	ea43 0306 	orr.w	r3, r3, r6
    b4c6:	4770      	bx	lr
    b4c8:	ea94 0f0c 	teq	r4, ip
    b4cc:	ea0c 5513 	and.w	r5, ip, r3, lsr #20
    b4d0:	bf18      	it	ne
    b4d2:	ea95 0f0c 	teqne	r5, ip
    b4d6:	d00c      	beq.n	b4f2 <__aeabi_dmul+0x206>
    b4d8:	ea50 0641 	orrs.w	r6, r0, r1, lsl #1
    b4dc:	bf18      	it	ne
    b4de:	ea52 0643 	orrsne.w	r6, r2, r3, lsl #1
    b4e2:	d1d1      	bne.n	b488 <__aeabi_dmul+0x19c>
    b4e4:	ea81 0103 	eor.w	r1, r1, r3
    b4e8:	f001 4100 	and.w	r1, r1, #2147483648	; 0x80000000
    b4ec:	f04f 0000 	mov.w	r0, #0
    b4f0:	bd70      	pop	{r4, r5, r6, pc}
    b4f2:	ea50 0641 	orrs.w	r6, r0, r1, lsl #1
    b4f6:	bf06      	itte	eq
    b4f8:	4610      	moveq	r0, r2
    b4fa:	4619      	moveq	r1, r3
    b4fc:	ea52 0643 	orrsne.w	r6, r2, r3, lsl #1
    b500:	d019      	beq.n	b536 <__aeabi_dmul+0x24a>
    b502:	ea94 0f0c 	teq	r4, ip
    b506:	d102      	bne.n	b50e <__aeabi_dmul+0x222>
    b508:	ea50 3601 	orrs.w	r6, r0, r1, lsl #12
    b50c:	d113      	bne.n	b536 <__aeabi_dmul+0x24a>
    b50e:	ea95 0f0c 	teq	r5, ip
    b512:	d105      	bne.n	b520 <__aeabi_dmul+0x234>
    b514:	ea52 3603 	orrs.w	r6, r2, r3, lsl #12
    b518:	bf1c      	itt	ne
    b51a:	4610      	movne	r0, r2
    b51c:	4619      	movne	r1, r3
    b51e:	d10a      	bne.n	b536 <__aeabi_dmul+0x24a>
    b520:	ea81 0103 	eor.w	r1, r1, r3
    b524:	f001 4100 	and.w	r1, r1, #2147483648	; 0x80000000
    b528:	f041 41fe 	orr.w	r1, r1, #2130706432	; 0x7f000000
    b52c:	f441 0170 	orr.w	r1, r1, #15728640	; 0xf00000
    b530:	f04f 0000 	mov.w	r0, #0
    b534:	bd70      	pop	{r4, r5, r6, pc}
    b536:	f041 41fe 	orr.w	r1, r1, #2130706432	; 0x7f000000
    b53a:	f441 0178 	orr.w	r1, r1, #16252928	; 0xf80000
    b53e:	bd70      	pop	{r4, r5, r6, pc}

0000b540 <__aeabi_ddiv>:
    b540:	b570      	push	{r4, r5, r6, lr}
    b542:	f04f 0cff 	mov.w	ip, #255	; 0xff
    b546:	f44c 6ce0 	orr.w	ip, ip, #1792	; 0x700
    b54a:	ea1c 5411 	ands.w	r4, ip, r1, lsr #20
    b54e:	bf1d      	ittte	ne
    b550:	ea1c 5513 	andsne.w	r5, ip, r3, lsr #20
    b554:	ea94 0f0c 	teqne	r4, ip
    b558:	ea95 0f0c 	teqne	r5, ip
    b55c:	f000 f8a7 	bleq	b6ae <__aeabi_ddiv+0x16e>
    b560:	eba4 0405 	sub.w	r4, r4, r5
    b564:	ea81 0e03 	eor.w	lr, r1, r3
    b568:	ea52 3503 	orrs.w	r5, r2, r3, lsl #12
    b56c:	ea4f 3101 	mov.w	r1, r1, lsl #12
    b570:	f000 8088 	beq.w	b684 <__aeabi_ddiv+0x144>
    b574:	ea4f 3303 	mov.w	r3, r3, lsl #12
    b578:	f04f 5580 	mov.w	r5, #268435456	; 0x10000000
    b57c:	ea45 1313 	orr.w	r3, r5, r3, lsr #4
    b580:	ea43 6312 	orr.w	r3, r3, r2, lsr #24
    b584:	ea4f 2202 	mov.w	r2, r2, lsl #8
    b588:	ea45 1511 	orr.w	r5, r5, r1, lsr #4
    b58c:	ea45 6510 	orr.w	r5, r5, r0, lsr #24
    b590:	ea4f 2600 	mov.w	r6, r0, lsl #8
    b594:	f00e 4100 	and.w	r1, lr, #2147483648	; 0x80000000
    b598:	429d      	cmp	r5, r3
    b59a:	bf08      	it	eq
    b59c:	4296      	cmpeq	r6, r2
    b59e:	f144 04fd 	adc.w	r4, r4, #253	; 0xfd
    b5a2:	f504 7440 	add.w	r4, r4, #768	; 0x300
    b5a6:	d202      	bcs.n	b5ae <__aeabi_ddiv+0x6e>
    b5a8:	085b      	lsrs	r3, r3, #1
    b5aa:	ea4f 0232 	mov.w	r2, r2, rrx
    b5ae:	1ab6      	subs	r6, r6, r2
    b5b0:	eb65 0503 	sbc.w	r5, r5, r3
    b5b4:	085b      	lsrs	r3, r3, #1
    b5b6:	ea4f 0232 	mov.w	r2, r2, rrx
    b5ba:	f44f 1080 	mov.w	r0, #1048576	; 0x100000
    b5be:	f44f 2c00 	mov.w	ip, #524288	; 0x80000
    b5c2:	ebb6 0e02 	subs.w	lr, r6, r2
    b5c6:	eb75 0e03 	sbcs.w	lr, r5, r3
    b5ca:	bf22      	ittt	cs
    b5cc:	1ab6      	subcs	r6, r6, r2
    b5ce:	4675      	movcs	r5, lr
    b5d0:	ea40 000c 	orrcs.w	r0, r0, ip
    b5d4:	085b      	lsrs	r3, r3, #1
    b5d6:	ea4f 0232 	mov.w	r2, r2, rrx
    b5da:	ebb6 0e02 	subs.w	lr, r6, r2
    b5de:	eb75 0e03 	sbcs.w	lr, r5, r3
    b5e2:	bf22      	ittt	cs
    b5e4:	1ab6      	subcs	r6, r6, r2
    b5e6:	4675      	movcs	r5, lr
    b5e8:	ea40 005c 	orrcs.w	r0, r0, ip, lsr #1
    b5ec:	085b      	lsrs	r3, r3, #1
    b5ee:	ea4f 0232 	mov.w	r2, r2, rrx
    b5f2:	ebb6 0e02 	subs.w	lr, r6, r2
    b5f6:	eb75 0e03 	sbcs.w	lr, r5, r3
    b5fa:	bf22      	ittt	cs
    b5fc:	1ab6      	subcs	r6, r6, r2
    b5fe:	4675      	movcs	r5, lr
    b600:	ea40 009c 	orrcs.w	r0, r0, ip, lsr #2
    b604:	085b      	lsrs	r3, r3, #1
    b606:	ea4f 0232 	mov.w	r2, r2, rrx
    b60a:	ebb6 0e02 	subs.w	lr, r6, r2
    b60e:	eb75 0e03 	sbcs.w	lr, r5, r3
    b612:	bf22      	ittt	cs
    b614:	1ab6      	subcs	r6, r6, r2
    b616:	4675      	movcs	r5, lr
    b618:	ea40 00dc 	orrcs.w	r0, r0, ip, lsr #3
    b61c:	ea55 0e06 	orrs.w	lr, r5, r6
    b620:	d018      	beq.n	b654 <__aeabi_ddiv+0x114>
    b622:	ea4f 1505 	mov.w	r5, r5, lsl #4
    b626:	ea45 7516 	orr.w	r5, r5, r6, lsr #28
    b62a:	ea4f 1606 	mov.w	r6, r6, lsl #4
    b62e:	ea4f 03c3 	mov.w	r3, r3, lsl #3
    b632:	ea43 7352 	orr.w	r3, r3, r2, lsr #29
    b636:	ea4f 02c2 	mov.w	r2, r2, lsl #3
    b63a:	ea5f 1c1c 	movs.w	ip, ip, lsr #4
    b63e:	d1c0      	bne.n	b5c2 <__aeabi_ddiv+0x82>
    b640:	f411 1f80 	tst.w	r1, #1048576	; 0x100000
    b644:	d10b      	bne.n	b65e <__aeabi_ddiv+0x11e>
    b646:	ea41 0100 	orr.w	r1, r1, r0
    b64a:	f04f 0000 	mov.w	r0, #0
    b64e:	f04f 4c00 	mov.w	ip, #2147483648	; 0x80000000
    b652:	e7b6      	b.n	b5c2 <__aeabi_ddiv+0x82>
    b654:	f411 1f80 	tst.w	r1, #1048576	; 0x100000
    b658:	bf04      	itt	eq
    b65a:	4301      	orreq	r1, r0
    b65c:	2000      	moveq	r0, #0
    b65e:	f1b4 0cfd 	subs.w	ip, r4, #253	; 0xfd
    b662:	bf88      	it	hi
    b664:	f5bc 6fe0 	cmphi.w	ip, #1792	; 0x700
    b668:	f63f aeaf 	bhi.w	b3ca <__aeabi_dmul+0xde>
    b66c:	ebb5 0c03 	subs.w	ip, r5, r3
    b670:	bf04      	itt	eq
    b672:	ebb6 0c02 	subseq.w	ip, r6, r2
    b676:	ea5f 0c50 	movseq.w	ip, r0, lsr #1
    b67a:	f150 0000 	adcs.w	r0, r0, #0
    b67e:	eb41 5104 	adc.w	r1, r1, r4, lsl #20
    b682:	bd70      	pop	{r4, r5, r6, pc}
    b684:	f00e 4e00 	and.w	lr, lr, #2147483648	; 0x80000000
    b688:	ea4e 3111 	orr.w	r1, lr, r1, lsr #12
    b68c:	eb14 045c 	adds.w	r4, r4, ip, lsr #1
    b690:	bfc2      	ittt	gt
    b692:	ebd4 050c 	rsbsgt	r5, r4, ip
    b696:	ea41 5104 	orrgt.w	r1, r1, r4, lsl #20
    b69a:	bd70      	popgt	{r4, r5, r6, pc}
    b69c:	f441 1180 	orr.w	r1, r1, #1048576	; 0x100000
    b6a0:	f04f 0e00 	mov.w	lr, #0
    b6a4:	3c01      	subs	r4, #1
    b6a6:	e690      	b.n	b3ca <__aeabi_dmul+0xde>
    b6a8:	ea45 0e06 	orr.w	lr, r5, r6
    b6ac:	e68d      	b.n	b3ca <__aeabi_dmul+0xde>
    b6ae:	ea0c 5513 	and.w	r5, ip, r3, lsr #20
    b6b2:	ea94 0f0c 	teq	r4, ip
    b6b6:	bf08      	it	eq
    b6b8:	ea95 0f0c 	teqeq	r5, ip
    b6bc:	f43f af3b 	beq.w	b536 <__aeabi_dmul+0x24a>
    b6c0:	ea94 0f0c 	teq	r4, ip
    b6c4:	d10a      	bne.n	b6dc <__aeabi_ddiv+0x19c>
    b6c6:	ea50 3401 	orrs.w	r4, r0, r1, lsl #12
    b6ca:	f47f af34 	bne.w	b536 <__aeabi_dmul+0x24a>
    b6ce:	ea95 0f0c 	teq	r5, ip
    b6d2:	f47f af25 	bne.w	b520 <__aeabi_dmul+0x234>
    b6d6:	4610      	mov	r0, r2
    b6d8:	4619      	mov	r1, r3
    b6da:	e72c      	b.n	b536 <__aeabi_dmul+0x24a>
    b6dc:	ea95 0f0c 	teq	r5, ip
    b6e0:	d106      	bne.n	b6f0 <__aeabi_ddiv+0x1b0>
    b6e2:	ea52 3503 	orrs.w	r5, r2, r3, lsl #12
    b6e6:	f43f aefd 	beq.w	b4e4 <__aeabi_dmul+0x1f8>
    b6ea:	4610      	mov	r0, r2
    b6ec:	4619      	mov	r1, r3
    b6ee:	e722      	b.n	b536 <__aeabi_dmul+0x24a>
    b6f0:	ea50 0641 	orrs.w	r6, r0, r1, lsl #1
    b6f4:	bf18      	it	ne
    b6f6:	ea52 0643 	orrsne.w	r6, r2, r3, lsl #1
    b6fa:	f47f aec5 	bne.w	b488 <__aeabi_dmul+0x19c>
    b6fe:	ea50 0441 	orrs.w	r4, r0, r1, lsl #1
    b702:	f47f af0d 	bne.w	b520 <__aeabi_dmul+0x234>
    b706:	ea52 0543 	orrs.w	r5, r2, r3, lsl #1
    b70a:	f47f aeeb 	bne.w	b4e4 <__aeabi_dmul+0x1f8>
    b70e:	e712      	b.n	b536 <__aeabi_dmul+0x24a>

0000b710 <__aeabi_d2iz>:
    b710:	ea4f 0241 	mov.w	r2, r1, lsl #1
    b714:	f512 1200 	adds.w	r2, r2, #2097152	; 0x200000
    b718:	d215      	bcs.n	b746 <__aeabi_d2iz+0x36>
    b71a:	d511      	bpl.n	b740 <__aeabi_d2iz+0x30>
    b71c:	f46f 7378 	mvn.w	r3, #992	; 0x3e0
    b720:	ebb3 5262 	subs.w	r2, r3, r2, asr #21
    b724:	d912      	bls.n	b74c <__aeabi_d2iz+0x3c>
    b726:	ea4f 23c1 	mov.w	r3, r1, lsl #11
    b72a:	f043 4300 	orr.w	r3, r3, #2147483648	; 0x80000000
    b72e:	ea43 5350 	orr.w	r3, r3, r0, lsr #21
    b732:	f011 4f00 	tst.w	r1, #2147483648	; 0x80000000
    b736:	fa23 f002 	lsr.w	r0, r3, r2
    b73a:	bf18      	it	ne
    b73c:	4240      	negne	r0, r0
    b73e:	4770      	bx	lr
    b740:	f04f 0000 	mov.w	r0, #0
    b744:	4770      	bx	lr
    b746:	ea50 3001 	orrs.w	r0, r0, r1, lsl #12
    b74a:	d105      	bne.n	b758 <__aeabi_d2iz+0x48>
    b74c:	f011 4000 	ands.w	r0, r1, #2147483648	; 0x80000000
    b750:	bf08      	it	eq
    b752:	f06f 4000 	mvneq.w	r0, #2147483648	; 0x80000000
    b756:	4770      	bx	lr
    b758:	f04f 0000 	mov.w	r0, #0
    b75c:	4770      	bx	lr
    b75e:	bf00      	nop
    b760:	756c2528 	.word	0x756c2528
    b764:	3630252e 	.word	0x3630252e
    b768:	2029756c 	.word	0x2029756c
    b76c:	00207325 	.word	0x00207325
    b770:	6c383025 	.word	0x6c383025
    b774:	00000058 	.word	0x00000058
    b778:	6c333025 	.word	0x6c333025
    b77c:	00000058 	.word	0x00000058
    b780:	75255b20 	.word	0x75255b20
    b784:	0000005d 	.word	0x0000005d
    b788:	32302520 	.word	0x32302520
    b78c:	00000058 	.word	0x00000058
    b790:	25272020 	.word	0x25272020
    b794:	000a2773 	.word	0x000a2773
    b798:	306e6163 	.word	0x306e6163
    b79c:	00585220 	.word	0x00585220
    b7a0:	316e6163 	.word	0x316e6163
    b7a4:	00585220 	.word	0x00585220
    b7a8:	42414e45 	.word	0x42414e45
    b7ac:	0044454c 	.word	0x0044454c
    b7b0:	41534944 	.word	0x41534944
    b7b4:	44454c42 	.word	0x44454c42
    b7b8:	00000000 	.word	0x00000000
    b7bc:	72646441 	.word	0x72646441
    b7c0:	20737365 	.word	0x20737365
    b7c4:	69616c63 	.word	0x69616c63
    b7c8:	7274206d 	.word	0x7274206d
    b7cc:	6d736e61 	.word	0x6d736e61
    b7d0:	69737369 	.word	0x69737369
    b7d4:	25206e6f 	.word	0x25206e6f
    b7d8:	ff000a73 	.word	0xff000a73
    b7dc:	74737953 	.word	0x74737953
    b7e0:	72206d65 	.word	0x72206d65
    b7e4:	79646165 	.word	0x79646165
    b7e8:	6946202e 	.word	0x6946202e
    b7ec:	20646578 	.word	0x20646578
    b7f0:	64756162 	.word	0x64756162
    b7f4:	30353220 	.word	0x30353220
    b7f8:	2e303030 	.word	0x2e303030
    b7fc:	20585420 	.word	0x20585420
    b800:	72617473 	.word	0x72617473
    b804:	44207374 	.word	0x44207374
    b808:	42415349 	.word	0x42415349
    b80c:	2e44454c 	.word	0x2e44454c
    b810:	ffffff00 	.word	0xffffff00
    b814:	306e6163 	.word	0x306e6163
    b818:	00585420 	.word	0x00585420
    b81c:	316e6163 	.word	0x316e6163
    b820:	00585420 	.word	0x00585420

0000b824 <vtable for FlexCAN_T4<(CAN_DEV_TABLE)1073889280, (FLEXCAN_RXQUEUE_TABLE)256, (FLEXCAN_TXQUEUE_TABLE)16>>:
	...
    b82c:	00002ca9 00000485 00001395 00000711     .,..............
    b83c:	00001939 00000715 00000719              9...........

0000b848 <vtable for FlexCAN_T4<(CAN_DEV_TABLE)1074413568, (FLEXCAN_RXQUEUE_TABLE)256, (FLEXCAN_TXQUEUE_TABLE)16>>:
	...
    b850:	0000243d 000005c5 000015b5 00000705     =$..............
    b860:	000017f1 00000709 0000070d 01010000     ................
    b870:	01010100 01010201 02010202 03020103     ................
    b880:	02040202 02020502 06020305 03070203     ................
    b890:	03040702 07030407 05070405 05060704     ................
    b8a0:	07060607 07070606 00070707 00000000     ................
    b8b0:	00000000 08000000 00000000 00000000     ................
    b8c0:	00000000                                ....

0000b8c4 <digital_pin_to_info_PGM>:
    b8c4:	43fe0840 4004a040 43fe0844 4004a044     @..C@..@D..CD..@
    b8d4:	43fe1800 4004c000 43fe0030 40049030     ...C...@0..C0..@
    b8e4:	43fe0034 40049034 43fe181c 4004c01c     4..C4..@...C...@
    b8f4:	43fe1810 4004c010 43fe1808 4004c008     ...C...@...C...@
    b904:	43fe180c 4004c00c 43fe100c 4004b00c     ...C...@...C...@
    b914:	43fe1010 4004b010 43fe1018 4004b018     ...C...@...C...@
    b924:	43fe101c 4004b01c 43fe1014 4004b014     ...C...@...C...@
    b934:	43fe1804 4004c004 43fe1000 4004b000     ...C...@...C...@
    b944:	43fe0800 4004a000 43fe0804 4004a004     ...C...@...C...@
    b954:	43fe080c 4004a00c 43fe0808 4004a008     ...C...@...C...@
    b964:	43fe1814 4004c014 43fe1818 4004c018     ...C...@...C...@
    b974:	43fe1004 4004b004 43fe1008 4004b008     ...C...@...C...@
    b984:	43fe2068 4004d068 43fe0014 40049014     h .Ch..@...C...@
    b994:	43fe0038 40049038 43fe003c 4004903c     8..C8..@<..C<..@
    b9a4:	43fe0040 40049040 43fe0848 4004a048     @..C@..@H..CH..@
    b9b4:	43fe084c 4004a04c 43fe0828 4004a028     L..CL..@(..C(..@
    b9c4:	43fe082c 4004a02c 43fe2060 4004d060     ,..C,..@` .C`..@
    b9d4:	43fe2064 4004d064 43fe1020 4004b020     d .Cd..@ ..C ..@
    b9e4:	43fe1024 4004b024 43fe1028 4004b028     $..C$..@(..C(..@
    b9f4:	43fe102c 4004b02c 43fe0044 40049044     ,..C,..@D..CD..@
    ba04:	43fe0070 40049070 43fe0074 40049074     p..Cp..@t..Ct..@
    ba14:	43fe0068 40049068 43fe0850 4004a050     h..Ch..@P..CP..@
    ba24:	43fe0858 4004a058 43fe085c 4004a05c     X..CX..@\..C\..@
    ba34:	43fe0854 4004a054 43fe1820 4004c020     T..CT..@ ..C ..@
    ba44:	43fe1824 4004c024 43fe0810 4004a010     $..C$..@...C...@
    ba54:	43fe0814 4004a014 43fe1838 4004c038     ...C...@8..C8..@
    ba64:	43fe1834 4004c034 43fe1830 4004c030     4..C4..@0..C0..@
    ba74:	43fe183c 4004c03c 43fe182c 4004c02c     <..C<..@,..C,..@
    ba84:	43fe2028 4004d028 43fe202c 4004d02c     ( .C(..@, .C,..@
    ba94:	43fe2000 4004d000 43fe2004 4004d004     . .C...@. .C...@
    baa4:	43fe2008 4004d008 43fe200c 4004d00c     . .C...@. .C...@
    bab4:	43fe2010 4004d010 43fe2014 4004d014     . .C...@. .C...@

0000bac4 <vtable for usb_serial_class>:
	...
    bacc:	00004201 000041f9 000041f5 000041f1     .B...A...A...A..
    badc:	000041ed 000041e9 000041e5 000041e1     .A...A...A...A..

0000baec <_serialEvent_default>:
    baec:	ffffff00                                ....

0000baf0 <usb_descriptor_list>:
    baf0:	00000100 1fff079c 00000012 00000200     ................
    bb00:	1fff0758 00000043 00000300 1fff07b0     X...C...........
    bb10:	00000000 04090301 1fff07b4 00000000     ................
    bb20:	04090302 1fff07cc 00000000 04090303     ................
    bb30:	1fff07e4 00000000 00000000 00000000     ................
    bb40:	00000000                                ....

0000bb44 <usb_endpoint_config_table>:
    bb44:	15191500                                ....

0000bb48 <_ctype_>:
    bb48:	20202000 20202020 28282020 20282828     .         ((((( 
    bb58:	20202020 20202020 20202020 20202020                     
    bb68:	10108820 10101010 10101010 10101010      ...............
    bb78:	04040410 04040404 10040404 10101010     ................
    bb88:	41411010 41414141 01010101 01010101     ..AAAAAA........
    bb98:	01010101 01010101 01010101 10101010     ................
    bba8:	42421010 42424242 02020202 02020202     ..BBBBBB........
    bbb8:	02020202 02020202 02020202 10101010     ................
    bbc8:	00000020 00000000 00000000 00000000      ...............
	...
    bc48:	ffffff00 0000002e 435f434c 414c4c4f     ........LC_COLLA
    bc58:	00004554 435f434c 45505954 00000000     TE..LC_CTYPE....
    bc68:	4d5f434c 54454e4f 00595241 4e5f434c     LC_MONETARY.LC_N
    bc78:	52454d55 00004349 545f434c 00454d49     UMERIC..LC_TIME.
    bc88:	4d5f434c 41535345 00534547 6c6c6142     LC_MESSAGES.Ball
    bc98:	7320636f 65636375 64656465 00000000     oc succeeded....
    bca8:	7461642f 656a2f61 6e696b6e 6f772f73     /data/jenkins/wo
    bcb8:	70736b72 2f656361 2d554e47 6c6f6f74     rkspace/GNU-tool
    bcc8:	69616863 72612f6e 31312d6d 6372732f     chain/arm-11/src
    bcd8:	77656e2f 2d62696c 77677963 6e2f6e69     /newlib-cygwin/n
    bce8:	696c7765 696c2f62 732f6362 696c6474     ewlib/libc/stdli
    bcf8:	706d2f62 2e636572 ffff0063 ffffffff     b/mprec.c.......

0000bd08 <__mprec_bigtens>:
    bd08:	37e08000 4341c379 b5056e17 4693b8b5     ...7y.AC.n.....F
    bd18:	e93ff9f5 4d384f03 f9301d32 5a827748     ..?..O8M2.0.Hw.Z
    bd28:	7f73bf3c 75154fdd                       <.s..O.u

0000bd30 <__mprec_tens>:
    bd30:	00000000 3ff00000 00000000 40240000     .......?......$@
    bd40:	00000000 40590000 00000000 408f4000     ......Y@.....@.@
    bd50:	00000000 40c38800 00000000 40f86a00     .......@.....j.@
    bd60:	00000000 412e8480 00000000 416312d0     .......A......cA
    bd70:	00000000 4197d784 00000000 41cdcd65     .......A....e..A
    bd80:	20000000 4202a05f e8000000 42374876     ... _..B....vH7B
    bd90:	a2000000 426d1a94 e5400000 42a2309c     ......mB..@..0.B
    bda0:	1e900000 42d6bcc4 26340000 430c6bf5     .......B..4&.k.C
    bdb0:	37e08000 4341c379 85d8a000 43763457     ...7y.AC....W4vC
    bdc0:	674ec800 43abc16d 60913d00 43e158e4     ..Ngm..C.=.`.X.C
    bdd0:	78b58c40 4415af1d d6e2ef50 444b1ae4     @..x...DP.....KD
    bde0:	064dd592 4480f0cf c7e14af6 44b52d02     ..M....D.J...-.D
    bdf0:	79d99db4 44ea7843 00000005 00000019     ...yCx.D........
    be00:	0000007d 00464e49 00666e69 004e414e     }...INF.inf.NAN.
    be10:	006e616e 33323130 37363534 62613938     nan.0123456789ab
    be20:	66656463 00000000 33323130 37363534     cdef....01234567
    be30:	42413938 46454443 00000000 6c756e28     89ABCDEF....(nul
    be40:	0000296c ffff0030 20202020 20202020     l)..0...        
    be50:	20202020 20202020 30303030 30303030             00000000
    be60:	30303030 30303030 7566202c 6974636e     00000000, functi
    be70:	203a6e6f 00000000 65737361 6f697472     on: ....assertio
    be80:	2522206e 66202273 656c6961 66203a64     n "%s" failed: f
    be90:	20656c69 22732522 696c202c 2520656e     ile "%s", line %
    bea0:	25732564 ff000a73 69666e49 7974696e     d%s%s...Infinity
    beb0:	00000000 004e614e 7461642f 656a2f61     ....NaN./data/je
    bec0:	6e696b6e 6f772f73 70736b72 2f656361     nkins/workspace/
    bed0:	2d554e47 6c6f6f74 69616863 72612f6e     GNU-toolchain/ar
    bee0:	31312d6d 6372732f 77656e2f 2d62696c     m-11/src/newlib-
    bef0:	77677963 6e2f6e69 696c7765 696c2f62     cygwin/newlib/li
    bf00:	732f6362 696c6474 74642f62 632e616f     bc/stdlib/dtoa.c
    bf10:	ffffff00 20202020 20202020 20202020     ....            
    bf20:	20202020 30303030 30303030 30303030         000000000000
    bf30:	30303030                                0000

0000bf34 <_init>:
    bf34:	b5f8      	push	{r3, r4, r5, r6, r7, lr}
    bf36:	bf00      	nop
    bf38:	bcf8      	pop	{r3, r4, r5, r6, r7}
    bf3a:	bc08      	pop	{r3}
    bf3c:	469e      	mov	lr, r3
    bf3e:	4770      	bx	lr

0000bf40 <__init_array_start>:
    bf40:	00005d5d 	.word	0x00005d5d

0000bf44 <__frame_dummy_init_array_entry>:
    bf44:	00000435 000031d9                       5....1..

Disassembly of section .fini:

0000bf4c <_fini>:
    bf4c:	b5f8      	push	{r3, r4, r5, r6, r7, lr}
    bf4e:	bf00      	nop
