:1000000000000320D1010000E5340000A13400000D
:10001000A1340000A1340000A1340000A13400008C
:10002000A1340000A1340000A1340000E534000038
:10003000E5340000A1340000B9460000BD460000D0
:10004000E5340000E5340000E5340000E53400004C
:10005000E5340000E5340000E5340000E53400003C
:10006000E5340000E5340000E5340000E53400002C
:10007000E5340000E5340000E5340000E53400001C
:10008000E5340000E5340000E5340000E53400000C
:10009000E5340000E5340000E5340000E5340000FC
:1000A000E5340000E5340000E5340000E5340000EC
:1000B000E5340000E5340000E5340000E5340000DC
:1000C000E5340000E5340000E5340000E5340000CC
:1000D000E5340000E5340000E5340000E5340000BC
:1000E000E5340000E5340000E5340000E5340000AC
:1000F000E5340000E5340000E5340000E53400009C
:10010000E5340000E5340000E5340000E53400008B
:10011000E5340000C1390000E5340000E53400009A
:10012000E5340000E5340000E5340000E53400006B
:10013000E5340000E5340000E5340000E53400005B
:10014000E5340000E5340000E5340000E53400004B
:10015000E5340000E5340000E5340000E53400003B
:10016000E5340000E5340000E5340000E53400002B
:10017000E5340000E5340000E5340000E53400001B
:10018000E5340000E5340000E5340000E53400000B
:10019000E5340000E5340000E5340000E5340000FB
:1001A000E5340000E5340000E5340000E5340000EB
:1001B000E5340000E5340000E5340000E5340000DB
:1001C000E5340000E5340000E5340000E5340000CB
:1001D0005F4B4CF2205210B5DA814DF62812DA81CD
:1001E00000BF00BF03F082F95A4B4FF030621A6330
:1001F000594A9A63594ADA634FF0E0234FF4700288
:10020000C3F8882D03F5E823554A1A60554B9A78B0
:10021000110703D59A7842F008029A70524B53485E
:10022000AA221A70524BDA1C121AC11E22F00302C3
:10023000994288BF00224F4903F05EF84E4B4F4869
:10024000DA1C121AC11E22F00302994288BF002252
:10025000002105F0EBFB4A494A484FF4E87203F0ED
:100260004BF8494B494A802103F8011B9342FBD1CB
:100270004FF0E023434AC3F8082D454B8A221A70F9
:10028000A3F5805324225A70A0221A709A799207FB
:10029000FCD59A79D406FCD43E4A937903F00C033A
:1002A000082BFAD1304B60225A70DA78802AFCD1C0
:1002B000384B01221A715D225A719A799006FCD549
:1002C0009A795106FCD5234A33495164002191643F
:1002D000202119702F498B7903F00C030C2BFAD1D4
:1002E0002E4B53602E4A136913F4807303D153616C
:1002F0004FF4A85313614FF0E0232A4A5A610022B9
:100300009A6107221A61284AC3F8202D62B603F0C9
:1003100089F9234B5B69DA0705D5244803F076F9A0
:10032000234B244ADA61244B1B785B0609D5204C09
:10033000204BE2699A4204D11C4803F067F900237C
:10034000E36103F0D9F805F067FC02F0CDFFFEE7AA
:100350000020054000800440823F04000100002B83
:100360000300008500D0074000E007403007FF1F72
:10037000B00EFF1F50BF00008065FF1FB00EFF1FB3
:10038000000000000002FF1F00E400E064E400E061
:10039000005006400040064000000602C010070062
:1003A00000D003401FBF0200000020204E9AE369E6
:1003B00000E00340A5C3945A00F00740FFFFFFFF91
:1003C000FFFFFFFFFFFFFFFFFFFFFFFFFFFFFFFF3D
:1003D000FFFFFFFFFFFFFFFFFFFFFFFFFFFFFFFF2D
:1003E000FFFFFFFFFFFFFFFFFFFFFFFFFFFFFFFF1D
:1003F000FFFFFFFFFFFFFFFFFFFFFFFFFFFFFFFF0D
:10040000FFFFFFFFFFFFFFFFFFFFFFFFDEF9FFFF23
:100410000548064B1B1AD90F01EBA301491002D066
:10042000034B03B118477047B00EFF1FB00EFF1FFC
:100430000000000008B5054B1BB105490548AFF3A6
:100440000080BDE80840FFF7E3BF00BF00000000E8
:10045000B00EFF1F50BF000000207047034B18680C
:1004600010B103681B681847704700BF0061FF1F89
:10047000034B186810B103681B681847704700BF2A
:100480000461FF1F00F500502DE9F04196464A4AED
:10049000C0F8101914681368484DB5FBF1F043F02B
:1004A000A043B5FBF0F590B04D1B04F080741360D1
:1004B0001368DE01FCD505284FF0000C22D93F4E11
:1004C00063465A1C0233B0FBF3F7192F07FB03F303
:1004D0000FD8B6FBF3F3CB1A002BB8BF5B42AB428D
:1004E00009DA1D4694460B2F06D9122F9CBF1D46D4
:1004F00094461346E5E7F6D0052FFAD80CF1010330
:10050000B0FBF3F00538142848D8B5F5967F45DCE4
:1005100000EB40002A4FDFF8A08000F140030DEB14
:1005200003050FCF6E460FC60FCF0FC60FCF0FC6F6
:1005300097E80F0007C626F8023B1B0C337015F82E
:100540003F3C15F83E2C15F8401CDB04120402F465
:10055000E02203F46013134301F00702134343F452
:10056000800343EA0C6343F48043C8F80430D8F8AE
:100570000430BEF1020F14BF23F0080343F0080358
:10058000C8F804303CB90C4A136823F08053136058
:100590001368DB01FCD410B0BDE8F081002CFAD167
:1005A000054A136823F0805313601368D901FCD403
:1005B00010B0BDE8F08100BF004002400024F4000C
:1005C0006CB8000000F500502DE9F04196464A4A0B
:1005D000C0F8101914681368484DB5FBF1F043F0EA
:1005E000A043B5FBF0F590B04D1B04F08074136090
:1005F0001368DE01FCD505284FF0000C22D93F4ED0
:1006000063465A1C0233B0FBF3F7192F07FB03F3C1
:100610000FD8B6FBF3F3CB1A002BB8BF5B42AB424B
:1006200009DA1D4694460B2F06D9122F9CBF1D4692
:1006300094461346E5E7F6D0052FFAD80CF10103EE
:10064000B0FBF3F00538142848D8B5F5967F45DCA3
:1006500000EB40002A4FDFF8A08000F140030DEBD3
:1006600003050FCF6E460FC60FCF0FC60FCF0FC6B5
:1006700097E80F0007C626F8023B1B0C337015F8ED
:100680003F3C15F83E2C15F8401CDB04120402F424
:10069000E02203F46013134301F00702134343F411
:1006A000800343EA0C6343F48043C8F80430D8F86D
:1006B0000430BEF1020F14BF23F0080343F0080317
:1006C000C8F804303CB90C4A136823F08053136017
:1006D0001368DB01FCD410B0BDE8F081002CFAD126
:1006E000054A136823F0805313601368D901FCD4C2
:1006F00010B0BDE8F08100BF00400A400024F400C3
:100700006CB8000000207047002070470820704738
:10071000002070470020704708207047F0B587B070
:10072000C57A4FF02033002204460F46039304930A
:100730008DF81420C5B100F10C03013D00F10B024E
:1007400053FA85F50DF10B0004F1130612F8013F81
:10075000A3F1200CBCF15E0F88BF2E23AA4200F843
:10076000013F01D0B242F1D11F4B1B680293029DA1
:1007700003F048F81D490097A1FB00311C4BA3FB77
:1007800005321C4B890C03FB110392091A491B48C3
:1007900002F09CFDE379226803B31949174802F07F
:1007A00095FDE27A1749154802F090FDE37A73B19E
:1007B0000025154F114E2B46234439461A7B3046EF
:1007C00002F084FD0135E27AEBB29A42F4D80F4987
:1007D0000A4803AA02F07AFD07B0F0BD0C490748A9
:1007E00002F074FDDDE700BF2C61FF1F83DE1B43B9
:1007F000D34D621040420F0060B700004007FF1F5A
:1008000070B7000080B7000088B7000090B7000004
:1008100078B7000010490B68486B0A68496B02F012
:100820007F02C1F3036101320431B2EB410F10D3F7
:1008300003F07F03C0F30360053B0130A3EB4003EB
:10084000DBB2054A106800F07F000130C01AC0B268
:1008500070470023F5E700BF0040024010490B68D5
:10086000486B0A68496B02F07F02C1F303610132F1
:100870000431B2EB410F10D303F07F03C0F30360E8
:10088000053B0130A3EB4003DBB2054A106800F0E2
:100890007F000130C01AC0B270470023F5E700BFE7
:1008A00000400A40624A2DE9F0411468136843F0A1
:1008B000A04304F0807413601368DD01FCD5116857
:1008C000DFF874C15B4F5A4E002321F000511160D4
:1008D00093621268194603EB0C02DD191201AD0098
:1008E000D16091605160116029603268013302F07B
:1008F0007F02DBB201329342EDD3B1643161336BDD
:100900003363336800284BD1DFF82C81484E494FC0
:10091000054619E0336803F07F030133B0EB930F12
:1009200034BF4FF080634FF08C631360736BC3F37D
:1009300000439B070B603368013503F07F03EDB282
:1009400001339D42284620D2336803F07F030133F0
:10095000E91905EB0802B0EB530F4FEA81014FEAAA
:100960000212D7D34FF00063136033689A0003D5A7
:10097000FFF774FFA842DED801231F2D03FA05F309
:100980004CD8B26A1343B362D5E73CB9284A13681E
:1009900023F0805313601368DB01FCD4BDE8F081C1
:1009A00043F000533360356815F000553ED0FFF733
:1009B00055FF336803F07F03013383420546E4D9D2
:1009C0001D4FDFF86C804FF000660DE0D8F828204E
:1009D0001343C8F82830D8F80030013503F07F03FE
:1009E000EDB201339D42D0D2EB191B011E60D8F845
:1009F0000030990003D5FFF731FF8542EBD3012387
:100A00001F2D03FA05F3E1D9D8F824200123A5F11D
:100A100020018B401343C8F82430DCE7726AA5F14B
:100A2000200101238B401343736284E73368C7E7D7
:100A300000400A402092021008A40004624A2DE9F6
:100A4000F0411468136843F0A04304F0807413600D
:100A50001368DD01FCD51168DFF874C15B4F5A4E95
:100A6000002321F00051116093621268194603EBD4
:100A70000C02DD191201AD00D1609160516011606E
:100A800029603268013302F07F02DBB20132934207
:100A9000EDD3B1643161336B3363336800284BD1DC
:100AA000DFF82C81484E494F054619E0336803F0C2
:100AB0007F030133B0EB930F34BF4FF080634FF0EF
:100AC0008C631360736BC3F300439B070B60336845
:100AD000013503F07F03EDB201339D42284620D259
:100AE000336803F07F030133E91905EB0802B0EB2B
:100AF000530F4FEA81014FEA0212D7D34FF0006340
:100B0000136033689A0003D5FFF784FEA842DED84D
:100B100001231F2D03FA05F34CD8B26A1343B362C5
:100B2000D5E73CB9284A136823F080531360136853
:100B3000DB01FCD4BDE8F08143F00053336035683D
:100B400015F000553ED0FFF765FE336803F07F03D4
:100B5000013383420546E4D91D4FDFF86C804FF026
:100B600000660DE0D8F828201343C8F82830D8F8DC
:100B70000030013503F07F03EDB201339D42D0D246
:100B8000EB191B011E60D8F80030990003D5FFF760
:100B900041FE8542EBD301231F2D03FA05F3E1D972
:100BA000D8F824200123A5F120018B401343C8F875
:100BB0002430DCE7726AA5F1200101238B40134346
:100BC000736284E73368C7E7004002402092001058
:100BD000082400040C4B10B51A7882F001021A7038
:100BE00082B019780446052002F098FD074A084BA8
:100BF00012680192019A07491A60204602B0BDE8C6
:100C00001040FFF78BBD00BF3907FF1F2C61FF1F8E
:100C10002861FF1F98B700000C4B10B51A7882F0BE
:100C200001021A7082B0197804460E2002F076FD97
:100C3000074A084B12680192019A07491A60204638
:100C400002B0BDE81040FFF769BD00BF3807FF1FC5
:100C50002C61FF1F2061FF1FA0B700002DE9F04F9E
:100C60001C2085B002F084FD0546B5F100084FF068
:100C7000350018BF4FF00108DFF8F8A002F078FD4A
:100C80009AF80030071E18BF01274345044637D0A5
:100C90002F4E304B32680092009A1A60DFF8D890DD
:100CA00099F80030BB4228D03368DFF8D0B0019308
:100CB000019BCBF8003033680293029B9B1A282BD0
:100CC00006D9254B1A78424502D083F80080DDB161
:100CD00033680393DBF80020039B9B1A282B05D96C
:100CE0001E4B1A78BA4201D01F70E4B18AF8008016
:100CF00089F8007005B0BDE8F08FDFF880B0DAE762
:100D0000144B134E1A68C9E7154916480B78164A52
:100D100083F001030B70002B18BF024613491448DF
:100D200002F0D4FAD4E70E490E480B780E4A83F04D
:100D300001030B70002B18BF02460C490C4802F04F
:100D4000C5FA8AF8008089F8007005B0BDE8F08F18
:100D50002C61FF1F1861FF1F3307FF1F3407FF1FA0
:100D60002461FF1FA8B70000B0B70000BCB70000A7
:100D70004007FF1F3607FF1F3707FF1F1C61FF1FBC
:100D800038B500F500550023614943604B2283606C
:100D9000C3600361C5F80C2985F815390A785D48E8
:100DA00042F080020A70C26BA1F5822142F010026B
:100DB000C2634A68584822F400524A60574A584968
:100DC000C2F86C110278002A40F08480554B9A6C6E
:100DD000B2F5007F04BF00229A64534B4FF40072B7
:100DE0001A63524B1A78002A00F085804E4A516BE4
:100DF00000297FD000211970536BB3F5007F494B58
:100E000008BF51634FF40072DA64494A136823F053
:100E100000431360136843F0A04313601368DC01C0
:100E2000FCD55368424943F008035360136843F00C
:100E3000804313600B68D802FCD40B683C4A43F033
:100E400000730B6013689901FCD4394C2368DA01F4
:100E5000FCD5236843F400332360236843F48033D4
:100E60002360236843F480532360236843F40053D2
:100E70002360236843F480032360236843F4002342
:100E80002360236823F408432360636B43F4E02367
:100E90006363236843F400132360236843F0806393
:100EA00023600020FFF7CAFD2368214A23F0805306
:100EB00023601368DB01FCD4D5F80C29530903F136
:100EC0003823403301219B0002F01F0201FA02F295
:100ED0001A6038BD144A116B09B9017076E7116BBD
:100EE0000370B1F5007F08BF13630E4B4FF400721F
:100EF0009A6476E719700B4BDA6CB2F5007F04BF89
:100F00000022DA64084B4FF400725A637DE700BF99
:100F100000500640008004403107FF1F0002FF1F01
:100F20005D04000000A00440009004403007FF1F53
:100F30000040024038B5002300F50055436083604F
:100F4000C3600361414A5E210123C5F80C1985F88D
:100F5000153913783E4943F0800313700A6B3D4BFB
:100F600042F010020A635A6801F5A0414FF4007084
:100F700022F400525A60086648661A6836493748B3
:100F800022F000421A601A68C1F8B80142F0A0428B
:100F90001A601A68D201FCD559682E4A41F008013E
:100FA0005960196841F0804119601368DC02FCD473
:100FB0001368284943F0007313600B689801FCD450
:100FC000244C2368DA01FCD5236843F40033236002
:100FD000236843F480332360236843F48053236001
:100FE000236843F400532360236843F480032360A1
:100FF000236843F400232360236823F40843236019
:10100000636B43F4E0236363236843F400132360BA
:10101000236843F0806323600020FFF743FC2368CC
:101020000C4A23F0805323601368DB01FCD4D5F80D
:101030000C29530903F13823403301219B0002F0AE
:101040001F0201FA02F21A6038BD00BF00500640CC
:101050000080044000400A400002FF1F71040000AD
:101060002DE9F043604D614C2E68614FDFF8D4915B
:1010700083B040F2EE2803F085FA2378002B00F0CD
:10108000A5803B78DB0740F1A1802B68D9F80020D0
:101090009B1A0E2B40F29A8001212A2002F076FB47
:1010A0000121292002F072FB0121282002F06EFBB1
:1010B00000212A2002F032FB0021292002F02EFB21
:1010C0000021282002F02AFB0121062002F05EFB0D
:1010D0000121052002F05AFB01210E2002F056FBEF
:1010E0000121272002F052FB02211C2002F04EFBBE
:1010F0000221352002F04AFB3E4B3F4C1978062076
:1011000002F00CFB3D4B0520197802F007FB3C4B2D
:101110000E20197802F002FB3A4B2720197802F0D2
:10112000FDFA2B6838480193019B3849384A03601F
:10113000384823600B601360FFF722FE0022364917
:101140003448FFF79FF90120FFF778FC334B1A680A
:1011500094000AD59A6A900607D49A6A22F0FF0290
:101160009A629A6A42F020029A622D4B2D4A2E48CA
:10117000C3F80428FFF7DEFE27492B480022FFF7BB
:1011800021FA0120FFF78EFB284B1A6891000AD53F
:101190009A6A920607D49A6A22F0FF029A629A6AC1
:1011A00042F020029A622B680093214C214B009A56
:1011B000214D2248C4F8045834211A6003F0DAF8AB
:1011C0001F4803B0BDE8F04302F068B82B682278EE
:1011D0009B1B32B1B3F5FA6F3FF65EAF03F0D2F965
:1011E00049E74345FAD957E72C61FF1F0C62FF1FFF
:1011F0003062FF1F3507FF1F1061FF1F3907FF1FF8
:101200003807FF1F3207FF1F2861FF1F2061FF1FE4
:101210000861FF1FD00EFF1F90D003000040024066
:10122000D02EFF1FD50B0000E837FF1F00400A40FB
:10123000E857FF1F1461FF1F190C0000DCB7000006
:101240004007FF1F3462FF1F1F2910B41B4823D81B
:10125000046B01238B4023430363194BD0790B4468
:101260001B014FF000611960F8B11068117A20F08D
:1012700060400905586041F4C001D0685DF8044B36
:1012800000BA9860106900BAD860D27A41EA024286
:1012900042F040621A607047C46AA1F1200C012339
:1012A00003FA0CF32343C362D7E714680548117AA5
:1012B00000EA844058600905DFE700BF00400240B3
:1012C000082400040000FC1F1F2910B41B4823D869
:1012D000046B01238B4023430363194BD0790B44E8
:1012E0001B014FF000611960F8B11068117A20F00D
:1012F00060400905586041F4C001D0685DF8044BB6
:1013000000BA9860106900BAD860D27A41EA024205
:1013100042F040621A607047C46AA1F1200C0123B8
:1013200003FA0CF32343C362D7E714680548117A24
:1013300000EA844058600905DFE700BF00400A402A
:1013400008A400040000FC1F10B50B78632B0446B2
:1013500082B0104613D003F51C6304EB83035B6873
:1013600013B101929847019804F50054D4F8043859
:101370001BB102B0BDE81040184702B010BD04F523
:101380000054D4F80437002BF0D00192984701980C
:10139000ECE700BF2DE9F04300F500578FB097F858
:1013A0000037044613B9012387F80037238B9BB21B
:1013B000002B4FD1D7F80C29530903F138236033A0
:1013C0009B0002F01F02012101FA02F204F580568F
:1013D0001A60B6F81E3B9BB223B3B6F81A1B1A2349
:1013E00001F00F0103FB014101F5D951123118221F
:1013F00008A808AD01F080FF0FCD0DF1080CACE896
:101400000F0095E803008CE803009DF91C104B1CAD
:101410004AD0534B0B441B011B68C3F30363082BD7
:1014200000F08180D7F80C29530903F138234033A9
:101430009B00012102F01F0201FA02F21A60238BC5
:10144000B6F81E0B9BB280B2002140EA03300FB009
:10145000BDE8F083A18A1A23C9B203FB0141182217
:1014600001F58E7108A801F047FFA38A0133C3F389
:101470000803A382238B9BB21BB1238B013B9BB23E
:10148000238308AD0FCD02AE0FC695E8030086E8B2
:10149000030002AA9DF81C308DF807300DF10701FA
:1014A0002046FFF751FF85E7DFF8B880D8F80050F5
:1014B00015F0005550D0FFF7ADF9D8F8003003F023
:1014C0007F03013383420546ACD9DFF89490DFF8FF
:1014D000948008E0D8F80030013503F07F03EDB2C6
:1014E00001339D429ED205EB09031B011B68C3F328
:1014F0000363082BEED102AA29462046FFF7A4FE7B
:10150000B6F81A3B013303F01F03A6F81A3BB6F8EE
:101510001E3B9BB2002BDDD0B6F81E3B013B9BB2BD
:10152000A6F81E3BD6E702AAC9B22046FFF78CFEFA
:10153000B6F81A3B013303F01F03A6F81A3BB6F8BE
:101540001E3B9BB2002B3FF46DAFB6F81E3B013B38
:101550009BB2A6F81E3B65E7D8F80030B5E700BFA0
:10156000082400040040024010B50B78632B0446A9
:1015700082B0104613D003F51C6304EB83035B6851
:1015800013B101929847019804F50054D4F8043837
:101590001BB102B0BDE81040184702B010BD04F501
:1015A0000054D4F80437002BF0D0019298470198EA
:1015B000ECE700BF2DE9F04300F500578FB097F836
:1015C0000037044613B9012387F80037238B9BB2F9
:1015D000002B4FD1D7F80C29530903F1382360337E
:1015E0009B0002F01F02012101FA02F204F580566D
:1015F0001A60B6F81E3B9BB223B3B6F81A1B1A2327
:1016000001F00F0103FB014101F5D95112311822FC
:1016100008A808AD01F070FE0FCD0DF1080CACE884
:101620000F0095E803008CE803009DF91C104B1C8B
:101630004AD0534B0B441B011B68C3F30363082BB5
:1016400000F08180D7F80C29530903F13823403387
:101650009B00012102F01F0201FA02F21A60238BA3
:10166000B6F81E0B9BB280B2002140EA03300FB0E7
:10167000BDE8F083A18A1A23C9B203FB01411822F5
:1016800001F58E7108A801F037FEA38A0133C3F378
:101690000803A382238B9BB21BB1238B013B9BB21C
:1016A000238308AD0FCD02AE0FC695E8030086E890
:1016B000030002AA9DF81C308DF807300DF10701D8
:1016C0002046FFF751FF85E7DFF8B880D8F80050D3
:1016D00015F0005550D0FFF7C1F8D8F8003003F0EE
:1016E0007F03013383420546ACD9DFF89490DFF8DD
:1016F000948008E0D8F80030013503F07F03EDB2A4
:1017000001339D429ED205EB09031B011B68C3F305
:101710000363082BEED102AA29462046FFF7D4FD29
:10172000B6F81A3B013303F01F03A6F81A3BB6F8CC
:101730001E3B9BB2002BDDD0B6F81E3B013B9BB29B
:10174000A6F81E3BD6E702AAC9B22046FFF7BCFDA9
:10175000B6F81A3B013303F01F03A6F81A3BB6F89C
:101760001E3B9BB2002B3FF46DAFB6F81E3B013B16
:101770009BB2A6F81E3B65E7D8F80030B5E700BF7E
:1017800008A4000400400A4043884FF01A0C03F0FC
:101790000F030CFB030310B5044600209875638803
:1017A00003F00F030CFB0343DA75608800F00F00B1
:1017B0000CFB0040183004F0BDF8628823889BB20F
:1017C00092B283F010039A4204D12388013303F0CC
:1017D0001F0323806388013303F01F036380A38802
:1017E0009BB20F2B03D8A38801339BB2A38010BDFB
:1017F000F0B58B7D4D4E8DB00D460446002B4BD180
:10180000336813F0005C25D0FFF728F8336803F045
:101810007F030133984284461ED24549434807E07E
:10182000036803F07F035FFA82FC01339C4513D207
:101830000CEB01031B010CF101021B68C3F30363F2
:10184000082BEDD120462A466146FFF73DFD0120D9
:101850000DB0F0BD3368E0E70FCDEC46ACE80F000B
:1018600095E803008CE803004FF0FF0E8DF814E0BC
:101870006F460FCF06AE0FC69CE8030086E8030054
:10188000182204F5D8500DEB02011A30FFF77CFF47
:101890004FF0FF300DB0F0BD306810F0005042D076
:1018A000FEF7DCFF336803F07F030133834229D95D
:1018B0001F4E1E4F05E03B6803F07F030133984243
:1018C00020D283191B01411C1A6812018446C8B238
:1018D000F1D51B68C3F30363082B1BD00FCD6E46F5
:1018E0000FC695E8030086E80300EE468DF814C0A5
:1018F000BEE80F0006AF0FC796E80300182287E87E
:101900000300BEE70B4B1B68C3F30363082B4FF0C8
:10191000FF3CE3D120462A465FFA8CF1FFF7D4FC66
:1019200001200DB0F0BD3368C2E700BF00400A409F
:1019300008A4000470400A40F0B58B7D4D4E8DB078
:101940000D460446002B4BD1336813F0005C25D0C4
:10195000FEF760FF336803F07F030133984284464B
:101960001ED24549434807E0036803F07F035FFA4E
:1019700082FC01339C4513D20CEB01031B010CF1DB
:1019800001021B68C3F30363082BEDD120462A46EE
:101990006146FFF759FC01200DB0F0BD3368E0E768
:1019A0000FCDEC46ACE80F0095E803008CE803008F
:1019B0004FF0FF0E8DF814E06F460FCF06AE0FC646
:1019C0009CE8030086E80300182204F5D8500DEBCC
:1019D00002011A30FFF7D8FE4FF0FF300DB0F0BD16
:1019E000306810F0005042D0FEF714FF336803F067
:1019F0007F030133834229D91F4E1E4F05E03B6808
:101A000003F07F030133984220D283191B01411C4C
:101A10001A6812018446C8B2F1D51B68C3F3036388
:101A2000082B1BD00FCD6E460FC695E8030086E845
:101A30000300EE468DF814C0BEE80F0006AF0FC7D6
:101A400096E80300182287E80300BEE70B4B1B68EB
:101A5000C3F30363082B4FF0FF3CE3D120462A4633
:101A60005FFA8CF1FFF7F0FB01200DB0F0BD336899
:101A7000C2E700BF0040024008240004704002405A
:101A800070B5274C274D05430FCC88B00DF1080CDD
:101A9000ACE80F0094E8030000268CE803004FF048
:101AA000010E2148029502A98DF80FE005960696D1
:101AB000FFF742FF30B91D4802A9FFF799FED0B9E0
:101AC00008B070BD1A4B1A7882F001021A701978AA
:101AD000062001F023FE174A174B12680092009A65
:101AE00016491A6002A8FEF719FE104802A9FFF76E
:101AF0007FFE0028E4D0124B1A7882F001021A709F
:101B00001978272001F00AFE0A4A0E4B126801924A
:101B1000019A0D491A6002A8FEF700FE08B070BDD8
:101B2000ACB8000000FFEE18D00EFF1FE837FF1F13
:101B30003507FF1F2C61FF1F1061FF1F14B8000045
:101B40003207FF1F0861FF1F1CB8000030B5404876
:101B50008BB0FFF71FFC3F48FFF72CFDFFF77EF827
:101B60003D4B1B784BB13D4B3D491B680193019B9D
:101B70000A689B1AB3F5827F40D23A4B1A784AB969
:101B8000364D394C2A680592059A2168521AB2F5E9
:101B90007A7F3ED2354B1A784AB9304D344C2A6898
:101BA0000492049A2168521AB2F57A7F3BD2314BE3
:101BB0001A784AB9294D304C2A680392039A216851
:101BC000521AB2F57A7F38D22C4B1A784AB9234D83
:101BD0002B4C2A680292029A2168521AB2F57A7F37
:101BE00001D20BB030BD01212720197001F096FD04
:101BF0002B680993099B23600BB030BD214C02F583
:101C0000827220780A60FFF73BFF2378013323704C
:101C1000B3E701210620197001F080FD2B680693BF
:101C2000069B2360B6E701210520197001F076FDBF
:101C30002B680793079B2360B9E701210E201970D9
:101C400001F06CFD2B680893089B2360BCE700BF84
:101C5000D00EFF1FE837FF1F2461FF1F2C61FF1FFD
:101C60001461FF1F3507FF1F1061FF1F3907FF1F9A
:101C70002861FF1F3807FF1F2061FF1F3207FF1F6A
:101C80000861FF1F0C61FF1F00F58053D3F8003E71
:101C9000DB006BD5384B2DE9F04F5F6BC7F3036763
:101CA000FF00002241F6146B083741F6046941F643
:101CB000086A07E01D686D0F052D34D00132D3B2DC
:101CC0009F4255D902EB420E00EBCE0404F5F053CF
:101CD0001D686D0F012D0ED01D686D0F022DE9D10D
:101CE00054F809308B42E9D854F80A308B42E5D3D6
:101CF0000120BDE8F08F1C6814F4607FDED04FEA4D
:101D00004E0E002404E01D68C5F3C215AC42D5D2C6
:101D100001340EEB040505F5F065E4B250F82550EA
:101D20008D42F0D1E4E71D6815F4607FC6D05C44B5
:101D30004FEA4E0E4FF0010C05E01D68C5F3C215C9
:101D40000135AC45BAD20EEB0C0505F5F0652668F9
:101D500050F82550D4F800800E4005EA08050CF133
:101D6000010CAE425FFA8CFCE7D1C1E7012070475D
:101D70000020BDE8F08F00BF00400A4001EB4101A8
:101D800070B500EBC10505F5045EDEF80030DB0040
:101D900028D5DEF800305B0F012B0BD0DEF80030C9
:101DA0005B0F022B42D0DEF800305B0F052B1BD0FF
:101DB000002070BDDEF8004014F4607FF8D00023EE
:101DC0004D0005E0DEF80010C1F3C21C6345EFD200
:101DD000013305EB030C0CF5046CDBB250F82C401E
:101DE0009442EFD1012070BDDEF8004014F4607F12
:101DF000DED005F5045514354900012307E0DEF86F
:101E00000040C4F3C21C0CF1010C6345D0D22C6815
:101E100004EA020CCC1804F50464013350F82440A1
:101E20002E683440A445DBB2E9D1DBE742F204136B
:101E3000EB589342BCD842F20813E858904234BFA2
:101E40000020012070BD00BF83889BB20F2B03D8F8
:101E5000838801339BB283804288B0F802C0038834
:101E600002F00F029BB202321FFA8CFC83F01003C7
:101E70009C4540F8221004D10388013303F01F036E
:101E800003804388013303F01F034380704700BF82
:101E900083889BB20F2B03D8838801339BB2838046
:101EA0004288B0F802C0038802F00F029BB200EB38
:101EB00042021FFA8CFC83F010039C45D18004D1B0
:101EC0000388013303F01F0303804388013303F0C9
:101ED0001F034380704700BF00F58053D3F8003ED6
:101EE000DB006BD5384B2DE9F04F5F6BC7F3036711
:101EF000FF00002241F6146B083741F6046941F6F1
:101F0000086A07E01D686D0F052D34D00132D3B289
:101F10009F4255D902EB420E00EBCE0404F5F0537C
:101F20001D686D0F012D0ED01D686D0F022DE9D1BA
:101F300054F809308B42E9D854F80A308B42E5D383
:101F40000120BDE8F08F1C6814F4607FDED04FEAFA
:101F50004E0E002404E01D68C5F3C215AC42D5D274
:101F600001340EEB040505F5F065E4B250F8255098
:101F70008D42F0D1E4E71D6815F4607FC6D05C4463
:101F80004FEA4E0E4FF0010C05E01D68C5F3C21577
:101F90000135AC45BAD20EEB0C0505F5F0652668A7
:101FA00050F82550D4F800800E4005EA08050CF1E1
:101FB000010CAE425FFA8CFCE7D1C1E7012070470B
:101FC0000020BDE8F08F00BF0040024001EB41015E
:101FD00070B500EBC10505F5045EDEF80030DB00EE
:101FE00028D5DEF800305B0F012B0BD0DEF8003077
:101FF0005B0F022B42D0DEF800305B0F052B1BD0AD
:10200000002070BDDEF8004014F4607FF8D000239B
:102010004D0005E0DEF80010C1F3C21C6345EFD2AD
:10202000013305EB030C0CF5046CDBB250F82C40CB
:102030009442EFD1012070BDDEF8004014F4607FBF
:10204000DED005F5045514354900012307E0DEF81C
:102050000040C4F3C21C0CF1010C6345D0D22C68C3
:1020600004EA020CCC1804F50464013350F824404F
:102070002E683440A445DBB2E9D1DBE742F2041319
:10208000EB589342BCD842F20813E858904234BF50
:102090000020012070BD00BF43884FF01A0CDBB256
:1020A0000CFB030310B50446002083F80601638887
:1020B000DBB20CFB034383F807216088C0B20CFB42
:1020C000004000F5847003F035FC628823889BB2E1
:1020D00092B283F480739A4204D123880133C3F30C
:1020E0000803238063880133C3F308036380A38854
:1020F0009BB2FF2B03D8A38801339BB2A38010BDF2
:102100002DE9F04F8C460F460646054600F11008B3
:10211000BCE80F008DB06C460FC49CE8030084E857
:102120000300DFF894A04FF0010955F8044F5CB1AB
:102130009DF91420A36809FA02F1194220D02368FE
:10214000D3F800B0D34516D14545EED106F500537E
:1021500093F8003723B3182239460DEB020001F043
:10216000CBF818220DEB020106F11400FFF794FFE3
:102170000DB0BDE8F08F9DF8153069462046D84770
:10218000237C002BE0D02368D3F800B09DF81530F5
:10219000D345D9D020464FF0FF326946D847D3E720
:1021A0003B7D8DF818303A4606A93046FFF7DCF93A
:1021B0000DB0BDE8F08F00BF5904000000F50053DA
:1021C00093F80137002B00F0DB802DE9F04F0F462C
:1021D00005460E460FCF89B002AC0FC497E8030046
:1021E00084E80300DFF850C2DCF800309B0052D5D1
:1021F000DCF83430C3F3036A00244FEACA0A0AF158
:10220000080A22464FF063090CE05B0F022B3B6883
:1022100000F09A805B0F052B00F0DD800134E2B204
:10222000924538D996F91430632B34D004EB440826
:1022300005EBC80B0BF5F0573B6813F0604FEDD082
:102240003B685B0F012B3B68DFD1F279C3F300439E
:102250009A42E3D13B6813F4607FDFD04FEA480B2A
:10226000002306E03A685FFA88F3C2F3C212934291
:10227000D4D203F101080BEB080303F5F063029AD3
:1022800055F823309A42EDD102A928468DF81C90CA
:10229000FFF736FFE6E7684F00238DF80E303C6805
:1022A00014F000543FD0FEF7D9FA3B6803F07F03E7
:1022B00001338342044633D9DFF87C9142F204179C
:1022C00042F2081896F91430A34220D004EB4401DE
:1022D00005EBC10202F5045ADAF8003013F0604F42
:1022E00015D0DAF80030F079C3F3C06398420ED10C
:1022F000DAF800305B0F012BDAF8003041D05B0FC9
:10230000022B12D0DAF800305B0F052B5BD0D9F826
:102310000030013403F07F03E4B201339C42D1D397
:1023200009B0BDE8F08F3B68C6E7D159029B8B42EC
:10233000EDD352F808209342E9D802A928468DF837
:102340001C40FFF7DDFEE2E7F279C3F300439A4257
:102350007FF464AF41F604635BF80320029B934271
:10236000FFF45CAF41F608625BF8022093423FF64F
:1023700055AF02A928468DF81C90FFF7C1FE4DE726
:10238000704713F4607FC2D04A00002307E0DAF8F8
:1023900000105FFA8BF3C1F3C2118B42B7D203F185
:1023A000010B02EB0B0303F50463029955F823308C
:1023B0009942ECD102A9284600928DF81C40FFF703
:1023C0009FFE009AE3E7029A21462846FFF7D6FCD3
:1023D00000289CD0B1E73B6813F4607F3FF41EAF48
:1023E0000BF5F053143301270AE00BF5F0510137D8
:1023F0000968C1F3C211FFB201318F42BFF40EAFC1
:1024000007EB480101F5F061186855F821E00299E1
:10241000D3F800C008400EEA0C018842E5D102A9B9
:10242000284601938DF80E2000928DF81C90FFF73E
:1024300067FEDDE90023D8E700400A402DE9F04FB0
:10244000B94DBA4F81460FCD97B004AC0FC495E893
:10245000030084E80300B96A386B3B68019013F409
:1024600000434FF000068B4603D13A68940000F118
:10247000EB80AE4D019B2C6843F00103B3FA83F36C
:10248000C3F1200314F000545FFA83FA00F04F8286
:10249000FEF7E4F92B6803F07F030133834204461F
:1024A00040F29E80824540F29B80671CDFF87C8270
:1024B000FDB216E0062900F0AD80042900F03E814F
:1024C000082900F0D781D8F8003003F07F030133EA
:1024D000AB42FCB240F28480A24505F101057FD9F0
:1024E000671CC4F12002A4F1200306FA02F22BFAC1
:1024F00004F126FA03F311431943C907E3D50199FF
:10250000E14011431943C907DDD5894BE3181B018D
:102510001A68C2F303610229CCD102F40011586891
:10252000002914BF4FF0010C4FF0000C20F0604068
:102530008DF817C07FD1800C0490ADF81420C2F341
:1025400003428DF81B2009F500528DF8244092F8C3
:1025500015298DF825209A688DF81F209A68120A8F
:102560008DF81E209A68120C8DF81D209A68120EA4
:102570008DF81C20DA688DF82320DA68120A8DF8AD
:102580002220DA68120C8DF82120DA6800294FEA3F
:1025900012628DF8202014BF4FF08C624FF08062E1
:1025A0001A60D8F80830D8F830200123A34013432C
:1025B000C8F83030049A21464846FFF7DFFB002870
:1025C00040F0538104A94846FFF7F8FD04A8AFF393
:1025D000008004A8AFF3008004A8AFF3008072E786
:1025E000524E544D346A2B6884EA0302524B134016
:1025F0003BB109F58053B3F8D43C9BB20F2B40F2AA
:1026000098814A4A136A23431362BFF34F8F17B06E
:10261000BDE8F08F02F400115868002914BF4FF094
:10262000010C4FF0000C20F060408DF817C005D170
:10263000800C049004E0049001217EE704900121C5
:1026400001208DF8190078E78A067FF512AF85061C
:102650007FF50FAFD7F88020ADF81420C2F3034107
:102660008DF81B10D7F88410304C02F40010B042E3
:1026700021F06041C2F300508DF818004FEAD252A9
:1026800012BF01203046890C8DF817008DF81620F6
:10269000049108A80022D4F88810D1400832202ADA
:1026A00000F8011DF7D1214809A9D0F88C20DA40A3
:1026B0000833202B01F8012DF7D109F5005393F8C9
:1026C00015398DF8253063238DF824308368036B2A
:1026D00043F020030363019B5C0603D5036B43F0C7
:1026E00040030363019B180604D5104A136B43F0A3
:1026F0008003136304A94846FFF760FD04A8AFF305
:10270000008004A8AFF3008004A8AFF30080049910
:102710004846FFF7B9FA00283FF4ABAE04A9484693
:10272000FFF7EEFCA5E600BFACB8000000400A4091
:1027300008A40004CC0EFF1FBFFF070002F4001125
:1027400000295968ADF81420C2F303428DF81B200C
:1027500009F5005214BF012000208DF8170092F8EF
:1027600015098DF824408DF8250098688DF81F0014
:1027700098684FEA10208DF81E0098684FEA1040C4
:102780008DF81D0098684FEA10608DF81C00D8681D
:102790008DF82300D8684FEA10208DF82200D86801
:1027A00021F0604108BF890C000C04918DF82100D4
:1027B00004F60221D86859F82110000E8DF8200087
:1027C00029B104A8039202938847039A029BD2F886
:1027D00008291AB104A802939047029B09F5805278
:1027E0000292B2F81E2B92B2002A00F0B180029B36
:1027F000B3F81A1B1A2301F00F0103FB019101F535
:10280000D9511231182210A800F076FD0AAB0DF153
:10281000400C9E460393BCE80F00AEE80F009CE816
:1028200003008EE803009DF93C305A1C00F09B80A9
:102830009C427FF448AE039AE1B24846FEF744FD5D
:10284000029AB2F81A3B013303F01F03A2F81A3BB5
:10285000B2F81E3B9BB2002B3FF435AEB2F81E3BE4
:10286000013B9BB2A2F81E3B2DE604A94846FFF7A8
:1028700047FCA7E602F4001100295968ADF81420BE
:10288000C2F303428DF81B2009F5005214BF01204A
:1028900000208DF8170092F815098DF824408DF866
:1028A000250098688DF81F0098684FEA10208DF871
:1028B0001E0098684FEA10408DF81D0098684FEA96
:1028C00010608DF81C00D8688DF82300D8684FEA96
:1028D00010208DF82200D86821F0604108BF890CD3
:1028E000000C04918DF8210004F60221DB6859F8F0
:1028F00021101B0E8DF8203019B104A802928847D0
:10290000029AD2F808390BB104A8984709F5805308
:102910000293B3F81E3B9BB2002B7FF468AFD8F84C
:1029200030200123A3401343C8F83030CBE52B6897
:10293000BBE509F5E65021461030FFF785FAF1694D
:1029400009F5EC5089B21830FFF7A2FA2C6058E66E
:10295000D8F830100122A2400A43C8F830204FF0C6
:1029600000621A60AFE5039A214666E72DE9F04F51
:102970008C460F460646054600F11008BCE80F00DD
:102980008DB06C460FC49CE8030084E80300DFF8B8
:1029900094A04FF0010955F8044F5CB19DF9142043
:1029A000A36809FA02F1194220D02368D3F800B0D5
:1029B000D34516D14545EED106F5005393F80037BF
:1029C00023B3182239460DEB020000F095FC1822C3
:1029D0000DEB020106F11400FFF75EFB0DB0BDE840
:1029E000F08F9DF8153069462046D847237C002B90
:1029F000E0D02368D3F800B09DF81530D345D9D086
:102A000020464FF0FF326946D847D3E73B7D8DF82B
:102A100018303A4606A93046FEF796FC0DB0BDE8E0
:102A2000F08F00BF5904000000F5005393F8013700
:102A3000002B00F0DB802DE9F04F0F4605460E46D7
:102A40000FCF89B002AC0FC497E8030084E80300FD
:102A5000DFF850C2DCF800309B0052D5DCF834308F
:102A6000C3F3036A00244FEACA0A0AF1080A22469D
:102A70004FF063090CE05B0F022B3B6800F09A807B
:102A80005B0F052B00F0DD800134E2B2924538D9AE
:102A900096F91430632B34D004EB440805EBC80BD3
:102AA0000BF5F0573B6813F0604FEDD03B685B0FC0
:102AB000012B3B68DFD1F279C3F300439A42E3D1A3
:102AC0003B6813F4607FDFD04FEA480B002306E039
:102AD0003A685FFA88F3C2F3C2129342D4D203F188
:102AE00001080BEB080303F5F063029A55F8233055
:102AF0009A42EDD102A928468DF81C90FFF736FFC7
:102B0000E6E7684F00238DF80E303C6814F000545F
:102B10003FD0FDF77FFE3B6803F07F030133834224
:102B2000044633D9DFF87C9142F2041742F20818C8
:102B300096F91430A34220D004EB440105EBC10206
:102B400002F5045ADAF8003013F0604F15D0DAF8C5
:102B50000030F079C3F3C06398420ED1DAF8003048
:102B60005B0F012BDAF8003041D05B0F022B12D043
:102B7000DAF800305B0F052B5BD0D9F80030013458
:102B800003F07F03E4B201339C42D1D309B0BDE826
:102B9000F08F3B68C6E7D159029B8B42EDD352F8C8
:102BA00008209342E9D802A928468DF81C40FFF777
:102BB000DDFEE2E7F279C3F300439A427FF464AFAB
:102BC00041F604635BF80320029B9342FFF45CAF81
:102BD00041F608625BF8022093423FF655AF02A926
:102BE00028468DF81C90FFF7C1FE4DE7704713F49F
:102BF000607FC2D04A00002307E0DAF800105FFAD5
:102C00008BF3C1F3C2118B42B7D203F1010B02EB7C
:102C10000B0303F50463029955F823309942ECD174
:102C200002A9284600928DF81C40FFF79FFE009AEB
:102C3000E3E7029A21462846FFF7C8F900289CD00E
:102C4000B1E73B6813F4607F3FF41EAF0BF5F05320
:102C5000143301270AE00BF5F05101370968C1F37D
:102C6000C211FFB201318F42BFF40EAF07EB480132
:102C700001F5F061186855F821E00299D3F800C019
:102C800008400EEA0C018842E5D102A928460193CA
:102C90008DF80E2000928DF81C90FFF767FEDDE99D
:102CA0000023D8E7004002402DE9F04FB94DBA4F5C
:102CB00081460FCD97B004AC0FC495E8030084E8BB
:102CC0000300B96A386B3B68019013F400434FF07E
:102CD00000068B4603D13A68940000F1EB80AE4DBC
:102CE000019B2C6843F00103B3FA83F3C3F1200383
:102CF00014F000545FFA83FA00F04F82FDF78AFD6A
:102D00002B6803F07F0301338342044640F29E8028
:102D1000824540F29B80671CDFF87C82FDB216E0A2
:102D2000062900F0AD80042900F03E81082900F05A
:102D3000D781D8F8003003F07F030133AB42FCB2F7
:102D400040F28480A24505F101057FD9671CC4F1DA
:102D50002002A4F1200306FA02F22BFA04F126FA6B
:102D600003F311431943C907E3D50199E140114326
:102D70001943C907DDD5894BE3181B011A68C2F353
:102D800003610229CCD102F400115868002914BF54
:102D90004FF0010C4FF0000C20F060408DF817C090
:102DA0007FD1800C0490ADF81420C2F303428DF85B
:102DB0001B2009F500528DF8244092F815298DF852
:102DC00025209A688DF81F209A68120A8DF81E2017
:102DD0009A68120C8DF81D209A68120E8DF81C202E
:102DE000DA688DF82320DA68120A8DF82220DA6872
:102DF000120C8DF82120DA6800294FEA12628DF852
:102E0000202014BF4FF08C624FF080621A60D8F817
:102E10000830D8F830200123A3401343C8F83030DD
:102E2000049A21464846FFF7D1F8002840F0538124
:102E300004A94846FFF7F8FD04A8AFF3008004A8F2
:102E4000AFF3008004A8AFF3008072E7524E544DF8
:102E5000346A2B6884EA0302524B13403BB109F5F4
:102E60008053B3F8D43C9BB20F2B40F298814A4A6E
:102E7000136A23431362BFF34F8F17B0BDE8F08F7F
:102E800002F400115868002914BF4FF0010C4FF0F4
:102E9000000C20F060408DF817C005D1800C049024
:102EA00004E0049001217EE70490012101208DF8C7
:102EB000190078E78A067FF512AF85067FF50FAF18
:102EC000D7F88020ADF81420C2F303418DF81B1011
:102ED000D7F88410304C02F40010B04221F0604169
:102EE000C2F300508DF818004FEAD25212BF0120F1
:102EF0003046890C8DF817008DF81620049108A82B
:102F00000022D4F88810D1400832202A00F8011D90
:102F1000F7D1214809A9D0F88C20DA400833202BBA
:102F200001F8012DF7D109F5005393F815398DF803
:102F3000253063238DF824308368036B43F020032E
:102F40000363019B5C0603D5036B43F040030363FB
:102F5000019B180604D5104A136B43F080031363DA
:102F600004A94846FFF760FD04A8AFF3008004A859
:102F7000AFF3008004A8AFF3008004994846FEF741
:102F8000ABFF00283FF4ABAE04A94846FFF7EEFCC8
:102F9000A5E600BFACB800000040024008240004D1
:102FA000C80EFF1FBFFF070002F400110029596877
:102FB000ADF81420C2F303428DF81B2009F500522E
:102FC00014BF012000208DF8170092F815098DF824
:102FD00024408DF8250098688DF81F0098684FEA06
:102FE00010208DF81E0098684FEA10408DF81D00E3
:102FF00098684FEA10608DF81C00D8688DF823009F
:10300000D8684FEA10208DF82200D86821F060417E
:1030100008BF890C000C04918DF8210004F60221F0
:10302000D86859F82110000E8DF8200029B104A8A5
:10303000039202938847039A029BD2F808291AB197
:1030400004A802939047029B09F580520292B2F8BD
:103050001E2B92B2002A00F0B180029BB3F81A1B1B
:103060001A2301F00F0103FB019101F5D95112312F
:10307000182210A800F040F90AAB0DF1400C9E4652
:103080000393BCE80F00AEE80F009CE803008EE855
:1030900003009DF93C305A1C00F09B809C427FF459
:1030A00048AE039AE1B24846FEF7CEF8029AB2F86B
:1030B0001A3B013303F01F03A2F81A3BB2F81E3B80
:1030C0009BB2002B3FF435AEB2F81E3B013B9BB2E6
:1030D000A2F81E3B2DE604A94846FFF747FCA7E6E9
:1030E00002F4001100295968ADF81420C2F303421C
:1030F0008DF81B2009F5005214BF012000208DF827
:10310000170092F815098DF824408DF8250098686D
:103110008DF81F0098684FEA10208DF81E009868FF
:103120004FEA10408DF81D0098684FEA10608DF846
:103130001C00D8688DF82300D8684FEA10208DF85D
:103140002200D86821F0604108BF890C000C04916E
:103150008DF8210004F60221DB6859F821101B0EBE
:103160008DF8203019B104A802928847029AD2F84B
:1031700008390BB104A8984709F580530293B3F8B6
:103180001E3B9BB2002B7FF468AFD8F830200123A0
:10319000A3401343C8F83030CBE52B68BBE509F5F5
:1031A000E65021461030FEF74FFEF16909F5EC506C
:1031B00089B21830FEF76CFE2C6058E6D8F8301053
:1031C0000122A2400A43C8F830204FF000621A6082
:1031D000AFE5039A214666E72A482B4910B400F56B
:1031E00080522A4C0023838200F5005CC382206059
:1031F0000383274CA2F81A3BA2F81C3BA2F81E3B03
:10320000A2F8D03CA2F8D23CA2F8D43CA2F8983D57
:10321000A2F89A3DA2F89C3D01F58052046001F5A8
:1032200000501C4C8CF800370C608CF80137CCF83F
:103230000C398B82CCF81039CB828CF814390B8383
:10324000A2F81A3BA2F81C3BA2F81E3BA2F8D03C05
:10325000A2F8D23CA2F8D43CA2F8983DA2F89A3D3C
:10326000A2F89C3D0C4A80F8143980F800375DF8CC
:10327000044B80F80137C0F80C39C0F810391160E0
:10328000704700BFD00EFF1FE837FF1F0061FF1F10
:103290002CB8000050B800000461FF1F00B503689F
:1032A00083B040F60D22ADF804205B68022201A92C
:1032B000984703B05DF804FB034B022888BF034620
:1032C00018461B685B6818474007FF1F0EB400B51F
:1032D00082B003AA52F8041B019202F0EBFA02B08A
:1032E0005DF804EB03B0704708B5FDF7B9FEFEF7D3
:1032F0002DFC01F047F9FAE701B441EA000313F0AD
:1033000003036FD1403A41D351F8043B40F8043BEA
:1033100051F8043B40F8043B51F8043B40F8043BAF
:1033200051F8043B40F8043B51F8043B40F8043B9F
:1033300051F8043B40F8043B51F8043B40F8043B8F
:1033400051F8043B40F8043B51F8043B40F8043B7F
:1033500051F8043B40F8043B51F8043B40F8043B6F
:1033600051F8043B40F8043B51F8043B40F8043B5F
:1033700051F8043B40F8043B51F8043B40F8043B4F
:1033800051F8043B40F8043B403ABDD2303211D3EF
:1033900051F8043B40F8043B51F8043B40F8043B2F
:1033A00051F8043B40F8043B51F8043B40F8043B1F
:1033B000103AEDD20C3205D351F8043B40F8043BEF
:1033C000043AF9D204320AD0D2071CBF11F8013BEB
:1033D00000F8013B03D30B7803704B78437001BCBA
:1033E000704700BF0C2A4AD310F0030311D0C3F179
:1033F0000403D21ADB071CBF11F8013B00F8013BA4
:1034000007D311F8013B00F8013B11F8013B00F82C
:10341000013B11F003033FF475AF30B4043AC91A0D
:10342000C3F1040C51F8044B022B19D0032B0BD021
:10343000240A51F8043B1D0644EA050440F8044BF5
:103440001C46043AF4D216E0240E51F8043B1D0247
:1034500044EA050440F8044B1C46043AF4D20AE05E
:10346000240C51F8043B1D0444EA050440F8044BC5
:103470001C46043AF4D20432B1EB0C0130BC043ADD
:10348000A0D3013A11F8013B00F8013BF9D20B78C7
:1034900003704B7843708B78837001BC704700BF1A
:1034A00008B50F4C636B58030DD4636B59050FD4EB
:1034B000636B1A0511D4636BDB04F3D500F012F8CB
:1034C000636B5803F1D500F07BFA636B5905EFD5B8
:1034D00000F008F8636B1A05EDD500F003F8EAE791
:1034E0000080044008B5FFF7DBFF00BF014B10224E
:1034F0001A80704700200540704700BF0B490A68DA
:1035000048B108B5EC461318ACF50050834204D21C
:103510000B60104608BD1046704702F077FB0C2385
:103520004FF0FF320360104608BD00BF3C07FF1F8D
:10353000002070474FF0FF30704700BF4FF400533A
:103540004B600020704700BF012070474FF0FF30F4
:10355000704700BFFEE7FFFF074BDA78802A01D0F3
:103560000020704705490648486400225A70DA78FE
:10357000802AFCD00120704700E007400080044012
:1035800000002822074BDA78012A01D0002070477A
:1035900060225A70DA78802AFCD1034B034A5A64BD
:1035A0000120704700E00740008004400000060250
:1035B00001F1FF3C70B56546002401E0704601341E
:1035C000B0FBF2FE02FB1E03092B03F130068ABF9B
:1035D0003733F3B2DBB2904205F8013FEED2631C01
:1035E0000022CA54C8187CB162461CF8015F10F86A
:1035F00001ED8CF800E0A1EB0C030232013B521A02
:1036000023449A420570EFDB084670BD034B00224D
:1036100010215A615A6018605961704700D0034008
:10362000704700BF4FF0E02C2DE9F0414FF00068EB
:10363000CCF804814FF08058CCF804814FF000584A
:10364000CCF804812F4A3049304C314D314E4FF087
:103650008048CCF80481282300204EF6FF7E0927FD
:103660004FF00048CCF804814860C1F808E0CB6016
:103670004B61CB614B62CB624B63CB634B64D360DA
:103680005361D3615362D3625363D36353640F6056
:103690006860C5F808E0EB606B612F606060C4F89B
:1036A00008E0E360636127605060C2F808E0D3601F
:1036B00053611760F16A41F40071F162716802F5BB
:1036C000803241F00071716047F6FF74082150604C
:1036D00082B09460D3605361116000F0F7FFFFF790
:1036E0009FFF0D4C23680093009B132BFAD900F029
:1036F00021FD23680193019BB3F5967FF9D302B0B6
:10370000BDE8F08100900B400080034000800B403A
:1037100000900340008004402C61FF1F3F2818D810
:1037200010B4124B53F8302092F8804234B1012388
:1037300081B982F800315DF8044B704703EBC00398
:103740005B681A6859B142F003025DF8044B1A60D5
:103750007047704782F880305DF8044B704722F064
:1037600002025DF8044B1A60704700BFC4B8000045
:103770003F2806D8044B53F8303093F80002C0B20B
:1037800070470020704700BFC4B800003F2820D811
:103790001B4A02EBC00301295B680FD004291DD02E
:1037A00052F83000002280F8802299B1022922D0FC
:1037B00003290DD14FF481721A60704752F830001E
:1037C0004FF4A27280F880121A601A6822F0200268
:1037D0001A6070474FF480721A60704752F83010C8
:1037E0004FF4A272012081F880021A601A6842F038
:1037F00020021A60704740F203121A60704700BF3F
:10380000C4B8000072B60E494FF0E0229369086810
:10381000D2F8042D62B6520102D5322B88BF013096
:10382000C3F52F33074A03F21F334FF47A719B0815
:10383000A2FB032301FB00F000EB9300704700BFE5
:103840002C61FF1F176CC116431E032B16D872B6CE
:103850000B4951F8230078B130B40A4CB0F800C0DD
:1038600034F81320456841F82350A2EB0C0224F8E9
:10387000132062B630BC704762B6704700207047B4
:10388000C061FF1F1062FF1F013803280BD872B6FA
:10389000074B53F8203043B100205B680130002B08
:1038A000FBD162B67047002070471846F9E700BFA9
:1038B000E861FF1F10B472B61A4A1B4C042312F8B9
:1038C000011B090743F0010C05D554F8331069B109
:1038D00054F83C10C9B10433142BF0D162B6134B29
:1038E00000221A705DF8044B00F0AEBC0F4904EBE7
:1038F000C302083050600A780D4844F83300013A9A
:103900000A7062B65DF8044B7047084A094904EB37
:10391000CC0308305860137844F83C10013B137016
:1039200062B6EFE744BB00000000FF1F1862FF1FF4
:1039300088004000C8004000421E032A0ED81C4BDD
:10394000400140F0100010B4034472B6194CA05C62
:1039500003281DD8DFE800F014160319704705206E
:10396000A05413F0080F088814BFC8228822083119
:1039700042EA004259601A6062B65DF8044B704733
:103980000320EDE708330220EAE708330420E7E7E5
:10399000094B53F8220038B1084B53F8220041601C
:1039A00043F8221062B6E8E743F82210034BF7E72A
:1039B0000000FF1F0862FF1FE861FF1FF861FF1F83
:1039C0002DE9F04FDFF80CA3DFF80CB385B03DE034
:1039D000B04D9E0805EBC607013A796813F008035D
:1039E000D4B2A1F1080040F0B88055F836204FEA73
:1039F000124C120C21F808CC00F0A78021F8063CEC
:103A000041F8043CA44B53F82420002A00F0018222
:103A1000A24B53F82420506043F82400A04B33F805
:103A20001420944423F814C000F0EEFB002800F0AA
:103A3000E98117F0080F9B4B00F1080018BF5B46A7
:103A4000786045F8363008238AF880309AF880305C
:103A50005907DCB21BD5944B1B78ABB193490A785C
:103A600002F0FF032AB1013BDBB20B70002B00F028
:103A700046838F490A7802F0FF032AB1013BDBB28B
:103A80000B70002B00F0EB8104238AF8803014F0D7
:103A9000080200F0CC819AF89020D3B2120997D195
:103AA000DFF8F0919B0809EBC30459F83300646810
:103AB000C0F3830009287CD00FD80138012808D82A
:103AC0007C4A158842F22100854200F0FB8149F8CA
:103AD00033B001238AF89430B5E70D28F9D1D4E941
:103AE0000007754D49F833B0724E744CC9F8102078
:103AF00083B240F2816CC9F818202A6063454FF008
:103B00000102C6E90007227000F2FF80B3F5D06F12
:103B100080F0CB82B3F5817F00F0268240F2DE8018
:103B200040F2023293427BD107F07F07042F00F26C
:103B30000881020C40F00581614911F8273043F0FB
:103B4000020301F82730134670E017F0080F554BB9
:103B500018BF5B4645F8363075E700F075FB5949EC
:103B6000594A51F82430002B00F05781586841F829
:103B70002400115D03F108007860032905D8DFE80F
:103B800001F0120F1502042111551A8817F0080FC1
:103B900014BFC823882343EA024345F8363052E76E
:103BA00002211155F1E703211155EEE705211155C9
:103BB000EBE7414D2A683AB34449404C0F884448EA
:103BC00094F800E00678402F3B4628BF4023BEF122
:103BD000000F8EF0010E84F800E046F0020486F03B
:103BE0000106067009EBC400426014BFC82088209B
:103BF00040EA03401A44FB1A9BB249F834000B8098
:103C0000002B00F036812A602A4B1A88B2F5A06F8B
:103C10007FF45FAF9A788AF8982000225A7058E7AC
:103C2000B3F5A06F40F08D8000221346B6F806C0B1
:103C30002748944528BF944667460278402F28BFFE
:103C4000402742F0020E3E0409EBCE0846F0C806BB
:103C5000C8F8043049F83E6000263B442670BCEBAF
:103C6000070782F00106067040F01181BCF13F0F9A
:103C70004FF0010509D946F00206027009EBC602B1
:103C800025705360882349F8363001238AF8943030
:103C90001FE700BF0000FF1FC061FF1FD061FF1FB3
:103CA0001062FF1F880040000C62FF1F0D62FF1FA3
:103CB0003862FF1FE061FF1FB461FF1FB161FF1F8A
:103CC000C0200740E861FF1F0862FF1FB261FF1FAD
:103CD000B061FF1F00200740C8004000802B00F0AB
:103CE0008B81822B2DD107F07F07042F29D8A74A7B
:103CF00000231380A64B13F827309F0740F1FC8167
:103D000001231370A14B022290E742F2210C63457C
:103D1000BBD01DD942F2212293420DD1BFB2002F58
:103D200082D19C4B1A689C4B1A609C4BC0F3074095
:103D300000221870134679E742F2213293423FF491
:103D400073AF0F238AF8C03001238AF89430C0E69D
:103D5000B3F5086F00F04A81B3F5106FF1D1904BC5
:103D6000C0F307400425187059F835301A0606D4F8
:103D70000135142D0CD059F835301A06F8D509EB59
:103D8000C50301355868083800F05EFA142DF2D1E9
:103D9000844A854B0292854A0192854E854ADFF816
:103DA00048820394009200251C4656F8047B2FB1EC
:103DB00038467F6800F048FA002FF9D1009BD8F808
:103DC000007043F8045B46F8045C00932FB138465A
:103DD0007F6800F039FA002FF9D1029B48F8045BA4
:103DE00043F8045B0293019B23F8025B0193237861
:103DF000023B032B00F20981DFE813F03F010401CD
:103E00003F0104016C4A45F8360013780133137002
:103E100019E643F82400674BFEE5115D022926D020
:103E20007FF611AE03291DD1012313550BE6E007E0
:103E30006ED4210621D4A20708D5604B93F88820C0
:103E40000221D2B283F8882083F88010E30603D5DC
:103E50005A4B102283F8802005B0BDE8F08F00F0A7
:103E60006DFB11E617F0080F14BF0323022313554F
:103E7000E9E53F2F98BF0022C5E6504B80220D2177
:103E800083F8C01083F88020A207DFD5D5E746F07D
:103E900002060270402F09EBC6003A4628BF4022B6
:103EA00043601004134440F088000121BA1A49F815
:103EB0003600217055D02B60414B1A8001238AF8BF
:103EC000943006E692885AB93E4AE51D14F8011B63
:103ED00002F8011FAC42F9D13B4A1268862A3CD055
:103EE0003A4C3B4825780278002D85F00105257075
:103EF00042F0020482F00102027009EBC4024FF0AA
:103F00000000506014BFC822882249F83420DEE542
:103F10002A4B2F482F49304C022583F894500270C9
:103F20002E480C602E4D48608C600D24CD60FF2023
:103F30000A618A6183F8C04001219F2483F88800C8
:103F400083F8800083F8982083F88C0083F88440FD
:103F500083F8941005B0BDE8F08F224A0F2010704E
:103F6000BEE73F2FA7D890E607F07F07042F3FF664
:103F7000E8AE000C7FF4E5AE054A12F8273023F0D6
:103F8000020302F82730002213464FE6B861FF1FF4
:103F9000C02007402C61FF1F3462FF1F3062FF1FEB
:103FA0000C62FF1FF861FF1F0862FF1F1062FF1FF6
:103FB000C061FF1FD061FF1F1862FF1F0020074074
:103FC000B261FF1F2762FF1F2862FF1FB161FF1F41
:103FD000B061FF1F0000FF1F880040003061FF1F1D
:103FE0007061FF1F0D62FF1FE861FF1F484B4949C9
:103FF0001B780B700B4619E6464A00231380454B8D
:10400000022213E64FF001032370434BB34204F145
:1040100001047FF4CAAE414E039CDFF81481404F87
:1040200000233370042518F8013B3E4AAB541B07AC
:1040300025D445F0020145F0030204350023142D78
:1040400049F8313049F83230EDD1374F25783A7898
:1040500042F0020009EBC00C85F00106CCF80430F8
:10406000002D4DD1882382F0010226703A7049F864
:10407000303001238AF894302BE52570C5E700F035
:10408000C3F8002832D009EBC5030830586049F85E
:10409000357000F0B9F808B345F0010309EBC3022D
:1040A0000830506049F833B0C3E7204A5368002B0A
:1040B0003FF447AE000CBFB204E013690C32002B92
:1040C0003FF43FAE11888142F7D15188B942F4D113
:1040D000000A03280CBF1A781289A7E53378013348
:1040E000337045F0010349F83300A2E7337849F80B
:1040F000350001333370CCE7064B022296E500BE53
:104100002670C82382F001063E7049F83030BCE5C5
:104110000C62FF1FB861FF1FD061FF1F1862FF1FF5
:1041200088004000C0200740B061FF1FF0BA0000C7
:1041300044BB000010B500F02FFB0023234A1946B2
:1041400042F8331002EBC3000133142B4160F7D166
:104150001F48204C436B43F480234363D4F800385A
:1041600000F5283000F5807043F04073C4F8003843
:10417000032480F84440184BA02480F84040C2F348
:10418000072483F89C40C2F30744120E83F8B04022
:104190004FF0FF0C83F8B420012283F880C00F4C4D
:1041A00083F888C083F810C083F8942001704FF022
:1041B000E02183F884204FF0700C4FF4001210239C
:1041C00084F835C0C1F80421037210BD0000FF1F40
:1041D0000080044000D000400020074000E400E0E0
:1041E00000F0ACB800F07CB800F056B800F090B821
:1041F00000F078B900F052B90846114600F0BAB89C
:10420000084600F03DB900BF72B60D490B68B3FA1D
:1042100083F00B2810DC4FF00042C24023EA020377
:104220000B6062B6074A00EBC000C10002EBC000A1
:10423000002353504360704762B60020704700BFB0
:104240005007FF1FD003FF1F0E4BC31AB3F5587F53
:1042500010D20D4A127872B972B60C4A0C49A2FB00
:10426000032308684FF000421B0922FA03F30343BB
:104270000B6062B67047074A1278002AECD0FFF74D
:1042800019BB00BFD003FF1F1862FF1F398EE33830
:104290005007FF1F0C62FF1F38B50F4C206878B124
:1042A00043880288C11801339A420D7A02D94380AB
:1042B000284638BDFFF7C8FF00232360284638BDD5
:1042C000064B1B782BB10320FFF7BEFA20600028B5
:1042D000E6D14FF0FF35EBE71C62FF1F0C62FF1FBA
:1042E00010B5094C206818B143881844007A10BDF5
:1042F000064B1B782BB10320FFF7A6FA206000289D
:10430000F2D14FF0FF3010BD1C62FF1F0C62FF1F87
:10431000084B094A1B6810B594881BB11A885B8842
:10432000D31A1C440CB1204610BD00F02BF92046D6
:1043300010BD00BF1C62FF1F1062FF1F0B4B1B78DC
:104340009BB110B50A4C206848B1FFF77DFF0023F0
:1043500003202360FFF778FA30B1FFF775FF0320E1
:10436000FFF772FA0028F8D110BD70470C62FF1FEA
:104370001C62FF1F2DE9F04FDFF8F89083B0012297
:1043800089F80020019179B3374FDFF8EC80019D67
:10439000364EDFF8E8A083463868A8B3B0F802E0EC
:1043A000CEF1400CAC4528BFAC460EEB0C0400220D
:1043B000A4B23270A5EB0C05448000F10802BCF1F8
:1043C000000F0AD00EF1FF3E7244DC441BF8014B93
:1043D00002F8014FDC45F9D144883F2C0BD8052267
:1043E0008AF80020002DD7D10198002389F80030E9
:1043F00003B0BDE8F08F4022028001460420FFF7A1
:104400009BFA00223A60EAE798F800201AB3184CA9
:1044100008E0013C18D03278B2B900F0B3F898F84F
:104420000020C2B10420FFF72FFA0728F1D84FF07F
:10443000010389F80030FFF7E7FE38600028ADD1AE
:10444000013C89F80000E6D101234FF0FF303370C2
:1044500003B0BDE8F08F00234FF0FF3089F8003043
:1044600003B0BDE8F08F00BF2462FF1F2062FF1F72
:10447000214801002162FF1F0C62FF1F3862FF1FED
:1044800000B583B0034601210DF107008DF8073018
:10449000FFF770FF03B05DF804FB00BF38B50E4DA9
:1044A0000E4C28680123237028B140880023C0F1F6
:1044B0004000237038BD0A4B1B7813B900202070D0
:1044C00038BD0420FFF7E0F90728F7D8FFF79CFE76
:1044D00028600028E9D1F1E72462FF1F2162FF1F55
:1044E0000C62FF1FF8B5114B1B788BB1104E114DAC
:1044F000346801272F7064B10F4B00271F70638849
:10450000238021460420FFF717FA376000232B7021
:10451000F8BDFFF779FE084B014620B104201C705E
:10452000FFF70AFAF2E71F70F0E700BF0C62FF1F07
:104530002462FF1F2162FF1F3862FF1F38B50E4B38
:104540001B7853B90D4C216841B103F0FF054B882E
:104550000B800420FFF7F0F9256038BDFFF754FE0B
:10456000014620B1BDE838400420FFF7E5B9044B0F
:1045700001221A7038BD00BF2162FF1F2462FF1F95
:104580003862FF1F2DE9F843324E337863B1324F62
:104590003A784AB90122D9073A7043D49A0726D407
:1045A00000225B073A7001D4BDE8F8832B4B1A68F0
:1045B000002AF9D0EFF30582002AF5D1EFF3108538
:1045C00072B6186800283AD0254C2178002936D1D7
:1045D00042691A6001232370002A37D0916105B91E
:1045E00062B600258368457798472570DCE7DFF8D9
:1045F0007C8098F80020002AD2D00025DFF8709047
:104600002B4659F82340236820461B6901359847FB
:1046100008B12369984798F80020EBB29A42F0D885
:104620003378BDE7FFF774FE68B90E4B1B780BB902
:104630003378B3E7337803F0FE033370AEE7002D31
:10464000B2D162B6B0E700F0A5F8EEE7064B1A600B
:10465000C5E700BF5407FF1F3962FF1F3C62FF1F01
:104660004862FF1FECBA00004C62FF1F6862FF1F28
:104670005062FF1F70B5EFF3108272B60C4C2068C9
:1046800080B10C4E00254369236073B19D6102B96E
:1046900062B6836845779847EFF3108272B6206858
:1046A0000028F0D102B962B670BD3360EFE700BFF9
:1046B0004462FF1F4062FF1FFFF7DCBF024A13681E
:1046C00001331360704700BF2C61FF1F2A4B2B4A38
:1046D0006020E1211870597013782948082B34D0D4
:1046E0000A2B20D00C2B274B0CBF35215D21122229
:1046F0008160C2609960DA60234B21491B78214AAE
:10470000CBB101230B621362204B1D491B781D4A5C
:10471000012B13D9042B1BD884234B6253621C4BEF
:1047200001221A707047174B392113228160C26031
:104730009960DA60E0E70B621362E5E780234B6281
:104740005362134B01221A7070470E4B2121ECE784
:10475000082B06D885234B6253620D4B01221A7039
:104760007047102B94BF862387234B625362084BFC
:1047700001221A70704700BF004007405507FF1F15
:1047800000B0034000B00B406962FF1F5607FF1FD7
:104790006A62FF1F704700BF10B584B072B6FEF7A3
:1047A000DBFE174A17495160702080231070137088
:1047B00013781B06FCD5D468FEF7E4FE62B6124BF4
:1047C0009C423CBF04EB8404640020460F4C01A9CA
:1047D0000A22FEF7EDFE01A92046002311F8012B65
:1047E00001333AB10A2B20F8022FF7D11623237098
:1047F00004B010BD5B00DBB2237004B010BD00BF7D
:10480000000002400000074180969800E407FF1F67
:1048100081F0004102E000BF83F0004330B54FEA71
:1048200041044FEA430594EA050F08BF90EA020FDE
:104830001FBF54EA000C55EA020C7FEA645C7FEA71
:10484000655C00F0E2804FEA5454D4EB5555B8BF94
:104850006D420CDD2C4480EA020281EA030382EA05
:10486000000083EA010180EA020281EA0303362D97
:1048700088BF30BD11F0004F4FEA01314FF4801C6A
:104880004CEA113102D0404261EB410113F0004F7C
:104890004FEA03334CEA133302D0524263EB430333
:1048A00094EA050F00F0A780A4F10104D5F1200ED1
:1048B0000DDB02FA0EFC22FA05F2801841F100012C
:1048C00003FA0EF2801843FA05F359410EE0A5F100
:1048D00020050EF1200E012A03FA0EFC28BF4CF031
:1048E000020C43FA05F3C01851EBE37101F00045E7
:1048F00007D54FF0000EDCF1000C7EEB00006EEBF4
:104900000101B1F5801F1BD3B1F5001F0CD349087D
:104910005FEA30004FEA3C0C04F101044FEA4452D4
:1049200012F5800F80F09A80BCF1004F08BF5FEA5B
:10493000500C50F1000041EB045141EA050130BD3B
:104940005FEA4C0C404141EB0101013C28BFB1F54D
:10495000801FE9D291F0000F04BF01460020B1FA98
:1049600081F308BF2033A3F10B03B3F120020CDA6B
:104970000C3208DD02F1140CC2F10C0201FA0CF049
:1049800021FA02F10CE002F11402D8BFC2F1200CAE
:1049900001FA02F120FA0CFCDCBF41EA0C01904064
:1049A000E41AA2BF01EB0451294330BD6FEA0404AD
:1049B0001F3C1CDA0C340EDC04F11404C4F1200298
:1049C00020FA04F001FA02F340EA030021FA04F3AA
:1049D00045EA030130BDC4F10C04C4F1200220FA01
:1049E00002F001FA04F340EA0300294630BD21FA3F
:1049F00004F0294630BD94F0000F83F4801306BF05
:104A000081F480110134013D4EE77FEA645C18BFF8
:104A10007FEA655C29D094EA050F08BF90EA020F8F
:104A200005D054EA000C04BF1946104630BD91EA87
:104A3000030F1EBF0021002030BD5FEA545C05D18A
:104A40004000494128BF41F0004130BD14F58004C9
:104A50003CBF01F5801130BD01F0004545F0FE413D
:104A600041F470014FF0000030BD7FEA645C1ABF72
:104A7000194610467FEA655C1CBF0B46024650EAA9
:104A8000013406BF52EA033591EA030F41F40021D5
:104A900030BD00BF90F0000F04BF0021704730B55B
:104AA0004FF4806404F132044FF000054FF0000130
:104AB00050E700BF90F0000F04BF0021704730B5F1
:104AC0004FF4806404F1320410F0004548BF4042C6
:104AD0004FF000013EE700BF42004FEAE2014FEA1B
:104AE00031014FEA02701FBF12F07F4393F07F4FF6
:104AF00081F06051704732F07F4208BF704793F0F9
:104B00007F4F04BF41F40021704730B54FF460740B
:104B100001F0004521F000411CE700BF50EA01020E
:104B200008BF704730B54FF000050AE050EA0102B7
:104B300008BF704730B511F0004502D5404261EB27
:104B400041014FF4806404F132045FEA915C3FF468
:104B5000D8AE4FF003025FEADC0C18BF03325FEA05
:104B6000DC0C18BF033202EBDC02C2F1200300FAB6
:104B700003FC20FA02F001FA03FE40EA0E0021FADB
:104B800002F11444BDE600BF4FF0FF3C06E000BF59
:104B90004FF0010C02E000BF4FF0010C4DF804CDC6
:104BA0004FEA410C7FEA6C5C4FEA430C18BF7FEA86
:104BB0006C5C1BD001B050EA410C0CBF52EA430CB4
:104BC00091EA030F02BF90EA020F0020704710F134
:104BD000000F91EA030F58BF994208BF90422CBFC3
:104BE000D8176FEAE37040F0010070474FEA410CBC
:104BF0007FEA6C5C02D150EA013C07D14FEA430CDA
:104C00007FEA6C5CD6D152EA033CD3D05DF8040B4A
:104C1000704700BF8446104662468C46194663467C
:104C200000E000BF01B5FFF7B7FF002848BF10F153
:104C3000000F01BD4DF808EDFFF7F4FF0CBF012098
:104C400000205DF808FB00BF4DF808EDFFF7EAFF14
:104C500034BF012000205DF808FB00BF4DF808EDCF
:104C6000FFF7E0FF94BF012000205DF808FB00BFC4
:104C70004DF808EDFFF7CEFF94BF012000205DF84E
:104C800008FB00BF4DF808EDFFF7C4FF34BF01205B
:104C900000205DF808FB00BF4FEA410C7FEA6C5C26
:104CA00002D150EA013C0AD14FEA430C7FEA6C5C26
:104CB00002D152EA033C02D14FF0000070474FF09E
:104CC000010070472DE9F04F01F10B06162E83B05D
:104CD000044624D8102900F2BA8000F0A3FA102666
:104CE00018220220B54F3A44A2F1080153688B42C2
:104CF00000F0BA805A68D96822F003021A449D680D
:104D0000E9608D60516841F001012046516003F176
:104D1000080500F08DFA284603B0BDE8F08F36F0A4
:104D2000070600F19480B14200F2918000F07AFA17
:104D3000B6F5FC7FC0F09A81730A00F08F80042BD7
:104D400000F26F81B30903F1390003F1380CC3009D
:104D50009A4F3B44A3F108055B689D4206D10CE0E5
:104D6000002980F22781DB689D4206D05A6822F034
:104D70000302911B0F29F3DD60463D69DFF850C245
:104D800065457CD06A6822F00302931B0F2B00F369
:104D90007B81002BC7E904CC80F26C81B2F5007FE7
:104DA00080F01A81D308796801334FEA521E01223C
:104DB00002FA0EF20A4357F833E0C5F808E007EBB1
:104DC000C3010839E9607A6047F83350CEF80C50D7
:104DD000831001219940914257D8114206D120F009
:104DE00003004900114200F10400FAD007EBC009AA
:104DF0004D468646D5F80C80454508D11DE1002B6F
:104E000080F22481D8F80C80454500F01681D8F84E
:104E1000042022F00302931B0F2BF0DD2046D8E97B
:104E2000025408EB060146F00106C8F80460EC6085
:104E3000A56043F00104C7E90411C1E902CC4C604C
:104E400048F8023000F0F4F908F1080502E00C23FC
:104E500023600025284603B0BDE8F08F4FF40073AF
:104E600040204FF03F0C73E7D3689A4208BF0230EE
:104E70007FF440AF3D69DFF858C1654582D17A685B
:104E80008310012199409142A7D9BD686B6823F036
:104E900003094E4503D8A9EB06030F2B7ADCDFF894
:104EA00034B1474BDBF800201B680132334405EB7B
:104EB000090A00F0338103F580530F3323F47F6830
:104EC00028F00F084146204600F078FE411C0246BB
:104ED00000F0F380824500F2EE803A4B19684144BD
:104EE0001960084600F04E81DBF800100193013193
:104EF0001BBFA2EB0A010918CBF80020196012F0C1
:104F0000070B00F01781CBF108010A44CBF5805163
:104F100090440831A1EB0801C1F30B0A5146204629
:104F2000009200F04BFE421CDDE9002300F04F81AF
:104F3000801A00EB0A081968BA6048F00100514471
:104F4000BD425060196000F02981B9F10F0F40F2A5
:104F500027816868A9F10C0C2CF0070C00F0010007
:104F600040EA0C0068604FF0050E05EB0C00BCF148
:104F70000F0FC0E901EE00F2328150681546124B66
:104F80001A688A4238BF1960104B1A688A4238BFC3
:104F9000196094E0AA1943F0010346F001066E601F
:104FA0002046BA60536000F043F90835284603B044
:104FB000BDE8F08FD9681A44A1E600BFFC07FF1FC7
:104FC0009C62FF1F6C62FF1F9462FF1F9862FF1FAD
:104FD0000408FF1F040CFF1FB2F5206F4FEA522395
:104FE00063D3142B00F2B78003F15C01C9005B337B
:104FF00007EB010E7958AEF1080E8E4500F0918056
:105000004B6823F00303934202D989688E45F7D198
:10501000D1F80CE07A68C5E9021ECEF80850CD60E0
:10502000D6E6142B59D9542B00F29D80330B03F193
:105030006F0003F16E0CC3008AE60EF1010E1EF044
:10504000030F05F108057FF4D5AE51E04244454613
:105050005368D8F80C1043F00103536055F8083F2B
:105060002046D9608B6000F0E3F8F3E6F00806F123
:10507000080237E62A442046536843F00103536090
:10508000083500F0D5F8E5E6A919204646F00106F6
:1050900043F001046E60C7E90411C1E902CC4C6021
:1050A000AB5000F0C5F80835D4E6930903F1390197
:1050B000C90038339CE7BD425FD0BD68686820F006
:1050C00003084645A8EB060302D80F2B3FF762AF53
:1050D000204600F0ADF80025BCE603F15C0003F1CA
:1050E0005B0CC30034E659F808394B4540F0968014
:1050F00010F0030F00F1FF30F5D17B6823EA0103C4
:105100007B60490099423FF6C0AE19B9BDE649003F
:105110000EF1040E1942FAD0704667E603F110084A
:10512000D0E69A104FF001087B6808FA02F21A43A1
:105130007A6070E702EB08014942C1F30B0A51465D
:105140002046009200F03AFD431CDDE900237FF485
:10515000EFAEDA46EFE6542B25D8130B03F16F01BF
:10516000C9006E3344E7B3F5AA7F25D8F30B03F1EA
:10517000780003F1770CC300EAE5294B1868404436
:105180001860B1E6CAF30B0CBCF1000F7FF4ACAEB3
:10519000BD68C84448F001006860F0E61546EEE6D8
:1051A0000123536094E7B3F5AA7F23D8D30B03F10F
:1051B0007801C90077331BE740F25452934223D859
:1051C000B30C03F17D0003F17C0CC300C0E5ABF12F
:1051D000080BD844A8EB02084FF0000AABE605F133
:1051E00008012046009300F019FEBD68009B686826
:1051F0001968C4E640F254518B420BD8930C03F16A
:105200007D01C9007C33F3E64FF47E737F204FF0BD
:105210007E0C9DE54FF47E717E23E9E67B6870E7A6
:105220006C62FF1F014800F01FBD00BFE463FF1F59
:10523000014800F01BBD00BFE463FF1F2DE9F84FDC
:105240001746002900F098800C4607F10B058046B0
:10525000FFF7E8FF162D54F8041C5BD810252A46EA
:10526000AF425CD821F003069642A4F1080962DA45
:10527000BC4BD3F808C009EB0600844500F09780CA
:10528000D0F804C02CF0010303445B68DB0768D44A
:105290002CF0030C06EB0C03934247DACB0710D437
:1052A00054F8083CA9EB030ADAF8043023F00301B0
:1052B0008C44B444944580F211817318934280F277
:1052C000E88039464046FFF7FDFC0746E0B154F858
:1052D000043C23F001034B44A0F10802934200F088
:1052E000D280321F242A00F2F580132A00F2AC800B
:1052F00003462246116819605168596092689A60A5
:105300002146404600F08AFD4046FFF791FF3846AF
:10531000BDE8F88F25F00705002D2A46A0DA0C23FA
:10532000C8F8003000273846BDE8F88F1E46D0E99F
:105330000223D3609A60731B0F2B22D8D9F8043054
:1053400003F0010333434E44C9F80430736843F05B
:105350000103736040462746FFF76AFF3846BDE801
:10536000F88FC907ADD454F8083CA9EB030ADAF862
:10537000041021F00301A0E7BDE8F84F1146FFF744
:10538000A1BCD9F8042009EB050102F001024E444A
:1053900043F001032A43C9F804204B60736843F0CB
:1053A000010308317360404600F038FDD2E7DCF8B5
:1053B000040020F0030B06EB0B0C05F110008445F4
:1053C0004DDAC9073FF57DAF54F8081CA9EB010A77
:1053D000DAF8041021F003018B44B34458453FF739
:1053E0006CAF5746DAF80C1057F8080F321F242A12
:1053F000C160886000F2DB80132A40F2D680216809
:10540000CAF808106168CAF80C101B2A00F2DF8085
:1054100008340AF110022168116061685160A168C6
:1054200091600AEB0501ABEB050242F001029960C5
:105430004A60DAF8043003F001032B434046CAF80F
:105440000430FFF7F5FE6EE723680360636843608E
:105450001B2A68D804F1080200F108034AE709EBA7
:1054600005029A60ACEB050343F00103536054F866
:10547000043C03F001032B43404644F8043CFFF78F
:10548000D7FE27464FE750F8043C23F003031E44A1
:1054900051E75746DAF80C1057F8080F321F242A44
:1054A000C16088604CD8132A48D92168CAF808100E
:1054B0006168CAF80C101B2A56D808340AF1100289
:1054C0001E462368136063685360A3689360D146E7
:1054D0003C4630E7214600F02DFA11E7D0E90213EF
:1054E0005746CB60996057F8081FDAF80C30CB604C
:1054F000321F242A99602DD8132A29D92368CAF883
:1055000008306368CAF80C301B2A42D808340AF104
:10551000100322681A6062685A60A2689A60664640
:10552000D1463C4607E7A3688360E368C360242A4A
:1055300026D004F1100200F11003DBE63A46BFE783
:10554000214638461E46D14600F0F4F93C46F2E6C4
:105550003B46DEE7214638466646D14600F0EAF98A
:105560003C46E8E6FC07FF1FA168CAF81010E16896
:10557000CAF81410242A20D010340AF118029FE728
:10558000236903616169416104F1180200F11803A4
:10559000B0E6A368CAF81030E368CAF81430242AC9
:1055A00021D010340AF11803B3E73A4633E7214615
:1055B000384600F0BFF9164B33E72269CAF81820C5
:1055C0006269CAF81C2018340AF1200278E7A16841
:1055D000CAF81010E168CAF81410242A0DD010344B
:1055E0000AF1180217E72369CAF818306369CAF884
:1055F0001C3018340AF120038BE72269CAF81820FE
:105600006269CAF81C2018340AF1200203E700BFBF
:10561000FC07FF1F024A0349034800F0BBB800BF64
:105620000C0CFF1FC9830000880DFF1F0C4B416845
:10563000994210B5044601D002F0C6FEA168094B9C
:10564000994202D0204602F0BFFEE168064B994223
:1056500004D02046BDE8104002F0B6BE10BD00BF29
:10566000A062FF1F0863FF1F7063FF1F2DE9F8434F
:105670002A4C2B4B2B48DFF8C090DFF8C0802A4F14
:105680001860002504230822294604F15C00274EF7
:105690006566C4E90253C4E90055C4E90455A5612F
:1056A00000F0C4F9224B63670822294604F1C400C4
:1056B000C4E90749C4E90987C4E91A55C4E91E5574
:1056C000C4F8CC502567C4F88050E66200F0AEF90B
:1056D000184BC4F8DC30294604F16803082204F5AD
:1056E0009670C4F88430C4E92298C4E92476C4E9E9
:1056F0003455C4E93855C4F83451C4F8D850C4F806
:10570000E85000F093F904F1D003C4E93C98C4E9EF
:105710003E76C4F8EC30BDE8F88300BFA062FF1FFE
:10572000D863FF1F15560000415800006158000063
:105730000900010012000200DD57000001580000BE
:1057400010B504460A4800F08FFA636B23B9094B81
:10575000094A1B68626323B1BDE81040044800F0A9
:1057600085BAFFF783FFBDE81040014800F07EBA1C
:10577000E863FF1FD863FF1F2D560000014800F0AB
:1057800073BA00BFE863FF1F014800F06FBA00BFA3
:10579000E863FF1F2DE9F84380460F4616464FF099
:1057A0000009D6E90154013D11D4A389012B05F16B
:1057B000FF3508D9B4F90E300133214603D04046F5
:1057C000B84749EA00096B1C04F16804EDD136685A
:1057D000002EE6D14846BDE8F88300BF10B50C4660
:1057E000B1F90E1000F0D4F9002803DB236D034457
:1057F000236510BDA38923F48053A38110BD00BF8E
:105800002DE9F0410C46B1F90C101F46CB050546B9
:1058100016460BD421F48051A1813B46B4F90E10F9
:1058200032462846BDE8F04100F0DAB9B4F90E106E
:105830000223002200F096F9B4F90C10EAE700BF49
:1058400010B50C46B1F90E1000F08CF9A389421C7A
:105850000EBF23F4805343F480532065A38110BD11
:10586000B1F90E1000F06CB9F0B5ADF5057D04AFDF
:10587000009313464FF400720E460392394603AA72
:10588000054600F025F888B104460246039B3146E0
:10589000284600F0A5F9BC42039004D028462146D2
:1058A00000F0BCFA03980DF5057DF0BD4FF0FF3018
:1058B000F9E700BF10B4054C8446134620685DF834
:1058C000044B0A466146FFF7CFBF00BFA80EFF1F7B
:1058D00030B5146815469BB01A4609B1002C19D191
:1058E00000214FF42273ADF80C30009104914FF673
:1058F000FF7302910591ADF80E3069461E9B00F0D2
:1059000073FF002813DB009B286000221A700498A4
:105910001BB030BD4FF4C16300910491ADF80C3061
:105920002146E4DA8B23036000201BB030BD002049
:10593000EEE700BF88420DD98B1883420AD900EBED
:10594000020CBAB1624613F801CD02F801CD9942BA
:10595000F9D170470F2A0ED8034602F1FF3C4AB135
:105960000CF1010C013B8C4411F8012B03F8012FC1
:105970006145F9D1704740EA01039B0750D1A2F17C
:10598000100370B501F1200C23F00F0501F1100E8A
:1059900000F11004AC441B095EF8105C44F8105C84
:1059A0005EF80C5C44F80C5C5EF8085C44F8085C3B
:1059B0005EF8045C44F8045C0EF1100EE64504F158
:1059C0001004E9D1013312F00C0F01EB031102F0C6
:1059D0000F0400EB031327D0043C24F003064FEA26
:1059E000940C1E441C1F8E465EF8045B44F8045F52
:1059F000B442F9D10CF1010402F0030203EB840379
:105A000001EB840102F1FF3C4AB10CF1010C013BB6
:105A10008C4411F8012B03F8012F6145F9D170BDB9
:105A200002F1FF3C03469BE72246EBE7830730B5D4
:105A300048D0541E002A3FD0CAB2034601E0013CC0
:105A40003AD303F8012B9D07F9D1032C2DD9CDB200
:105A500045EA05250F2C45EA054536D9A4F1100283
:105A600022F00F0C03F1200EE6444FEA121C03F162
:105A7000100242E9045542E9025510327245F8D14C
:105A80000CF1010214F00C0F03EB021204F00F0CE6
:105A900013D0ACF1040323F003030433134442F89E
:105AA000045B9342FBD10CF003042CB1C9B21C443B
:105AB00003F8011B9C42FBD130BD64461346002C09
:105AC000F4D1F9E703461446BFE71A46A446E0E7D7
:105AD00040EA01039B0730B501D1032A0FD8844661
:105AE00001F1FF3E07E01EF8011F03F8011B541EE1
:105AF000C1B19C4622466346002AF4D130BD0B4614
:105B00008446194653F8045BA5F1013424EA0504E0
:105B100014F0803FE4D1043A032A4CF8045B1946A0
:105B2000EFD8DDE79444002CE8D003F8011B63456F
:105B3000FBD130BD014B93F828017047180CFF1FB3
:105B400038B5074D0022044608462A60FDF7F2FCEE
:105B5000431C00D038BD2B68002BFBD0236038BD20
:105B6000DC63FF1F38B50C46084D844611462046BD
:105B70001A4600232B606446FDF7E8FC431C00D066
:105B800038BD2B68002BFBD0236038BDDC63FF1FC2
:105B900038B50C46084D8446114620461A46002367
:105BA0002B606446FDF7C4FC431C00D038BD2B6855
:105BB000002BFBD0236038BDDC63FF1F38B5074DD9
:105BC0000022044608462A60FDF798FC431C00D0DA
:105BD00038BD2B68002BFBD0236038BDDC63FF1F72
:105BE00038B50C46084D8446114620461A46002317
:105BF0002B606446FDF760FB431C00D038BD2B686A
:105C0000002BFBD0236038BDDC63FF1F014B1868FD
:105C1000704700BFA80EFF1F70B50D4E0D4D761BCF
:105C2000B61006D0002455F8043B01349847A6422C
:105C3000F9D1094E094D761B06F07CF9B61006D055
:105C4000002455F8043B01349847A642F9D170BDB1
:105C500040BF000040BF00004CBF000040BF00003C
:105C6000704700BF704700BF704700BF704700BF5C
:105C7000FFFFFFFFFFFFFFFFFFFFFFFFFFFFFFFF34
:105C800090F800F06DE9024520F007016FF0000C7C
:105C900010F0070491F820F040F049804FF0000424
:105CA0006FF00700D1E9002391F840F000F10800FF
:105CB00082FA4CF2A4FA8CF283FA4CF3A2FA8CF337
:105CC0004BBBD1E9022382FA4CF200F10800A4FA9E
:105CD0008CF283FA4CF3A2FA8CF3E3B9D1E90423F2
:105CE00082FA4CF200F10800A4FA8CF283FA4CF329
:105CF000A2FA8CF37BB9D1E9062301F1200182FAE3
:105D00004CF200F10800A4FA8CF283FA4CF3A2FAE8
:105D10008CF3002BC6D0002A04BF04301A4612BAF6
:105D2000B2FA82F2FDE8024500EBD2007047D1E9F9
:105D3000002304F00305C4F100004FEAC50514F088
:105D4000040F91F840F00CFA05F562EA05021CBF59
:105D500063EA050362464FF00004A9E7024B13B162
:105D6000024800F005B87047000000001D860000E2
:105D7000002301461A46184602F0F0BCF8B5244F3D
:105D80000C460646FFF74EFABB685D68C4F57E61B7
:105D90000F3125F003054B1923F47F6323F00F0324
:105DA000A3F58054B4F5805F07DB00213046FFF790
:105DB00005FFBB682B44984204D03046FFF738FA01
:105DC0000020F8BD61423046FFF7F8FE01300DD0EB
:105DD000104ABB682D1B45F001055D601368304615
:105DE0001B1B1360FFF724FA0120F8BD0021304689
:105DF000FFF7E4FEBA68831A0F2BDEDD43F00103E0
:105E00005360054B03491B68C01A0860D5E700BF03
:105E1000FC07FF1F6C62FF1F040CFF1F002961D0ED
:105E2000F8B50C460646FFF7FDF954F8042C7B4FF5
:105E3000A4F1080522F0010105EB010CB868DCF8BB
:105E40000430604523F0030300F08B80D207CCF8C8
:105E5000043032D454F8082CAD1A1144AA6807F162
:105E6000080082426AD00CEB0304D4F804E0EC682A
:105E7000D4601EF0010FA26000F0978041F0010392
:105E80006B60CCF80010B1F5007F35D27868CB0894
:105E90000122490901338A40024357F833107A60DE
:105EA00007EBC302083AC5E9021247F83350CD6048
:105EB0003046BDE8F840FFF7BBB90CEB030252686F
:105EC000D00710D4194407F10800DCF808308342E9
:105ED00073D0DCF80C20DA60936041F001036B6052
:105EE0006950D0E7704741F00103B1F5007F44F8F5
:105EF000043CCCF80010C9D3B1F5206F4FEA512310
:105F000048D28B0903F1390003F13802C300F818B5
:105F1000FB580838984259D05A6822F003028A4246
:105F200002D99B689842F7D1D868C5E902308560EC
:105F3000DD603046BDE8F840FFF77AB90CEB0302AC
:105F40005268D20763D40B44DCE90212CA60916044
:105F500043F001026A603046EB50BDE8F840FFF7BD
:105F600067B90B44D10707D454F8082CAD1A134471
:105F7000D5E90212CA60916043F001026A60284AC2
:105F8000BD6012689A4293D8264B30461968FFF7D5
:105F9000F5FE8DE7142B0AD9542B1FD80B0B03F1F8
:105FA0006F0003F16E02C300B1E719448DE703F1FE
:105FB0005C0003F15B02C300A9E741F00103C7E9FC
:105FC0000455C5E902006B60695071E77968921069
:105FD000012404FA02F20A437A60A6E7B3F5AA7F25
:105FE00006D8CB0B03F1780003F17702C3008EE7EC
:105FF00040F25452934206D88B0C03F17D0003F11A
:106000007C02C30083E74FF47E737E227FE741F07A
:1060100001036B60CCF800104AE700BFFC07FF1FCC
:10602000080CFF1F9C62FF1F82B049B15AB16BB1CF
:1060300013780B601278101E18BF012002B0704751
:1060400001A9002AF3D1104602B070476FF0010099
:10605000F4E700BF436C70B505460C464BB153F8EE
:10606000240080B1026843F824200023C0E90333F0
:1060700070BD2122042102F0D5FB0346686400288C
:10608000EDD1002070BD012101FA04F6721D9200CD
:10609000284602F0C7FB0028F3D0C0E90146E4E738
:1060A00031B1436C4A6853F82200086043F822106B
:1060B000704700BF2DE9F0410E6980460F461D462E
:1060C00001F1140E0020DEF800108CB202FB045324
:1060D000090C4FEA134C02FB01CC01309CB204EBDB
:1060E0000C4486424EF8044B4FEA1C45EBDC3DB1B4
:1060F000BB68B34207DD07EB860301365D613E6195
:106100003846BDE8F081796840460131FFF7A2FFCB
:106110000446B0B13A69023207F10C0192000C302A
:10612000FDF7EAF8D8F844307A6853F8221039605D
:1061300043F82270274607EB860301365D613E6116
:10614000DEE7034B03482246BA2102F04BFB00BFB7
:1061500094BC0000A8BC0000030C1B04D3B90004CD
:10616000102310F07F4F04BF0002083310F0704F6F
:1061700004BF0001043310F0404F04BF800002331D
:10618000002805DB10F0804F03F1010308BF202336
:10619000184670470023E4E7036813F0070208D0AD
:1061A000D9071FD49A0722D55B0803600122104645
:1061B000704799B209B91B0C1022D9B209B908323B
:1061C0001B0A190704BF1B090432990704BF9B0867
:1061D0000232D90703D45B0802F1010205D0036043
:1061E000104670470022104670472022DFE79B08C8
:1061F000022203601046704738B5436C04460D46D2
:106200004BB15868B0B102685A6000220123C0E95E
:106210000435C26038BD2122042102F003FB03468D
:1062200060640028EDD1094B0948002240F2451175
:1062300002F0D8FA1C220121204602F0F3FA0028CD
:10624000F1D001220223C0E90123DEE794BC000063
:10625000A8BC00002DE9F04F0E691569AE4285B06B
:106260008846144605DB2A46234635460C46164624
:106270009846A3686168AF19BB42B8BF0131FFF708
:10628000E9FE0190002800F08780019B03F11409CA
:1062900009EB870AD14505D24B46002243F8042B6F
:1062A0009A45FBD808F1140808EB860B04F1140397
:1062B000D8451A4603EB85055FD22B1B153B23F00F
:1062C000030304331534A54238BF0423CDE902A7E4
:1062D000AC461F46924605E0090C29D1C34509F199
:1062E000040948D958F8041B8DB2002DF4D0564645
:1062F0004C46002356F8041B22681FFA81FE90B218
:10630000090C05FB0E00120C034405FB012202EBF5
:1063100013429BB243EA0243B44544F8043B4FEABC
:106320001243E7D849F8073058F8041C090CD5D0B7
:10633000D9F8003050461A464C4600260588120C03
:1063400001FB052216449BB243EA064344F8043B92
:1063500050F8045B22682D0C93B201FB053303EB6C
:10636000164384454FEA1346E8D8C34549F8073039
:1063700009F10409B6D8DDE902A7002F02DC05E027
:10638000013F03D05AF8043D002BF9D0019B184679
:106390001F6105B0BDE8F08F034B0448019A4FF42C
:1063A000B17102F01FFA00BF94BC0000A8BC00004D
:1063B00012F003032DE9F0411446064632D10D4692
:1063C000A41020D0D6F84080B8F1000F33D0E307F6
:1063D0004FF0000707D4641015D0D8F80000A8B11A
:1063E0008046E307F7D5424629463046FFF732FF9D
:1063F000B5B16968736C641053F821202A6043F8C2
:1064000021500546E9D12846BDE8F0814246414683
:106410003046FFF71FFFC8F8000007608046E0E73E
:106420000546D8E7013B0F4A52F823200023FFF727
:1064300041FE0546C4E701213046FFF70BFE8046CA
:1064400040B1012340F27122C0E9043200233064DC
:106450000360BCE7044B0548424640F2451102F098
:10646000C1F900BFF8BD000094BC0000A8BC00004A
:106470002DE9F0470D4614462F69AB68496807EBD4
:1064800062177E1C9E4280464FEA621904DD5B0063
:106490009E4201F10101FADC4046FFF7DBFD844634
:1064A000002852D0B9F1000F00F114020EDD09F1FD
:1064B00005014FEA810E134600EB8101002043F8ED
:1064C000040B8B42FBD1AEF114031A44296905F188
:1064D000140314F01F0E03EB81012ED0CEF120091E
:1064E00010464FF0000A1C6804FA0EF444EA0A044D
:1064F00040F8044B53F8044B994224FA09FAF2D8B5
:106500004B1B153B23F00303043305F115008142B7
:1065100038BF0423BAF1000F18BF374642F803A072
:10652000D8F844306A68CCF8107053F8221029600B
:10653000604643F82250BDE8F087043A53F8040B54
:1065400042F8040F9942F9D8EAE7034B0348624640
:106550004FF4EF7102F046F994BC0000A8BC0000B3
:106560000B6984460069C01A16D10CF1140C143161
:106570000CEB830210B401EB830301E0944508D2D5
:1065800052F8044D53F8041D8C42F7D005D24FF059
:10659000FF305DF8044B7047704701205DF8044BF5
:1065A000704700BF2DE9F84F0F691369FF1A002FDC
:1065B0000E4690467FD101F11405143202EB83029E
:1065C00005EB830301E09D4278D253F8041D52F895
:1065D000044DA142F7D069D37168FFF73BFD8146B6
:1065E000002877D03569D8F81020C76008F1140E5C
:1065F00006F1140009F1140A06F110010EEB8202F3
:1066000000EB850756464FF0000C5EF8044B51F83E
:1066100004BFA3B21CFA8BFCACEB03034FEA144C8F
:10662000CCEB1B4C0CEB234C9BB243EA0C43724566
:1066300046F8043B4FEA2C4CE7D8A2EB0801153989
:1066400008F11508424521F0030404F1040438BFA1
:106650000424204421F0030238BF00228742524420
:10666000544418D92646014651F8043B1CFA83FCD1
:106670004FEA2C4202EB13421FFA8CFC4CEA024315
:106680008F4246F8043B4FEA224CEDD8013F3F1AB7
:1066900027F00307E21923B952F8043D013D002B0E
:1066A000FAD0C9F810504846BDE8F88F33460127A4
:1066B0004646984690E7F9DB00278DE70021FFF773
:1066C000C9FC814668B101220023C9E90423484678
:1066D000BDE8F88F064B07484A4640F2452102F0D4
:1066E00081F8034B03484A4640F2372102F07AF81A
:1066F00094BC0000A8BC00002DE9F043884683B09C
:10670000012157EC106B1546FFF7A4FC0446002846
:1067100051D0C7F30A59C7F31303B9F1000F01D0E1
:1067200043F48013002E019318D101A8FFF734FD24
:10673000019A6261012200F120032261B9F1000F88
:1067400025D0A9F2334909EB03022046C3F13503F2
:10675000C8F800202B6003B0BDE8F08368460096BF
:10676000FFF71AFD034610B3DDE90002C3F1200173
:1067700002FA01F10143DA4061610192002AA2614B
:1067800014BF022201222261B9F1000FD9D1A3F274
:106790003243C8F8003004EB82031869FFF7DCFCD1
:1067A000C0EB421320462B6003B0BDE8F083009A93
:1067B0006261019AE2E7034B0348224640F20F313F
:1067C00002F010F894BC0000A8BC000049B1FF2AF8
:1067D00002D80A70012070478A2303604FF0FF300F
:1067E00070470846704700BF2DE9F04F2DED068B2E
:1067F000D3B00C460AEE101A90460893824601F078
:1068000009FF036813931846FFF73AFA082211901C
:10681000002122A8FFF70AF9A3891F0603D52369DF
:10682000002B00F052879FED847B0023CDE92733B6
:10683000CDE91433CDE916338DED0E7B29AA0D93E6
:1068400026929146129304934446A0467C4BD3F87B
:10685000E450FFF76FF9034622A8009042461EA9B4
:106860005046A847002800F0B080C0F2A6801E9ACB
:10687000252A034601D09844E8E7B8EB040706460A
:1068800040F0A78000234FF0FF328DF86F309B4619
:10689000069308F1010898F8003003922B25202672
:1068A00008F10108A3F120025A2A00F2CB80DFE8A8
:1068B00012F0F302C900C900EE02C900C900C90004
:1068C0006A00C900C90014029002C9001F02D40264
:1068D000C900CF025B005B005B005B005B005B00FC
:1068E0005B005B005B00C900C900C900C900C900AA
:1068F000C900C9004C01C900950129024C014C0195
:106900004C01C900C900C900C9002402C900C9005E
:10691000A202C900C900C900BD01C900B502C90071
:10692000C900EF06C900C900C900C900C900C900F3
:10693000C900C9004C01C9009501EE014C014C0190
:106940004C018302EE017F00C9009502C9006B0271
:10695000EC063E027F00C900BD017C00C606C900EE
:10696000C900CA06C9007C00A3F13002002118F852
:10697000013B01EB810102EB4101A3F13002092A45
:10698000F5D906918EE7504601F044FE4368169310
:106990001846FFF775F917900746504601F03AFE82
:1069A00083681493002F40F0D08598F8003077E783
:1069B00098F800304BF0200B72E70822002122A843
:1069C000FFF734F80123984440E7B8EB0407064684
:1069D00011D0289B3B442893279B0133072BC9E9FF
:1069E000004727931CDC09F10809049B3B440493EE
:1069F000002E7FF447AF289B002B41F019821AEE3E
:106A0000103AB3F90C3013F0400F049B18BF4FF04D
:106A1000FF330493049853B0BDEC068BBDE8F08FB0
:106A20001AEE101A26AA504602F0B2FF0028E6D14C
:106A30000DF1A409D9E700BF00000000000000002C
:106A4000180CFF1F0A93002BD5D000228DF8E430DC
:106A500001238DF86F2002930792059303920C9205
:106A600010920B9239AC1BF0020302D00299023152
:106A700002911BF08401099105D1069902980F1A21
:106A8000002F00F38783289E82B10122C9F80420D9
:106A9000279A013201360DF16F01072A28962792B5
:106AA000C9F8001000F3BF8309F1080983B1279BDF
:106AB0001CAA01330236C9F80020072B4FF002024E
:106AC00028962793C9F8042000F3C28309F1080926
:106AD000099B802B00F08682039B059A9F1A002F4A
:106AE00000F3C0821BF4807F40F02282059BC9F82E
:106AF00004301E44279BC9F800400133072B289619
:106B0000279300F33B8309F108091BF0040F05D01C
:106B1000069B029A9C1A002C00F3A783049B069AFA
:106B200002998A42ACBF9B185B180493002E40F078
:106B3000CD8200232793079B1BB107995046FFF78F
:106B40006DF90DF1A40944467FE60A93089B0733CB
:106B500023F00703B3EC027B8DED0E7BDDE90E56CF
:106B6000089326F0004309EE903A09EE105AB44B10
:106B700051EC190B4FF0FF32FEF78EF8002840F071
:106B80000285AF4B51EC190B4FF0FF32FEF766F860
:106B9000002840F0F8840022002328463146FEF702
:106BA00053F8002841F05C809DF86F20A54CA64B5F
:106BB0002BF0800B0A994729C8BF1C4600230321EC
:106BC00007930291059103930C9310930B93002A62
:106BD0003FF449AF029B0133029344E7432B0A93EE
:106BE00003D01BF0100F00F05785089E08220021EB
:106BF00024A839ACFEF71AFF24AB56F8042B214623
:106C0000504602F07FFE03460133059001F02383D6
:106C1000059B089623EAE373029300228DF86F2008
:106C2000079203920C9210920B921CE7089F0A9312
:106C300057F8044B00238DF86F30002C00F052857C
:106C40000A9B532B00F0DE861BF010030B9340F0E1
:106C5000D986039B5D1C01F0E3800B991A46204600
:106C600001F0F6FC0790002801F03B83079B089792
:106C7000191B05910B9B039321EAE1710C9310936F
:106C8000079373239DF86F2002910A939FE71BF0EF
:106C9000200F0A93089B3CD0073323F007031A46C2
:106CA00011465B6851F8082B08911946002BC0F279
:106CB0000784039B013300F0A78252EA01032BF003
:106CC000800540F0A282039B002B40F0A382AB46DC
:106CD00000230393059352AC00E1089B53F8042B67
:106CE0000692002A80F21484069A08935242069271
:106CF00098F800304BF0040BD2E598F800304BF0D8
:106D0000080BCDE54BF0100B1BF0200F0A93089BEE
:106D1000C2D11BF0100F40F006841BF0400F00F0B2
:106D2000FE8333F9042B0893D1170B46BEE7089B6B
:106D300053F8042B089347F63003ADF870307820F1
:106D4000424B12934BF00205002102230A900020CF
:106D5000039C8DF86F00601C00F0A98052EA0100CE
:106D600025F0800B40F0A280002C40F0A186002B83
:106D7000AED115F00103059300F0CF8330238DF8D9
:106D800047310DF24714A9E01BF0200F40F0F083CB
:106D90001BF0100F40F092861BF0400F40F09787D9
:106DA0001BF4007F00F08A86089B049953F8042B9B
:106DB00008931170444648E598F80030682B03BFEB
:106DC00098F801304BF4007B08F101084BF0400BC0
:106DD00066E598F800308DF86F5061E598F800305E
:106DE0006C2B03BF98F801304BF0200B08F1010821
:106DF0004BF0100B54E50A934BF0100B1BF02001E5
:106E000000F05083089B073323F00703596853F8B9
:106E1000082B08932BF48065002398E70A934BF026
:106E2000100515F0200100F02E83089B073323F096
:106E30000703596853F8082B0893012387E700BF1D
:106E4000FFFFEF7F04BE000008BE000014BE00007C
:106E500098F800304BF0800B22E5414611F8013BD9
:106E60002A2B01F07782A3F13002092A884698BFC5
:106E7000002101F28C8118F8013B01EB810102EB4A
:106E80004101A3F13002092AF5D903910AE598F8E6
:106E900000304BF0010B03E59DF86F30002B7FF4C1
:106EA00084AD98F800308DF86F60F9E45D46012BF1
:106EB00000F0AB81022B52AC1FD1129802F00F03ED
:106EC0001209C35C04F8013D42EA0172090952EA61
:106ED0000103F3D152AB1B1BAB46059305990398F5
:106EE0009DF86F2081424FF00003B8BF0146079321
:106EF00002910C9310930B9369E602F00703D208FA
:106F000042EA4172C908303352EA0106204604F8C9
:106F1000013DF2D1E907DDD5302BDBD0302302383B
:106F200004F8013C52AB1B1AAB4605930446D5E767
:106F30000A9B652B40F3DC80DDE90E010022002373
:106F4000FDF778FE002800F0C8810123C9F804305D
:106F5000279BBC4AC9F8002001330136072B28962D
:106F6000279300F3418509F108091D9B0D9A93426F
:106F700080F2C982119B139A1E44C9E90023279B02
:106F800028960133072B279300F3928309F1080910
:106F90000D9B5C1E002C7FF7B8AD102C279BAA4DD3
:106FA00040F35E85324610271AEE106A05E009F1BB
:106FB0000809103C102C40F3528501331032072B86
:106FC000C9E90057CDE92732F1DD26AA31465046FE
:106FD00002F0DEFC002840F08280DDE927320DF16E
:106FE000A409E6E7069B029A9F1A002F7FF774AD6B
:106FF000102F279B944D22DD32461AEE106A04E0D2
:10700000103F102F09F1080918DD0133103210214B
:10701000072BCDE92732C9F80050C9F80410EFDD7D
:1070200026AA314650460DF1A40902F0B1FC002811
:1070300055D1103F102FDDE92732E6DC164601332B
:107040003E44072BCDE92736C9F80050C9F8047033
:1070500000F32085039B059A9F1A002F09F1080968
:107060007FF740AD102F279B774D21DD32461AEE7A
:10707000106A04E0103F102F09F1080917DD0133F1
:1070800010321021072BCDE92732C9F80050C9F87A
:107090000410EFDD26AA3146504602F079FCF0B923
:1070A000103F102FDDE927320DF1A409E7DC164669
:1070B00001333E44072BCDE92736C9F80050C9F803
:1070C000047000F3D28109F108090BE51AEE101AD9
:1070D00026AA504602F05CFC00283FF42AAD079B2C
:1070E000002B3FF48CAC07995046FEF797FE86E4E0
:1070F0000D9B012B40F36F81279FC9F800400123AE
:107100001F440136072FC9F804302896279700F34B
:10711000DE8109F10809119B139A01371E44072FDC
:10712000C9E90023CDE9277600F3DF8109F10809D9
:10713000DDE90E0100220023FDF77CFD002840F070
:1071400069810D9B0137013B01341E44072FC9F8AB
:1071500000402797C9F80430289600F34D8109F1C3
:107160000809159BC9F8043001371E44072F20ABCE
:10717000CDE92776C9F800307FF7C5AC1AEE101AB2
:1071800026AA504602F004FC0028A8D1289E0DF142
:10719000A409BAE4102FDDE927212C4D24DD189332
:1071A000199410261AEE104A0B4604E0103F102FD7
:1071B00009F1080915DD01321033072AC9E9005623
:1071C000CDE92723F2DD26AA214650460DF1A40978
:1071D00002F0DEFB002882D1103F102FDDE92723CB
:1071E000E9DC1946DDE9183401327E18072ACDE9B9
:1071F0002726C9F80050C9F8047000F3A3839DF84E
:107200006F2009F108093FE45D460A2A71F1000385
:1072100080F03483303201238DF84721AB4605934B
:107220000DF247145AE61AEE101A26AA5046189381
:1072300002F0AEFB00287FF452AF289E189B0DF1A0
:10724000A40933E444BE000058BE000048BE00005C
:107250001AEE101A26AA504602F09AFB00287FF474
:107260003EAF289E0DF1A40932E4102C279BBE4DA1
:107270001FDD1AEE10BA102704E0103C102C09F1A3
:10728000080916DD01331036072BC9E90057CDE98F
:107290002736F2DD26AA594650460DF1A40902F020
:1072A00077FB00287FF41BAF103C102CDDE927365C
:1072B000E8DC01332644072BC9E90054CDE9273621
:1072C0007FF72CAC1AEE101A26AA504602F060FB8B
:1072D00000287FF404AF289E20E41D99002940F384
:1072E00043830B9D0D9B9D42A8BF1D46002D0BDDCA
:1072F000279B01332E44072BC9E900452896279385
:1073000000F3FC8609F108090B9F002DA8BF7F1B25
:10731000002F00F3F8810B9B1BF4806F234405932F
:1073200040F018821D9B0D9A934203DB1BF0010F66
:1073300000F0BC84119A13991644C9E90012279AE7
:1073400028960132072A279200F3E68609F10809F8
:107350000D9AA518D41A059BED1AA542A8BF25467B
:10736000002D0DDDC9F80030279BC9F8045001330A
:107370002E44072B2896279300F3F88609F1080975
:10738000002DA8BF641B002C7FF7BFAB102C279BE0
:10739000764D40F36583324610271AEE106A05E0F9
:1073A00009F10809103C102C40F3598301331032C5
:1073B000072BC9E90057CDE92732F1DD26AA31466E
:1073C000504602F0E5FA00287FF489AEDDE9273265
:1073D0000DF1A409E6E71BF0010F7FF48DAE279FA6
:1073E000C9F8004001231F440136072FC9F80430B3
:1073F000289627977FF7B3AE1AEE101A26AA5046A2
:1074000002F0C6FA00287FF46AAEDDE927760DF1B6
:10741000A409A6E60D9B5C1E002C7FF7A2AE102CE3
:10742000524D40F35683CDF80C8010231AEE108A8B
:1074300005E009F10809103C102C40F3488301379E
:107440001036072FC9E90053CDE92776F1DD26AACA
:107450004146504602F09CFA00287FF440AEDDE938
:1074600027760DF1A4091023E5E71AEE101A26AAD3
:10747000504602F08DFA00287FF431AE289E0DF1BF
:10748000A409FFF72FBB15F0100358D115F04002E7
:1074900000F06E83089850F8042B0890194692B2B9
:1074A000012354E41BF0100344D11BF0400200F010
:1074B0006E83089850F8042B0890194692B2A9E4FC
:1074C000524261EB41015D462D20012340E41AEE5A
:1074D000101A26AA504602F05BFA00287FF4FFAD8E
:1074E000DDE927760DF1A40915E61AEE101A26AA91
:1074F000504602F04DFA00287FF4F1ADDDE9277621
:107500000DF1A40914E61BF0010F3FF4FEAA31E5CA
:10751000089398F80030FFF7C3B952ACDEE41BF4CF
:10752000007F40F0CD8353F8042B0893D1170B460E
:10753000FFF7BCBB089B53F8042B08936AE4089B35
:1075400053F8042B0893012301E4149B002B3FF410
:107550002CAA149B1B78002B3FF427AA98F8003024
:107560004BF4806BFFF79CB948BE000058BE00008A
:10757000089B049853F8041B0893C217C1E9000242
:107580004446FFF762B9DDE90E0102460B46FDF7FE
:1075900083FB002840F0B2860A9B612B00F06685D1
:1075A000412B00F0C885039B01330A9B23F0200385
:1075B000029300F06684472B04D1039B002B08BF85
:1075C00001230393DDE90E014BF480720029CDF80D
:1075D00024B04FF000039346C0F2848541EC180BB1
:1075E000189307930A9B413B252B00F27983DFE830
:1075F00013F053047703770377034C0450047703A5
:1076000077037703770377037703770377037703AA
:10761000770377037703770377037703770377039A
:10762000770377037703770377037703770377038A
:10763000770377037703770377034C0450040A93A7
:107640005D46FFF7EEBB0A93B94B12931BF0200186
:1076500000F0FF80089B073323F00703596853F8B5
:10766000082B08931BF0010F0AD052EA010307D040
:107670000A9B8DF8713030234BF0020B8DF870307F
:107680002BF480650223FFF762BB0A93FFF7B6BBBA
:107690000A93A84B1293D9E7089B012153F8042BB6
:1076A00002918DF8E4200893059139ACFFF7B5BA43
:1076B0001AEE101A26AA504602F06AF900287FF442
:1076C0000EAD289E0DF1A40962E440215046FDF75D
:1076D000F9FA20602061002800F06286402363618F
:1076E000FFF7A1B8039B0794062B214628BF06236A
:1076F000039422460293904C089705930C911091A5
:107700000B91FFF764BA102F279B8C4D40F34E82EC
:1077100032461AEE106A05E009F10809103F102FF1
:1077200040F34382013310321021072BCDE9273279
:10773000C9F80050C9F80410EEDD26AA31465046BB
:1077400002F026F900287FF4CAACDDE927320DF1FA
:10775000A409E3E70D9B059DCDF814B0DDF840B01A
:10776000CDF82480E31803934A46149FDDF85C802B
:107770000C9B0A941AEE109AB446BBF1000F30D05D
:1077800093BB013F0BF1FF3B169BC2E90038279BDF
:107790000133C444072BCDF8A0C0279362DC083224
:1077A000039B38785B1B8342A8BF0346002B1E4611
:1077B0000CDD279801309C440728C2E90053CDF81E
:1077C000A0C0279000F3598138780832002EACBF52
:1077D000841B0446002C0BDC05440C9BBBF1000F02
:1077E000CED1002B00F0D4830C9B013B0C93CBE754
:1077F000102C27981FDD1026634604E0103C102C47
:1078000002F1080216DD01304C4910330728C2E9A5
:107810000016CDE92703F1DD26AA4946504602F0BD
:10782000B7F800287FF45BAC103C102CDDE927038F
:1078300029AAE8DC9C460130404B5460A444072848
:10784000CDE9270C136000F3FA8338780832054439
:10785000C3E71BF0100300F0BC80089B53F8042B17
:107860000893FFE626AA4946504602F091F8002800
:107870007FF435ACDDF8A0C029AA91E705F480605B
:107880000026CDF8088005952D4BDDF850800AEED6
:1078900090AA52AC4FF0CC3BB446054605E00A2A0C
:1078A00071F1000134D352463946501840F10000BE
:1078B000A3FB006727F0030606EB9706801B161A4A
:1078C00061F1000E0BFB06F703FB0E77A6FB03A688
:1078D00037440AF0010E0526AEFB066E30184FEA5B
:1078E0005A0A303004F8010C4AEAC77A0CF1010C4C
:1078F000013C7F08002DD2D098F800008445CED1FD
:10790000BCF1FF0FCBD00A2A71F1000180F05D813C
:10791000059DCDF8508052AB1B1BDDF80880CDF8DB
:1079200034C01AEE90AAAB460593FFF7D7BA00BF52
:1079300014BE000028BE00003CBE000058BE00007F
:10794000CDCCCCCC1AEE101A26AA5046189302F0D1
:107950001FF800287FF4C3AB9DF86F20289E189B6A
:107960000DF1A409FFF790B80123C9F80430279B53
:10797000BE4AC9F8002001330136072B2896279309
:1079800000F37A8109F10809002940F0AE800D9AD0
:107990000BF0010313433FF4B8A8119B13999A19F4
:1079A000C9E90013279B28920133072B279300F383
:1079B000598209F108090D99C9F8004001338E1860
:1079C000072BCDE92736C9F804107FF79CA8FFF7ED
:1079D000D5BB1BF0400200F0BE80089850F8042B85
:1079E0000890194692B23DE61AEE101A26AA5046A1
:1079F00001F0CEFF00287FF472AB289E0DF1A409A0
:107A0000FFF7B3BA24AE0822002130461F94FEF7D8
:107A10000DF8039B5A1C00F0E8800025CDF8088083
:107A2000CDF81CB0A8469B460CE039A9504601F0A1
:107A300069FF431C404400F00E84584508DC00F008
:107A40001A8480461F9A525933460435002AECD1D5
:107A5000CDF81480DDF81CB0DDF80880D2E01646C1
:107A600001332644072BC9F80050C9F80440CDE97A
:107A700027367FF748A8FFF781BB26AA494650461C
:107A800001F086FF00287FF42AAB3878DDF8A0C02B
:107A900029AA9BE61AEE101A26AA504601F078FF92
:107AA00000287FF41CAB289E0DF1A409FFF714B841
:107AB000012B5D467FF4FEA9FFF7ACBB089B049940
:107AC00053F8042B444611600893FEF7BEBEDDF860
:107AD0000C80C9F8005001372644072FCDE92776DE
:107AE000C9F804407FF73BAB86E4119B13989A19C1
:107AF000C9E90003279B28920133072B279300F342
:107B0000B18109F108090029BFF655AF4F42103184
:107B1000574D80F26A831AEE101A102605E009F11B
:107B20000809103F102F40F3608301331032072BF8
:107B3000C9E90056CDE92732F1DD26AA5046039166
:107B400001F026FF00287FF4CAAADDE92732039955
:107B50000DF1A409E5E7089B1BF400711ABF11465B
:107B600053F8042B53F8042B089318BFD2B279E5CD
:107B7000089B15F400711ABF114653F8042B53F8F3
:107B8000042B089318BFD2B20123FFF7E0B8089B7B
:107B90001BF400711ABF114653F8042B53F8042B41
:107BA000089318BFD2B2FFF735B9164601333E44E9
:107BB000072BCDE92736C9F80050C9F8047000F347
:107BC000438109F10809FFF7A6BB179B1699E41A30
:107BD0001A462046FDF77CFF98F80120254B0AB194
:107BE00008F101084FF0000C5DE6002319460096ED
:107BF0001FAA504601F0ACFE03460133059000F089
:107C00002A831F94059B002B44D0632B40F31881DB
:107C1000591C5046FDF756F80446002800F01B8317
:107C20000790082200213046FDF700FF059D0096D1
:107C30002B461FAA2146504601F08AFE854240F09D
:107C4000BB83059908970023635421EAE1719DF8ED
:107C50006F20039302910C9310930B93FEF7B7BF21
:107C60002D228DF86F20FEF7A1BF00BF44BE00009B
:107C700058BE0000CDCCCCCC1AEE101A26AA504625
:107C800001F086FE00287FF42AAA1D99289E0DF196
:107C9000A40979E6059B9DF86F200897CDE902338A
:107CA0000C9310930B930793FEF791BF0D9A0599D0
:107CB000A5186D1AD41AA542A8BF2546FFF760BBC8
:107CC00013F9042B0893D1170B46FEF7EFBF089B5F
:107CD000049953F8042B089311804446FEF7B5BD70
:107CE000039E022124AB01931FAB009332461DABD0
:107CF0005046B0EE480AF0EE680A00F065FE029BBE
:107D0000472B044600F09581462B00EB060505D174
:107D10000378302B00F00E831D9E354451EC180B78
:107D200000220023FCF786FF002800F076812B4616
:107D30001B1B0D93029B472B00F03B81029B462BA4
:107D400000F0FB811D9B0B930B9B029A013B412A88
:107D50001D9300F02D829DF828200021002BB8BF34
:107D60000B9B8DF88020BABFC3F101032D222B227B
:107D7000092B8DF8812040F320820DF19705B74E35
:107D80002A46104686FB0321DA17C2EBA10202EB5A
:107D90008201A3EB4101303100F8011C194663292F
:107DA000134600F1FF32ECDC3033D9B2831E9D4222
:107DB00002F8011C40F2CB8213460DF1820201E071
:107DC00013F8011B02F8011B9D42F9D10DF1990333
:107DD0000DF182021B1A134420AA9B1A15930D9BC6
:107DE000159A012B1A44059240F33E82059B119A85
:107DF00013440593099B059A23F4806343F4807B25
:107E000022EAE27200230C93029210930B93189BC8
:107E1000002B40F0DC809DF86F200393FEF7D7BE67
:107E200020460897FDF72CFF01460590FEF722BF7C
:107E30001AEE101A26AA504601F0AAFDFEF7DFBD81
:107E40000023079339ACECE61AEE101A26AA504626
:107E500001F09EFD00287FF442A9289E0DF1A4099F
:107E6000FFF759BA1AEE101A26AA504601F090FDF3
:107E700000287FF434A9DDE927321D990DF1A4090A
:107E800041E606230393FFF79DBB039B02215E1C83
:107E900028E7039E032125E71DA8B0EE480AF0EE6F
:107EA000680A00F025FC00224FF07F5351EC100BC4
:107EB00003F01CFA0022002306460F46FCF7BAFE28
:107EC00008B101231D93664B0593039BCDF82C80CD
:107ED000013B0AEE90AACDE90C9BDDF814A01094AA
:107EE0002546984606E00022002308F1FF38FCF7FB
:107EF000A1FEE8B95B4B00223046394603F0F6F9A3
:107F00000F46064603F004FC0446FCF7D3FD0B467F
:107F1000024639463046FCF77FFC1AF80430B8F1C7
:107F2000FF3FAB46C14605F8013B06460F46DAD196
:107F30004D4BDDF82C80CDF82C9000223046394690
:107F4000DDF83090CDF830B01AEE90AADDF834B0FC
:107F50000D94109CFCF796FE002840F06081424B87
:107F6000304639460022FCF765FE18B10D9BDE074E
:107F700000F155810B9B002B07DB0B9B01332B443E
:107F8000302205F8012BAB42FBD12B1B0D93D1E620
:107F90000A9C0D9BDDF814B0DDF824801497E318DB
:107FA0009D4291462A4628BF1A4666460592FFF72B
:107FB000B9B91D9B0B93DD1C02DB039A93420DDDC7
:107FC0000A9B023B0A9323F020030293BCE62D2276
:107FD00000238DF86F200393FEF7FCBD0B9B0D9AD9
:107FE0009342C0F2D880099B13F0010F0B9B00F065
:107FF0004081119A13440593099B590503D50B9BA6
:10800000002B00F33F81059B23EAE3730293672370
:108010000A9300230C931093F9E6249BAB42BFF420
:1080200087AE30215A1C24921970249B9D42F9D8A6
:108030007EE6099BDB0700F1B980249B78E626AA3F
:108040004946504601F0A4FC00287FF448A838783F
:10805000DDF8A0C029AA0544FFF7BFBB67666666C6
:1080600028BE0000000030400000E03F78238DF87B
:10807000713030238DF870304BF002030993039B6D
:10808000632B00F3A9800023079339ACDDE90E12BE
:108090000A9B002A23F020034BF4817B029322DB0E
:1080A000002342EC181B18930A9B612B7FF49AAAB9
:1080B000B0EE480AF0EE680A1DA800F019FB002295
:1080C0004FF07F5351EC100B03F010F90022002306
:1080D00006460F46FCF7AEFD08B101231D93AD4BDC
:1080E0000593F2E60793DDE90E2303F1004308EE62
:1080F000903A2D2308EE102A1893D5E71AEE101A9D
:1081000026AA504601F044FC00287EF4E8AF289EE1
:108110000DF1A409FFF7F8B81AEE101A26AA504676
:1081200001F036FC00287EF4DAAF1D9B289E0DF18D
:10813000A409FFF70DB9582399E71D9A099B0B92E3
:10814000002A03F0010340F3118103990B4340F02F
:10815000C1800B9B059366230A93099B5A0500F186
:108160009380059B23EAE373029352E71AEE101AF9
:1081700026AA504601F00CFC00287EF4B0AF1D9CEE
:108180000D9B289E1C1B0DF1A409FFF7F9B80022D6
:108190000392FEF787BB0D9B119A9A180B9B0592D1
:1081A000002B40F3BD8067230A93D6E7A519B5E5F8
:1081B0000A9A0F32D2B20121D0E5002940F0AD80F9
:1081C00030228DF882200DF18302303302F8013B1A
:1081D00020ABD31A159302E6591C5046FCF772FDEA
:1081E0000446002837D0079050E701333A44072B64
:1081F000CDE92732C9F80050C9F804707FF7D9AB30
:108200001AEE101A26AA504601F0C2FB00287EF48E
:1082100066AFDDE927320DF1A409FFF7CCBB0C9B5B
:10822000059A2493D17B15F8013C8B422A4609D14B
:10823000302002F8010C249A531E249312F8013CBA
:108240009942F6D0392B0BBF059B01339B7ADBB2E9
:1082500002F8013C99E61AEE102AB2F90C3043F00C
:1082600040039381FEF7CFBB099BD8077FF5C2ADD2
:10827000BCE50593C0E6039BDDF80880DDF81CB083
:108280000593BFE467230A9314990B78FF2B00F042
:108290008F8000250B9A284603E001300131FF2B27
:1082A00008D0934206DAD21A4B78002BF5D10B781E
:1082B0000135F4E70B92149110900C950C9A109BD9
:1082C00017991344059A01FB0323059323EAE373EB
:1082D00002939CE5119BD5182944662305910A93C6
:1082E0003BE7039B0293059373239DF86F20089748
:1082F00003900C9010900A93FEF769BC0F9B264CDC
:10830000002BB4BF2D229DF86F20244BB8BF8DF8F1
:108310006F202BF0800BFEF74DBC0DF1820254E76D
:10832000C3F101031A4422EAE27302936723059220
:108330000A936EE651EC180B00220023FCF77AFC3E
:1083400000287FF4E9ACC6F101061D96E5E402239E
:10835000159344E5089A98F80130884652F8041BB2
:10836000089241EAE1710391FEF79ABA039A134326
:1083700005D10123662202930A92059349E6119BD7
:108380005D1C2A4422EAE2730293662305920A9353
:108390003FE600BF14BE00000CBE000010BE00008F
:1083A0000C23CAF800304FF0FF330493FEF732BBC2
:1083B00000230C93109381E71AEE102A938943F05F
:1083C00040039381FEF78BBE70B500294BD0064663
:1083D0000C4610B1436B002B48D0636ED80734D5E0
:1083E000B4F90C30002B3ED02146304600F050F856
:1083F000E36A054633B1E169304698470028B8BFC3
:108400004FF0FF35A3891A063CD4216B41B104F12A
:108410004003994202D03046FDF700FD002323635C
:10842000616C21B13046FDF7F9FC00236364FDF770
:10843000A5F9636E0022DB07A2811FD5A06DFDF7B1
:1084400011FCFDF7A1F9284670BDA3899905CBD48D
:10845000A06DFDF709FCB4F90C30002BC4D1656E9A
:1084600015F0010505D00025284670BDFDF768F917
:10847000B3E7A06DFDF7FAFB284670BDA06DFDF7D0
:10848000F5FBDBE721693046FDF7C8FCBDE700BF1F
:10849000B1F90C202DE9F0410C461107804647D474
:1084A000636842F40062002BA2815EDDA56A002DA4
:1084B00058D00023D8F80060C8F8003093B212F406
:1084C000805256D10123E1694046A847431C67D03A
:1084D000A389A56A5F0705D56368C01A236B0BB132
:1084E000E36BC01AE169024600234046A847411CDD
:1084F00041D1D8F80030002B3DD01D2B01D0162BD8
:1085000056D1A3892269226023F4006300216160AF
:10851000A381216BC8F8006021B304F140039942A4
:1085200002D04046FDF77AFC00202063BDE8F081D0
:108530002669BEB193B2256826609A070CBF6369AD
:108540000023AD1BA3600BE02B463246E169676A4E
:108550004046B847B0F1000CA5EB0C05664417DDAA
:10856000002DF1DC0020BDE8F081E36B002B9DDCE9
:10857000F8E7206DAEE7B4F90C302269226023F4ED
:108580000063A3810022DB046260C2D52065C0E7DE
:10859000A38943F040034FF0FF30A381BDE8F08191
:1085A000D8F80030002B93D01D2B06D0162B04D00A
:1085B000A38943F04003A381D5E7C8F80060D1E761
:1085C00038B50C46054608B1436B03B3B4F90C004B
:1085D00088B1636EDB0701D481050FD5284621469B
:1085E000FFF756FF636EDA07054602D4A3899B05A1
:1085F00008D5284638BD0546284638BDA06DFDF78C
:1086000033FBEBE7A06DFDF731FB284638BDFDF7E6
:1086100097F8DBE700487047080DFF1F38B5074D96
:10862000074C2C1BA41005D0013C55F8043D98477D
:10863000002CF9D1BDE8384003F088BC00000000F0
:1086400000000000FFFFFFFFFFFFFFFFFFFFFFFF36
:1086500001F0FF01102A2BDB10F0070F08D010F8F3
:10866000013B013A8B422DD010F0070F42B3F6D1F7
:10867000F0B441EA012141EA014122F007047FF010
:1086800000070023F0E80256083C85EA010586EA67
:10869000010685FA47F5A3FA87F586FA47F6A5FAA3
:1086A00087F68EB9EED1F0BC01F0FF0102F00702AF
:1086B00032B110F8013B013A83EA010313B1F8D15A
:1086C0000020704701387047002D06BF354603383B
:1086D000073815F0010F07D1013015F4807F02BF74
:1086E000013015F4C03F0130F0BC0138704700BFC5
:1086F00053EC102B70B5164E23F000410025B1420B
:108700000446056021DC10EE106A0E431DD0114EA8
:108710001E40184666B91946002210EE100A0E4B8C
:1087200002F0E4FD6FF035050246084621F00041F5
:1087300020F0FF40091520F4E000A1F2FE3140F0E6
:108740007F53294443F40013216043EC102B70BD88
:10875000FFFFEF7F0000F07F000050432DE9F0475E
:10876000DFF87CA00646DAF8000098460F469146EE
:10877000FDF77AFA184B1C6824B365681F2D24DCBA
:108780005EB96B1C0235DAF80000636044F82570AE
:10879000FDF76CFA0020BDE8F08704EB85010123AA
:1087A000C1F88890D4F88821AB401A43022EC4F84F
:1087B0008821C1F80881E4D1D4F88C211A43C4F887
:1087C0008C21DEE7054C1C60D7E7DAF80000FDF7E6
:1087D0004DFA4FF0FF30DEE7EC63FF1FF063FF1F41
:1087E000AC0EFF1F00B50B4C25681446EE681A4608
:1087F00085B003460D464CB107490095CDE90114FB
:108800003046064901F0B0F8FAF7A4FE04490C46D8
:10881000F3E700BFA80EFF1F68BE000078BE00008F
:1088200074BE000038B5A1FB02148CBBFCF74AFAF9
:108830000546E0B150F8042C22F00302043A242A41
:1088400017D8132A1AD91B2AC0E900441DD9242A93
:1088500014BF00F1100200F118024FF00003C0E94C
:10886000024404BF04614461C2E9003393602846B6
:1088700038BD2146FDF7DAF8284638BD0246002308
:10888000C2E900339360284638BD00F10802F6E7DC
:10889000FDF7BCF90C2300250360E8E72DE9F04F54
:1088A00003690C69A34283B0C0F28780013C01F1E7
:1088B0001405A30000F11408009355F8243058F86B
:1088C0002420013381469A4208EB840005EB84079B
:1088D0000190B2FBF3F63BD34FF0000CAE4640469E
:1088E000E24663465EF804BB02681FFA8BFC06FB97
:1088F0000C334FEA134C4FEA1B4B06FB0BCC9BB2DD
:10890000AAEB03031FFA8CFA13FA82F3CAEB1242A2
:1089100002EB23429BB243EA0243774540F8043B13
:108920004FEA224A4FEA1C43DCD2009B58F803303E
:1089300073B9019B043B984504D307E0984504F1C3
:10894000FF3403D253F80429002AF7D0C9F81040A5
:108950004846FDF705FE00282BDB01364146002383
:1089600055F8040BD1F800C082B29A1A030C12FA1F
:108970008CF2C3EB1C4303EB224392B242EA034264
:10898000AF4241F8042B4FEA2343E9D258F82420A0
:1089900008EB84036AB9043B984504D307E0984583
:1089A00004F1FF3403D253F80429002AF7D0C9F8A0
:1089B0001040304603B0BDE8F08F002003B0BDE8A2
:1089C000F08F00BFFFFFFFFF2DE9F04F2DED068B6D
:1089D00095B08DED020B0191816B249D099259ECAC
:1089E000108B0446069341B1C26B4A600123934049
:1089F0008B60FDF755FB0023A363B9F1000AB4BFF8
:108A0000012300232B607C4BBCBF2AF0004ACDF829
:108A10000CA033EA0A0300F0B3809DED027B002234
:108A200051EC170BB0EE479AF0EE679A0023FCF773
:108A300001F9074688B1069A01231360259B002B94
:108A400000F0CE836D4B259A1360013B0093009894
:108A500015B0BDEC068BBDE8F08F12AA13A9204615
:108A6000B0EE490AF0EE690AFDF746FEB0EE498A1B
:108A7000F0EE698A5FEA1A56054640F09980DDE912
:108A800012763E4406F23243202B40F3C283C3F1F8
:108A900040030AFA03FA06F2124328FA03F04AEAFC
:108AA0000000FBF7F7FF0123013E0D93A1F1F871E0
:108AB000534B0022FBF7B0FE49A3D3E9002302F099
:108AC00015FC49A3D3E90023FBF7A8FE80463046F6
:108AD0008946FBF7EFFF46A3D3E9002302F006FC2B
:108AE00002460B4640464946FBF798FE80468946BB
:108AF00002F00EFE00228346002340464946FCF762
:108B0000A3F8002840F05F83BBF1160F00F24E83FC
:108B10003C4B03EBCB03D3E9002351EC190BFCF7DF
:108B200093F8002874D00023BF1B0C937B1E0BF11D
:108B3000FF3B049300F1418300230893BBF1000F36
:108B40006DDA089BCDF814B0A3EB0B030893CBF1BF
:108B500000030B93019B092B4FF0000B68D8052BEA
:108B600040F35583043B01930026019B023B032BFA
:108B700000F2A486DFE813F0660463045B043E049D
:108B8000069ACAF3130A42F20F735AEA080A1360EC
:108B90001DD1259B002B00F0A0861B4B00930833B2
:108BA000259A0098136015B0BDEC068BBDE8F08FD8
:108BB00018EE903AC3F3130351EC190B43F07F51B5
:108BC0000D97A6F2FF36129F41F4401170E7259BE6
:108BD000002B40F0F0830D4B009338E7AFF300809B
:108BE00061436F63A787D23FB3C8608B288AC63FB3
:108BF000FB799F501344D33F0000F07F45BE000037
:108C00000000F83F30BD0000A8BE0000B4BE000068
:108C1000BF1B7B1E049300F19B840C900890049B67
:108C20005B44CDE9043B00230B93019B092B96D9B0
:108C3000002301264FF0FF3201930A960792099311
:108C4000079B0F930021E1632046FDF703FA009094
:108C5000002800F03B86009BA363079B0E2B00F2CD
:108C60001E81002E00F01B810599002940F37284BB
:108C7000D04B01F00F0203EBC2034FEA2118C905E4
:108C8000D3E9006740F12E84CB4B51EC190BD3E9AB
:108C9000082302F055FC41EC180B08F00F084FF0C8
:108CA000030AB8F1000F13D0DFF80C9318F0010F8E
:108CB00009D030463946D9E9002302F017FB0AF102
:108CC000010A06460F465FEA680809F10809EDD176
:108CD00051EC180B32463B4602F032FC41EC1A0BC9
:108CE0000C9B5BB157EC1A6BB44B1AEE100A0022C6
:108CF0003946FBF7A9FF002840F04E855046FBF7A8
:108D0000D9FE53EC1A2B02F0F1FAAD4B0022FBF71F
:108D100085FD079B8046A1F15079002B00F0A580CE
:108D2000059B1093079B0E930A9B002B00F0BC84BD
:108D30000E9AA04BA349DDF800A003EBC20353E950
:108D40000223002002F0FCFB42464B46FBF764FD89
:108D500059EC1A8B41EC180B49461AEE100A02F036
:108D6000D7FC0746FBF7A6FE02460B461AEE100A92
:108D70004946FBF751FD303706460AF8017B0F469E
:108D8000324651EC180B3B46FBF77CFF002840F0C5
:108D90004F854FF000080AEE105ACDF844B0554602
:108DA0005BEC18AB08EE104A44462BE00E9B0134F6
:108DB0009C4280F24D85844B50465946002202F079
:108DC00095FA814B002282468B463046394602F0A6
:108DD0008DFA8946804602F09BFC0746FBF76AFE47
:108DE00002460B4640464946FBF716FD303705F86C
:108DF000017B52465B4606460F46FBF725FF0028DF
:108E000040F0118532463B466C490020FBF704FDDB
:108E100052465B46FBF718FF0028C7D0109B009A0C
:108E20000593AA4618EE104A1AEE105A02E052456F
:108E300000F0E384D1461AF8013D392BF7D0013315
:108E4000DBB28AF80030059B0133059398E1504668
:108E5000FBF730FE53EC1A2B02F048FA584B002275
:108E6000FBF7DCFC8046A1F15079584B002251EC15
:108E70001A0BFBF7D1FC42464B4606460F46FBF762
:108E800001FF8246002840F0C884304639464246F9
:108E900009F10043FBF7D8FE002840F05783139BED
:108EA000002BC0F29580059A0E2A00F39180414B69
:108EB00003EBC203D3E90089099B002B1BDA079B54
:108EC000002B18DC40F04083404B002240464946CE
:108ED00002F00CFA02460B4651EC190BFBF7BEFEF2
:108EE000DDF81CA05646002800F0C482099BDDF87E
:108EF0000080DF43C6E242464B4651EC190B02F0BC
:108F00001FFB02F005FC06468346FBF7D3FD4246F5
:108F10004B4602F0EBF90B46024651EC190BFBF7FE
:108F20007BFCDDF800A0334630330AF8013B079B99
:108F3000012B00F071834FF0010B08EE105A08EE80
:108F4000904A1D465446DA461DE042464B4630469E
:108F5000394602F0F5FA02F0DBFB8346FBF7AAFD87
:108F600042464B4602F0C2F90AF1010A0B4602469C
:108F700039463046FBF750FC0BF13003AA4504F8A4
:108F8000013B00F04483104B002202F0AFF90022B5
:108F9000002306460F46FBF74DFE0028D5D0A2461B
:108FA00018EE105A18EE904A059B01330593D146EE
:108FB000E6E000BF30BD000008BD00000000F03F4B
:108FC00000001C400000E03F00002440000014406E
:108FD0000A9A002A00F00C81019A012A40F39D822E
:108FE000079B03F1FF380B9B434580F260820B9B8C
:108FF000CDF82C80A8EB03039B444FF00008079B9F
:10900000002BC0F23B83049A1A440492089A174634
:109010001A44089201212046FDF7EEF8064667B192
:10902000049A002A09DD0899BA421346A8BF3B46B4
:10903000C91AFF1AD31A089104930B9B63B10A9BB8
:10904000002B00F0BF82B8F1000F00F333820B9BBE
:10905000B3EB080240F0228301212046FDF7CCF853
:10906000BBF1000F824600F3D980019B012B40F336
:10907000A9814FF000080120BBF1000F40F0DA8019
:10908000049B184410F01F0000F09A81C0F12003E7
:10909000042B00F3B28040F02D82089B002B05DDED
:1090A00029461A462046FDF7E3F90546049B002BA6
:1090B00005DD51461A462046FDF7DAF982460C9B3B
:1090C000002B40F05D81079B002B40F344810A9BFD
:1090D000002B40F0C780059B01330593DDF800802D
:1090E000DDF81C90012707E0294600230A222046CC
:1090F000FCF7E0FF0137054651462846FFF7CEFB57
:10910000B94500F1300008F8010BEDDC079A002AA0
:10911000C8BF9346009AD8BF4FF0010B0346934453
:1091200000272946012220460193FDF7A1F9514667
:109130000546FDF715FA002840F3E4811BF8013CD1
:10914000009A0BF1FF3B04E05A4500F0F6811BF852
:10915000013D392B0BF10109F6D001338BF80030BA
:1091600051462046FCF79CFF56B12FB1B74203D0C1
:1091700039462046FCF794FF31462046FCF790FF25
:1091800029462046FCF78CFF002389F80030DDE9F2
:1091900005231A60259B002B3FF459AC0098C3F8B7
:1091A000009015B0BDEC068BBDE8F08F0123BF1B0E
:1091B0000C937B1E04937FF5BFACC7F101030893AA
:1091C00000230493BAE45846FBF774FC42464B462E
:1091D000FBF730FD00287FF497AC0BF1FF3B93E4E5
:1091E000BD4B0093009815B0BDEC068BBDE8F08F29
:1091F000DDF82C80089F0A9E11E7C0F11C00089B37
:1092000003440893049B03440744049345E7012661
:10921000ABE4C3F1200308FA03F042E401465A46E6
:109220002046FDF7C5F8019B012B824640F3BE8125
:109230004FF00008DAF810300AEB83031869FCF7E6
:109240008BFFC0F120001BE7314600230A22204695
:10925000FCF730FF0F9B002B064640F31983CDF837
:1092600014900793002F00F31B81B8F1000F40F01A
:10927000EE81B046029B009F079903F001027B1E1E
:109280001944019B0A9213430891099351462846B9
:10929000FFF704FB314683462846FDF761F9424655
:1092A000514681462046FDF77DF9C26801460BF123
:1092B0003003002A42D1049028460793FDF750F965
:1092C000049902902046FCF7EBFE029A079B1AB91C
:1092D0000999002900F0C482B9F1000FC0F2798128
:1092E000019949EA01090A9951EA090900F07181D5
:1092F000002A00F3C781089A3B7007F101099742E1
:10930000CB4600F0C581294600230A222046FCF7FF
:10931000D1FE4645054631464FF000034FF00A02A4
:10932000204612D0FCF7C6FE4146064600230A221C
:109330002046FCF7BFFE4F468046A7E72046029333
:10934000FCF7AEFE029B0122C6E7FCF7B3FE4F46D8
:10935000064680469AE7019B022B7ADC0A9B002B8B
:1093600080D1059B5146013328460593FFF796FAB5
:10937000DDF800B000F130030BF8013B0027D0E628
:1093800051462846FDF7ECF80028BFF69CAE29466A
:1093900000230A222046FCF78DFE059B03F1FF39CE
:1093A0000A9B0546002B7FF44FAF0F9B002B40F329
:1093B0005E82079392E6494B00930333FFF7F0BBBD
:1093C0001C201CE7DDE9021200297FF452AEC2F333
:1093D0001303002B7FF44DAE414B1340002B00F0E4
:1093E0002082089B01330893049B013304934FF0C0
:1093F000010840E601230A93099B059A13440F9341
:109400000133012B1F460793B8BF01270021172FF7
:10941000E1637FF719AC012204235B0003F1140020
:10942000B842114602F10102F7D9E1630CE40123CD
:109430000A93099F002F60DD0F970797E6E7002347
:109440000A93D9E700230A93F3E70F9B0793CDF81C
:109450001490079B002B7FF449AD5146052220460E
:10946000FCF728FE014682462846FDF779F80028D9
:109470007FF73CAD009B059F3122984603F8012BF6
:109480000137009351462046FCF70AFE7B1CDDF8AD
:1094900000900593CDF80080002E7FF46DAE6FE64E
:1094A00031463A462046FCF7E3FF0646DDE6A3EBED
:1094B0000808A4E5314642462046FCF779FF2A46D3
:1094C000014606462046FCF7C5FE294605462046CD
:1094D000FCF7E6FDBBE500BF44BE0000B4BE0000E3
:1094E0000000F07F4FF0020AB0EE498AF0EE698A80
:1094F000FFF7D7BBC0F13C0081E601230993079336
:10950000FFF79EBB03D1019BDB073FF517AED946A2
:109510001BF8013D302BFAD022E60D9A002A00F00C
:10952000378103F23343049ADDF82C801A44049205
:10953000089A17461A4408926CE5059B009A013375
:109540000593312313700BE64FF0000A5646CDE425
:109550000C9032E600F04981059AC84B564206F05D
:109560000F0203EBC203D3E9002351EC190B01F006
:10957000BDFE361141EC1A0B00F09581C04F00235F
:109580004FF0020AF20706D5D7E9002301F0AEFE3C
:109590000AF1010A0123761007F10807F2D1002B26
:1095A0003FF49EAB41EC1A0BFFF79ABB029B002BDA
:1095B0007FF43EAEDDE90212C2F31303002B3FF449
:1095C0000BAF35E629460B9A2046FCF7F1FE05461F
:1095D00042E5002A12DD2946012220460193FCF7CC
:1095E00047FF51460546FCF7BBFF0028019B40F3AF
:1095F0002981392B00F007810BF13103B94609F8B5
:10960000013B059B0133374605934646A8E5A24634
:1096100018EE105A18EE904A02460B46FBF7FEF879
:1096200042464B4606460F46FBF72CFB60B94246C6
:109630004B4630463946FBF7FDFA00283FF4B4AC00
:109640005FEACB717FF5B0AC009AFFF7F3BB7168AE
:109650002046FCF7FFFC0746002800F0288133690C
:1096600002339A0006F10C010C30F9F745FE394639
:1096700001222046FCF7FCFE8046FBE5DDE90723DE
:109680009F1AC7E4392B00F0BE80B9460133B6E714
:10969000059A013237460592464642E5294620465C
:1096A000FCF786FE0546D7E40E98744901EBC0012D
:1096B00042464B4651E9020101F018FE5AEC1A9B52
:1096C00041EC180B51461AEE100A02F021F8074639
:1096D000FBF7F0F902460B461AEE100A5146FBF76B
:1096E0009BF806460E98DDF800803037012808F810
:1096F000017B0F4600F0D5800E9B009ACDF838B064
:1097000013449B46C2465F4B00223046394601F067
:10971000EDFD8946804601F0FBFF0746FBF7CAF9DD
:10972000303702460B4640464946FBF775F80AF8C3
:10973000017BD34506460F46E5D1DA46DDF838B061
:10974000514B59EC188B002218EE100A4946FBF7D2
:1097500065F832463B46FBF777FA00286DD118EEE4
:10976000102A4B4648490020FBF756F832463B4644
:10977000FBF788FA00283FF492ABD1460AF1FF3A92
:1097800019F8013C302BF8D0109B01330593F7E416
:10979000129BC3F13603C6E6079B002B3FF457AB81
:1097A0000F9B002B7FF77BAB059A0E93013A354B4D
:1097B00010921AEE100A3946002201F097FD024677
:1097C00016460F460AF10100FBF774F932463B4694
:1097D00001F08CFD2D4B0022FBF720F847EC1A6BB3
:1097E0008046A1F15079FFF79FBA4FF0020AB0EE20
:1097F00049AAF0EE69AAFFF773BA059B01330593F6
:109800003123FFF71EBB059BBB460133059339236C
:1098100037460BF8013B464692E44FF0000A5646A5
:1098200028E6984627E4AA4618EE104A1AEE105A7F
:10983000109B01330593D146A2E4109B009A059337
:10984000FFF7F8BA7FF4DAAEDA077FF5D7AED0E6E5
:10985000DDF844B01AEE105A18EE104AFFF71FBB9D
:10986000392BD0D0B9F1000F3FF7C6AEC6E6019B49
:10987000022B3FF7EAADCDF8149072E530BD000041
:1098800008BD0000000024400000E03F00001C4034
:10989000019B022B3FF7D9AD0F9BCDF81490079396
:1098A000E0E4C2464CE74FF0020AFFF719BA124B48
:1098B00012483A4640F2EF21FEF794FF0026E66395
:1098C00031462046FCF7C6FB009050B90A4B0B48C6
:1098D000002240F2AF11FEF785FF094B0093FFF71E
:1098E000B6B8009BA3634FF0FF330F930793012398
:1098F00009960A93FFF7D3BA94BC0000B8BE0000E3
:10990000A8BE000070B5054684B05BB11C4669B1C5
:109910000E4B2846D3F8E0602346B047431C0FD0D7
:1099200004B070BD00F582740029F1D1074A2346C6
:10993000D2F8E06028460A4601A9B047431CEFD19F
:1099400000228A2322602B6004B070BD180CFF1F18
:1099500010B582B0049CCDE900344FF0FF3301F024
:10996000C7FB02B010BD00BF0EB410B583B005AB8D
:10997000064C53F8042B01930146206800F0C4F80C
:1099800003B0BDE8104003B0704700BFA80EFF1F32
:109990002DE9F04F9368176883B09246002B70D082
:1099A00081468A6808680C46083743E0A38913F4A7
:1099B000906F2ED0D4E90416A0EB010806EB460602
:1099C00006EBD67608F1010076102844B042324604
:1099D00084BF064632465B0537D511464846FBF73D
:1099E00071F9019000283AD042462169F9F784FCC8
:1099F000A289019B22F4906242F08002A281A6EB30
:109A0000080203EB08006661A260236120602E4615
:109A1000A84642465946FBF78DFFDAF80830A2689F
:109A20002068921B40445B1BA2602060CAF808308B
:109A30003BB3083757E902B5002DFAD0AA421646C3
:109A40009046B3D92E46A846E3E74846FBF7F6FB17
:109A500003460028D3D121694846FCF7DFF9A389E2
:109A60000C2243F04003C9F800204FF0FF30A381DF
:109A700000220023CAF80820CAF8043003B0BDE869
:109A8000F08F00200023CAF8043003B0BDE8F08F47
:109A90002DE9F84F4B6E9C0490462DD593681268C3
:109AA00043B38B46064602F1080959E9025A5FEAB8
:109AB0009A0715D0043D002401E0A7420ED055F8C6
:109AC000041F5A46304601F05BFA431C04F10104BE
:109AD000F3D10023C8E90133BDE8F88FD8F8083086
:109AE0002AF0030AA3EB0A03C8F8083009F10809B1
:109AF000002BDAD10020ECE701F00CF80023C8E9D4
:109B00000133BDE8F88F00BF2DE9F04F2DED028B3A
:109B1000C5B00DF1500A834608EE101A1646002112
:109B2000082250461C460793FBF780FFBBF1000F4D
:109B300004D0DBF83430002B00F0A08618EE102A99
:109B4000536EDB0740F11385B2F90C108AB295040D
:109B50000BD418EE103A41F4005199815B6E8AB231
:109B600018EE101A23F400534B66100740F10581DC
:109B700018EE103A1B69002B00F0FF8002F01A0368
:109B80000A2B00F00A810023CDE91933CDE90D330A
:109B90001BAA0C93189291460B930593B04644462A
:109BA000A84BD3F8E450FBF7C5FF2246034612A9A1
:109BB000CDF800A05846A847002800F04581C0F223
:109BC0003981129A252A034601D01C44E8E7B4EBF8
:109BD0000806054640F03C81002361788DF843304B
:109BE00004F1010806934FF0FF371E462B2408F1BD
:109BF0000108A1F120035A2B00F27881DFE813F06D
:109C0000B50276017601B0027601760176016A002E
:109C1000760176017D028D02760188029702760137
:109C200092025B005B005B005B005B005B005B0023
:109C30005B005B00760176017601760176017601A4
:109C40007601760176015C02840076017601760168
:109C50007601760176017601760176017601E800DB
:109C600076017601760133027601DA027601760119
:109C70008B05760176017601760176017601760113
:109C80007601760176015C02860076017601760126
:109C9000CD0286007F007601C0027601FD02EA0057
:109CA000ED027F00760133027C00690576017601C2
:109CB0006B0576017C00A1F13003002218F8011B2E
:109CC00002EB820203EB4202A1F13003092BF5D92A
:109CD00006928EE75846FEF79DFC43680D931846A2
:109CE000FBF7CEFF0E9005465846FEF793FC8368BF
:109CF0000B93002D40F0D68498F8001077E798F881
:109D0000001046F0200672E746F01006B40640F157
:109D10008E81079B073323F007031A46596852F8D0
:109D2000083B07920A460029C0F27084791C00F0B3
:109D3000A28526F08001039153EA020100F03F84DE
:109D40000A2B72F1000180F0418530338DF80F311C
:109D5000039E012304930DF20F14049BBB42B8BF72
:109D60003B460393002308939DF84330002B00F0FB
:109D7000CB80039B01330393C6E018EE101A5846BC
:109D800018EE105A01F040F8002840F05286AA89D7
:109D900002F01A030A2B7FF4F6AE18EE101AB1F98E
:109DA0000E30002BFFF6EFAE4B6EDB0702D49705AB
:109DB00040F1128618EE101A23463246584600F03B
:109DC00069FE0590059845B0BDEC028BBDE8F08FAB
:109DD00046F0100616F0200200F03681079B07338C
:109DE00023F0070319465A6851F8083B079126F4F7
:109DF00080610391002100208DF84300781C00F061
:109E00001082039820F0800653EA020040F0088296
:109E1000002F40F03885002940F0D583039B13F0D4
:109E20000103049300F0118430238DF80F310DF2FB
:109E30000F1492E7082200215046FBF7F7FD01239B
:109E40001C44ADE6180CFF1FB4EB080605461BD0FA
:109E5000199B1A9A01333244072BC9E900861A92DA
:109E600019931CDD002A00F0A68318EE101A18AA18
:109E70005846FFF70DFE20BB0DF16C09059B3344DE
:109E80000593002D7FF4A8AE1A9B002B40F0C185EE
:109E900018EE103A0022B3F90C30199215E009F1CE
:109EA0000809EBE718EE101A18AA5846FFF7F0FD5C
:109EB000002800F0A680089B1BB108995846FBF7C4
:109EC000ADFF18EE103AB3F90C3018EE102A526EAE
:109ED00012F0010F9AB200F0A080500600F1B28596
:109EE000059845B0BDEC028BBDE8F08F0029CBD0C2
:109EF00000238DF843300123CDE903338DF8AC10F6
:109F00002BAC002308931F4616F00203099302D0DE
:109F1000039B0233039316F084030A9305D1069B37
:109F2000039A9D1A002D00F37B82DDE91903411C81
:109F30009DF8432082B101220133C9F8042007298A
:109F40000DF14302CDE91913C9F8002000F34A824C
:109F5000084609F108090131099AE2B111AA023350
:109F6000C9F8002007294FF00202CDE91913C9F8FA
:109F7000042040F35082002B00F0438318EE101AA7
:109F800018AA5846FFF784FD002894D1DDE919038B
:109F90000DF16C09411C0A9A802A00F08481049A10
:109FA000BD1A002D00F3D781049AC9F8004013446C
:109FB0000729CDE91913C9F8042040F36E81002B5D
:109FC00000F0758218EE101A18AA5846FFF760FDC7
:109FD00000287FF470AF1A9B0DF16C09750705D549
:109FE000069A0399541A002C00F36B82DDE90521CF
:109FF00003988142ACBF521812180592002B7FF4CF
:10A0000051AF089900231993002900F0498158465F
:10A01000FBF704FF0DF16C09C1E59C053FF55DAF51
:10A0200018EE104AA06DFBF721FEA28955E7F00655
:10A03000079A00F11F83710640F1198332F9043B3E
:10A040000792DA1711466EE616F01003079940F0F2
:10A05000098316F0400000F001831A4651F8043BD2
:10A0600007919BB2C3E6079B1A4600238DF8433045
:10A07000134653F8044B0393002C00F01284532929
:10A0800000F0658316F0100540F061837B1C00F042
:10A09000B3843A4629462046FEF7DAFA08900028AB
:10A0A00000F09F84031B039A049323EAE3732F4673
:10A0B00007920393089557E6432902D0F50640F12D
:10A0C0002D83079D0822002116A82BACFBF7AEFCC0
:10A0D00016AB55F8042B21465846FFF713FC0346F0
:10A0E0000133049000F0B384049B079523EAE373E3
:10A0F000039300238DF8433003E7079B53F8042BA9
:10A100000692002A80F29C82069A5242CDE90623EA
:10A1100098F8001046F0040669E598F800108DF8EC
:10A12000434064E598F8001046F080065FE542463B
:10A1300012F8011B2A2900F09684A1F13003092BA3
:10A1400090464FF000073FF654AD18F8011B07EB9F
:10A15000870703EB4707A1F13003092BF5D948E541
:10A1600098F8001046F0010641E59DF84330002BB9
:10A170007FF4C2AD202398F800108DF8433036E507
:10A1800098F800106C2903BF98F8011046F02006DB
:10A1900008F1010846F0100629E598F80010682932
:10A1A00003BF98F8011046F4007608F1010846F064
:10A1B00040061CE546F010030393039B13F02002B6
:10A1C00000F00682079B073323F0070319465A68FD
:10A1D00051F8083B079101210DE6079A46F002036A
:10A1E000039352F8043B079247F63002ADF844203F
:10A1F000B84A0C9202210022FDE5B70600F1488220
:10A20000F50600F14683740600F1D583B00540F1F0
:10A210004083079B059953F8042B07931170BEE404
:10A22000039601293FF48CAD022944AC11D10C985E
:10A2300003F00F011B09415C04F8011D43EA02739E
:10A24000120953EA0201F3D1039E44AB1B1B049392
:10A2500083E503F00701DB0843EA4273D20830319B
:10A2600053EA0205204604F8011DF2D1039EF307CC
:10A27000EBD53029E8D03023023804F8013C44AB58
:10A280001B1A039E0493044667E5049B1B9401225A
:10A290001C931A9319920DF16C0909F108099DE6B6
:10A2A0000DF16C097BE4069A039D551B002D7FF789
:10A2B00076AE102D40F3BB83099418EE104A07E0E8
:10A2C00000F1020C09F108091046103D102D1EDDA9
:10A2D0008149C9F80010421C10331021072ACDE92A
:10A2E0001923C9F80410EBDD18AA002B74D02146FD
:10A2F00058460DF16C09FFF7CBFB00287FF4DBAD6E
:10A30000DDE91903103D102D00F1010CE0DC099C82
:10A31000714AC9F804502B44BCF1070FCDE919C3A9
:10A32000C9F8002040F39481002B00F01F8318EE41
:10A33000101A18AA5846FFF7ABFB00287FF4BBADF4
:10A34000049ADDE91903BD1A002D00F101010DF198
:10A350006C097FF729AE102D29DD0994102718EE1E
:10A36000104A07E000F1020C09F108091046103DFF
:10A37000102D1ADD421C58491033072AC9E900176D
:10A38000CDE91923EEDD18AA03B3214658460DF195
:10A390006C09FFF77DFB00287FF48DADDDE9190323
:10A3A000103D102D00F1010CE4DC099C61464A4A85
:10A3B000C9F804502B440729CDE91913C9F8002026
:10A3C00000F3E78009F108090131EDE54FF0010CD8
:10A3D00018460DF16C09CAE74FF0010C18460DF153
:10A3E0006C0972E7002B00F0048118EE101A18AA0D
:10A3F0005846FFF74DFB00287FF45DADDDE91903FA
:10A400000DF16C09411CA7E5022311AA1C931B92B4
:10A4100001210DF16C09084609F10809411CBAE552
:10A42000102D40F3E582DDE919130F94084618EE6C
:10A43000104A07E000F1020C09F108091046103D2E
:10A44000102D1DDD2549C9F80010421C10331021C4
:10A45000072ACDE91923C9F80410EBDD18AA03B3C4
:10A46000214658460DF16C09FFF712FB00287FF4D6
:10A4700022ADDDE91903103D102D00F1010CE1DCE6
:10A480000F9C6046154AC9F804502B440728CDE9B3
:10A490001903C9F8002000F3C18009F10809411C23
:10A4A00046E518464FF0010C0DF16C09C7E7760739
:10A4B000199353D5069A0399541A002C4EDD0DF1C9
:10A4C0006C09102C40F3B082199918EE106A10250F
:10A4D0000DE000BF14BE000024BF000014BF000048
:10A4E000881C09F108091146103C102C1ADD4A1C81
:10A4F000B3481033072AC9E90005CDE91923EFDD78
:10A5000018AA33B331465846FFF7C2FA00287FF441
:10A51000D2ACDDE91913103C102C01F101000DF152
:10A520006C09E4DCA64AC9F8044023440728CDE9B5
:10A530001903C9F800207FF759AD7BB118EE101A46
:10A5400018AA5846FFF7A4FA00287FF4B4AC1A9B67
:10A550004CE5012019460DF16C09C5E7DDE905322E
:10A5600003998A42ACBF9B185B18059349E5B2F981
:10A570000C108F0518EE103A8AB23FF5E8AA18EED3
:10A58000105A986DFBF770FBB5F90C108AB2FFF703
:10A59000DEBA002B3FF479AE18EE101A18AA58460E
:10A5A000FFF776FA00287FF486AC19991A9B0131DF
:10A5B0000DF16C09F8E419920DF16C095EE4002FBD
:10A5C0007FF4C3AB039E0027049744ACFFF7C5BBE1
:10A5D000039B13F0100354D1039A12F0400000F0D3
:10A5E0006B8107991A4651F8043B07919BB20121F0
:10A5F00001E4099A002A64D1184601210DF16C0981
:10A60000C9E4012118460DF16C09C4E45B4262EB18
:10A61000420203962D200121FFF7EEBB002B00F034
:10A62000888018EE101A18AA5846FFF731FA002849
:10A630007FF441ACDDE919030DF16C09411C77E4AD
:10A6400098F800100793FFF7D2BA44ACFFF785BB28
:10A6500009F108090CF101016046A0E416F400724A
:10A6600040F0978151F8043B0791FFF7C0BBB30559
:10A6700000F1888152F8043B0792DA171146FFF780
:10A6800052BB079951F8043B07910121FFF7B3BB77
:10A69000079B059853F8041B0793C217C1E90002F2
:10A6A000FFF77DBA0B9B002B3FF426AB0B9B1B786F
:10A6B000002B3FF421AB98F8001046F48066FFF7BA
:10A6C00096BA022311AA1C931B9201200DF16C096A
:10A6D000A2E6039671E53B4B0C9316F0200259D08D
:10A6E000079B073323F0070318465A6850F8083BC6
:10A6F0000790F40709D553EA020006D08DF84510FB
:10A70000302146F002068DF8441026F48061039152
:10A710000221FFF770BB2C4B0C93DEE7079B012156
:10A7200053F8042B03918DF8AC20079304912BACC4
:10A73000DFE49DF84320002A40F03281099A002A84
:10A740007FF462AE184601210DF16C0927E4002167
:10A75000082216A81394FBF769F9791C00F0BC8055
:10A76000002507942C460CE02BA95846FFF7CAF8A1
:10A77000421C204400F06B81B84208DC00F070817C
:10A780000446139A525916AB0435002AECD10494AE
:10A79000079CAFE016F0100307980CD116F04004A8
:10A7A00005D01A4650F8043B07909BB2A1E716F477
:10A7B000007240F0E18050F8043B079099E700BF39
:10A7C00014BF000014BE000028BE000003990497C7
:10A7D00044AC9E4608EE90BA01F480664FF0000C3F
:10A7E000234606E0BEF10A0F72F1000239D3A646F5
:10A7F0002A46A6491EEB020040F100000F46A1FBCD
:10A80000001424F0030101EB9401401ABEEB000197
:10A810004FF0CC3562F1000405FB01F507FB045550
:10A82000A1FB07410D44052704F00101A1FB071B13
:10A8300009186408303103F8011C44EAC5740CF1AE
:10A84000010C013B6D08002ECCD00B9909786145B5
:10A85000C8D1BCF1FF0FC5D0BEF10A0F72F10002E2
:10A860006CD21C4644AB1B1B049F039E049318EE42
:10A8700090BAFFF772BA0396FFF762BA5846FAF732
:10A880005FFFFFF75BB9012903967FF4CDACFFF7BB
:10A890005CBA079B059953F8042B11600793FFF7E7
:10A8A0007EB9062F3B46039A794C079228BF0623B0
:10A8B00004930393FFF725BB039B079913F40072DE
:10A8C00014BF51F8043B51F8043B07911CBF0246EA
:10A8D000DBB20121FFF78FBA16AB009300231946B4
:10A8E00013AA5846FFF734F803460133049000F0EA
:10A8F000AE801394049B002B30D0632B63DC0023C9
:10A9000008932BAC0822002116A8FBF78FF8049DB2
:10A9100016AB009313AA2B4621465846FFF718F8AA
:10A92000854240F0AB80039B049A07930023A35415
:10A930001F4622EAE2730393FFF716BA0E9A0D99A7
:10A940009B1A18460893FBF7C3F80B99089B4A78A3
:10A950000AB101310B914FF0000C48E7039B0793BC
:10A96000049B03931F460893FFF7FEB90121184685
:10A970000DF16C09FFF713BB50F8043B079022461A
:10A98000DBB2B6E612F9043B0792DA171146FFF77D
:10A99000CAB951F8043B07910246DBB2FFF727BA68
:10A9A00001231C9301210DF143031B930DF16C094D
:10A9B0000B46FFF7CDBA079B059953F8042B079375
:10A9C0001180FFF7ECB8591C5846FAF77BF904469A
:10A9D00000283CD0089095E7886DFBF747F9FFF712
:10A9E000E9B9039B0793CDE90377089FFFF7BCB94B
:10A9F00019981A9B013045E5039B07932046FBF706
:10AA00003FF920EAE0732F46049003930895FFF77F
:10AA1000ABB918EE101A18AA5846FFF739F80028F3
:10AA20003FF436AAFFF74DBA199801307AE58C4603
:10AA30006EE46B6ED90705D4AB899A0502D4A86D74
:10AA4000FBF714F94FF0FF330593FFF749BA18EEFF
:10AA5000102AB2F90C3043F040039381FFF735BA66
:10AA6000079C049746E7079B98F8011053F8047B6E
:10AA70000793904647EAE777FFF7B9B818EE102A30
:10AA8000938943F040039381FFF715BACDCCCCCC2A
:10AA90003CBE000070B50C468989ADF58E6D21F085
:10AAA0000201ADF81410616E1B91E189ADF816102A
:10AAB000E1690991616A0B911CA9029106914FF419
:10AAC000806106460491079118A80021CDE9003263
:10AAD0000891FBF7C5F8DDE9003202A93046FFF71F
:10AAE00013F8051E07DB02A93046FDF769FD0028B3
:10AAF00018BF4FF0FF35BDF814305B0603D5A389AE
:10AB000043F04003A3811898FBF7ACF828460DF5F5
:10AB10008E6D70BD9368002B00F085802DE9F04F9D
:10AB2000B1F90C300C461907804683B0174698B22D
:10AB300025D523691BB310F002033D682DD04FF0DB
:10AB4000000ADFF8C0B25646B9465E453346524663
:10AB500028BF5B464046002E52D0E169676AB8477D
:10AB6000002856DDD9F808301B1A8244361AC9F875
:10AB70000830002BE9D1002003B0BDE8F08F21465A
:10AB8000404600F041F9002840F03881B4F90C301B
:10AB90003D6898B210F00203D1D110F0010944D100
:10ABA0004E46009746B38205D4F808B040F1858040
:10ABB000B3455A4600F2B48010F4906F40F0C18063
:10ABC000206801924946FAF7B5FEA368019AA3EB03
:10ABD0000B012368A1601344B24623600026009A4B
:10ABE0009368A3EB0A03D1449360002BC3D0B4F95C
:10ABF0000C0080B2002ED6D1D5E900960835D1E7F9
:10AC0000D5E900A60835A0E721464046FDF7D8FC67
:10AC100088B3B4F90C3043F040034FF0FF30A38108
:10AC200003B0BDE8F08F002070471E46BA46994633
:10AC3000184600951F4666B3002832D04A46D4E92C
:10AC400004132068A568B24228BF3246884204D95E
:10AC500005EB030B5A4500F3A780934264DCE169DE
:10AC6000656A3A464046A847B0F1000BD1DDB9EB22
:10AC70000B09C9D00120DAF80830A3EB0B035F44BD
:10AC8000A6EB0B06CAF80830002B3FF474AF002E79
:10AC9000D2D1009A5668134608320092002EF8D09E
:10ACA0001F6832460A213846FDF7D2FC002800F022
:10ACB0009C800130A0EB0709C0E720682369984217
:10ACC00016D86269B24213D86FF00043B34228BF6E
:10ACD0003346E16993FBF2F3676A02FB03F34046F4
:10ACE0004A46B847B0F1000A93DDA6EB0A0676E7BC
:10ACF000B345DA4628BFB24652464946FAF71AFE2D
:10AD0000A3682268A3EB0A035244A3602260002BCD
:10AD1000EBD121464046FDF753FC0028E5D078E70B
:10AD20002068B34632464CE739460192FAF702FEF4
:10AD3000019AA3689B1AA360236813442360934677
:10AD400095E723682169A3EB010B636903EB430AD1
:10AD50000AEBDA7A0BF101034FEA6A0A33445345EE
:10AD6000524684BF9A46524643052CD5114640466A
:10AD7000F9F7A8FF00283BD05A4621690190F8F75F
:10AD8000BBFAA289019B22F4906242F08002A28168
:10AD900003EB0B002361AAEB0B03C4F814A0A36020
:10ADA0002060B34632460CE739465A46FAF7C2FDF0
:10ADB00023685B44236021464046FDF701FC0028E0
:10ADC0003FF455AF25E74046FAF738FA0346002826
:10ADD000DED121694046FBF721F8B4F90C300C2292
:10ADE00023F08003C8F8002015E7721C914626E77F
:10ADF0000C22B4F90C30C8F800200CE74FF0FF30FB
:10AE0000BAE600BF00FCFF7F38B5314B1B68054632
:10AE10000C4613B15A6B002A4ED0B4F90C30180707
:10AE20009AB21CD5216929B312F0010007D0002085
:10AE3000A06060694042A06139B1002038BD95072B
:10AE400058BF6069A0600029F7D1120658BF0846B4
:10AE5000F4D543F04003A3814FF0FF3038BDD10655
:10AE60002ED5520714D4216943F00803A3819AB266
:10AE70000029D9D102F42070B0F5007FD4D021464A
:10AE8000284600F047F9B4F90C3021699AB2CBE7B3
:10AE9000216B51B104F14002914204D02846FAF7E7
:10AEA000BDFFB4F90C300022226321690022C4E9FD
:10AEB000001223F02403D7E71846FAF741FCACE769
:10AEC000092243F040032A604FF0FF30A38138BDD0
:10AED000A80EFF1F2DE9F04782B08246884614462F
:10AEE000FAF728FE012803D108F1FF33FE2B36D9EB
:10AEF0000DF10409424604F15C0349465046FEF751
:10AF000001FD421C064632D020B39DF804C0002546
:10AF100009E023685A1C226083F800C00135B5425D
:10AF200018D219F801CFA368013B002BA360F0DA17
:10AF3000A769BB4261462246504602DBBCF10A0FBC
:10AF4000E7D100F053F9431CE8D10646304602B081
:10AF5000BDE8F0874646304602B0BDE8F0875FFAAC
:10AF600088FC8DF804C006460DF10409CFE7A389DB
:10AF7000304643F04003A38102B0BDE8F08700BF34
:10AF800030B5536E13F0010FB2F90C30144683B094
:10AF900005469AB201D198051CD5900406D4626E7C
:10AFA00043F4005342F40052A381626622462846CD
:10AFB000FFF790FF636EDA07054602D4A3899B056D
:10AFC00002D5284603B030BDA06DFAF74FFE2846E3
:10AFD00003B030BDA06D0191FAF746FEB4F90C3014
:10AFE00001999AB2D9E700BF2DE9F04F8BB0DDE9A6
:10AFF000158A149F0391814605921E46B8F1000FF1
:10B000005CD0039B002B5ED0059B1D68002F6AD08F
:10B01000741E4EB3039B0493043D002601950BE080
:10B02000039B2BBB019B1A68002A3AD0BC455CD21B
:10B03000013C631C664617D0D8F800300293019B90
:10B04000DAF8E05053F8042F019307A94346484625
:10B05000D8F804B0A847421C3AD000EB060CBC4517
:10B06000DED9029BC8E9003B30460BB0BDE8F08F4B
:10B0700000280EDD049B019D18445A1E07A900F10B
:10B08000FF3E11F8013B02F8013F7245F9D10195ED
:10B090000490059B1A6804321A60019B1A68002A02
:10B0A000C4D1039B0BB1059B1A600CF1FF36002243
:10B0B0003046C8F800200BB0BDE8F08F039B00F5C8
:10B0C0008678002BA0D1059B4FF0FF371D689FE7C6
:10B0D00006468A2100223046C9F80010C8F8002030
:10B0E0000BB0BDE8F08F3E46BEE76646BCE700BF4A
:10B0F00010B584B0054C069800900798019004485C
:10B1000000680294FFF770FF04B010BD180CFF1F19
:10B11000A80EFF1F2DE9F0418B890C46990796B0C8
:10B1200008D504F143030122C4E90432236016B0B8
:10B13000BDE8F081B4F90E100029064625DB6A4609
:10B1400000F0ACF800281FDB019D05F47045A5F563
:10B150000055B5FA85F54FF480686D094FF4006726
:10B1600041463046F9F7AEFDE0B1B4F90C30C4F811
:10B17000148043F0800320602061A38135BB3B43F2
:10B18000A38116B0BDE8F081A38913F0800519D022
:10B190004FF040080025414630462F46F9F792FD12
:10B1A0000028E2D1B4F90C309A05C0D423F003038F
:10B1B00004F1430243F002030121C4E90421A38105
:10B1C0002260B4E74FF480682F46C9E7B4F90E1047
:10B1D000304600F079F810B9B4F90C30CFE7A38904
:10B1E00023F0030343F001031BB2C8E7F8B50D4693
:10B1F0001446064610B1436B002B4CD0B4F90C201A
:10B20000A369A360170790B21BD52369CBB1EDB238
:10B2100081042F4622D522686169D31A994229DD1B
:10B220000133A1680139A160511C21601570626968
:10B230009A4227D0A389DB0701D50A2D22D03846B0
:10B24000F8BD21463046FFF7DFFD08BBB4F90C20FE
:10B25000236990B2EDB281042F46DCD442F400524F
:10B26000A281626E616922F4005262662268D31A7A
:10B270009942D5DC21463046FDF7A2F940B9226853
:10B280000123CEE721463046FDF79AF90028D6D0B3
:10B290004FF0FF37D3E7FAF753FAAFE770B50C4634
:10B2A000084D03460026204611461C462E60F8F73E
:10B2B00045F9431C00D070BD2B68002BFBD02360E8
:10B2C00070BD00BFDC63FF1F38B5074D0022044688
:10B2D00008462A60F8F738F9431C00D038BD2B68BF
:10B2E000002BFBD0236038BDDC63FF1F70B54FF02F
:10B2F000FF0C4CF4E06C1CEA11541DBF1CEA135502
:10B3000094EA0C0F95EA0C0F00F0DEF82C4481EA69
:10B31000030621EA4C5123EA4C5350EA013518BF89
:10B3200052EA033541F4801143F4801338D0A0FB76
:10B3300002CE4FF00005E1FB02E506F00042E0FB23
:10B3400003E54FF00006E1FB03569CF0000F18BF29
:10B350004EF0010EA4F1FF04B6F5007F64F54074D1
:10B3600004D25FEA4E0E6D4146EB060642EAC62164
:10B3700041EA55514FEAC52040EA5E504FEACE2ED1
:10B38000B4F1FD0C88BFBCF5E06F1ED8BEF1004FD4
:10B3900008BF5FEA500E50F1000041EB045170BD50
:10B3A00006F0004646EA010140EA020081EA030194
:10B3B000B4EB5C04C2BFD4EB0C0541EA045170BD90
:10B3C00041F480114FF0000E013C00F3AB8014F10A
:10B3D000360FDEBF002001F0004170BDC4F1000453
:10B3E000203C35DA0C341BDC04F11404C4F12005D4
:10B3F00000FA05F320FA04F001FA05F240EA02002F
:10B4000001F0004221F0004110EBD37021FA04F664
:10B4100042EB06015EEA430E08BF20EAD37070BD1E
:10B42000C4F10C04C4F1200500FA04F320FA05F07D
:10B4300001FA04F240EA020001F0004110EBD3707F
:10B4400041F100015EEA430E08BF20EAD37070BDEF
:10B45000C4F1200500FA05F24EEA020E20FA04F3C8
:10B4600001FA05F243EA020321FA04F001F0004177
:10B4700021FA04F220EA020000EBD3705EEA430EE8
:10B4800008BF20EAD37070BD94F0000F0FD101F017
:10B490000046400041EB010111F4801F08BF013C50
:10B4A000F7D041EA060195F0000F18BF704703F08E
:10B4B0000046520043EB030313F4801F08BF013D15
:10B4C000F7D043EA0603704794EA0C0F0CEA1355D1
:10B4D00018BF95EA0C0F0CD050EA410618BF52EA8B
:10B4E0004306D1D181EA030101F000414FF0000091
:10B4F00070BD50EA410606BF1046194652EA43069F
:10B5000019D094EA0C0F02D150EA013613D195EA12
:10B510000C0F05D152EA03361CBF104619460AD15A
:10B5200081EA030101F0004141F0FE4141F4700164
:10B530004FF0000070BD41F0FE4141F4780170BD54
:10B5400070B54FF0FF0C4CF4E06C1CEA11541DBFB9
:10B550001CEA135594EA0C0F95EA0C0F00F0A7F8BB
:10B56000A4EB050481EA030E52EA03354FEA0131E8
:10B5700000F088804FEA03334FF0805545EA1313FB
:10B5800043EA12634FEA022245EA111545EA1065C3
:10B590004FEA00260EF000419D4208BF964244F15A
:10B5A000FD0404F5407402D25B084FEA3202B61A79
:10B5B00065EB03055B084FEA32024FF480104FF44D
:10B5C000002CB6EB020E75EB030E22BFB61A7546C1
:10B5D00040EA0C005B084FEA3202B6EB020E75EB54
:10B5E000030E22BFB61A754640EA5C005B084FEABC
:10B5F0003202B6EB020E75EB030E22BFB61A754689
:10B6000040EA9C005B084FEA3202B6EB020E75EB93
:10B61000030E22BFB61A754640EADC0055EA060E54
:10B6200018D04FEA051545EA16754FEA06164FEA97
:10B63000C30343EA52734FEAC2025FEA1C1CC0D143
:10B6400011F4801F0BD141EA00014FF000004FF0D0
:10B65000004CB6E711F4801F04BF01430020B4F191
:10B66000FD0C88BFBCF5E06F3FF6AFAEB5EB030C49
:10B6700004BFB6EB020C5FEA500C50F1000041EB46
:10B68000045170BD0EF0004E4EEA113114EB5C0413
:10B69000C2BFD4EB0C0541EA045170BD41F48011E6
:10B6A0004FF0000E013C90E645EA060E8DE60CEAEE
:10B6B000135594EA0C0F08BF95EA0C0F3FF43BAF0B
:10B6C00094EA0C0F0AD150EA01347FF434AF95EAC2
:10B6D0000C0F7FF425AF104619462CE795EA0C0FA6
:10B6E00006D152EA03353FF4FDAE1046194622E773
:10B6F00050EA410618BF52EA43067FF4C5AE50EA4D
:10B7000041047FF40DAF52EA43057FF4EBAE12E73C
:10B710004FEA410212F5001215D211D56FF4787379
:10B72000B3EB625212D94FEAC12343F0004343EA1C
:10B73000505311F0004F23FA02F018BF40427047F7
:10B740004FF00000704750EA013005D111F0004081
:10B7500008BF6FF0004070474FF00000704700BF17
:10B7600028256C752E2530366C7529202573200010
:10B770002530386C580000002530336C580000002C
:10B78000205B25755D000000202530325800000048
:10B790002020272573270A0063616E30205258004D
:10B7A00063616E3120525800454E41424C45440081
:10B7B00044495341424C45440000000041646472D6
:10B7C00065737320636C61696D207472616E736D53
:10B7D000697373696F6E2025730A00FF5379737460
:10B7E000656D2072656164792E20466978656420F4
:10B7F00062617564203235303030302E205458204C
:10B800007374617274732044495341424C45442E11
:10B8100000FFFFFF63616E302054580063616E319A
:10B82000205458000000000000000000A92C000077
:10B83000850400009513000011070000391900006D
:10B8400015070000190700000000000000000000BC
:10B850003D240000C5050000B515000005070000E7
:10B86000F1170000090700000D07000000000101AA
:10B8700000010101010201010202010203010203B0
:10B880000202040202050202050302060302070384
:10B890000207040307040307050407050407060558
:10B8A000070606070606070707070700000000004F
:10B8B0000000000000000008000000000000000080
:10B8C000000000004008FE4340A004404408FE433E
:10B8D00044A004400018FE4300C004403000FE4372
:10B8E000309004403400FE43349004401C18FE4362
:10B8F0001CC004401018FE4310C004400818FE434A
:10B9000008C004400C18FE430CC004400C10FE4359
:10B910000CB004401010FE4310B004401810FE4359
:10B9200018B004401C10FE431CB004401410FE4329
:10B9300014B004400418FE4304C004400010FE4349
:10B9400000B004400008FE4300A004400408FE4389
:10B9500004A004400C08FE430CA004400808FE4369
:10B9600008A004401418FE4314C004401818FE43F5
:10B9700018C004400410FE4304B004400810FE4305
:10B9800008B004406820FE4368D004401400FE4321
:10B99000149004403800FE43389004403C00FE43BD
:10B9A0003C9004404000FE43409004404808FE4361
:10B9B00048A004404C08FE434CA004402808FE4325
:10B9C00028A004402C08FE432CA004406020FE4325
:10B9D00060D004406420FE4364D004402010FE4345
:10B9E00020B004402410FE4324B004402810FE433D
:10B9F00028B004402C10FE432CB004404400FE4309
:10BA0000449004407000FE43709004407400FE4374
:10BA1000749004406800FE43689004405008FE4360
:10BA200050A004405808FE4358A004405C08FE4360
:10BA30005CA004405408FE4354A004402018FE4378
:10BA400020C004402418FE4324C004401008FE43D4
:10BA500010A004401408FE4314A004403818FE430C
:10BA600038C004403418FE4334C004403018FE434C
:10BA700030C004403C18FE433CC004402C18FE4338
:10BA80002CC004402820FE4328D004402C20FE4334
:10BA90002CD004400020FE4300D004400420FE438C
:10BAA00004D004400820FE4308D004400C20FE438C
:10BAB0000CD004401020FE4310D004401420FE435C
:10BAC00014D004400000000000000000014200000B
:10BAD000F9410000F5410000F1410000ED41000096
:10BAE000E9410000E5410000E141000000FFFFFFE7
:10BAF000000100009C07FF1F120000000002000070
:10BB00005807FF1F4300000000030000B007FF1F9D
:10BB10000000000001030904B407FF1F000000003B
:10BB200002030904CC07FF1F0000000003030904FF
:10BB3000E407FF1F000000000000000000000000FC
:10BB400000000000001519150020202020202020D2
:10BB500020202828282828202020202020202020BD
:10BB600020202020202020202088101010101010CD
:10BB70001010101010101010100404040404040419
:10BB800004040410101010101010414141414141B3
:10BB90000101010101010101010101010101010195
:10BBA00001010101101010101010424242424242A5
:10BBB0000202020202020202020202020202020265
:10BBC000020202021010101020000000000000000D
:10BBD0000000000000000000000000000000000065
:10BBE0000000000000000000000000000000000055
:10BBF0000000000000000000000000000000000045
:10BC00000000000000000000000000000000000034
:10BC10000000000000000000000000000000000024
:10BC20000000000000000000000000000000000014
:10BC30000000000000000000000000000000000004
:10BC4000000000000000000000FFFFFF2E000000C9
:10BC50004C435F434F4C4C41544500004C435F43C1
:10BC600054595045000000004C435F4D4F4E455421
:10BC7000415259004C435F4E554D455249430000D7
:10BC80004C435F54494D45004C435F4D4553534130
:10BC90004745530042616C6C6F6320737563636545
:10BCA00065646564000000002F646174612F6A653B
:10BCB0006E6B696E732F776F726B73706163652F34
:10BCC000474E552D746F6F6C636861696E2F61729A
:10BCD0006D2D31312F7372632F6E65776C69622D14
:10BCE00063796777696E2F6E65776C69622F6C690F
:10BCF00062632F7374646C69622F6D707265632E5A
:10BD00006300FFFFFFFFFFFF0080E03779C341437F
:10BD1000176E05B5B5B89346F5F93FE9034F384DB1
:10BD2000321D30F94877825A3CBF737FDD4F15755D
:10BD3000000000000000F03F000000000000244070
:10BD400000000000000059400000000000408F404B
:10BD5000000000000088C34000000000006AF840B6
:10BD60000000000080842E4100000000D0126341DA
:10BD70000000000084D797410000000065CDCD4150
:10BD8000000000205FA00242000000E87648374231
:10BD9000000000A2941A6D42000040E59C30A242CF
:10BDA0000000901EC4BCD64200003426F56B0C4344
:10BDB0000080E03779C3414300A0D88557347643EB
:10BDC00000C84E676DC1AB43003D9160E458E1434C
:10BDD000408CB5781DAF154450EFE2D6E41A4B44C1
:10BDE00092D54D06CFF08044F64AE1C7022DB54406
:10BDF000B49DD9794378EA44050000001900000099
:10BE00007D000000494E4600696E66004E414E00BE
:10BE10006E616E0030313233343536373839616215
:10BE200063646566000000003031323334353637E4
:10BE3000383941424344454600000000286E756C85
:10BE40006C2900003000FFFF20202020202020202F
:10BE50002020202020202020303030303030303062
:10BE600030303030303030302C2066756E6374697D
:10BE70006F6E3A2000000000617373657274696F21
:10BE80006E2022257322206661696C65643A206603
:10BE9000696C6520222573222C206C696E65202533
:10BEA00064257325730A00FF496E66696E697479AB
:10BEB000000000004E614E002F646174612F6A65BE
:10BEC0006E6B696E732F776F726B73706163652F22
:10BED000474E552D746F6F6C636861696E2F617288
:10BEE0006D2D31312F7372632F6E65776C69622D02
:10BEF00063796777696E2F6E65776C69622F6C69FD
:10BF000062632F7374646C69622F64746F612E6353
:10BF100000FFFFFF202020202020202020202020A4
:10BF20002020202030303030303030303030303051
:10BF300030303030F8B500BFF8BC08BC9E467047C2
:0CBF40005D5D000035040000D9310000F8
:04BF4C00F8B500BF85
:10BF50000101010101010101010100008065FF1FD4
:10BF6000CCBA000000000000E80300000000000060
:10BF7000FFFFFFFF010A040009024300020100C0A5
:10BF8000320904000001020201000524001001052D
:10BF9000240101010424020605240600010705828C
:10BFA0000310004009040100020A00000007050315
:10BFB0000240000007058402400000001201100149
:10BFC00002000040C0168304770201020301000052
:10BFD0000403090418035400650065006E00730033
:10BFE00079006400750069006E006F00160355004B
:10BFF0005300420020005300650072006900610098
:10C000006C0000000C0300000000000000000000B5
:10C010000000000000000000000000000000000020
:10C0200000000000FC07FF1FFC07FF1F0408FF1FA4
:10C030000408FF1F0C08FF1F0C08FF1F1408FF1F38
:10C040001408FF1F1C08FF1F1C08FF1F2408FF1FE8
:10C050002408FF1F2C08FF1F2C08FF1F3408FF1F98
:10C060003408FF1F3C08FF1F3C08FF1F4408FF1F48
:10C070004408FF1F4C08FF1F4C08FF1F5408FF1FF8
:10C080005408FF1F5C08FF1F5C08FF1F6408FF1FA8
:10C090006408FF1F6C08FF1F6C08FF1F7408FF1F58
:10C0A0007408FF1F7C08FF1F7C08FF1F8408FF1F08
:10C0B0008408FF1F8C08FF1F8C08FF1F9408FF1FB8
:10C0C0009408FF1F9C08FF1F9C08FF1FA408FF1F68
:10C0D000A408FF1FAC08FF1FAC08FF1FB408FF1F18
:10C0E000B408FF1FBC08FF1FBC08FF1FC408FF1FC8
:10C0F000C408FF1FCC08FF1FCC08FF1FD408FF1F78
:10C10000D408FF1FDC08FF1FDC08FF1FE408FF1F27
:10C11000E408FF1FEC08FF1FEC08FF1FF408FF1FD7
:10C12000F408FF1FFC08FF1FFC08FF1F0409FF1F86
:10C130000409FF1F0C09FF1F0C09FF1F1409FF1F33
:10C140001409FF1F1C09FF1F1C09FF1F2409FF1FE3
:10C150002409FF1F2C09FF1F2C09FF1F3409FF1F93
:10C160003409FF1F3C09FF1F3C09FF1F4409FF1F43
:10C170004409FF1F4C09FF1F4C09FF1F5409FF1FF3
:10C180005409FF1F5C09FF1F5C09FF1F6409FF1FA3
:10C190006409FF1F6C09FF1F6C09FF1F7409FF1F53
:10C1A0007409FF1F7C09FF1F7C09FF1F8409FF1F03
:10C1B0008409FF1F8C09FF1F8C09FF1F9409FF1FB3
:10C1C0009409FF1F9C09FF1F9C09FF1FA409FF1F63
:10C1D000A409FF1FAC09FF1FAC09FF1FB409FF1F13
:10C1E000B409FF1FBC09FF1FBC09FF1FC409FF1FC3
:10C1F000C409FF1FCC09FF1FCC09FF1FD409FF1F73
:10C20000D409FF1FDC09FF1FDC09FF1FE409FF1F22
:10C21000E409FF1FEC09FF1FEC09FF1FF409FF1FD2
:10C22000F409FF1FFC09FF1FFC09FF1F040AFF1F81
:10C23000040AFF1F0C0AFF1F0C0AFF1F140AFF1F2E
:10C24000140AFF1F1C0AFF1F1C0AFF1F240AFF1FDE
:10C25000240AFF1F2C0AFF1F2C0AFF1F340AFF1F8E
:10C26000340AFF1F3C0AFF1F3C0AFF1F440AFF1F3E
:10C27000440AFF1F4C0AFF1F4C0AFF1F540AFF1FEE
:10C28000540AFF1F5C0AFF1F5C0AFF1F640AFF1F9E
:10C29000640AFF1F6C0AFF1F6C0AFF1F740AFF1F4E
:10C2A000740AFF1F7C0AFF1F7C0AFF1F840AFF1FFE
:10C2B000840AFF1F8C0AFF1F8C0AFF1F940AFF1FAE
:10C2C000940AFF1F9C0AFF1F9C0AFF1FA40AFF1F5E
:10C2D000A40AFF1FAC0AFF1FAC0AFF1FB40AFF1F0E
:10C2E000B40AFF1FBC0AFF1FBC0AFF1FC40AFF1FBE
:10C2F000C40AFF1FCC0AFF1FCC0AFF1FD40AFF1F6E
:10C30000D40AFF1FDC0AFF1FDC0AFF1FE40AFF1F1D
:10C31000E40AFF1FEC0AFF1FEC0AFF1FF40AFF1FCD
:10C32000F40AFF1FFC0AFF1FFC0AFF1F040BFF1F7C
:10C33000040BFF1F0C0BFF1F0C0BFF1F140BFF1F29
:10C34000140BFF1F1C0BFF1F1C0BFF1F240BFF1FD9
:10C35000240BFF1F2C0BFF1F2C0BFF1F340BFF1F89
:10C36000340BFF1F3C0BFF1F3C0BFF1F440BFF1F39
:10C37000440BFF1F4C0BFF1F4C0BFF1F540BFF1FE9
:10C38000540BFF1F5C0BFF1F5C0BFF1F640BFF1F99
:10C39000640BFF1F6C0BFF1F6C0BFF1F740BFF1F49
:10C3A000740BFF1F7C0BFF1F7C0BFF1F840BFF1FF9
:10C3B000840BFF1F8C0BFF1F8C0BFF1F940BFF1FA9
:10C3C000940BFF1F9C0BFF1F9C0BFF1FA40BFF1F59
:10C3D000A40BFF1FAC0BFF1FAC0BFF1FB40BFF1F09
:10C3E000B40BFF1FBC0BFF1FBC0BFF1FC40BFF1FB9
:10C3F000C40BFF1FCC0BFF1FCC0BFF1FD40BFF1F69
:10C40000D40BFF1FDC0BFF1FDC0BFF1FE40BFF1F18
:10C41000E40BFF1FEC0BFF1FEC0BFF1FF40BFF1FC8
:10C42000F40BFF1FFFFFFFFF0000020000000000F1
:10C4300003000000A062FF1F430000000000000096
:10C4400000000000000000000000000000000000EC
:10C450000000000000000000430000000000000099
:10C4600000000000000000000000000000000000CC
:10C470000000000000000000430000000000000079
:10C4800000000000000000000000000000000000AC
:10C490000000000000000000430000000000000059
:10C4A000000000000000000000000000000000008C
:10C4B0000000000000000000430000000000000039
:10C4C000000000000000000000000000000000006C
:10C4D0000000000000000000430000000000000019
:10C4E000000000000000000000000000000000004C
:10C4F00000000000000000004300000000000000F9
:10C50000000000000000000000000000000000002B
:10C510000000000000000000CD670000296000005E
:10C520000000000048BB00004CBC000074BE0000CE
:10C5300074BE000074BE000074BE000074BE000033
:10C5400074BE000074BE000074BE000074BE000023
:10C55000FFFFFFFFFFFFFFFFFFFFFFFFFFFF0000E9
:10C560000100415343494900000000000000000061
:10C5700000000000000000000000000000000000BB
:10C580000000415343494900000000000000000042
:10C59000000000000000000000000000000000009B
:10C5A000000000000000000000000000A062FF1F6B
:10C5B0000863FF1F7063FF1F000000000000000001
:10C5C000000000000000000000000000000000006B
:10C5D000000000000000000000000000000000005B
:10C5E000000000000000000000000000000000004B
:10C5F000000000000000000000000000000000003B
:10C60000000000000000000000000000000000002A
:10C61000000000000000000000000000000000001A
:10C62000000000000000000000000000000000000A
:10C6300000000000000000000000000000000000FA
:10C6400001000000000000000E33CDAB34126DE697
:10C65000ECDE05000B000000000000000000000000
:10C6600000000000000000000000000000000000CA
:10C6700000000000000000000000000000000000BA
:10C6800000000000000000000000000000000000AA
:10C69000000000000000000000000000000000009A
:10C6A000000000000000000000000000000000008A
:10C6B000000000000000000000000000000000007A
:10C6C0000000000000000000880DFF1FE063FF1F56
:00000001FF
